t87,t88,t89,t90,t91,t92,t93,t94,t95,t96,t97,t98,t99,t100,t101,t102,t103,t104,t105,t106,t107,t108,t109,t110,t111,t112,t113,t114,t115,t116,t117,t118,t119,t120,t121,t122,t123,t124,t125,t126,t127,t128,t129,t130,t131,t132,t133,t134,t135,t136,t137,t138,t139,t140,t141,t142,t143,t144,t145,t146,t147,t148,t149,t150,t151,t152,t153,t154,t155,t156,t157,t158,t159,t160,t161,t162,t163,t164,t165,t166,t167,t168,t169,t170,t171,t172,t173,t174,t175,t176,t177,t178,t179,t180,t181,t182,t183,t184,t185,t186,t187,t188,t189,t190,t191,t192,t193,t194,t195,t196,t197,t198,t199,t200,t201,t202,t203,t204,t205,t206,t207,t208,t209,t210,t211,t212,t213,t214,t215,t216,t217,t218,t219,t220,t221,t222,t223,t224,t225,t226,t227,t228,t229,t230,t231,t232,t233,t234,t235,t236,t237,t238,t239,t240,t241,t242,t243,t244,t245,t246,t247,t248,t249,t250,t251,t252,t253,t254,t255,t256,t257,t258,t259,t260,t261,t262,t263,t264,t265,t266,t267,t268,t269,t270,t271,t272,t273,t274,t275,t276,t277,t278,t279,t280,t281,t282,t283,t284,t285,t286,t287,t288,t289,t290,t291,t292,t293,t294,t295,t296,t297,t298,t299,t300,t301,t302,t303,t304,t305,t306,t307,t308,t309,t310,t311,t312,t313,t314,t315,t316,t317,t318,t319,t320,t321,t322,t323,t324,t325,t326,t327,t328,t329,t330,t331,t332,t333,t334,t335,t336,t337,t338,t339,t340,t341,t342,t343,t344,t345,t346,t347,t348,t349,t350,t351,t352,t353,t354,t355,t356,t357,t358,t359,t360,t361,t362,t363,t364,t365,t366,t367,t368,t369,t370,t371,t372,t373,t374,t375,t376,t377,t378,t379,t380,t381,t382,t383,t384,t385,t386,t387,t388,t389,t390,t391,t392,t393,t394,t395,t396,t397,t398,t399,t400,t401,t402,t403,t404,t405,t406,t407,t408,t409,t410,t411,t412,t413,t414,t415,t416,t417,t418,t419,t420,t421,t422,t423,t424,t425,t426,t427,t428,t429,t430,t431,t432,t433,t434,t435,t436,t437,t438,t439,t440,t441,t442,t443,t444
3.9505107,3.9414835,3.9559634,4.009224,3.9711022,4.018633,3.9464526,3.9890401,3.942865,3.9812424,3.9359057,3.9587839,3.9525683,3.99941,3.9870725,3.9817622,4.011023,3.9862416,4.011714,4.0059314,4.0014153,4.046474,4.048504,4.0469847,4.0395637,4.033106,4.0505447,4.036853,4.047541,4.053127,4.022148,4.0289803,4.0437603,4.0553446,4.061944,4.0451097,4.053421,4.0691032,4.0510077,4.0495224,4.0487537,4.0628514,4.059987,4.042085,4.041871,4.089084,4.156853,4.1474714,4.036936,4.0069613,3.992389,3.9598937,3.9120736,3.859397,3.8221743,3.795162,3.7595184,3.7461205,3.7217145,3.676363,3.616487,3.5815103,3.523896,3.5139344,3.4812915,3.4129257,3.4153805,3.3490658,3.3939953,3.3831894,3.2966757,3.2767754,3.2702854,3.1897023,3.1726723,3.175951,3.1549366,3.1461666,3.1268907,3.1216311,3.0886343,3.060121,3.0156772,3.0454862,3.0477114,3.0144773,3.0033693,3.0102227,3.0210812,3.0333474,3.0105436,3.012268,3.0244052,2.9917297,2.9816668,2.987214,2.9957182,3.0078218,3.0135262,2.9709783,3.006952,3.0010138,2.988273,2.9846265,2.9770613,2.9639032,2.9816785,2.9769874,2.9968116,3.0163438,2.9990003,3.0090694,2.9976006,3.0079994,3.0104759,3.0298927,3.0018075,3.0389788,3.0331638,3.0716844,3.0522661,3.069854,3.0699098,3.0957074,3.096997,3.139996,3.1319215,3.1734269,3.1673834,3.1759577,3.1823144,3.17787,3.1741123,3.197498,3.2370954,3.2658324,3.2588418,3.2784472,3.2785761,3.3121574,3.317453,3.316262,3.3430002,3.3401043,3.3811405,3.3811007,3.3929641,3.41572,3.4247098,3.4188356,3.4522145,3.4916747,3.4909844,3.5154397,3.537835,3.5308936,3.5253773,3.560423,3.5452368,3.5598135,3.583821,3.5689862,3.5895503,3.6102836,3.6014984,3.6201904,3.6168897,3.6692662,3.7067304,3.698938,3.6692111,3.7223258,3.721369,3.721394,3.7882042,3.7853224,3.7749827,3.7592175,3.7900448,3.7908597,3.795341,3.832412,3.8384933,3.8482172,3.8384712,3.8393958,3.8320596,3.8650777,3.845311,3.88279,3.8723576,3.889435,3.880718,3.9230464,3.9026392,3.8857825,3.8816507,3.906324,3.9015543,3.9221418,3.9291208,3.9777157,3.9708037,3.9708793,3.976925,3.9877877,3.9890175,4.002994,4.0240984,4.0078692,3.9788237,4.0055957,3.9765232,4.0030646,4.015371,4.0302424,4.028358,4.02422,4.0276723,4.048608,4.0692654,4.045776,4.0409503,4.047568,4.063377,4.050282,4.0348325,4.088317,4.085918,4.052459,4.0891533,4.046092,4.0611377,4.0731397,4.0712876,4.0433083,4.061153,4.085311,4.0995502,4.096053,4.0954366,4.0963573,4.0635014,4.1210403,4.1063886,4.0990906,4.12595,4.0710692,4.0798984,4.096618,4.0879326,4.1479,4.1146092,4.1113863,4.1315403,4.140007,4.1016445,4.1187816,4.1480575,4.1322193,4.1195087,4.14473,4.1566725,4.140414,4.142072,4.1394763,4.1532397,4.148687,4.1453075,4.149392,4.157973,4.135805,4.1562996,4.177245,4.1447473,4.171561,4.142889,4.1542654,4.154476,4.1871767,4.1696935,4.161987,4.173685,4.1582265,4.1694036,4.1649027,4.1590915,4.1846247,4.2277513,4.173449,4.175549,4.1777444,4.1608768,4.1557374,4.1717925,4.1509576,4.14536,4.2070475,4.1541967,4.153306,4.1793427,4.204602,4.1495056,4.1948853,4.169591,4.149629,4.164449,4.170672,4.1603823,4.2036886,4.1498284,4.207198,4.179019,4.1631656,4.1796484,4.1676126,4.1919804,4.161921,4.1523666,,,,,,,,,,,,,,,,,,,,,,,,,,,,,,,,,,,,,,,
3.7632432,3.703085,3.778836,3.7044818,3.738845,3.7400568,3.7093272,3.7576158,3.7200274,3.7359655,3.6973152,3.7653077,3.7614233,3.7440033,3.7364135,3.7301035,3.778271,3.7247539,3.7507243,3.7916162,3.7426593,3.7460258,3.7504961,3.7612936,3.763757,3.8008778,3.7723665,3.7774448,3.7731285,3.7910132,3.7829425,3.759491,3.7809472,3.7701085,3.8019154,3.8002772,3.7698843,3.8345468,3.7990654,3.7924602,3.8389325,3.8373566,3.8185854,3.8336604,3.8116126,3.8033988,3.829759,3.8615925,3.7556334,3.747659,3.6931036,3.6294787,3.6265202,3.5961246,3.5730212,3.4996316,3.4590838,3.4423723,3.435774,3.4014437,3.3727703,3.3414037,3.2641792,3.2438087,3.2061937,3.2015557,3.1637502,3.1413362,3.1195352,3.0855196,3.0643306,3.0424137,3.0270386,2.9919446,3.0001922,2.992573,2.9498148,2.9614215,2.9333491,2.9250793,2.863276,2.829475,2.85714,2.8271306,2.8183944,2.8324358,2.8032277,2.8124356,2.8077307,2.8074234,2.7858372,2.826371,2.8278282,2.7883463,2.8291252,2.8018239,2.8197856,2.7611508,2.8174653,2.7721884,2.7897515,2.8092391,2.828546,2.7851121,2.8088899,2.7624137,2.7976787,2.7871983,2.7936566,2.8107245,2.7754061,2.8202713,2.854629,2.8333454,2.81864,2.8294225,2.9063306,2.8713574,2.8694391,2.8952491,2.8910844,2.9419944,2.909287,2.919768,3.0784059,3.0482972,3.0048316,2.815393,2.864439,2.9801145,3.1304195,3.348501,3.3422744,3.332039,3.3449235,3.376415,3.3875396,3.4258506,3.4388623,3.4369953,3.4596293,3.4547276,3.465076,3.4735506,3.4959364,3.5258307,3.5681865,3.5839663,3.5446186,3.561397,3.6211932,3.6111097,3.605073,3.645868,3.6017904,3.6077778,3.606081,3.720517,3.8561661,3.8688023,3.896068,3.8416874,3.7119687,3.7418997,3.7156985,3.720555,3.7452836,3.7529395,3.7290957,3.7953234,3.7579954,3.7873878,3.7553902,3.7755828,3.8232129,3.7656221,3.7771103,3.8379347,3.831129,3.8143396,3.837407,3.8506126,3.8349829,3.8529372,3.8737288,3.845309,3.8548353,3.8858957,3.8891141,3.9067779,3.9071903,3.8949456,3.8840363,3.875187,3.8763053,3.8797805,3.9117017,3.8766785,3.8901849,3.8643627,3.907389,3.8524966,3.9511766,3.8584576,3.868783,3.8947861,3.891349,3.9155326,3.8912692,3.908348,3.8808215,3.8860936,3.8995113,3.889411,3.88765,3.9102113,3.9026263,3.9361646,3.9272475,3.909164,3.901825,3.9096038,3.9083276,3.917264,3.913057,3.9195402,3.923716,3.9108896,3.9228666,3.9209235,3.943288,3.9502182,3.9124868,3.9377863,3.9359171,3.9894447,3.9779382,3.8888018,3.9100702,3.9166925,3.930737,3.9447079,3.943378,3.9363012,3.9599087,3.9220638,3.9518619,3.939782,3.934715,3.9334772,3.948818,3.9258037,3.9117715,3.9304123,3.9548068,3.930189,3.9536738,3.9252284,3.9734063,3.947198,3.9433382,3.9467306,3.9335802,3.9369235,3.924013,3.9786599,3.9467187,3.9555006,3.9403667,3.9704418,3.9695945,3.9977129,3.9624248,3.9612527,3.9807432,4.000327,3.9740858,3.9807212,3.9594238,3.9795961,3.9812653,3.9888268,3.998249,3.9956186,4.0156436,4.0020022,3.9799893,4.0179014,3.9794676,4.0161505,4.044174,4.012964,4.013648,4.020032,4.038101,4.010355,4.0709734,4.02149,4.0371914,4.0702133,4.059531,4.069554,4.061923,4.029061,4.069122,4.0385604,4.074314,4.047374,,,,,,,,,,,,,,,,,,,,,,,,,,,,,,,,,,,,,,,,,,,,,,,,,,
4.068064,4.0355716,4.0579085,4.0660315,4.0692487,4.0971003,4.067492,4.0751033,4.0686617,4.0690928,4.0682154,4.0519195,4.060988,4.048566,4.064243,4.064261,4.0653872,4.090094,4.0804186,4.0776486,4.071659,4.07317,4.0747533,4.071071,4.107696,4.072705,4.127303,4.10601,4.085438,4.094624,4.1004586,4.0764437,4.1158895,4.0970054,4.101401,4.0994053,4.0868983,4.12446,4.108902,4.08483,4.104315,4.111,4.137933,4.103554,4.097821,4.091985,4.064771,4.06776,4.0436277,3.9968581,3.9281504,3.9092233,3.8653822,3.8017535,3.7714722,3.778455,3.7030263,3.6929734,3.6651707,3.5940473,3.5903647,3.4921083,3.4949048,3.432129,3.4618516,3.4100792,3.3388593,3.3449826,3.294805,3.2991343,3.2375424,3.2547474,3.2171383,3.1866398,3.1876402,3.1702302,3.0852246,3.1024647,3.0464587,3.0601296,3.0581927,3.014478,3.013076,3.0148346,3.0015924,3.0126832,3.0068944,3.020451,2.996855,2.9986901,2.9798174,2.9723094,2.9731863,2.9911041,2.9544656,2.9427083,2.958757,2.9727747,2.9220102,2.9628336,2.9533932,2.9557908,2.9734383,2.9419165,2.9457738,2.9522748,2.976177,2.9213455,2.9337358,2.9754734,2.9738963,2.9694328,2.94746,2.9894423,2.9931967,3.0059946,3.003463,3.0088031,3.0010843,3.0068874,3.0099654,3.0101204,3.0398688,3.0165176,3.03526,3.0742376,3.056187,3.038913,3.1130924,3.1498168,3.1554933,3.1417904,3.1709857,3.1736562,3.1722853,3.212432,3.2686613,3.2731638,3.266436,3.2804537,3.2776997,3.294603,3.2833154,3.326598,3.3269043,3.3138008,3.3747854,3.3963234,3.3687809,3.3878615,3.4479914,3.439252,3.4679525,3.4524846,3.5101378,3.5250175,3.5260315,3.5344586,3.523922,3.5344062,3.5524766,3.572946,3.5978117,3.606061,3.6082149,3.6168766,3.606104,3.6080487,3.603662,3.614268,3.62698,3.65765,3.6396601,3.642702,3.6024113,3.787393,3.7326603,3.7500713,3.6652598,3.72092,3.7105854,3.7256174,3.7561636,3.7554128,3.836218,3.7691488,3.788154,3.8434715,3.8237123,3.826631,3.8225346,3.8625731,3.8445604,3.8919785,3.8893082,3.8805587,3.8952844,3.894248,3.8767958,3.9285345,3.911547,3.887926,3.9032414,3.9385147,3.9600852,3.943842,3.935766,3.9469728,3.9748466,3.9572272,3.912969,3.9555104,3.946802,3.9897988,3.9751937,3.9736688,3.991306,3.9760904,3.9787643,3.9840448,4.00368,4.0076017,4.015565,3.9993713,4.0270805,4.014127,4.0079374,4.0119224,4.006045,4.012179,4.032146,4.0140395,4.0387645,4.023851,4.0370774,4.0294275,4.0254364,4.0442843,4.0577784,4.0271964,4.038838,4.0440445,4.0483327,4.042345,4.048082,4.038907,4.0424795,4.0317626,4.047279,4.0533876,4.0426393,4.0510745,4.057197,4.074986,4.0647593,4.075844,4.072203,4.0478597,4.0276675,4.0785336,4.087694,4.069621,4.078727,4.08303,4.070669,4.0788403,4.0758667,4.0776415,4.0495224,4.0508833,4.0687513,4.068025,4.078171,4.0648494,4.0912857,4.0798674,4.0919414,4.085455,4.087022,4.058325,4.105714,4.091646,4.087029,4.0887737,4.0607333,4.1043124,4.0450306,4.0875907,4.113337,4.125933,4.1162653,4.1122966,4.071958,4.1221433,4.0949173,4.1154056,4.1345143,4.093441,4.111852,4.121627,4.1256046,4.098571,4.1374865,4.1230817,4.128702,4.12734,4.125476,4.132196,4.0997925,4.1141696,4.1258755,,,,,,,,,,,,,,,,,,,,,,,,,,,,,,,,,,,,,,,,,,,,,,,
3.740013,3.7476332,3.7210639,3.6983514,3.67538,3.6821625,3.6732924,3.6608412,3.6458292,3.6273706,3.6072054,3.6188302,3.601867,3.5967622,3.5889435,3.5930889,3.5947137,3.666584,3.5458858,3.5691829,3.5431147,3.5457826,3.5304985,3.4988856,3.5223777,3.4981682,3.5092545,3.5051463,3.5360217,3.5292218,3.5079265,3.5177734,3.50697,3.526179,3.5168517,3.4956536,3.5449052,3.5048025,3.5008533,3.5055854,3.502451,3.5034323,3.4951737,3.5190487,3.524018,3.554197,3.5948112,3.5761626,3.610724,3.5645347,3.5352762,3.539296,3.535835,3.5503225,3.5275278,3.5493884,3.517194,3.5089202,3.5262625,3.488641,3.4672563,3.4177608,3.4218194,3.3907304,3.3551304,3.3385603,3.3043463,3.250558,3.254771,3.1999185,3.181148,3.183615,3.1308904,3.1226618,3.1044934,3.0628433,3.0911157,3.0122144,3.0531712,3.041222,3.016185,3.013128,3.003267,2.9747646,2.9846294,2.9707258,2.9819512,2.9495084,2.9337637,2.935371,2.9436648,2.9006183,2.9288042,2.8747778,2.8652055,2.932839,2.855222,2.8779135,2.8996487,2.87649,2.8809354,2.84864,2.8821886,2.8486333,2.9356174,2.8855615,2.9262207,2.9435184,2.977758,2.9634504,2.916299,2.938863,2.9860046,2.99216,2.9802494,2.9964817,3.000575,2.9967594,2.995357,2.9779637,3.021014,2.9907572,3.0425088,3.0579844,3.0179887,3.0797553,3.0845802,3.048236,3.1243157,3.1076977,3.0967443,3.1070805,3.1247022,3.092186,3.1211305,3.1181836,3.1268954,3.152415,3.1512268,3.138109,3.1692555,3.1864657,3.1818845,3.1762583,3.2066834,3.235653,3.1964743,3.2315106,3.2209418,3.24322,3.2194421,3.2678957,3.27735,3.2552454,3.2732918,3.3201585,3.331882,3.330633,3.3493001,3.3607976,3.382223,3.4045076,3.3832633,3.42908,3.4374735,3.4303277,3.4448094,3.4510877,3.4511683,3.445107,3.4899135,3.4555573,3.4657788,3.4724193,3.450978,3.504623,3.549713,3.509831,3.5540726,3.545107,3.5474885,3.57173,3.6073916,3.565704,3.5803707,3.5879378,3.5923967,3.6364899,3.6210659,3.5872598,3.6737626,3.637089,3.6781511,3.6291158,3.647662,3.650751,3.626774,3.6795638,3.658681,3.7032585,3.7058325,3.7004092,3.6958425,3.7218416,3.7110412,3.6954625,3.7300065,3.694616,3.726611,3.7553787,3.6873906,3.7550597,3.7334309,3.7584805,3.7236695,3.7357838,3.7186878,3.7415318,3.7633588,3.7369874,3.7469532,3.7227027,3.7580032,3.7595782,3.7193964,3.7247155,3.7744431,3.7828405,3.7503405,3.793646,3.7665381,3.7740483,3.7704751,3.7883587,3.7781527,3.7700021,3.7914722,3.7941244,3.7632072,3.7808936,3.752737,3.815904,3.7715216,3.7703903,3.780498,3.817514,3.8133147,3.7968917,3.813102,3.8136308,3.825223,3.8508046,3.8352795,3.8256717,3.8527899,3.816384,3.8366566,3.8204434,3.8402886,3.8295774,3.8663883,3.8315673,3.8719325,3.8687034,3.838394,3.8599787,3.8785965,3.8891912,3.8524098,3.8357255,3.860257,3.8754478,3.8645248,3.8695946,3.8795416,3.8508372,3.8619702,3.8575387,3.888525,3.9436064,3.8896103,3.8659322,3.9195483,3.886832,3.8739226,3.8553581,3.9078593,3.8840218,3.8902562,3.8838272,3.8832307,3.8737555,3.868682,3.8934484,3.9230514,3.9030828,3.8779259,3.9005694,3.9225569,3.9255736,3.8936703,3.8965669,3.90002,3.907182,3.9038296,3.9498227,3.8964322,3.902906,3.9332674,3.9024596,3.9097776,3.8896425,3.8875442,3.9078617,3.9075212,3.904522,3.9096084,3.9122782,3.9540138,3.9206283,3.9414651,3.8981051,3.9017956,3.9653766,3.9225042,3.9415386,3.9600737,3.950943,3.9159002,3.961046,3.9380882,3.9595387,3.9482398,3.9617229,3.9440439,3.9506636,3.9267213,3.9508724,3.952121,3.945514,3.975385,3.9523828,3.94527,3.9687293,3.9415004,3.956145,3.9521904,3.9339452,3.9715335,,,,,,,,,
3.9976916,3.9953933,3.98119,4.014586,3.9787421,3.9804776,3.9722443,3.95798,3.9812367,3.9642901,3.9838614,3.9732606,3.924153,3.952646,3.9668622,3.9797924,3.9913936,3.9679432,3.9882185,3.9636102,3.9932158,3.974057,3.9648948,3.992614,4.0020027,3.9887028,3.9949493,4.0016184,3.999076,4.0039935,4.0030546,4.0116296,4.002577,4.006983,4.004374,4.0007997,4.02691,4.0509357,4.0228257,4.026148,4.0259523,4.028776,4.042747,4.0661864,4.1242085,4.1997833,4.1366353,4.09452,4.060483,4.0426083,4.009242,4.0006146,3.9805276,3.9358637,3.9346952,3.8915772,3.8316572,3.7868273,3.7813272,3.751305,3.717619,3.5983002,3.6662152,3.5740256,3.5216098,3.494365,3.4588232,3.4196775,3.4239445,3.367723,3.347805,3.2960231,3.2787092,3.2407222,3.2202365,3.241361,3.2101758,3.199925,3.1764295,3.188475,3.143059,3.159293,3.0776298,3.0785306,3.0635798,3.0599627,3.0468247,3.0563326,3.0245163,3.0451393,3.0191538,3.031028,3.0381398,3.037799,3.0346944,3.036286,3.021708,2.989753,3.0136087,3.0436897,3.01077,3.0350847,3.0065556,3.02697,3.0160422,3.0213728,3.0024617,3.0187416,3.0538075,3.0408494,3.019626,3.0570605,3.0527143,3.0702257,3.0859158,3.0501378,3.0696094,3.0664423,3.0899713,3.0993829,3.107488,3.1129127,3.1571312,3.1362,3.163617,3.1906319,3.2289453,3.261246,3.1925697,3.224737,3.238672,3.2986693,3.2640586,3.284681,3.348137,3.3511786,3.3519247,3.3275266,3.31835,3.3451502,3.3366802,3.3767653,3.3998647,3.359466,3.4006965,3.4035194,3.4051728,3.4464183,3.4548874,3.4564366,3.4952111,3.4609962,3.4611154,3.4836757,3.4591198,3.4797935,3.492903,3.4947987,3.4792774,3.5475893,3.536272,3.5186114,3.4790072,3.5116723,3.537247,3.5013273,3.5703945,3.5321279,3.5250325,3.5432718,3.5418248,3.548369,3.552729,3.5316107,3.5658302,3.5417128,3.571236,3.551481,3.5591512,3.6336136,3.6124232,3.600824,3.6530983,3.6124349,3.6629996,3.6387994,3.6888785,3.7004237,3.701247,3.668323,3.682001,3.700062,3.687753,3.7312088,3.7063057,3.738854,3.7473748,3.7574096,3.7645748,3.7565358,3.7650924,3.7830236,3.7947834,3.7846968,3.8294725,3.8263476,3.8202965,3.8132982,3.836247,3.819172,3.8402464,3.845098,3.8790631,3.8880978,3.844772,3.8852155,3.8962073,3.922974,3.9100099,3.9274755,3.922582,3.9340425,3.9263198,3.928654,3.9452891,3.925469,3.9332404,3.969613,3.9581687,3.9439156,3.9541783,3.9402199,3.9771874,3.96478,3.9546516,3.969126,4.0162573,3.986264,4.000965,4.0017977,3.978125,4.0473614,4.0587773,4.038958,4.036044,4.0475907,4.029016,4.031919,4.009222,4.0429463,4.033541,4.0224404,4.0192714,4.022498,4.074685,4.0444083,4.0332546,4.059507,4.0596843,4.0440745,4.0393844,4.068673,4.06919,4.0561004,4.1007533,4.051727,4.0985584,4.0533104,4.0696692,4.061092,4.1088624,4.091448,4.0531464,4.0660124,4.0813594,4.077272,4.0936427,4.0674934,4.0375705,4.0728207,4.0609307,4.0737987,4.081481,4.0951653,4.086854,4.073618,4.07874,4.080611,4.0665264,4.101983,4.0622506,4.0810404,4.0513053,4.0766044,4.0353084,4.0864296,4.1361732,4.117092,4.053033,4.095463,4.0833516,4.0627766,4.0849724,4.1061845,4.091145,4.1220307,4.1126733,4.0691676,4.119307,4.0992455,4.11936,4.1312013,4.10386,4.110562,4.1052947,4.1021986,4.0934973,4.13141,4.1058836,4.0939236,4.09253,4.1016316,4.1049814,4.0790706,4.0883355,4.132046,4.1314425,4.1065893,4.100157,4.072334,4.0953655,4.088352,4.136064,4.106959,4.089407,4.115858,4.1082525,4.104831,4.083456,4.0862474,4.112274,4.095893,4.106744,4.1064286,4.095331,4.0822096,4.0975747,4.052051,4.0914297,4.080588,4.089729,4.098255,4.0928874,4.1007767,,,,
2.4673965,2.439054,2.4326837,2.4122417,2.4058897,2.4046748,2.3862033,2.3702087,2.3502347,2.3267415,2.2919247,2.2927308,2.281026,2.3251657,2.3017788,2.321071,2.2987416,2.3531804,2.3039658,2.3798435,2.425435,2.4288695,2.394697,2.3206027,2.3208606,2.3165593,2.327737,2.3373833,2.32503,2.330592,2.3554273,2.3823204,2.3664703,2.3609562,2.4037404,2.3904324,2.4391522,2.4576538,2.4581552,2.4623241,2.521536,2.5012434,2.4780478,2.4738388,2.516901,2.4841976,2.5163627,2.4528005,2.4473646,2.5942621,2.5667603,2.5004768,2.6876836,2.5527024,2.5758493,2.6061895,2.6107059,2.6978717,2.8752875,2.640819,2.6785116,2.760327,2.6707084,2.7450495,2.6931126,2.745471,2.811618,2.7428014,2.7704976,2.7681448,2.6688905,2.8110688,2.7837317,2.8681464,2.837107,2.820551,2.8167083,2.8037503,2.876033,3.0857031,2.846935,3.028027,2.9689727,3.007016,2.9649558,3.0402458,2.9580688,3.0314333,2.9618273,2.9628925,3.0026884,3.0280912,3.1493723,3.2730718,3.1864104,3.0711176,3.08365,3.1258466,3.1110747,3.1134458,3.017971,3.115583,3.041306,3.0102148,3.0350327,3.0163078,3.1507907,2.9867196,3.0413916,3.0942385,3.1447983,3.0999253,3.1286452,3.0188668,3.052394,3.1117454,3.0374844,3.2510388,3.0699885,2.9051855,3.1848674,3.2387905,2.976174,3.2456987,3.1749225,3.2004545,3.1342874,3.1965022,3.163195,3.0619018,3.102557,3.0800824,3.0495925,3.022738,3.0652502,3.1141584,3.0899177,2.9896243,3.2104688,3.875512,3.309266,3.066469,3.0597017,3.0409164,3.0702658,3.041996,3.075353,3.133259,3.1062572,3.117894,3.1884258,3.0693314,3.1308925,3.0847697,3.0734503,3.114398,2.9548705,2.9458275,3.0110435,3.0183346,3.025525,3.1468453,3.179126,3.040448,3.0475764,3.074262,3.058223,3.225653,3.106064,3.1166282,3.1481683,3.0993304,3.1399813,3.1227317,3.0820086,3.0757973,3.0886996,3.0222354,3.1550195,3.171957,3.2266889,3.0957832,3.114153,3.1107235,3.1698408,3.1640623,3.2023325,3.2117229,3.2522135,3.1676266,3.1491256,,,,,,,,,,,,,,,,,,,,,,,,,,,,,,,,,,,,,,,,,,,,,,,,,,,,,,,,,,,,,,,,,,,,,,,,,,,,,,,,,,,,,,,,,,,,,,,,,,,,,,,,,,,,,,,,,,,,,,,,,,,,,,,,,,,,,,,,,,,,,,,,,,,,,,,,,,,,,,,,,,,,,,,
3.931692,3.9781785,3.9493704,3.9377618,3.9398267,3.9374044,3.93535,3.9263198,3.9344156,3.9196389,3.9069986,3.9083617,3.9166753,3.915326,3.9276273,3.9020247,3.9190903,3.9181,3.9196613,3.9279737,3.9353309,3.9386108,3.9206505,3.9499624,3.9067583,3.9625223,3.9264858,3.9574473,3.9121768,3.9282858,3.9381187,3.9678328,3.9526362,3.972846,3.9503818,3.9525108,4.0091333,4.0073996,3.964983,3.9367104,3.9568672,3.9606638,3.9770951,3.9921675,4.0182652,4.050133,4.030994,4.007649,3.964762,3.934613,3.9043448,3.898261,3.8049874,3.7926168,3.7301562,3.7004054,3.671188,3.6153057,3.628482,3.576288,3.5365853,3.4625094,3.481699,3.4274209,3.4133947,3.3626966,3.3084054,3.2934017,3.2635872,3.268274,3.2118587,3.1775105,3.170549,3.1356306,3.0814352,3.055514,3.0435512,3.027671,3.0501595,3.0276053,3.0051615,3.0259807,3.0109172,2.963674,2.97434,2.9473827,2.9470117,2.9521804,2.9513996,2.9109554,2.9345093,2.9388235,2.9258862,2.9254599,2.9122944,2.8953428,2.880887,2.870165,2.9226635,2.8990655,2.8712008,2.8918066,2.8854356,2.8988268,2.8974116,2.9182744,2.9077182,2.907763,2.9232867,2.8962178,2.9292583,2.9077766,2.9131663,2.9477155,2.9080312,2.962437,2.9457412,2.9724374,2.9614992,2.9615712,2.97048,2.981363,2.9856,2.9871185,3.0275347,3.0135822,3.0822618,3.0529835,3.0754666,3.1045077,3.113648,3.1125677,3.1160798,3.1384223,3.1309211,3.1669118,3.1570175,3.1526859,3.197517,3.2411158,3.2175753,3.1995137,3.2523475,3.2284188,3.2756832,3.2867954,3.2914445,3.307652,3.2861629,3.317582,3.2999415,3.3378787,3.324121,3.3411033,3.3629694,3.3611162,3.4115167,3.4273663,3.4190419,3.4192178,3.4671988,3.4765415,3.4744606,3.4852498,3.5113232,3.5439823,3.5609965,3.5389626,3.5589697,3.5565124,3.590897,3.5816667,3.585688,3.6137364,3.6178977,3.6080446,3.621211,3.6164002,3.6225016,3.6539803,3.6570816,3.6329231,3.67219,3.67921,3.7179766,3.718403,3.7389507,3.7394118,3.776353,3.7389846,3.7207758,3.7749007,3.7669208,3.8015432,3.7910895,3.768624,3.7851808,3.799201,3.8012686,3.842679,3.8870547,3.8367858,3.8793395,3.8526742,3.8578227,3.888,3.8982441,3.9170177,3.8913934,3.9030056,3.9038115,3.9429092,3.9370186,3.907548,3.9103281,3.918741,3.9472017,3.9481943,3.9556642,3.98804,3.9754958,3.9867384,3.9594839,3.9924233,3.972241,3.9825342,3.9400725,3.9651632,3.98785,3.988202,4.0225573,4.0015078,3.9973607,3.9978135,4.0193424,4.0263305,4.003634,4.0159097,4.0224223,4.025188,4.011373,4.035766,4.0291734,4.010995,4.0180435,4.0158887,3.98747,4.040218,4.00616,3.996681,3.9948735,4.040717,4.026986,4.0279074,4.0304255,4.0388556,4.0495543,4.04301,4.0543966,4.0447555,4.032384,4.0239906,4.0566664,4.011011,4.036037,4.065751,4.0187736,4.0565324,4.035273,4.0252914,4.047752,4.0258956,4.0608325,4.035525,4.008293,4.0339713,4.043104,4.0241547,4.037738,4.025372,4.027748,4.0547333,4.067294,4.041984,4.0271306,4.007161,4.047529,4.0373645,4.031493,4.049201,4.048562,4.041773,4.0672317,4.058507,4.055082,4.066354,4.0533295,4.0484867,4.073081,4.0795164,4.060477,4.061601,4.0549226,4.0975647,4.073071,4.0774226,4.0712166,4.0577645,4.0938897,4.0797935,4.1197157,4.0629864,4.1055427,4.088213,4.06928,4.0708265,4.0696244,4.0780945,4.0877194,4.067777,4.085409,4.087429,,,,,,,,,,,,,,,,,,,,,,,,,,,,,,,,,,,,
3.7827246,3.7355342,3.7001832,3.73991,3.7151089,3.7157223,3.6955142,3.7429368,3.6695151,3.7215614,3.6811008,3.6819084,3.7096195,3.6902318,3.669797,3.6846893,3.6801808,3.6663024,3.7037451,3.7243788,3.7067971,3.7529867,3.6745732,3.7206473,3.7472415,3.7178214,3.7324924,3.7095973,3.6998088,3.7310607,3.753938,3.7509692,3.721942,3.7370281,3.7599113,3.7935834,3.7811027,3.775724,3.7988756,3.7975585,3.767164,3.7862825,3.7889314,3.8101523,3.796916,3.8161592,3.8032472,3.7931192,3.7871172,3.775341,3.7150455,3.7421825,3.7064245,3.6305373,3.614919,3.5440822,3.5464535,3.4969375,3.471066,3.4506912,3.4521334,3.404622,3.373146,3.2942204,3.3438456,3.2458713,3.230382,3.1508114,3.2330956,3.1213439,3.166889,3.0984514,3.0693057,3.108537,3.051173,3.0569763,3.03545,3.0082622,2.9988549,2.9885645,2.997864,2.974447,2.96585,2.9517195,2.914115,2.9161077,2.9191294,2.9204028,2.8869781,2.9038157,2.8989935,2.9277568,2.9052012,2.8935745,2.8975582,2.915691,2.9115946,2.882959,2.8445826,2.8891811,2.9154873,2.9280832,2.8891485,2.8643591,2.912327,2.8587446,2.9026897,2.8863204,2.8542714,2.8929842,2.8855112,2.8890078,2.90815,2.918708,2.8936024,2.895231,2.9180596,2.9252179,2.9186118,2.9471676,2.933752,2.93307,2.9273975,2.9386146,2.9621048,2.9659488,2.962076,3.1779926,3.0166113,3.02154,3.3170912,3.286323,3.3184493,3.3040223,3.3788743,3.273689,3.301354,3.3196657,3.3396947,3.2577486,3.3292615,3.2920454,3.356733,3.3179858,3.3454473,3.3411977,3.3329527,3.4094448,3.3947515,3.4272778,3.4395514,3.4401145,3.4615169,3.432593,3.4646478,3.4638026,3.4782052,3.4661968,3.4859123,3.4920273,3.4739335,3.5268357,3.4600744,3.5069292,3.5008628,3.539222,3.5375755,3.5346556,3.5975108,3.5347867,3.5802946,3.5743349,3.6276908,3.6252236,3.6369946,3.6186829,3.6400385,3.6439342,3.6425571,3.626126,3.6605613,3.6532042,3.6733482,3.6452317,3.6638186,3.6924772,3.690687,3.6926763,3.713004,3.6840215,3.6793566,3.7128127,3.691156,3.6947174,3.698243,3.7180178,3.7167394,3.7241924,3.7211635,3.7269251,3.7436776,3.7385437,3.7174747,3.7352304,3.717682,3.740704,3.705151,3.742443,3.7247534,3.717717,3.7453086,3.7373626,3.7355094,3.7237246,3.7143314,3.7193713,3.7047043,3.7230945,3.7158158,3.7087471,3.7064734,3.7036786,3.700594,3.6943471,3.678215,3.659994,3.668158,3.650477,3.6187131,3.6257572,3.6037743,3.5882063,3.5835145,3.5557048,3.5396218,3.5740416,3.5424004,3.5808659,3.5627027,3.537716,3.4857302,3.4928598,3.518225,3.5244,3.5020957,3.477123,3.4769359,3.450481,3.4818757,3.4486122,3.4814558,3.4571214,3.4336762,3.4941401,3.4431567,3.4434757,3.4649746,3.4570072,3.4600742,3.4677908,3.4669132,3.4243546,3.421154,3.4494536,3.4428973,3.42704,3.3953683,3.4078596,3.4190664,3.4174278,3.4026926,3.4150991,3.4106424,3.4141474,3.4099913,3.3937404,3.4166632,3.3769052,3.3917305,3.3983266,3.3691666,3.3669546,3.3561585,3.4092073,3.3751805,3.3926091,3.4064493,3.3896098,3.3500185,3.429081,3.371231,3.357778,3.3887036,3.4063463,3.3498957,3.3518317,3.4077225,3.370808,3.3899333,3.3808928,3.3657143,3.3943083,3.4292119,3.3893611,3.3767931,3.352513,,,,,,,,,,,,,,,,,,,,,,,,,,,,,,,,,,,,,,,,,,,,,,,,,,,,
2.8943622,2.8927653,2.9122198,2.9420223,2.910992,2.8973665,2.910165,2.8966513,2.9039867,2.8980532,2.882241,2.8723457,2.902831,2.8651536,2.8987348,2.9231162,2.8931973,2.8980865,2.8864057,2.8749838,2.915732,2.8842626,2.9105022,2.900177,2.8598716,2.8768897,2.8480155,2.881407,2.8798673,2.8558245,2.868503,2.864468,2.8848758,2.8648787,2.848973,2.8714256,2.8709133,2.8579261,2.8518434,2.8523111,2.875352,2.8483272,2.8819637,2.8534951,2.8469052,2.8536525,2.8344514,2.7944736,2.7847428,2.802595,2.8000224,2.777298,2.7210944,2.6863196,2.6623304,2.6456952,2.579358,2.5543013,2.5874598,2.533608,2.530013,2.5407484,2.4985433,2.4540184,2.4836392,2.4074225,2.4436111,2.3989334,2.3908331,2.4166367,2.3621807,2.326899,2.3574939,2.3153338,2.3554223,2.314683,2.2652261,2.3032804,2.3392797,2.2978413,2.3142953,2.3207388,2.3407335,2.3243737,2.2751033,2.285815,2.3015027,2.303502,2.269463,2.2900925,2.3196046,2.2740736,2.3173974,2.2571049,2.2917366,2.3112128,2.392551,2.335368,2.3037763,2.3006747,2.307406,2.2997205,2.3311067,2.340227,2.3135757,2.348875,2.4042115,2.355928,2.3792372,2.3674524,2.4223917,2.398477,2.4345856,2.4137778,2.4453907,2.4238346,2.440862,2.4567785,2.4660969,2.4725697,2.4769266,2.5507772,2.48163,2.537505,2.57707,2.5377314,2.5531094,2.584284,2.6065645,2.5951543,2.604428,2.6340227,2.6575568,2.6620207,2.6603227,2.6732235,2.67267,2.6943052,2.6904144,2.6881132,2.6950357,2.7127132,2.7473567,2.6967707,2.729266,2.7189236,2.8077686,2.7732315,2.7254322,2.7036645,2.7282894,2.707484,2.7043467,2.7426932,2.749658,2.7316449,2.762612,2.7621484,2.762737,2.7632961,2.8005471,2.8265603,2.8637753,2.8190558,2.8582098,2.8476808,2.8156912,2.830154,2.8620992,2.8545334,2.8568497,2.827513,2.8505583,2.8627546,2.837466,2.8779798,2.90588,2.8999102,2.897969,2.9085963,2.8809054,2.9233208,2.9289231,2.9403896,2.942207,2.9734948,2.951649,2.9702737,2.9657545,2.973522,2.9772966,2.9555552,2.9839547,3.03159,2.9960656,2.9941845,3.0119884,3.0381982,3.015849,3.0411997,3.0643399,3.0476973,3.0275717,3.0660667,3.0272057,3.0323713,3.0735853,3.0435226,3.0471315,3.082358,3.0873432,3.0958378,2.8361385,2.8994443,2.957096,3.0755908,3.070188,3.091564,3.1064138,3.1344132,3.0580785,3.0526822,3.0684605,3.0818145,3.0466652,3.1043198,3.0653622,3.1199753,3.0842223,3.0758789,3.1426363,3.0872204,3.1080413,3.0871952,3.0779784,3.1103275,3.0872571,3.0976958,3.1062603,3.1205437,3.1133957,3.1336486,3.1203177,3.1081898,3.112849,3.1250293,3.137951,3.0940208,3.131247,3.1023629,3.0970757,3.1092954,3.120509,3.1489027,3.0986278,3.1153088,3.1043541,3.122786,3.1392753,3.1238158,3.1448798,3.1380796,3.1105316,3.0900695,3.0976167,3.0788488,3.1224077,3.1079392,3.0889332,3.0864751,3.087998,3.0626433,3.068939,3.061101,3.0552604,3.0734859,3.053141,3.055538,3.0926518,3.0358477,3.0973842,3.037606,3.0559886,3.0390859,3.02817,3.0230813,3.0334034,2.9935873,2.9809904,3.0042596,2.9844875,3.0170674,2.9976056,2.9832695,2.9704084,2.9788582,2.965623,2.9804115,2.964187,2.9847968,2.972315,2.991683,2.9705877,2.9695992,2.9727845,2.9756148,2.9616024,2.9968705,2.9643664,2.954518,2.958571,2.9359248,2.9773154,2.936956,2.9557767,2.912999,2.9400246,2.9321885,2.9321637,2.9516115,2.904365,2.8891122,2.9422095,2.9184492,2.8871837,2.878799,2.9071207,2.926074,2.8887982,,,,,,,,,,,,,,,,,,,,,,,,,,,,,
3.8553593,3.8381023,3.8493824,3.842888,3.8284206,3.7765687,3.8051052,3.8142314,3.816908,3.7811618,3.8133204,3.7985559,3.7866263,3.8065898,3.8069503,3.7855167,3.8014934,3.7826114,3.7790687,3.7845635,3.8080716,3.8123972,3.7791278,3.8028188,3.818148,3.773673,3.772487,3.7822475,3.822358,3.8250327,3.9362328,3.83506,3.8359215,3.7903204,3.7665277,3.7670133,3.7324226,3.6773539,3.7038677,3.663126,3.6470828,3.6198893,3.5632987,3.5251837,3.46047,3.4442012,3.4166176,3.3914676,3.3922129,3.3505015,3.3252308,3.302717,3.2944872,3.174515,3.2074811,3.1798234,3.1144283,3.1251988,3.0942123,3.0558171,3.0334742,3.028422,2.9924126,2.9946876,3.0127213,3.016806,2.9945781,2.9667864,2.9466221,2.9243042,2.8775158,2.901293,2.887603,2.8592303,2.8660612,2.8681011,2.8818104,2.8699098,2.9012382,2.8724418,2.8782308,2.8410463,2.86278,2.8832614,2.8932705,2.8579502,2.8529031,2.8521342,2.8467927,2.9069536,2.8304722,2.839323,2.9035747,2.8632123,2.8771744,2.9336243,2.9110572,2.9146762,2.9393008,2.9175665,2.9364216,2.9292974,2.9391363,2.9345553,2.9651325,2.9683044,3.0001144,3.0116062,3.019693,2.9778283,3.031249,3.039112,3.0361907,3.064831,3.015851,3.0681994,3.0454826,3.0921874,3.157513,3.1597116,3.1710787,3.1721175,3.2167842,3.2284586,3.243473,3.2477489,3.242245,3.2691164,3.2746942,3.2909691,3.2879581,3.2850463,3.2868712,3.3307989,3.3217971,3.3742094,3.4036388,3.4040565,3.4226265,3.394321,3.4021947,3.4300914,3.4619367,3.4506326,3.486525,3.4367936,3.4674053,3.5429695,3.4704666,3.5184612,3.5674057,3.5359504,3.562094,3.5435433,3.5508006,3.5735545,3.5992043,3.5948057,3.6004035,3.6034324,3.6614223,3.648505,3.6595004,3.6590688,3.6838617,3.6881087,3.683525,3.6762173,3.6955905,3.7273855,3.7124608,3.7295816,3.7305424,3.73252,3.7433875,3.7683263,3.7554026,3.7557204,3.7586272,3.790933,3.7557993,3.7946343,3.7889829,3.7865763,3.801912,3.800836,3.7996204,3.806112,3.8217013,3.8263972,3.8193386,3.8633637,3.8723373,3.8658695,3.828579,3.8521886,3.8948483,3.890166,3.8625531,3.9053254,3.8997014,3.9316783,3.8903844,3.873571,3.8803935,3.9289997,3.9153686,3.9477766,3.930137,3.9279516,3.9067347,3.9344542,3.9658146,3.9430099,3.9319227,3.967926,3.9710608,3.93791,3.943323,3.960604,3.9451573,3.9692655,3.9820068,3.968018,3.9510696,3.969958,3.9470992,3.9885428,3.9390543,3.9314432,3.967703,3.9463146,3.9794705,3.9823666,3.9892187,3.9630418,3.9688785,3.9917185,3.9883258,3.9807725,3.982189,3.9522064,3.9593568,3.9737499,3.9826376,3.954018,3.9223268,3.99171,3.9320178,3.9534447,3.9550915,3.937237,3.934808,3.9084551,3.9589355,3.932494,3.9600391,3.957425,3.9383006,3.962701,3.9701374,3.9439857,3.9351664,3.937373,3.9588091,3.9411404,3.94504,3.947145,3.967484,3.9323988,3.9406643,3.9177146,3.9450107,3.9684625,3.9668894,3.9454737,3.9682393,3.931072,3.9697008,3.9465997,3.9538827,3.9471362,3.9417078,3.9263844,3.9221997,3.940076,3.9405067,3.9435287,3.9190106,3.9308672,3.9538174,3.915568,3.9253855,3.9452188,3.9521325,3.9495168,3.9746392,3.948715,3.9236631,3.9490101,3.9490862,3.926604,3.974072,3.9425716,3.9362803,3.9518802,3.9620256,3.9769201,3.9241817,3.9336395,3.9490077,3.8988144,3.9370973,,,,,,,,,,,,,,,,,,,,,,,,,,,,,,,,,,,,,,,,,,,,,
4.1420264,4.1403546,4.1257114,4.1290574,4.1457276,4.1363406,4.133778,4.1159563,4.1308813,4.134087,4.105341,4.1224217,4.1173916,4.130603,4.112706,4.142929,4.1321526,4.146346,4.105806,4.1401815,4.1244564,4.132229,4.121421,4.1099052,4.1077313,4.1582966,4.1440554,4.143874,4.1330338,4.147325,4.1519165,4.1407166,4.131223,4.151306,4.151841,4.1833305,4.1383204,4.165018,4.1861696,4.177361,4.1456084,4.1856756,4.171135,4.1835074,4.204944,4.1856046,4.170823,4.144269,4.133947,4.1167855,4.0700235,4.085161,4.007275,3.998458,3.9558043,3.931204,3.895691,3.8031373,3.7615805,3.7648547,3.7194343,3.7039995,3.6730604,3.6462708,3.5726795,3.5725508,3.56249,3.508053,3.4758422,3.4333215,3.4082935,3.383837,3.381434,3.3611739,3.3239765,3.334531,3.3068168,3.3020184,3.2567708,3.2774827,3.2495298,3.2481234,3.1878133,3.1891623,3.1848028,3.1498938,3.1502047,3.1226914,3.1156762,3.1428237,3.1340811,3.1231806,3.134458,3.1206856,3.1045554,3.1402318,3.0847592,3.1004891,3.1032307,3.099146,3.1286614,3.1084101,3.1014094,3.0988424,3.1295145,3.0867436,3.0984442,3.0955434,3.1093466,3.111689,3.1753626,3.1014304,3.156363,3.1687677,3.1797552,3.1539147,3.1460114,3.212257,3.221663,3.1863496,3.1687195,3.1998096,3.224235,3.2326295,3.275167,3.28113,3.2679613,3.2539794,3.2876291,3.2661152,3.328969,3.346338,3.2882051,3.3135161,3.315765,3.3321502,3.3702326,3.4179835,3.4101427,3.4229493,3.4380424,3.5070617,3.4500146,3.5227246,3.4978454,3.5473266,3.5024478,3.5465548,3.5276067,3.5816667,3.5659246,3.6024904,3.604885,3.5899582,3.6050532,3.625532,3.6663241,3.6160686,3.6359568,3.688015,3.695228,3.6835668,3.6986806,3.7438936,3.7622848,3.7471356,3.7745612,3.7852092,3.7942474,3.8339145,3.7982469,3.8392723,3.8682868,3.8366983,3.869307,3.8582819,3.8395152,3.8728952,3.8812873,3.8527076,3.8809867,3.8979223,3.910154,3.9277976,3.940955,3.9075353,3.9133682,3.9226277,3.9578114,3.931636,3.96156,3.943212,4.000655,4.0088797,4.006415,4.0335474,4.021727,3.9990456,3.9857829,3.9243176,3.998953,4.030558,4.0129867,3.92027,3.9065711,3.8908956,4.083779,4.101325,4.157546,4.110224,4.0022144,3.9889607,4.0868897,4.134562,4.049671,4.074327,4.077523,4.1264963,4.0879745,4.1172323,4.1321087,4.3263087,4.266958,4.1112804,4.0970383,4.1323857,4.150862,4.108586,4.0959444,4.083979,4.137852,4.1414533,4.1475,4.142832,4.1157417,4.1522427,4.1267524,4.153965,4.118741,4.1941414,4.159854,4.1678457,4.1299777,4.168049,4.1807513,4.1785836,4.1734023,4.193421,4.197515,4.175545,4.200801,4.177766,4.141436,4.175514,4.1808295,4.1994705,4.1721673,4.182619,4.1851835,4.16499,4.186012,4.1957746,4.210578,4.175331,4.19709,4.1930695,4.187603,4.19643,4.1895905,4.2071495,4.2058473,4.2004766,4.1997247,4.211821,4.2015657,4.216744,4.1994753,4.2253213,4.193378,4.223261,4.2081094,4.1977034,4.2202535,4.1857014,4.1855607,4.2445383,4.209463,4.2072043,4.2089143,4.222933,4.2551756,4.2187195,4.2482004,4.248408,4.2033606,4.22324,4.2479005,4.211981,4.2179637,4.219825,4.2276444,4.2311573,4.2611475,4.2572036,4.255166,4.226656,4.2184978,4.247051,4.2440157,4.2254834,4.26393,4.237324,4.26654,,,,,,,,,,,,,,,,,,,,,,,,,,,,,,,,,,,,,,,,,,,,,
2.7131743,2.677006,2.6783442,2.6902978,2.6679406,2.6811295,2.6911616,2.6911955,2.6787562,2.7064579,2.6735744,2.6631093,2.6863718,2.701271,2.6895041,2.669573,2.6586096,2.6550026,2.6705115,2.7284687,2.6824284,2.706641,2.6982734,2.7292726,2.6972923,2.6802714,2.682589,2.6987286,2.649412,2.6682043,2.6665747,2.701737,2.6494384,2.7014728,2.6754487,2.6668534,2.6393151,2.716824,2.7078273,2.6691031,2.691225,2.7478268,2.710539,2.7167294,2.6933568,2.748251,2.6958416,2.7188714,2.6760588,2.6751914,2.6707034,2.6628134,2.6358118,2.6367936,2.6318038,2.618893,2.5942378,2.5955288,2.5681193,2.5677233,2.503716,2.5069964,2.4623075,2.4880118,2.4733243,2.437097,2.3816621,2.3456726,2.3915887,2.3457046,2.3619165,2.3460095,2.3493822,2.3371677,2.354144,2.3131955,2.2944841,2.3243482,2.347316,2.3015413,2.2805865,2.2823224,2.2889752,2.2747605,2.277937,2.3028598,2.3029892,2.2741973,2.2696085,2.2502592,2.2541895,2.2629845,2.234053,2.2670887,2.2718434,2.2129843,2.2597,2.2618837,2.2613378,2.2545085,2.2273996,2.2784042,2.3185387,2.287487,2.2797773,2.307346,2.315489,2.3322976,2.3425472,2.310473,2.3049362,2.3398972,2.3236268,2.355132,2.3916085,2.3466992,2.3561895,2.347135,2.3455515,2.3304605,2.3687716,2.3493338,2.4051342,2.383721,2.3751104,2.3742,2.3686266,2.4104192,2.3951945,2.4831078,2.4729931,2.4797657,2.4498427,2.4562478,2.479511,2.484756,2.4824803,2.491392,2.5236752,2.5132365,2.5229666,2.5366802,2.5193973,2.53731,2.538992,2.5570178,2.5973532,2.6356776,2.5884457,2.605043,2.597952,2.625675,2.6070607,2.640323,2.6711016,2.664875,2.7090502,2.6759865,2.717859,2.6797335,2.7134006,2.7133677,2.8022923,2.7552657,2.7624753,2.783344,2.795123,2.773483,2.8014624,2.789911,2.8134842,2.8122532,2.802138,2.8203838,2.8077493,2.813407,2.8281717,2.8416107,2.8331723,2.8755496,2.8541071,2.900702,2.9159372,2.8706846,2.9002194,2.8922064,2.882455,2.8868394,2.8908148,2.910556,2.9345167,2.9138827,2.9092798,2.926174,2.9237974,2.9590344,2.9522128,2.9511747,2.968673,2.9352386,2.9671702,2.9451823,2.957217,2.9725225,2.990745,2.9182355,2.9858744,2.9988198,2.9664037,2.966949,2.9714417,2.9446857,2.9701095,3.000248,2.9676507,2.9354076,3.0016518,3.0215185,2.9787138,3.0320766,3.0555503,3.0693097,3.065946,3.0241122,3.0590568,2.9911761,3.000497,3.0138538,3.0724359,3.0786304,3.0666854,3.0272822,3.0511053,3.0512197,3.020661,3.0621765,3.0233312,3.0023282,3.0380247,3.0440912,3.023939,3.0013278,3.0183985,3.0167356,3.0219944,3.026099,2.9956477,2.9737992,3.0084293,3.0160491,3.014944,3.02192,3.0269384,3.0255077,2.9839628,2.9771826,3.042524,3.0305803,3.0510082,3.0565684,3.0537632,2.9969337,2.9844775,3.0032759,3.0031028,2.9919431,3.0093398,2.96491,2.9944758,2.9758022,2.9706478,2.9791842,2.995989,2.9951339,2.9862998,2.9798625,2.984553,2.9859827,2.982665,2.983148,2.9834626,2.9836447,3.005334,2.970485,2.9826002,2.9839392,2.9838545,2.9787948,2.993881,2.979721,2.9743836,2.985383,2.9739544,2.9715023,2.9744308,2.9875834,2.9753537,2.9630396,2.934313,2.9553292,2.9528062,2.9709687,2.9728742,2.9755595,2.9761972,2.97494,2.9697785,2.926014,2.9065247,2.9508805,2.8851972,2.9218035,2.9292545,2.9141934,2.9417162,2.9255369,2.924316,2.9161446,2.9065597,2.9082706,2.9330785,2.896204,2.9168634,2.8974597,2.8873787,2.8842843,2.876702,2.8805563,2.9021974,2.9271975,2.8894224,2.8697784,2.891948,2.9112415,2.9099998,2.9318206,2.8735952,2.865438,2.850484,2.913261,2.892653,2.8685935,2.8896022,2.9243944,2.9194663,,,,,,,,,,,,,
3.6134896,3.6068661,3.6071231,3.613341,3.61973,3.601774,3.597389,3.5845234,3.574391,3.6082952,3.6161594,3.6268382,3.6312468,3.6244266,3.6275518,3.5967233,3.6563663,3.6407018,3.6382751,3.6342149,3.646264,3.6794505,3.6916819,3.668835,3.6467662,3.689869,3.6867516,3.6839428,3.710419,3.6957612,3.6965625,3.69234,3.6978796,3.705019,3.6993692,3.7229722,3.697058,3.7298803,3.7217932,3.7237678,3.7555065,3.741134,3.7620513,3.7507982,3.7448773,3.7007601,3.6798944,3.6791873,3.6553202,3.6389804,3.5851169,3.560087,3.524875,3.4968605,3.4809468,3.3910303,3.3777814,3.347349,3.3344326,3.3404741,3.2735763,3.248726,3.17738,3.1568973,3.1665683,3.1286292,3.1261783,3.0784476,3.0955253,3.0562458,3.0382605,3.0226507,2.9782195,2.961501,2.928686,2.951145,2.9053428,2.8883533,2.8825595,2.857589,2.8454983,2.837382,2.8561425,2.8221648,2.8053622,2.8265443,2.8060563,2.8203871,2.8654428,2.81357,2.8524938,2.8395154,2.8576913,2.7731397,2.8296058,2.8102822,2.8214579,2.827207,2.8288887,2.824443,2.8387756,2.8089087,2.8426878,2.8586206,2.8357754,2.8378015,2.8695853,2.8285098,2.8450458,2.8714097,2.8817627,2.8628461,2.8912969,2.9040415,2.9072688,2.9197955,2.8782861,2.9098291,2.9495199,2.9775014,2.9966016,2.9796407,2.987989,2.9991348,3.0315917,3.027173,3.0592146,3.054806,3.0987666,3.113918,3.0798638,3.107232,3.1303627,3.0925653,3.1786969,3.1719944,3.205019,3.2268045,3.2331593,3.237316,3.2290728,3.2285967,3.272362,3.2702165,3.314498,3.322706,3.3010042,3.331826,3.36102,3.3378284,3.3134055,3.4209828,3.366415,3.3791993,3.3581645,3.446828,3.425332,3.4203496,3.4480696,3.4322476,3.4729066,3.466767,3.4727113,3.4771616,3.4994793,3.49096,3.478982,3.4643376,3.518855,3.5265472,3.5473456,3.5260386,3.5274255,3.562869,3.550368,3.5887372,3.5373867,3.5539308,3.5757267,3.5454352,3.583848,3.5912495,3.5760994,3.5769548,3.5380888,3.6215181,3.5638218,3.5585194,3.5582807,3.592974,3.5490344,3.6118016,3.5827868,3.589509,3.599632,3.6056938,3.6140218,3.5906203,3.6101124,3.610269,3.6064992,3.5952413,3.609151,3.5985076,3.5793383,3.621123,3.562228,3.5706954,3.5897648,3.6290762,3.5953283,3.5761526,3.612706,3.6168203,3.5826495,3.6295257,3.6078465,3.6039271,3.5813825,3.5969682,3.5887952,3.6110184,3.5796854,3.5914738,3.5757468,3.5734868,3.568875,3.5808842,3.6039956,3.5995955,3.6038022,3.5911021,3.5801864,3.5501494,3.563194,3.5816894,3.5625696,3.5758438,3.5919347,3.5698998,3.5700417,3.5726838,3.583703,3.5749583,3.565134,3.581124,3.576531,3.589513,3.5760684,3.575637,3.5637095,3.5808833,3.5598512,3.5907073,3.5659275,3.5670156,3.5895855,3.5943413,3.568144,3.569567,3.5889368,3.5730038,3.5381434,3.5573049,3.5882738,3.565428,3.579157,3.544233,3.5531542,3.5718434,3.5758986,3.5685835,3.5490558,3.5272634,3.537366,3.5655055,3.5517828,3.522574,3.531266,3.5227494,3.4996002,3.5276625,3.546858,3.5397775,3.53735,3.5477505,3.486105,3.5322785,3.5228453,3.4961753,3.5192697,3.5016823,3.5030532,3.4858716,3.500918,3.4770684,3.4805353,3.4996078,3.4888842,3.4687774,3.491704,3.4997132,3.4936101,3.4936974,3.515453,3.4702156,3.478829,3.4707048,3.4533474,3.4605646,3.4805303,3.4616418,3.5038724,3.491678,,,,,,,,,,,,,,,,,,,,,,,,,,,,,,,,,,,,,,,,,,,,
3.8917494,3.906949,3.904979,3.8903904,3.8643558,3.8769312,3.8890154,3.8992693,3.8868628,3.900392,3.9041445,3.9021976,3.957775,3.9054668,3.8918548,3.9202724,3.9170988,3.9413295,3.9081433,3.9616113,3.949384,3.9560907,3.9245694,3.952544,3.9260798,3.9666607,3.9485378,3.9415894,3.9412158,3.9620209,3.9328516,3.960665,3.9911392,3.9739025,3.972457,3.9618905,3.9608274,3.9963589,3.9916646,3.9904854,4.0013914,3.9854324,3.9747581,3.9694364,4.0169644,4.04227,3.9896948,3.9575183,3.9602728,3.9287138,3.9298162,3.8495474,3.8068953,3.785441,3.7523541,3.7277832,3.72534,3.6523612,3.6351514,3.5544481,3.5105896,3.4921298,3.4535053,3.4305394,3.4016678,3.3574295,3.3581626,3.32881,3.2412362,3.218413,3.234852,3.2264466,3.1579247,3.128069,3.1202629,3.1137857,3.0597742,3.080953,3.0507417,3.0553098,3.0230794,2.9866214,2.978484,3.0004578,3.0063753,2.933553,2.947466,2.9373584,2.9159858,2.919162,2.902381,2.9095583,2.9055731,2.9116087,2.8897612,2.9147272,2.9191682,2.9108524,2.9007084,2.9042156,2.90672,2.9059572,2.9143293,2.9100444,2.907549,2.9048445,2.9113593,2.9193463,2.907433,2.9109454,2.9328785,2.9056659,2.978691,2.9657164,2.9571607,2.9754195,2.9933143,2.9830675,2.9921222,2.9513998,2.9967864,2.9932277,3.033672,3.0438983,3.0495057,3.0752501,3.0569632,3.0354195,3.0507102,3.0689173,3.1257923,3.1573536,3.1545784,3.158727,3.1568897,3.1927135,3.2168713,3.210754,3.2466636,3.238832,3.236955,3.2664225,3.2780201,3.2752872,3.3019717,3.3084095,3.3144174,3.3520503,3.3533478,3.3751593,3.3619657,3.3598335,3.3628154,3.3675306,3.4353042,3.3927753,3.497651,3.4609673,3.5031412,3.4973366,3.479304,3.5249488,3.5608494,3.5329292,3.5382593,3.5439675,3.5856497,3.5692573,3.5846913,3.6219633,3.5984,3.6228285,3.6137428,3.5988665,3.607631,3.6405122,3.646297,3.6800876,3.6744723,3.6660597,3.6934445,3.6834288,3.6969204,3.669306,3.7126431,3.689247,3.6834698,3.7380984,3.7365503,3.7436812,3.7641933,3.7614787,3.792872,3.7655606,3.8004987,3.830216,3.8043137,3.7906027,3.809727,3.803278,3.8229709,3.815259,3.8397322,3.8501022,3.8286095,3.852183,3.8539383,3.8547955,3.865226,3.8673062,3.8809202,3.884361,3.87004,3.8765016,3.8797123,3.9049106,3.887835,3.875178,3.8890731,3.9083803,3.9194643,3.9204934,3.9420245,3.9329908,3.9376786,3.933523,3.9072165,3.9398232,3.9007623,3.9202561,3.922274,3.9287426,3.9253361,3.9431353,3.968222,3.9200487,3.9639919,3.9377882,3.9899828,3.9619784,3.96739,3.951868,3.9598937,3.9437675,3.980431,3.9399629,3.9684346,3.9557524,3.9832063,3.9841878,3.9999998,3.992268,3.9887202,3.972315,3.9804163,3.996674,3.9514182,3.976618,4.0024934,3.97825,3.9787135,3.9830394,3.9967136,3.982731,3.9876869,3.9658132,3.9936342,3.958717,3.9726331,3.9718354,4.066822,4.0496197,3.9820447,3.9648538,4.0389867,4.1300526,4.087157,4.0414805,4.0751677,4.0272536,4.0183983,4.044934,4.0303574,4.0855985,4.0754933,4.0847416,4.0172915,4.0793915,4.0655723,4.0741806,4.0296373,4.0786037,4.052826,4.0867963,4.05871,4.0924296,4.0229144,4.066398,4.044122,4.0502152,4.08318,4.0822697,4.0870132,4.084981,4.083838,4.0765114,4.0645733,4.073344,4.0911975,,,,,,,,,,,,,,,,,,,,,,,,,,,,,,,,,,,,,,,,,,,,,,,,,
3.1154683,3.1443772,3.1511436,3.16163,3.101367,3.190053,3.0770917,3.0694704,3.069865,3.1207676,3.0955737,3.10839,3.0180662,3.0732162,3.1214051,3.065525,3.052079,3.092089,3.119772,3.08402,3.0876977,3.1209147,3.0804417,3.1408997,3.1341677,3.0807927,3.110776,3.0977106,3.1133494,3.085753,3.0942607,3.0726416,3.0762134,3.1181662,3.1112707,3.0725873,3.1045873,3.134113,3.1171894,3.023249,3.0024474,3.0462105,3.045221,3.0271626,3.0212045,3.0212123,2.9489925,2.9718301,3.0106297,2.9565055,2.9417636,2.996127,3.029346,2.972184,2.9864228,2.958506,2.9584708,2.9512587,2.997805,,,,,,,,,,,,,,,,,,,,,,,,,,,,,,,,,,,,,,,,,,,,,,,,,,,,,,,,,,,,,,,,,,,,,,,,,,,,,,,,,,,,,,,,,,,,,,,,,,,,,,,,,,,,,,,,,,,,,,,,,,,,,,,,,,,,,,,,,,,,,,,,,,,,,,,,,,,,,,,,,,,,,,,,,,,,,,,,,,,,,,,,,,,,,,,,,,,,,,,,,,,,,,,,,,,,,,,,,,,,,,,,,,,,,,,,,,,,,,,,,,,,,,,,,,,,,,,,,,,,,,,,,,,,,,,,,,,,,,,,,,,,,,,,,,,,,,,,,,,
3.74871,3.7537436,3.7467487,3.7212296,3.7272108,3.7216945,3.7266548,3.7637615,3.7188642,3.721974,3.77545,3.7402964,3.7784426,3.7777405,3.8053603,3.7360249,3.7664912,3.7825449,3.8121634,3.7896788,3.8131049,3.8122492,3.8206024,3.8114855,3.8323987,3.8196251,3.812326,3.8289814,3.8419313,3.8110726,3.8245876,3.8285158,3.8506408,3.8333023,3.8163214,3.8577926,3.8732202,3.8422897,3.838181,3.8500025,3.8558276,3.835961,3.8534575,3.8526282,3.8836062,3.907377,3.8606734,3.8471267,3.8293114,3.812193,3.78272,3.7710776,3.7123919,3.6756697,3.6581664,3.6357472,3.618117,3.5760717,3.5154133,3.4825716,3.4912968,3.4268916,3.3964498,3.3696206,3.3763402,3.3016984,3.2880323,3.2654967,3.2443383,3.1922598,3.156366,3.1166434,3.122322,3.1216457,3.0882154,3.0473275,3.0262702,3.0728667,2.972258,2.9903152,2.9716861,2.918554,2.9101107,2.899955,2.8968503,2.878869,2.9046261,2.9016883,2.8989327,2.9004283,2.8862884,2.8836775,2.8978643,2.891399,2.877262,2.8561578,2.862358,2.8960469,2.883704,2.8691301,2.8815346,2.8912816,2.9068925,2.8550863,2.8955858,2.8885565,2.9024978,2.8938017,2.8895183,2.889247,2.9164314,2.8914974,2.9035096,2.9037416,2.9004257,2.9057996,2.9175181,2.9050188,2.922186,2.9174743,2.9310002,2.9256186,2.9659789,2.948059,2.9493313,2.992805,2.9980407,3.0130558,3.044765,3.0115368,3.0711102,3.079307,3.0843775,3.1203995,3.0981681,3.103691,3.1473427,3.1482112,3.1576984,3.1725142,3.1676195,3.1825235,3.1818902,3.1936994,3.199913,3.2810912,3.2551482,3.2425919,3.266927,3.2958825,3.3087583,3.3582215,3.3749394,3.3562477,3.3563092,3.3584974,3.3593044,3.4030366,3.3877814,3.4185646,3.452842,3.4340713,3.4455292,3.4424756,3.4702063,3.4535217,3.4864848,3.458078,3.5154326,3.4864466,3.5226107,3.5677798,3.5411973,3.6081102,3.6029215,3.6250148,3.617341,3.6106594,3.6360853,3.6325912,3.6368139,3.6646533,3.673026,3.678139,3.6871538,3.7121446,3.6971834,3.6750448,3.7173407,3.6992173,3.7078283,3.726364,3.723048,3.729591,3.7597554,3.7518754,3.7668314,3.7339766,3.8140464,3.806752,3.8041632,3.796399,3.792989,3.7750432,3.79681,3.806987,3.7768543,3.8140814,3.8591223,3.8637598,3.8715007,3.8418007,3.824425,3.8557632,3.859276,3.853133,3.861337,3.856321,3.8781517,3.8756883,3.8829713,3.8638945,3.8709207,3.9106147,3.8747373,3.9054706,3.9484613,3.9473674,3.9402828,3.937983,3.9425871,3.9687893,3.9470146,3.9265645,3.950963,3.9581268,3.9693103,3.9763923,4.0042877,3.97582,3.929668,3.9418352,3.995544,3.9560785,3.952215,3.9829452,3.9809902,3.9682705,4.0062203,3.9880831,3.9705749,4.0056243,4.0047603,4.017185,4.011488,4.0208836,4.0125866,3.9954357,4.012948,3.9987884,4.0061016,4.01608,4.013848,4.0168314,4.0235233,4.034652,4.054895,4.020309,4.0119686,4.0415077,4.045361,4.0405297,4.0066977,4.0401206,4.0482645,4.0165973,4.055057,4.0424886,4.062418,4.0240545,4.050469,4.070899,4.0434833,4.0993533,4.075408,4.0353856,4.1003947,4.0650396,4.0804734,4.088895,4.077148,4.0664325,4.0788054,4.0857525,4.1061115,4.0855002,4.0505333,4.1087213,4.120863,4.0752845,4.1067514,4.064506,4.058159,4.1117396,4.114823,4.098116,4.080707,4.099835,4.061733,4.1132174,4.1002793,4.0889893,4.0924087,4.079708,4.1102924,4.085373,4.0865917,4.115109,4.088517,,,,,,,,,,,,,,,,,,,,,,,,,,,,,,,,,,,,,,,
3.9581318,3.9041548,3.9131198,3.9306467,3.889533,3.9146416,3.8996284,3.9250808,3.9037867,3.8887599,3.9086888,3.9137082,3.914886,3.942796,3.9038053,3.9138055,3.9314492,3.9219267,3.9241037,3.9364989,3.8985803,3.9324474,3.9399378,3.9445958,3.9222116,3.940814,3.9245696,3.9421375,3.9593496,3.979663,3.974693,3.987653,3.965618,3.9495804,3.959219,3.985801,3.961544,3.9805694,3.9749525,3.9795613,3.9715223,3.9738963,3.9830482,3.9892774,3.9734466,3.9822571,4.0043836,4.0092936,3.9706166,3.9647896,3.957056,3.9494731,3.9229913,3.887821,3.8393493,3.8612669,3.7663946,3.7465131,3.7365158,3.6904576,3.6787722,3.6125975,3.6165707,3.5837262,3.5483563,3.5364914,3.5395486,3.4688199,3.4469793,3.4423792,3.4442282,3.361921,3.3348176,3.284943,3.3171723,3.2714024,3.2382553,3.197487,3.1798728,3.1546595,3.1826982,3.188295,3.1728852,3.1571903,3.1186914,3.1014428,3.099392,3.100314,3.118593,3.114848,3.100665,3.0842462,3.059231,3.074792,3.0695374,3.051725,3.052146,3.0233545,3.0545666,3.039991,3.0379398,3.0408058,3.035076,3.0273132,3.021799,3.0250633,3.0587304,3.0371606,3.064706,3.040556,3.0531588,3.0915759,3.075717,3.075871,3.0713108,3.1049452,3.0472476,3.1289382,3.093423,3.1798894,3.1173036,3.2985373,3.3530316,3.2087748,3.2591414,3.1872997,3.1960282,3.2063966,3.2200024,3.251123,3.284821,3.318736,3.3088155,3.3455095,3.392049,3.3927836,3.4105666,3.4366574,3.40523,3.4598405,3.4497812,3.486734,3.457915,3.487659,3.4874604,3.4841368,3.4791293,3.4868448,3.5086699,3.5039403,3.514556,3.5337753,3.5663712,3.6438425,3.6408103,3.610099,3.6427007,3.674728,3.671743,3.670769,3.6661935,3.7008486,3.7112541,3.694022,3.742942,3.7430813,3.7559307,3.7406425,3.7630994,3.752431,3.7666578,3.763759,3.7623942,3.787679,3.813824,3.8466415,3.8492417,3.8486197,3.864288,3.8619611,3.9025977,3.894616,3.9192474,3.9125454,3.9119244,3.9231625,3.9413185,3.948578,3.9651766,3.9849322,3.9772797,4.0060406,3.9879296,3.9904199,4.0197973,4.019895,4.0060472,4.025306,4.0218525,4.0330825,4.0302324,4.0156617,4.03529,4.05223,4.0322123,4.0284433,4.056758,4.0808883,4.109746,4.060256,4.11502,4.108717,4.11231,4.092594,4.142334,4.083814,4.1306167,4.1362157,4.1117983,4.106016,4.1349945,4.138587,4.0949335,4.1107407,4.1370525,4.1357155,4.139474,4.1263204,4.1137238,4.1157584,4.1325746,4.1235027,4.1432776,4.131482,4.117711,4.131372,4.112329,4.1313744,4.116487,4.089882,4.1422496,4.134201,4.1346903,4.1234646,4.1355147,4.1346264,4.105873,4.1105046,4.1087637,4.1257772,4.1108937,4.129403,4.132953,4.116454,4.129732,4.1738405,4.1367717,4.1451755,4.14533,4.1293178,4.1144066,4.123541,4.1574497,4.1517353,4.1381564,4.1558743,4.1338453,4.142234,4.1513586,4.1590266,4.1403885,4.1535006,4.163873,4.1447644,4.155207,4.1580133,4.1689653,4.1549196,4.1259756,4.1506314,4.1750336,4.151319,4.1404357,4.1461678,4.1360755,4.1555305,4.1355386,4.1875896,4.171416,4.1537232,4.1712337,4.178749,4.2326427,4.1674643,4.169875,4.1789412,4.2077327,4.203424,4.2149596,4.1965976,4.234771,4.223705,4.216301,4.1689057,4.202334,4.206513,4.1713905,4.2286253,4.200368,4.1985044,4.205258,4.216998,4.231019,4.2172904,4.236043,4.249041,4.2160616,4.207966,4.2573066,4.2277074,4.216654,4.237941,,,,,,,,,,,,,,,,,,,,,,,,,,,,,,,,,,,,
3.8536203,3.8675876,3.852953,3.8382432,3.8632185,3.8552196,3.8504565,3.8383768,3.8508778,3.8391197,3.8183372,3.8580008,3.8366547,3.8599415,3.8561647,3.8467643,3.8507593,3.8652146,3.849855,3.8263717,3.8575554,3.8493397,3.896402,3.8528898,3.8683078,3.8798158,3.8963096,3.9050012,3.9177904,3.8788471,3.9044163,3.9045327,3.943841,3.949311,3.9097793,3.9250216,3.9306335,3.9648426,3.9671428,3.991304,3.9725575,3.9971256,4.023864,4.0807147,4.0666494,4.046569,4.0137644,3.9957304,3.989191,3.9717836,3.9380608,3.9340303,3.915231,3.891682,3.8408375,3.7878199,3.7159052,3.7808797,3.7317843,3.6688845,3.6061976,3.603534,3.6071012,3.5533595,3.5074944,3.49747,3.457746,3.4540825,3.4434476,3.428556,3.3745937,3.3805804,3.3413806,3.3036535,3.2512095,3.2481406,3.258287,3.2270045,3.266966,3.225035,3.18551,3.1834905,3.169739,3.1659713,3.1706073,3.160941,3.1378834,3.1723988,3.134716,3.171201,3.1394203,3.141869,3.1383562,3.1324432,3.1397567,3.1303413,3.1172967,3.1545632,3.1328423,3.1337733,3.148657,3.1407185,3.132096,3.123539,3.1398528,3.1522677,3.158763,3.1526973,3.1806529,3.1750295,3.161608,3.177354,3.1715605,3.1685448,3.2353694,3.206105,3.238922,3.26471,3.2692206,3.2543015,3.2799392,3.2812953,3.2956152,3.316383,3.2952712,3.3271668,3.34247,3.3594878,3.354749,3.396581,3.3701959,3.4000988,3.4195387,3.4324627,3.4451067,3.4025028,3.4493496,3.4513683,3.4634295,3.4523525,3.4525096,3.5082781,3.4914534,3.5388324,3.5194695,3.589195,3.5718212,3.58133,3.6102512,3.6331122,3.6506715,3.6693993,3.6754086,3.6490295,3.661544,3.660798,3.66998,3.69183,3.6978214,3.7009907,3.7268066,3.7447975,3.7378142,3.7265143,3.7560422,3.7468133,3.7533457,3.7769258,3.7490268,3.7595537,3.7988815,3.7803216,3.8129494,3.7953663,3.833154,3.8587203,3.8436422,3.9020448,3.8685322,3.866555,3.9228082,3.8600464,3.8597856,3.847961,3.9050705,3.899768,3.8894796,3.9174235,3.987251,3.8069277,3.8124297,3.8473544,3.9005008,3.9005153,3.9224012,3.9354389,3.9709516,3.9568598,3.9361784,3.9491603,3.9755254,3.9452755,3.9560485,4.001349,3.987672,4.001953,3.977936,4.007743,3.9861019,3.9941142,4.0178223,4.0042467,3.995455,4.017972,4.0136423,4.0205016,4.0247965,4.0082207,4.0477743,4.054249,4.0521894,4.0077934,4.066275,4.0331616,4.0457377,4.0592303,4.0684834,4.0343866,4.048053,4.032266,4.080103,4.055937,4.045398,4.11505,4.0950465,4.090654,4.0814133,4.08625,4.0799985,4.0731673,4.106289,4.111878,4.135927,4.0992365,4.0879517,4.1344213,4.1591797,4.1191936,4.1133904,4.1044583,4.131135,4.1233997,4.128382,4.1317296,4.1592183,4.085565,4.1465497,4.1135864,4.1080227,4.1594825,4.1358414,4.184059,4.1666155,4.1520276,4.159525,4.189425,4.198844,4.1705575,4.1733074,4.1731334,4.1905146,4.1667476,4.1789117,4.187232,4.175544,4.1782537,4.1826434,4.1864314,4.202984,4.184267,4.18626,4.1712694,4.1916203,4.1824803,4.1708903,4.1598434,4.1403055,4.182546,4.199383,4.194127,4.1835046,4.1812706,4.1922064,4.1758604,4.1840267,4.172911,4.1971855,4.198566,4.1518173,4.158774,4.1479135,4.1726456,4.1601048,4.1625423,4.141618,4.189157,4.1428075,4.1557913,4.1297436,4.1625147,4.1728477,4.1453395,4.1394553,4.123917,4.1076202,4.138244,4.1430783,4.123363,4.1501927,4.1471443,4.1046114,,,,,,,,,,,,,,,,,,,,,,,,,,,,,,,,,,,,,
3.5484066,3.5539868,3.54497,3.5783114,3.5476649,3.5490642,3.5237634,3.5270395,3.5363767,3.5437531,3.5648928,3.5486002,3.5231526,3.5659165,3.534229,3.5497217,3.5810199,3.5231707,3.5705385,3.592798,3.5902326,3.5710578,3.5750015,3.6033463,3.6226041,3.5944226,3.6002345,3.597734,3.5864336,3.6306586,3.629441,3.6196008,3.6162994,3.609297,3.629812,3.6707995,3.6408536,3.6737914,3.6461,3.6675184,3.659268,3.6903021,3.6732101,3.6386676,3.699014,3.6813064,3.6846433,3.675393,3.6983202,3.6422157,3.652454,3.6312048,3.6289368,3.6060348,3.57952,3.5293865,3.5015984,3.457835,3.3873458,3.3555915,3.3397741,3.3145597,3.313423,3.2702973,3.240986,3.2350135,3.2147567,3.1347625,3.1038573,3.1260204,3.0828648,3.0291739,3.0364835,3.0042913,2.9781938,2.9957979,2.9812877,2.9536748,2.9121323,2.8769698,2.9312258,2.8563733,2.8936117,2.8416603,2.8656607,2.8590755,2.8355026,2.8864362,2.8297765,2.8664005,2.834979,2.8210278,2.8306217,2.8122706,2.809241,2.8103817,2.8260453,2.8127697,2.7948143,2.7729452,2.8106651,2.8094046,2.796201,2.7877066,2.7766519,2.7988212,2.7996194,2.7995186,2.8389018,2.816202,2.8208284,2.856786,2.8308299,2.8675454,2.8212085,2.8907266,2.8573313,2.8757825,2.8477848,2.9107563,2.9239008,2.88364,2.911453,2.9469059,2.9652312,2.9559624,2.9560387,2.9343114,2.9581673,2.9522355,3.0093822,3.002884,2.9939117,2.9989967,3.034751,3.0347202,3.044165,3.0346997,3.0239954,3.05674,3.0220988,3.0439174,3.045122,3.1092541,3.0601244,3.1293294,3.0842297,3.1266508,3.1039615,3.1640983,3.1819892,3.162884,3.1744368,3.1677253,3.147732,3.1894217,3.2154148,3.2010345,3.2210486,3.2243922,3.2110329,3.2382412,3.2455423,3.2557518,3.2444367,3.2686043,3.258086,3.2926664,3.2919538,3.3220453,3.304535,3.3242161,3.3244061,3.3588219,3.3586044,3.3438888,3.4021213,3.4437578,3.447335,3.4399767,3.4303946,3.4394195,3.424639,3.4351745,3.4781604,3.4854405,3.4821553,3.5045438,3.5005565,3.5216546,3.521348,3.521593,3.5605052,3.5349526,3.5441153,3.5567522,3.574208,3.5507812,3.5794384,3.5851724,3.5703435,3.5589106,3.576061,3.5798633,3.5572734,3.5937157,3.6177104,3.568076,3.6016877,3.5999432,3.615819,3.5722795,3.6031547,3.6445532,3.631519,3.6458998,3.6541414,3.6375518,3.6406553,3.6656184,3.651839,3.6576073,3.6404033,3.6573894,3.6809192,3.6771767,3.689934,3.6772835,3.6733768,3.706776,3.727977,3.707726,3.6881354,3.7077193,3.7205534,3.7420778,3.7347834,3.728759,3.740818,3.7671206,3.754015,3.7718534,3.761771,3.7665248,3.740586,3.7626727,3.7802794,3.767028,3.7709594,3.8037546,3.7855628,3.7443633,3.783099,3.783324,3.7857103,3.7973583,3.7762241,3.7704973,3.8121746,3.7966282,3.8105505,3.7847128,3.795883,3.8052466,3.8123095,3.797136,3.824654,3.827576,3.8076036,3.8341558,3.836377,3.849514,3.8483615,3.816171,3.8324594,3.821365,3.8629217,3.8401637,3.8538566,3.8458207,3.8791177,3.8420234,3.8413258,3.8449924,3.8624134,3.8647428,3.8513064,3.8653228,3.8729956,3.8611877,3.8884714,3.898623,3.882789,3.8794744,3.8913918,3.9142938,3.8903794,3.869832,3.87129,3.9019792,3.8594587,3.8982608,3.8497982,3.8596575,3.866431,3.8767219,3.8742943,3.8930576,3.8449905,3.8772626,3.884598,3.8500657,3.878774,3.8546388,3.8552723,3.84847,3.8454356,3.8511739,3.849675,3.8443651,3.8581316,3.8536,3.8560064,3.843417,3.8838277,3.8686502,3.8688803,3.8603506,,,,,,,,,,,,,,,,,,,,,,,,,,,,,,
4.072195,4.046393,4.066127,4.033709,4.027013,4.05385,4.031575,4.082164,4.016448,4.039675,4.0014133,4.035349,4.021052,4.023993,4.055633,4.027291,4.039553,4.0189724,4.024266,4.015643,4.045327,4.0275526,4.028915,4.016511,4.0527773,4.0681667,4.0298443,4.0303187,4.0295095,4.036882,4.0466523,4.0646787,4.027363,4.0820737,4.033645,4.0850787,4.07235,4.0715923,4.06256,4.0651765,4.067421,4.0560455,4.0852327,4.0761886,4.0793114,4.050085,4.100994,4.087155,4.0930705,4.038887,4.0302806,4.0019836,3.9968815,3.9538891,3.8929482,3.8611019,3.8008137,3.8042417,3.768445,3.7292376,3.6482503,3.6298912,3.6533687,3.608102,3.5643857,3.5612488,3.4593596,3.464524,3.4525802,3.4466276,3.361096,3.34207,3.3780026,3.292313,3.2971368,3.2698936,3.2579236,3.2286675,3.2360454,3.1977541,3.20894,3.1985598,3.195239,3.1555598,3.196819,3.2017744,3.1729772,3.1602361,3.1510353,3.1386828,3.1526902,3.1359837,3.154853,3.1150818,3.0907245,3.1129253,3.1558645,3.1216362,3.1013763,3.1100063,3.1233532,3.1269739,3.1102972,3.1077986,3.1181216,3.1554995,3.1415334,3.1462,3.1078682,3.134199,3.1468284,3.138881,3.1730425,3.193829,3.106714,3.1702323,3.1831577,3.1862655,3.1693044,3.1966705,3.1890724,3.1772246,3.196998,3.2016509,3.2146804,3.2329838,3.2368538,3.2474468,3.2492142,3.3328862,3.3114812,3.3549018,3.3234026,3.3727098,3.363751,3.3734024,3.3895679,3.3769312,3.4053035,3.4601736,3.434851,3.4453006,3.4682972,3.4556446,3.5000472,3.523955,3.5204635,3.5350928,3.5520344,3.538186,3.5750666,3.561546,3.573795,3.5768495,3.6075974,3.6122441,3.6335156,3.6574318,3.6627073,3.637539,3.6759667,3.6460803,3.665526,3.7247531,3.7141757,3.7740815,3.7762966,3.7833593,3.778409,3.7975645,3.7821417,3.7924294,3.7690582,3.82317,3.804585,3.8391159,3.8416548,3.8551319,3.8506167,3.859536,3.8732295,3.8942883,3.8855255,3.909985,3.891635,3.885155,3.896259,3.8756351,3.9093344,3.9051027,3.9004655,3.910419,3.9412603,3.91228,3.9531856,3.9618852,4.011779,3.9424226,4.005976,3.9692085,3.997007,4.000485,3.9999194,4.0030003,4.019101,4.0280747,4.0272045,4.0116343,4.0226583,4.038865,4.038924,4.041652,4.060886,4.039868,4.0260577,4.0382667,4.0315976,4.0558677,4.07295,4.079427,4.0755844,4.0475163,4.092415,4.1140523,4.0975556,4.071057,4.096473,4.092147,4.1145177,4.084554,4.1100464,4.106055,4.090163,4.1197486,4.0951247,4.1151924,4.1123967,4.1165476,4.1027794,4.1108966,4.1225553,4.093914,4.1158094,4.126869,4.1124187,4.1340837,4.113799,4.132599,4.1255784,4.1309557,4.129425,4.1168795,4.110855,4.111587,4.136836,4.1275234,4.1211457,4.1332145,4.1374807,4.15678,4.146214,4.146148,4.1556787,4.170401,4.16509,4.1475406,4.1677694,4.1785135,4.132626,4.169305,4.1696997,4.1293917,4.163288,4.165205,4.174437,4.197452,4.193602,4.1676307,4.178669,4.1990848,4.190354,4.1687965,4.1869483,4.1901546,4.1816306,4.2115855,4.175545,4.1907597,4.209247,4.1966033,4.201462,4.2284217,4.2124467,4.1966443,4.218522,4.2169833,4.2195168,4.1815133,4.211336,4.206628,4.1875587,4.1892653,4.206069,4.202218,4.221251,4.1974764,4.1980753,4.187473,4.2206917,4.195736,4.2159433,,,,,,,,,,,,,,,,,,,,,,,,,,,,,,,,,,,,,,,,,,,,,,,
3.4483511,3.4076064,3.4101388,3.366546,3.4287274,3.417734,3.4220557,3.4218054,3.4199412,3.433697,3.4422061,3.440521,3.4583006,3.4405246,3.46869,3.478107,3.439399,3.5121129,3.5020306,3.5060174,3.4898064,3.5123587,3.505713,3.509906,3.5051947,3.5093102,3.5478957,3.5205872,3.5086625,3.5003593,3.535256,3.546593,3.5445023,3.5351832,3.5615203,3.5786433,3.5472476,3.5688362,3.547978,3.5049198,3.5603762,3.5798554,3.5882,3.527809,3.5172648,3.5146315,3.5111089,3.4927154,3.490714,3.4472506,3.4468184,3.4420266,3.3936172,3.3685353,3.3361146,3.3191082,3.2746363,3.2442799,3.2117994,3.1830943,3.144907,3.1242278,3.141189,3.1049602,3.0564606,3.0550952,3.037548,3.0005372,2.9411643,2.9772182,2.9646082,2.9009001,2.9470508,2.8978937,2.8877122,2.894771,2.8926508,2.8562737,2.890513,2.8498874,2.8033414,2.813365,2.7980301,2.7771626,2.7600446,2.814941,2.7730973,2.8030498,2.769767,2.7760231,2.7782373,2.7624135,2.778057,2.7505748,2.7582545,2.7784243,2.763864,2.7667193,2.779251,2.784909,2.7680326,2.7479007,2.7763765,2.760982,2.8012855,2.763338,2.8254733,2.8206348,2.7741103,2.8156946,2.822029,2.8405797,2.8836493,2.8568356,2.916046,2.905457,2.8995256,2.9071114,2.9089003,2.9212842,2.9411304,2.9269187,2.9391966,2.9315848,2.9703639,2.944097,2.9810336,3.0073402,3.0551183,3.0414562,3.109347,3.0577302,3.0564277,3.0925715,3.110377,3.0721214,3.1407077,3.104566,3.1138237,3.1258636,3.140047,3.160496,3.1715524,3.1720755,3.2385244,3.2283683,3.259682,3.2053344,3.2255633,3.2582638,3.2943869,3.261287,3.2868629,3.2799058,3.2978768,3.3220253,3.3432653,3.3238008,3.3443162,3.3393044,3.318369,3.3220215,3.334099,3.3521569,3.3564591,3.3527796,3.353421,3.3995912,3.4260788,3.3880358,3.431807,3.4223206,3.457809,3.4849305,3.466233,3.4942129,3.4805717,3.490281,3.5238948,3.5204024,3.5069263,3.571569,3.5304468,3.5659366,3.580138,3.582408,3.5674603,3.5697167,3.577056,3.5981221,3.5960083,3.6162484,3.625481,3.6195872,3.628925,3.6153061,3.631191,3.6617796,3.6280499,3.6774633,3.712045,3.6980488,3.6730657,3.7063715,3.6963959,3.7026746,3.7180123,3.7281034,3.748361,3.7442253,3.7483613,3.7347844,3.7520962,3.7473257,3.761314,3.7628126,3.7774508,3.7650883,3.7654161,3.7627664,3.750727,3.7645354,3.7707965,3.7885778,3.779085,3.751255,3.7748783,3.7671132,3.7640533,3.7693307,3.7800756,3.7816696,3.8081577,3.8018425,3.7823281,3.7914386,3.8004158,3.7950497,3.7903516,3.7886593,3.7995903,3.798912,3.8221004,3.8078246,3.8016727,3.7990289,3.8163881,3.8183792,3.8146672,3.8000126,3.8067863,3.7816532,3.7727811,3.8124883,3.8180206,3.8100607,3.8303678,3.765005,3.8201404,3.8319561,3.7906024,3.8217504,3.839261,3.8641171,3.8000739,3.8513298,3.8253598,3.8352418,3.862975,3.8414814,3.8369162,3.879716,3.8417492,3.8538058,3.859334,3.8729138,3.8299928,3.889772,3.9094567,3.8785074,3.8372781,3.8731213,3.846637,3.8606873,3.8595,3.8431494,3.8380406,3.82858,3.8666756,3.8279977,3.8545125,3.835451,3.8205256,3.8497543,3.8359966,3.845776,3.907717,3.868969,3.8745859,3.8753514,3.9024212,3.8868344,3.8712966,3.8808322,3.9200485,3.8737872,3.8809114,3.8814807,3.9094899,3.9077797,3.8806493,3.9056885,3.903169,3.9329755,3.9245248,3.9228787,3.9073915,3.9376593,3.9514716,3.8944595,3.922961,3.9697576,3.9739015,3.923033,3.8882463,3.9516232,3.965315,3.9666836,3.937856,3.9630637,3.971448,3.943117,3.961867,3.9751868,3.9452746,3.8990872,3.9200523,3.9127285,3.9563088,3.9119282,,,,,,,,,,,,,,,,,,
3.3938046,3.375523,3.366424,3.392741,3.381939,3.3649054,3.3396425,3.3757489,3.340652,3.3635263,3.3512938,3.3304675,3.3412287,3.3423264,3.3761759,3.3520741,3.3382869,3.3824236,3.3528814,3.340007,3.3664591,3.3509448,3.3459835,3.3816028,3.3928027,3.407342,3.390395,3.3997402,3.4027393,3.4059691,3.4113567,3.4431953,3.4294174,3.4288874,3.4207861,3.4162972,3.4194074,3.4219432,3.3880134,3.417946,3.3968349,3.4332073,3.3815353,3.411648,3.379265,3.3355935,3.382845,3.3619401,3.3219244,3.293147,3.284452,3.2071779,3.2171934,3.1871943,3.196458,3.1277733,3.1588945,3.080101,3.0727496,3.019593,2.9780502,2.9881566,2.9378998,2.9345732,2.9090066,2.878715,2.881862,2.8316953,2.8234572,2.7934897,2.7412546,2.7187803,2.7311726,2.7605197,2.6645381,2.719638,2.6691806,2.6905413,2.7001455,2.653369,2.628917,2.6246212,2.5981655,2.5868764,2.6557856,2.592333,2.6076646,2.6008768,2.604196,2.5838294,2.6026118,2.603309,2.6082518,2.6033235,2.5766141,2.5943856,2.5882509,2.5889723,2.5719323,2.5997403,2.611928,2.594903,2.604482,2.5947132,2.601076,2.6013937,2.612594,2.6146462,2.6127195,2.5954254,2.6168027,2.6175625,2.6367075,2.672613,2.69124,2.6984487,2.705846,2.7189403,2.7633722,2.694553,2.7413123,2.7590442,2.7301245,2.767035,2.840721,2.7673645,2.7894905,2.7923753,2.8368223,2.8537593,2.8549535,2.8791428,2.8670802,2.8577857,2.8555243,2.881275,2.862113,2.8624856,2.8841493,2.8771102,2.8779953,2.881609,2.8589065,2.8792508,2.8480682,2.8655126,2.9108303,2.9106393,2.9117882,3.2378826,3.177216,2.8971899,2.9151766,2.932205,3.0163274,3.0038571,2.9985983,2.9629803,3.0231872,2.988328,2.9771516,2.980001,3.013726,3.0015638,3.0402503,3.0496578,3.0615304,3.0078778,3.0628464,3.11122,3.1018462,3.2144046,3.2028859,3.1834602,3.191892,3.2368064,3.2052166,3.2386591,3.3003895,3.2911265,3.3449125,3.3692665,3.414157,3.3764036,3.4691706,3.4571416,3.4690158,3.4597766,3.5010405,3.4748144,3.491129,3.4648259,3.4916573,3.4747124,3.463158,3.471701,3.551657,3.326373,3.2879674,4.1256175,4.1330833,4.165544,,,,,,,,,,,,,,,,,,,,,,,,,,,,,,,,,,,,,,,,,,,,,,,,,,,,,,,,,,,,,,,,,,,,,,,,,,,,,,,,,,,,,,,,,,,,,,,,,,,,,,,,,,,,,,,,,,,,,,,,,,,,,,,,,,,,,,,,,,,,,,,,,,,,,,,,,,,,
2.9128618,2.9162579,2.9303255,2.9835021,2.9937267,3.0092385,3.050889,3.0455573,3.0814183,3.0985165,3.1074302,3.0593762,3.1170018,3.1233687,3.099333,3.1233737,3.0865111,3.1205122,3.1470551,3.1217804,3.0890253,3.07553,3.1335034,3.070877,3.149519,3.110691,3.1073105,3.1030996,3.1213527,3.15743,3.135407,3.1666548,3.141091,3.1550705,3.1417656,3.1477451,3.134919,3.1574962,3.1523848,3.1393278,3.1440942,3.1261625,3.1466184,3.1011412,3.1251338,3.073827,3.0906289,3.0750308,3.054474,3.0699136,3.0501842,3.0540683,3.0300927,3.048718,2.9714518,2.93045,2.9876819,2.932957,2.9261494,2.953461,2.9225645,2.9082894,2.9316556,2.8968205,2.89299,2.9623818,2.9245584,2.9173574,2.932021,2.9275484,2.9243476,2.894745,2.8899295,2.8866334,2.8862243,2.893007,2.8921301,2.9017181,2.902375,2.9205344,2.8723369,2.8589282,2.8297174,2.867067,2.854997,2.8356216,2.8385603,2.826357,2.832875,2.8844354,2.8785727,2.8324473,2.8609495,2.8470383,2.8538902,2.8511038,2.8770568,2.8784873,2.8734329,2.8472953,2.8541286,2.8684895,2.849079,2.8557477,2.8725343,2.889563,2.8632736,2.9033382,2.8707464,2.8872526,2.877403,2.8973463,2.8539069,2.8442848,2.8558207,2.8766851,2.8554018,,,,,,,,,,,,,,,,,,,,,,,,,,,,,,,,,,,,,,,,,,,,,,,,,,,,,,,,,,,,,,,,,,,,,,,,,,,,,,,,,,,,,,,,,,,,,,,,,,,,,,,,,,,,,,,,,,,,,,,,,,,,,,,,,,,,,,,,,,,,,,,,,,,,,,,,,,,,,,,,,,,,,,,,,,,,,,,,,,,,,,,,,,,,,,,,,,,,,,,,,,,,,,,,,,,,,,,,,,,,,,,,,,,,,,,,,,,,,,,,,
4.0235057,4.044788,4.02054,4.0286164,4.017696,3.990723,3.992396,4.0287504,3.9953625,4.038457,4.0229826,4.0205526,4.007587,4.023163,4.011739,3.9971426,3.9858744,4.0188637,4.0139112,4.0427814,4.0272484,4.0373945,4.0397215,4.081116,4.0102234,4.00132,4.05253,4.042429,4.051888,4.0706096,4.053832,4.0569367,4.0592527,4.092571,4.101411,4.111109,4.087191,4.0908265,4.0633006,4.0929236,4.100017,4.0827155,4.1006575,4.0972056,4.1139946,4.120638,4.110781,4.105751,4.099854,4.0765944,4.0709734,3.9667208,3.953887,3.931406,3.9194624,3.8794248,3.853745,3.79895,3.7732387,3.7477524,3.705371,3.6826038,3.6141365,3.5992515,3.561636,3.5140092,3.479794,3.45753,3.436991,3.4304476,3.3942258,3.324232,3.314409,3.297065,3.205687,3.1794398,3.2155519,3.1852107,3.1625419,3.1602166,3.1615655,3.134985,3.1155176,3.1446776,3.1018639,3.1137378,3.088855,3.045333,3.059997,3.0323174,3.0531125,3.0521016,3.0308433,3.0268054,3.047424,3.038865,3.050088,3.0373247,3.0324266,3.021753,3.0190847,3.0436766,3.0580897,3.004084,3.0330005,3.0238163,3.0490177,3.0526175,3.041204,3.0279763,3.0941825,3.0063848,3.064183,3.0454905,3.0500016,3.0862727,3.056664,3.0760567,3.1092336,3.0878022,3.1043398,3.1325734,3.1369658,3.1266737,3.122256,3.1376293,3.1451051,3.159626,3.1400526,3.170649,3.1463249,3.177436,3.21158,3.2022066,3.2484882,3.2460635,3.256793,3.2757165,3.308788,3.3331368,3.3543527,3.345836,3.3769636,3.357701,3.396149,3.3937628,3.3873842,3.4057307,3.4069457,3.4578025,3.4524643,3.4659345,3.4296803,3.4863253,3.4653037,3.4896002,3.479344,3.5289497,3.5370212,3.5294847,3.542951,3.5688853,3.5677063,3.591019,3.5894773,3.6021738,3.643693,3.6487436,3.6478262,3.6549413,3.6424067,3.6617913,3.6837723,3.6837394,3.7113826,3.676038,3.7087114,3.7849107,3.704748,3.7083695,3.7207003,3.7437556,3.7570353,3.7184808,3.7207263,3.775049,3.79797,3.8018515,3.8311436,3.7965474,3.8150263,3.8053627,3.8649402,3.884682,3.8646212,3.907295,3.9004064,3.9211433,3.9097815,3.8991416,3.9304833,3.9217396,3.9161358,3.9106412,3.9349356,3.9407082,3.9741967,3.9489977,3.9284732,3.9451969,3.9866962,3.9772253,3.9740632,3.970957,3.9486573,3.9744055,3.9618318,3.9998934,4.018901,3.990747,4.0092,4.0637207,4.035206,4.0676017,4.0587378,4.0524554,4.0389986,4.060765,4.0312824,4.0680156,4.089592,4.039233,4.0638456,4.0648894,4.080808,4.1093183,4.0962424,4.107203,4.0982447,4.1025357,4.1107593,4.1104608,4.098156,4.0861197,4.105369,4.1056185,4.099798,4.1155005,4.084859,4.1054764,4.1079154,4.1165695,4.1228085,4.087056,4.114234,4.095025,4.1512876,4.1447444,4.1491857,4.1238084,4.122478,4.102349,4.11199,4.092013,4.0971084,4.1422114,4.1558905,4.142391,4.1521115,4.2027917,4.1352167,4.149723,4.1556325,4.1642513,4.1849976,4.1728387,4.1879396,4.1708803,4.1572113,4.1296015,4.156598,4.182474,4.1585236,4.1656804,4.1440787,4.1589947,4.143721,4.1705494,4.1604853,4.1641235,4.178815,4.1618257,4.1826987,4.150254,4.1623425,4.1756907,4.140743,4.1725574,4.169519,4.1159997,4.1659207,4.16012,4.151886,4.1659083,4.159006,4.155959,4.1872287,4.153109,4.140062,4.1774764,4.1594086,4.171553,4.1349616,4.173624,4.1445613,4.1506057,4.129375,4.1426907,4.132449,4.122418,4.146191,4.110321,4.1307654,4.158444,4.1375356,4.1243424,4.1334767,4.126328,4.1283636,4.1417823,4.1378956,4.1408505,4.136109,4.1302824,4.1325397,,,,,,,,,,,,,,,,,,,,,,,
3.856264,3.8917356,3.8504517,3.8426733,3.845785,3.8338325,3.8533425,3.8376563,3.8778584,3.8471117,3.8254147,3.8700938,3.8235376,3.8245738,3.8554695,3.8385067,3.821865,3.831437,3.84318,3.8637888,3.8708754,3.901337,3.8817513,3.8531132,3.873622,3.8771207,3.8856175,3.8827357,3.9186993,3.8945565,3.893519,3.868477,3.8922462,3.918348,3.9048479,3.9548287,3.9163928,3.9401705,3.928592,3.9629614,3.9124236,3.9674902,3.9494967,3.9720876,3.9110324,3.898305,3.9454434,3.9331932,3.9036326,3.8895607,3.9534037,3.9023333,3.9002423,3.8557436,3.8494995,3.8138704,3.819504,3.7768402,3.7614667,3.7095768,3.7007575,3.67345,3.645982,3.6184676,3.5859666,3.5412269,3.4898179,3.4783194,3.4743698,3.4367187,3.4483242,3.4398823,3.391702,3.356159,3.310192,3.3383985,3.3018966,3.3057468,3.2584333,3.2505608,3.2560725,3.2315226,3.1850476,3.1816084,3.1762178,3.2179294,3.1710117,3.1694024,3.1877325,3.2066784,3.1742713,3.1491032,3.1624575,3.186814,3.152916,3.177867,3.1752024,3.1859071,3.1648605,3.156613,3.1413107,3.1531413,3.1484966,3.168368,3.1482294,3.1754634,3.1770587,3.2045853,3.176893,3.171745,3.1626515,3.1763668,3.2091231,3.1843204,3.210215,3.2078261,3.2457194,3.2326188,3.2365978,3.2731144,3.2331312,3.2703345,3.2887504,3.317149,3.3365848,3.3188999,3.3199818,3.3480744,3.3478985,3.380484,3.41984,3.3833067,3.432124,3.4415975,3.4710364,3.4430108,3.4402735,3.4764853,3.4555194,3.4833648,3.512262,3.51894,3.5302668,3.4858391,3.4997375,3.5132296,3.572525,3.5850213,3.5940957,3.6222703,3.6799212,3.6752548,3.652172,3.6945994,3.7014267,3.7113273,3.7155817,3.719834,3.6967306,3.7389214,3.7399735,3.771695,3.7836483,3.7665784,3.7622597,3.7632356,3.7505896,3.763774,3.76962,3.7842631,3.7943842,3.824912,3.841166,3.837414,3.8573816,3.8509939,3.8938808,3.8737855,3.8836117,3.9412708,3.8906362,3.9038892,3.9813643,3.9683025,3.9215953,3.9557018,3.9733477,3.9648283,3.9839277,3.9796035,3.9899538,3.9702487,4.00278,3.9772387,3.9891524,3.987882,3.9865317,3.9870567,4.007878,4.0086207,4.0345573,3.999712,4.040955,4.0404053,4.011367,4.0438967,4.0503383,4.0632873,4.0092616,4.0736337,4.06344,4.075125,4.05306,4.0275145,4.094922,4.0614777,4.0711884,4.041441,4.0846286,4.04105,4.0793285,4.079956,4.072931,4.0426464,4.0470133,4.071829,4.0707874,4.0756273,4.0592933,4.0644293,4.0794616,4.100459,4.0959153,4.0692806,4.06606,4.0616293,4.067196,4.0708184,4.078153,4.0920963,4.077871,4.084661,4.079115,4.0971346,4.0610733,4.0902677,4.0602975,4.0399656,4.0619307,4.066946,4.051017,4.075025,4.0863013,4.087809,4.0957575,4.0545864,4.095794,4.0864,4.0891967,4.099754,4.08399,4.09838,4.070894,4.0964336,4.080195,4.0845327,4.10582,4.0942464,4.0847464,4.087767,4.102442,4.0844326,4.0938463,4.0944805,4.1110735,4.1073647,4.108878,4.1185837,4.0963054,4.1062436,4.1150084,4.1388245,4.104634,4.1152554,4.120482,4.129296,4.124009,4.1209006,4.153254,4.1374784,4.1658545,4.128135,4.135503,4.150833,4.161334,4.193597,4.125551,4.144756,4.1448855,4.18787,4.1838555,4.1787686,4.1850276,4.154092,4.1876135,4.1574306,4.1966276,4.1518903,4.1881323,4.174102,4.159619,4.145525,4.1494737,4.168553,4.169377,,,,,,,,,,,,,,,,,,,,,,,,,,,,,,,,,,,,,,,,,,,
3.983432,3.9920743,4.005055,3.9831514,4.0059443,3.9816875,3.9697685,3.993489,4.0040293,3.9773831,3.994688,4.011966,4.022811,3.9861958,3.974107,4.002924,3.9920514,3.9402747,3.963619,4.0056705,3.9886935,3.971544,3.9839773,3.9912426,3.9937713,4.0025344,3.9855464,3.9798732,3.9755082,3.9905047,4.0022316,3.9952946,3.9911046,3.9990232,3.9935212,4.0049996,4.001671,4.0109615,4.0508237,4.0149126,4.022217,4.0263553,4.0531735,4.02107,4.0577188,4.0713277,4.0289154,4.041604,4.0373526,4.055236,4.0233107,3.9636533,3.9325225,3.8791926,3.8892868,3.8326268,3.807922,3.7897525,3.7426605,3.7043588,3.6905067,3.656516,3.633676,3.5220191,3.5479066,3.5110693,3.4658735,3.4382403,3.4230237,3.4076042,3.403162,3.359713,3.3384037,3.3085356,3.2679431,3.2804773,3.1994843,3.202587,3.1878607,3.1874895,3.1481063,3.1444287,3.1473486,3.1238585,3.1796572,3.1245089,3.1214933,3.1002696,3.1207545,3.0998666,3.0954428,3.1198,3.0616355,3.088795,3.0900757,3.0828426,3.0813575,3.0853903,3.0828166,3.0530138,3.1094186,3.0948627,3.0697856,3.063016,3.100234,3.0633943,3.084074,3.0500908,3.0874922,3.0745053,3.0670052,3.076779,3.0658603,3.0828497,3.0916982,3.098203,3.1224315,3.1006317,3.096211,3.1091816,3.1099212,3.0887568,3.111911,3.1656866,3.135898,3.1702416,3.117039,3.1528845,3.1665914,3.2085738,3.2307959,3.2117276,3.2219129,3.224152,3.2451084,3.2488987,3.2665775,3.2653835,3.265284,3.2700088,3.2951303,3.3349485,3.325049,3.367538,3.3744612,3.399538,3.3924713,3.4060295,3.3892224,3.4043431,3.4140513,3.4281662,3.4222097,3.4454286,3.4353728,3.4248824,3.4557765,3.4828851,3.4503748,3.4748783,3.4991062,3.5429516,3.52889,3.5274909,3.5470784,3.5638483,3.5596843,3.5652173,3.5988097,3.596837,3.6212199,3.6158378,3.6392107,3.6513393,3.6260185,3.6630006,3.6529915,3.6636207,3.7153404,3.7042003,3.7092779,3.6954916,3.720591,3.7015219,3.721392,3.734494,3.7747543,3.7406251,3.7638555,3.779637,3.7861075,3.8068416,3.825331,3.8347905,3.8233743,3.8521388,3.85027,3.8686974,3.9078782,3.8940134,3.9078898,3.9200935,3.9293902,3.9200099,3.9235232,3.9553223,3.950939,3.9591968,3.9715781,3.9607341,3.9652212,3.9685924,3.9715927,3.9669917,3.9529936,3.9858973,3.973069,3.9473495,3.9937418,4.0055175,3.9862542,4.0101423,3.9819422,4.0419326,4.0280514,4.0404987,4.0295286,4.080719,4.0589457,4.034021,4.0752244,4.0592585,4.072768,4.063686,4.0680857,4.0760236,4.0371914,4.046833,4.069508,4.091188,4.0805025,4.0707526,4.0723233,4.084188,4.036716,4.084992,4.0356936,4.018362,4.0801954,4.018845,4.043798,4.0462303,4.0484867,4.0345154,4.040864,4.0521355,4.027597,4.0260396,4.047944,4.0238442,4.042522,4.010222,4.0243583,4.0113883,4.020729,4.032892,4.0386376,4.019552,4.034585,4.026731,4.01742,4.0275292,4.007077,4.0010257,4.0191774,4.0494585,4.037656,4.010236,4.026605,4.0402694,4.065403,4.0420256,4.050952,4.0105767,4.052862,4.012979,4.048538,4.0585537,4.0449815,4.0413494,4.0339093,4.075685,4.03008,4.042482,4.0311947,4.0575595,4.0374475,4.055392,4.0380964,4.040645,4.0803504,4.0533404,4.052605,4.058744,4.0547476,4.022607,4.1260786,4.063466,4.039907,4.047797,4.0446153,4.097309,4.048442,4.0079517,4.0458674,4.0162754,4.0324636,4.0370884,4.038852,4.0498004,4.0344396,4.0278883,4.0454707,4.008432,4.0273643,4.025783,4.036268,4.049974,4.012905,4.0494614,4.0209723,4.0513344,4.0367174,3.9973183,4.0424867,4.0285316,4.0554004,4.010791,4.026884,3.9985042,4.046801,4.024495,4.0236692,4.057101,4.0314856,3.988972,3.9981353,4.0244374,4.019269,4.0131745,4.0037274,3.990093,4.01907,4.034684,4.0356526,4.0228634,4.0155807,4.0319943
3.522488,3.5335584,3.5066938,3.4859185,3.502587,3.502821,3.5055017,3.5329976,3.5194414,3.496133,3.5423188,3.4848986,3.51145,3.5463786,3.5231566,3.5353992,3.5404663,3.5197957,3.5355,3.5139217,3.5296123,3.551105,3.548623,3.555124,3.532566,3.568421,3.58381,3.587004,3.5882928,3.6080081,3.5569818,3.6010602,3.6267984,3.6204407,3.630636,3.631058,3.6426535,3.6421797,3.6604018,3.6496875,3.6849418,3.6858735,3.6788852,3.636513,3.6880605,3.6571095,3.6990502,3.6958861,3.6644144,3.6886675,3.6598423,3.635143,3.6084278,3.5914297,3.5815995,3.5803568,3.4902892,3.5204813,3.5131867,3.492097,3.4568477,3.4131055,3.4036562,3.290352,3.3146052,3.274927,3.2712202,3.2229016,3.2327416,3.2180197,3.1947587,3.1343665,3.1693063,3.1702466,3.1185377,3.1288528,3.1043186,3.0986228,3.0746555,3.0336103,3.032678,3.0122216,3.0350695,2.972228,3.027113,2.9749815,3.0076146,3.0113099,2.9848206,2.9808578,2.9494298,2.9368987,3.0118115,2.9562614,2.9137304,2.9608438,2.9751358,2.949057,2.9399252,2.9362876,2.9036846,2.9566514,2.9443915,2.964217,2.9377959,2.9510498,2.9887648,2.9875314,2.9658654,3.014818,2.990557,2.9705842,3.01589,3.030041,3.0200887,3.0172858,3.0093672,3.0338035,2.948481,2.975628,1.8567836,1.9110923,1.4236174,3.221167,3.3288615,3.3418155,3.2479115,3.290115,3.2232225,3.3457687,3.437519,3.4406602,3.4650974,3.4361124,3.4769297,3.4589696,3.5009832,3.4746196,3.4962637,3.5124555,3.5567176,3.5464892,3.5719013,3.545414,3.573386,3.5811946,3.5955203,3.616578,3.5932932,3.642684,3.652935,3.6572576,3.6798716,3.6835926,3.6643035,3.6670098,3.6894112,3.68596,3.7162178,3.7191553,3.7009687,3.6940632,3.7333996,3.703667,3.7464242,3.7628248,3.7501016,3.7574463,3.7467308,3.792461,3.7706172,3.7759273,3.7685976,3.8413336,3.839794,3.808424,3.8460324,3.8465443,3.8389525,3.8284204,3.8799257,3.8633878,3.8445084,3.8902059,3.865541,3.854353,3.8788397,3.9178367,3.9027636,3.9025006,3.9145262,3.9165318,3.9200547,3.9278026,3.9225779,3.9150105,3.924793,3.9269376,3.9386232,3.9499013,3.960823,3.920074,3.9490316,3.9641662,3.9525676,3.9698155,3.9712965,3.973185,3.9715705,3.9683604,3.9769628,3.9691792,3.9888766,3.9735177,3.9698129,3.9650068,3.9797485,3.9751844,3.9845853,3.9602602,3.9867845,3.972191,3.9804094,3.9462805,3.9861977,3.9958448,4.0274982,3.9736865,3.9639306,3.9596045,3.963633,3.9766052,3.9716475,3.9798532,3.9482765,3.9770079,3.9730184,3.9730706,3.9729543,3.9628718,3.9553509,3.9800816,3.9678404,4.0027432,3.9641166,3.9475446,3.9704669,3.9924297,3.9754813,3.9711497,3.964499,3.985618,3.948458,3.9681058,3.9983075,4.0030184,3.937364,3.976075,3.942923,3.9825077,3.9762483,3.9740658,3.9828303,3.9812632,3.9388046,3.9740152,3.9695606,3.980826,3.9672084,4.0086045,4.0002747,4.026028,4.012772,3.9997914,3.9834135,3.9968805,4.003457,4.0163565,3.994548,4.001217,4.0002275,3.99635,3.9988616,3.9988503,3.9734323,4.0160036,3.9917214,3.9974954,3.996329,4.03209,4.007676,4.0390787,4.03207,4.0252123,4.0387063,4.0285296,4.028599,4.035142,4.022083,4.034532,3.9912934,4.024894,4.006477,4.007306,4.030997,4.002273,,,,,,,,,,,,,,,,,,,,,,,,,,,,,,,,,,,,,,,,,,,,,,,,,,,,
3.687672,3.7002861,3.704553,3.7215867,3.7195337,3.7344809,3.736849,3.7112536,3.7456214,3.7407455,3.7457116,3.7467232,3.7592068,3.7701535,3.761783,3.77458,3.7794893,3.7968137,3.7811327,3.797675,3.8112645,3.8318052,3.8306231,3.8117747,3.8519607,3.8128738,3.8570812,3.851599,3.905007,3.940013,3.9057324,3.8675294,3.8751776,3.893479,3.8671672,3.8695123,3.831125,3.7672348,3.7552433,3.7258675,3.7319245,3.6924853,3.683158,3.5881987,3.5572484,3.573532,3.526519,3.4935956,3.4516494,3.4219093,3.4397328,3.4285073,3.4064968,3.3348994,3.343554,3.2807288,3.2873402,3.2622027,3.2666254,3.2451313,3.223169,3.209097,3.1816194,3.125665,3.1445222,3.1139672,3.2006028,3.1129153,3.1005254,3.107498,3.0992713,3.0790732,3.103432,3.1350038,3.0752594,3.0623193,3.0744078,3.080507,3.095447,3.0915425,3.0769157,3.079542,3.0525663,3.0825322,3.059104,3.0711818,3.0776625,3.122984,3.0922427,3.1286693,3.083288,3.0728765,3.0691564,3.093711,3.0972068,3.0912967,3.131376,3.155108,3.147088,3.1785302,3.1710556,3.2343063,3.197636,3.2336879,3.2324479,3.2547421,3.2595513,3.2991605,3.2720208,3.30311,3.3291733,3.3324597,3.3037307,3.334817,3.3412554,3.339045,3.3368795,3.3711667,3.393552,3.40699,3.4085922,3.4206574,3.4697561,3.4914117,3.454701,3.5195234,3.4894261,3.5509338,3.5623548,3.5642102,3.5375085,3.5288315,3.5218027,3.5990057,3.5798922,3.5670629,3.599467,3.6024716,3.6124415,3.643979,3.6142719,3.6063683,3.6618102,3.7142045,3.748082,3.723622,3.7214234,3.7283726,3.7515335,3.732345,3.7349117,3.749997,3.7395349,3.7451055,3.7441301,3.7584999,3.7632868,3.7931554,3.7720957,3.7735977,3.7962208,3.8088112,3.7970293,3.829176,3.8299344,3.8262916,3.8282335,3.8622997,3.8269773,3.8492126,3.8835552,3.844771,3.898191,3.8858483,3.9146373,3.8964508,3.8898401,3.9145317,3.9173894,3.9457018,3.9103189,3.925875,3.9420776,3.9417355,3.9375317,3.9774203,3.948928,3.9944022,3.9907305,4.0029716,3.9924717,4.0078416,4.0007463,4.0032477,4.0039577,4.0203447,3.9896238,4.039524,4.046037,3.9912698,4.000336,3.9447272,4.014173,3.6985455,3.6673334,3.706125,3.7490215,3.844427,3.9745936,3.969807,3.9562702,4.033449,4.0260735,3.9930127,3.9874845,3.9793394,3.9711452,4.133084,4.182566,3.9914522,4.0575724,4.0374665,4.060276,4.032824,4.0687256,4.094168,4.0764823,4.1265106,4.0688806,4.1128182,4.058137,4.1729574,4.1034513,4.0839686,4.082761,4.103796,4.106835,4.127651,4.11692,4.1203327,4.149577,4.1032043,4.136492,4.144794,4.1354203,4.1102343,4.1189694,4.122961,4.130205,4.1234508,4.1216717,4.144315,4.123543,4.1528726,4.134772,4.135687,4.163436,4.1597195,4.1716156,4.1709685,4.151178,4.143919,4.1570506,4.1351843,4.162962,4.123131,4.1313,4.148936,4.156371,4.159411,4.125789,4.149276,4.147899,4.1567097,4.157169,4.1759353,4.1622653,4.146697,4.1663637,4.1226625,4.125714,4.174393,4.139526,4.128139,4.1471496,4.1561456,4.1231914,4.121822,4.1497884,4.144641,4.1275353,4.144587,4.1051345,4.119574,4.1332755,4.138935,4.1206956,4.1130137,4.1155663,4.1226053,4.0920587,4.0959263,4.077659,4.104348,4.090028,4.097018,,,,,,,,,,,,,,,,,,,,,,,,,,,,,,,,,,,,,,,,,,,,,,,,,,,,
3.8053427,3.783392,3.770614,3.7621784,3.765897,3.7842777,3.7511141,3.7704487,3.7742622,3.7687306,3.7748966,3.8215866,3.8058572,3.8029945,3.8032327,3.8169572,3.8168974,3.8005252,3.8232288,3.7968862,3.8270423,3.8437,3.8342373,3.8499875,3.8451576,3.8492587,3.8443878,3.885341,3.84074,3.868314,3.8980787,3.9205647,3.9078436,3.927173,3.905234,3.9099598,3.9113822,3.911146,3.9331672,3.930756,3.9295738,3.922753,3.936758,3.9829605,3.9908946,3.9812806,3.9618912,3.9144115,3.8966174,3.888779,3.8885133,3.849096,3.8261495,3.7381115,3.740487,3.6787815,3.6454778,3.613238,3.5919456,3.5742874,3.5565524,3.5080922,3.4384913,3.4711366,3.3946931,3.367342,3.3659797,3.3236432,3.3357894,3.3142343,3.2523186,3.2186446,3.2085154,3.2078464,3.1846762,3.1593227,3.1762474,3.1686022,3.1572464,3.0869887,3.1361644,3.1240609,3.0760937,3.0708106,3.0793874,3.072853,3.0274096,3.0668135,3.0237777,3.0387604,3.0710673,3.0357153,3.0451388,3.0526137,3.0550654,3.0507796,3.046359,3.0444837,2.9954786,3.0158267,3.0470026,3.0533824,3.0468154,3.0153306,3.0479205,3.0573802,3.0847142,3.0431316,3.0614438,3.063024,3.0553725,3.073029,3.0662465,3.0754132,3.0935667,3.1068628,3.1722121,3.1507041,3.1928184,3.196048,3.203522,3.1732087,3.175894,3.2368693,3.258098,3.2674224,3.279592,3.2664971,3.2599375,3.2748985,3.330662,3.3165207,3.3280628,3.352146,3.334354,3.3675013,3.3444128,3.3483496,3.3611453,3.3769891,3.4132125,3.3742948,3.4079676,3.4055626,3.4260907,3.4391189,3.4161737,3.4370196,3.4628556,3.4968433,3.4523468,3.4966872,3.5109913,3.5383368,3.566486,3.506161,3.5809271,3.5849063,3.6242762,3.6298351,3.6271305,3.618961,3.6263297,3.6441467,3.6577752,3.665651,3.71006,3.675406,3.6782513,3.6767356,3.6770697,3.70299,3.6887527,3.7184114,3.707045,3.747762,3.7485836,3.762087,3.7668068,3.761786,3.7959998,3.788066,3.8311505,3.7919974,3.8188555,3.8272583,3.843651,3.8631651,3.870998,3.8859506,3.8890026,3.8858297,3.9001677,3.8945966,3.9100952,3.889847,3.898821,3.9015665,3.9284768,3.9352627,3.9069436,3.9550014,3.9515855,3.9406679,3.961379,3.966065,3.9866846,3.9641707,3.9685771,3.9854114,3.977971,3.9911435,3.9628549,3.9952958,3.9805608,3.9803631,3.976859,3.9688315,3.9981775,3.9702766,4.0217514,4.0004873,3.9838665,3.978757,3.9677722,3.9966679,3.9991262,4.0211296,3.9951308,3.992448,4.0015206,4.0247593,4.001945,4.0116544,3.9936593,4.014354,3.9951477,4.0093985,4.010408,4.0430145,4.0487313,4.0451436,4.0353937,4.0734243,4.0444746,4.051378,4.0595474,4.03726,4.0448155,4.0610876,4.079624,4.0606885,4.058789,4.062696,4.079423,4.0950785,4.069874,4.0715775,4.060188,4.080902,4.0637245,4.0904036,4.0558033,4.076874,4.086588,4.1253476,4.080104,4.0944967,4.0918217,4.1082263,4.0588655,4.1310754,4.120999,4.1232257,4.124179,4.089747,4.1089783,4.132433,4.058169,4.0875645,4.123816,4.1173353,4.109853,4.1200476,4.124946,4.12876,4.088803,4.1311326,4.103161,4.1363564,4.116036,4.118917,4.1246357,4.132317,4.123919,4.0905066,4.133719,4.1282063,4.136834,4.1163573,4.1243067,4.1151376,4.1236625,4.1414056,4.126809,4.123919,4.128372,4.121009,4.136236,4.1240325,4.13714,4.1309476,4.1218896,4.135808,4.140604,4.12685,4.1248455,4.13658,4.140046,4.137886,4.122864,4.140403,4.1369405,4.1268845,4.1310563,4.120553,4.13583,4.1670027,4.133738,4.1432595,4.158227,4.148005,4.14489,4.128982,4.1235166,4.1509132,,,,,,,,,,,,,,,,,,,,,,
3.6933458,3.705039,3.6535456,3.6564841,3.653036,3.6723638,3.6669881,3.6750846,3.6634119,3.6677012,3.6907475,3.6820948,3.674574,3.668076,3.6791487,3.6854763,3.6945386,3.682292,3.6756666,3.677459,3.6942244,3.7004645,3.7023273,3.7260382,3.7079241,3.6801572,3.738936,3.7617989,3.7861564,3.7162306,3.7245698,3.7323396,3.7530723,3.7510054,3.7395036,3.7501426,3.7192826,3.7488806,3.7367582,3.7542963,3.7646477,3.783478,3.7355692,3.7868896,3.7519932,3.7572114,3.7551987,3.7669656,3.730495,3.726324,3.697504,3.6672497,3.6327448,3.6341598,3.605484,3.5804083,3.4704354,3.4711912,3.4517465,3.4486737,3.3961067,3.3773592,3.360973,3.3011904,3.228494,3.260765,3.178417,3.163092,3.1439276,3.1285052,3.1240869,3.0992317,3.0844896,3.0800989,3.0641537,3.0679638,3.0345497,3.0481699,2.9846346,2.981428,2.9559395,2.958728,2.9749432,2.9463356,2.9630148,2.942971,2.9438767,2.9398413,2.9414208,2.9349847,2.9310718,2.91948,2.9441578,2.910732,2.886717,2.910829,2.929205,2.9091005,2.8887753,2.9275434,2.9206734,2.9334426,2.94333,2.916996,2.912207,2.9313507,2.935631,2.9411764,2.93879,2.9215977,2.9352446,2.9564059,2.9567535,2.9717443,2.963469,2.982858,3.0035233,3.0182924,2.996241,3.0006874,3.0087628,3.006153,3.00945,3.00706,3.0618527,3.0724566,3.0862784,3.118207,3.1037164,3.127537,3.1338542,3.1894324,3.165559,3.203577,3.1943276,3.1849027,3.1849194,3.1898565,3.2279627,3.2383325,3.2565591,3.2431004,3.3391657,3.275584,3.2999654,3.3351715,3.338723,3.3420663,3.357199,3.3623557,3.3649383,3.3732235,3.393824,3.4148633,3.4030914,3.426957,3.4431791,3.4517248,3.4516294,3.5110483,3.4834738,3.5021446,3.5238924,3.5384836,3.5120373,3.5318735,3.5149727,3.5431476,3.5762508,3.5974874,3.6739023,3.7472856,3.6506073,3.6691835,3.6267142,3.6280067,3.6435611,3.634753,3.7477834,3.7788303,3.6617095,3.669407,3.6770716,3.6855307,3.655515,3.7010684,3.6747332,3.6995227,3.6783352,3.7005079,3.7020636,3.7361815,3.6960526,3.733299,3.7387705,3.7508125,3.7204,3.7540457,3.7438557,3.7587678,3.7961552,3.7931056,3.7919028,3.7928824,3.7976234,3.8325562,3.7831028,3.831603,3.805421,3.8003545,3.8164265,3.811185,3.8459065,3.8427093,3.8312516,3.8517983,3.8371649,3.8430948,3.8479824,3.880241,3.844018,3.8277826,3.8648164,3.8544397,3.8343475,3.8405614,3.8449233,3.847885,3.852241,3.834269,3.8525977,3.8507175,3.8450959,3.8220313,3.827232,3.9334798,3.8296685,3.7070858,3.748856,3.9094462,3.9775035,3.9439776,3.908,3.9291503,3.9021204,3.7101164,3.9026723,3.8390713,3.900217,3.874067,3.8731415,3.9381192,3.874577,3.813805,3.960637,3.7558608,3.899718,3.7634447,3.7543378,3.7553632,3.7472777,3.7486403,3.756704,3.7530897,3.718561,3.7437112,3.7721927,3.7574396,3.7574074,3.7391965,3.7471178,3.9339724,3.8286848,3.7178316,3.7469368,3.7655277,3.785364,3.7849839,3.7757382,3.7329743,3.7378058,3.7740133,3.7325628,3.7375045,3.7918258,3.7804422,3.801422,3.7560596,3.7821386,3.7944627,3.791031,3.784458,3.8153143,3.7977176,3.7922323,3.786727,3.8013918,3.767711,3.7949007,3.7984002,3.7843413,3.8009634,3.7819188,3.8066304,3.8063078,,,,,,,,,,,,,,,,,,,,,,,,,,,,,,,,,,,,,,,,,,,,,,,,,,,,,
3.3449852,3.3703597,3.2931914,3.3081343,3.316918,3.3258874,3.32143,3.2956567,3.2930374,3.2614954,3.232032,3.2343297,3.253165,3.240738,3.2180502,3.285757,3.19765,3.243542,3.218156,3.2381291,3.2045684,3.217518,3.2383204,3.23569,3.2423716,3.293777,3.2444367,3.2646825,3.266665,3.2898283,3.2585516,3.308767,3.2509835,3.266985,3.264858,3.2693603,3.297895,3.3104699,3.2929492,3.292433,3.331277,3.3362982,3.3224766,3.357428,3.462405,3.433969,3.3321495,3.295923,3.2540467,3.260373,3.2634869,3.2251642,3.2447274,3.2146416,3.1618164,3.1541317,3.1362057,3.1197686,3.0728757,3.0636723,3.0498748,2.9832268,2.9713986,2.9624877,2.9190922,2.8779602,2.8886542,2.8359494,2.8336036,2.784691,2.7853029,2.7832382,2.7768977,2.7968292,2.75687,2.770113,2.7603524,2.7229013,2.6985707,2.6958091,2.7229176,2.7144425,2.721548,2.7101169,2.6990948,2.7214699,2.7007012,2.6942854,2.6855602,2.6972826,2.6134288,2.7113914,2.6963308,2.6979084,2.650139,2.616104,2.6961405,2.6738071,2.7221465,2.6443903,2.7068257,2.674082,2.687859,2.648519,2.6578715,2.726295,2.7176833,2.7158697,2.7583613,2.7404296,2.7337587,2.7422025,2.7940602,2.745821,2.7698965,2.786255,2.7851949,2.7812808,2.7848403,2.8025486,2.8110788,2.8110123,2.8242412,2.8610606,2.8640182,2.924352,2.9340825,2.8933616,2.9064732,2.9447796,2.98011,2.9785838,3.0238075,2.999081,3.0324924,3.0372763,3.0503001,3.0798104,3.0992744,3.0703988,3.124855,3.1051683,3.096321,3.1137812,3.1556933,3.1149936,3.140561,3.1281998,3.1636817,3.1937916,3.2074296,3.2292068,3.2645779,3.2685602,3.2837846,3.2192755,3.3183694,3.3023539,3.3149095,3.3169463,3.3188574,3.3582249,3.3395844,3.3358192,3.3447626,3.3656943,3.3508177,3.3630621,3.3579097,3.3221574,3.3987226,3.5626771,3.5395544,3.498977,3.5204577,3.51624,3.6013272,3.7243412,3.5074503,3.5254736,3.5727975,3.5632224,3.571534,3.5878508,3.5900578,3.6136308,3.6083374,3.6315913,3.6243565,3.6369903,3.6398857,3.6432629,3.6306639,3.6429896,3.6583788,3.6461787,3.6583736,3.6297379,3.6578715,3.7188864,3.6484003,3.6900482,3.646273,3.672947,3.6708007,3.6701162,3.72584,3.7129824,3.7148001,3.7496195,3.7041886,3.734548,3.7348614,3.7073786,3.7644153,3.7507772,3.7667208,3.747119,3.7514286,3.7353888,3.7523694,3.7595088,3.8469057,3.80052,3.8024657,3.8071332,3.8164861,3.842675,3.8352656,3.8326154,3.842654,3.8080928,3.853291,3.8801498,3.8447988,3.8770373,3.8450625,3.8563404,3.878842,3.87954,3.8550403,3.8543406,3.8669012,3.8602483,3.8722608,3.864525,3.8453355,3.8711565,3.8900652,3.8683484,3.8829157,3.9122326,3.8971407,3.8784578,3.8795946,3.8764536,3.8695533,3.8929243,3.9095805,3.8558764,3.924775,3.892958,3.9415379,3.899789,3.9510953,3.9507356,3.8862784,3.8893082,3.930435,3.8889196,3.9311652,3.867459,3.8857577,3.904769,3.905444,3.8971977,3.9415264,3.9187198,3.8632295,3.9024205,3.90502,3.9004216,3.9179752,3.9236538,3.9340942,3.9296744,3.89444,3.88597,3.9251487,3.930464,3.922985,3.9655252,3.9070253,3.8895845,3.9481318,3.9253528,3.9664876,3.9476092,3.920086,3.9485788,3.9282937,3.9428425,3.9587722,3.9527566,3.9486334,3.9374485,3.9793203,3.965623,3.9631176,3.9598866,3.9606168,3.9767895,3.9618318,3.9615965,3.9601088,3.9517272,3.9811685,3.9495661,3.999415,3.991594,3.975078,3.9693608,4.0047617,3.993241,3.974772,,,,,,,,,,,,,,,,,,,,,,,,,,,,,,,,,
2.7500026,2.8004587,2.8142633,2.7565355,2.7598166,2.7790504,2.7475293,2.78391,2.8224545,2.78978,2.805768,2.7937155,2.7735956,2.8137658,2.771665,2.810413,2.7642667,2.805051,2.7991486,2.8468535,2.8059764,2.7828324,2.8486764,2.850771,2.8368466,2.8187857,2.8501709,2.8732884,2.8583632,2.8729248,2.8588622,2.8672588,2.8205342,2.8616803,2.8316622,2.8234084,2.9130225,2.90198,2.8774927,2.859719,2.913049,2.9027002,2.9058802,2.9195685,2.8777173,2.8699257,2.9129915,2.8767557,2.915777,2.8854482,2.8686886,2.8937995,2.8397589,2.865343,2.81791,2.784106,2.7434988,2.7309837,2.7057118,2.689701,2.6538184,2.657111,2.6260223,2.620922,2.6160462,2.5712857,2.5541065,2.5381048,2.5348217,2.4528873,2.4354954,2.4850047,2.42773,2.4431748,2.4342875,2.4264736,2.4354062,2.4126358,2.348713,2.3508227,2.4037452,2.4186907,2.3179076,2.3457165,2.3238895,2.2807038,2.330881,2.313095,2.3167953,2.2859416,2.309296,2.321914,2.2973435,2.3283794,2.3072016,2.2957468,2.2999947,2.2924716,2.335875,2.2987185,2.3463125,2.3113031,2.3363311,2.3092525,2.3363688,2.334097,2.3317416,2.3336797,2.337847,2.3520968,2.3951948,2.3750656,2.3720171,2.385083,2.3787088,2.4020996,2.4111056,2.4649987,2.4782386,2.5093017,2.5306668,2.501801,2.5121217,2.554735,2.5675378,2.5376506,2.5625467,2.5980082,2.59384,2.5691223,2.5984411,2.597102,2.6082249,2.6082249,2.6329157,2.6015816,2.6453478,2.6943567,2.6680691,2.670273,2.6841807,2.740749,2.747417,2.743765,2.7563198,2.743433,2.7721899,2.7444134,2.7595952,2.768731,2.7602417,2.7439082,2.8151908,2.7523596,2.7956567,2.8667264,2.8489747,2.8441086,2.8985987,2.9086213,2.9154263,2.9105632,2.8945537,2.96521,2.9330578,2.9439511,2.927367,2.9208155,2.955764,2.9559891,2.9883034,2.959008,2.9884913,3.0158093,2.9871948,2.9849062,3.0138721,2.994471,3.013068,3.0074415,3.0572822,3.0191479,3.0197232,3.0167694,3.0533442,3.0687227,3.041246,3.0339835,3.054865,3.0320156,3.0000422,3.0676055,3.1125422,3.1308837,3.1807702,3.1410446,3.1591222,3.1146762,3.1679182,3.1297364,3.134568,3.1798546,3.1522985,3.139373,3.1732025,3.1675868,3.157244,3.14891,3.1783805,3.1693964,3.1914876,3.2029538,3.1792462,3.199554,3.2252336,3.2546828,3.2241778,3.2474546,3.2369423,3.2297962,3.229273,3.241512,3.258326,3.2245243,3.2647061,3.2488523,3.2502267,3.287756,3.3293898,3.2339838,3.3120944,3.3233714,3.2882044,3.3147368,3.321735,3.2888694,3.3218834,3.3167589,3.3332765,3.3316877,3.2969534,3.2954557,3.3198557,3.3020008,3.3353736,3.3449626,3.3371987,3.3404932,3.3171244,3.3176758,3.3401773,3.323923,3.3251543,3.3610306,3.3521936,3.3634443,3.3126147,3.3335834,3.4093738,3.4029417,3.407021,3.392049,3.4204402,3.394198,3.4030554,3.4103663,3.4177842,3.3881452,3.4117947,3.4073474,3.4035099,3.3792157,3.3459458,3.333043,3.403299,3.3926,3.3766716,3.4046485,3.4159794,3.422506,3.4260898,3.405995,3.434222,3.4294503,3.3809538,3.3697414,3.3891432,3.3921425,3.3967638,3.406713,3.3956172,3.4152544,3.4060419,3.4174824,3.422175,3.3989875,3.3861954,3.3740602,3.3771515,3.365894,3.3863525,3.35635,3.3593652,3.3620691,3.413815,3.3702967,3.3606298,3.3574214,3.3452783,3.4088695,3.3534575,3.3525505,3.3307476,3.3791828,3.3687031,3.372129,3.3804028,3.3687115,3.3864958,3.3887017,,,,,,,,,,,,,,,,,,,,,,,,,,,,,,,,,,,,,,
2.797968,2.8023744,2.796428,2.8151248,2.8107164,2.8127215,2.847658,2.80396,2.834196,2.8135254,2.839964,2.8364446,2.8748963,2.9120543,2.8670948,2.8677855,2.8708053,2.8496199,2.8664238,2.8272603,2.8664122,2.8528807,2.8453085,2.8702116,2.8310018,2.8589962,2.872744,2.8816252,2.8490043,2.8552163,2.8553147,2.8861895,2.8468256,2.8692575,2.8691792,2.8711224,2.8310933,2.8802686,2.8985827,2.8752704,2.8805745,2.8823755,2.9101663,2.8879442,2.9032948,2.8726306,2.8773475,2.8873305,2.8896363,2.8667786,2.8433044,2.855721,2.8420122,2.783474,2.8021796,2.7624497,2.7629063,2.7465453,2.7624345,2.6999192,2.7366083,2.6726177,2.6745272,2.66935,2.6644037,2.6128345,2.6032078,2.5594156,2.520953,2.518785,2.508731,2.5093467,2.5001726,2.4740674,2.4180288,2.495151,2.463291,2.44904,2.436791,2.4339058,2.443278,2.4098768,2.4308262,2.4019346,2.4372866,2.4080722,2.3993979,2.4031956,2.4199967,2.406749,2.3932033,2.3937228,2.383732,2.4147205,2.3633935,2.354424,2.3614707,2.3844275,2.3955946,2.392206,2.4107256,2.3910172,2.39439,2.420683,2.3793662,2.3977745,2.3911066,2.405024,2.397691,2.4098718,2.405879,2.409891,2.4081662,2.4341187,2.4299452,2.4152212,2.3932953,2.4623437,2.4569232,2.470709,2.4551713,2.4876533,2.4682124,2.4645689,2.5000582,2.4779046,2.4954505,2.4983656,2.5188391,2.5193257,2.512716,2.5408177,2.5235095,2.5728314,2.5515103,2.6094966,2.6047003,2.6102762,2.6592345,2.6599948,2.6320124,2.6200826,2.6616304,2.659277,2.639786,2.650014,2.6878104,2.6998403,2.6917467,2.6788144,2.7281618,2.6630363,2.7163687,2.7073197,2.7244074,2.6873887,2.726659,2.7149994,2.7030199,2.7268276,2.7338006,2.781354,2.7461,2.7526293,2.8107076,2.7852287,2.8372445,2.864911,2.8232467,2.851194,2.8424313,2.8358538,2.8296626,2.864373,2.8643653,2.8466554,2.8732285,2.847948,2.8724563,2.864949,2.8717575,2.8248587,2.8426144,2.8674598,2.8924382,2.8819916,2.89798,2.8755722,2.8913968,2.8881633,2.8700256,2.9241438,2.8565493,2.917903,2.90436,2.8908894,2.9063022,2.902312,2.9164376,2.9179037,2.921997,2.9190068,2.9433,2.9578526,2.9211578,2.9478474,2.9250762,2.9292362,2.9386144,2.954741,2.9749863,2.928452,2.9589164,2.964633,2.978736,2.9257832,2.994881,2.9450731,2.9501183,2.9695835,2.9723208,2.9207127,2.9456568,2.9613564,2.944272,2.952556,2.9434717,2.94558,2.9375224,2.9669797,2.9404967,2.9268143,2.9199755,2.9531267,2.930206,2.9453838,2.9602191,2.9664218,2.9089653,2.936398,2.9273155,2.970139,2.9488745,2.9520633,2.9302306,2.9246283,2.9291906,2.9545698,2.8823574,2.8812044,2.8790123,2.8618603,2.8734841,2.8933258,2.8773856,2.9068255,2.9149036,2.8924177,2.8864648,2.903218,2.893612,2.8762617,2.922215,2.8974373,2.9159887,2.9017174,2.9411592,2.881259,2.9701283,2.932376,2.9448009,2.9088018,2.931299,2.9315505,2.9132614,2.9019501,2.9099722,2.9226825,2.912661,2.9162202,2.9584322,2.9604836,3.0047383,2.987041,2.952275,2.9793394,2.948936,2.9194832,2.9668136,2.9398284,2.9362493,2.9478958,2.9421265,2.9563773,2.942992,2.9354906,2.9291341,2.9122436,2.9287045,2.9598274,2.9366286,2.947345,2.93231,2.921314,2.930854,2.952075,2.9365952,2.9201057,2.9614558,2.9337435,2.9119582,2.931051,2.9643364,2.8983154,2.922534,2.9318547,2.9177554,2.9152806,2.9153445,2.910682,2.92751,2.8892934,2.9115663,2.9078531,2.9116948,2.8942015,2.891521,2.8665726,2.9433017,2.8688617,2.9076998,2.9388614,2.9018667,2.8807495,2.934936,2.959942,2.9668202,2.937446,2.9306538,2.9403605,2.9461021,2.9462335,2.9637089,2.929323,2.9795291,,,,,,,,,,,,,
3.6810167,3.7116792,3.7193203,3.7220128,3.7223935,3.6934035,3.7228463,3.7021143,3.7342908,3.7007744,3.7002797,3.7155242,3.7106333,3.7119079,3.7290382,3.7127428,3.7223973,3.706102,3.758492,3.7385151,3.7530937,3.7199051,3.7564301,3.7711415,3.745557,3.7841887,3.7680824,3.793345,3.7951527,3.7920518,3.782221,3.8075516,3.7965305,3.809951,3.800077,3.8437746,3.8101203,3.8234565,3.8271077,3.833901,3.8405144,3.845302,3.8502712,3.884076,3.8797128,3.8686712,3.8598144,3.812404,3.781654,3.7556577,3.7167454,3.6886592,3.6701956,3.609285,3.6106653,3.5234306,3.5166905,3.4561892,3.432893,3.397694,3.383499,3.3129632,3.3154454,3.2650845,3.2571082,3.2074628,3.178611,3.1296566,3.0621493,3.0491288,3.0512207,3.043052,3.0393932,3.027001,2.9704845,2.9605155,2.9141033,2.9222293,2.9203591,2.9116888,2.9003167,2.8669295,2.8589175,2.8635664,2.8398204,2.8713078,2.864288,2.847992,2.8327432,2.8405426,2.810154,2.802558,2.7856917,2.799227,2.7778468,2.7688425,2.8099067,2.7661464,2.7919488,2.7626057,2.7729309,2.7800958,2.7568038,2.754126,2.7858179,2.830743,2.7680707,2.7807853,2.7955446,2.7707303,2.8054452,2.808958,2.8101568,2.870997,2.8249962,2.7995627,2.8253853,2.87418,2.8402445,2.8659468,2.867155,2.8747122,2.8886442,2.8927288,2.9279752,2.9331303,2.9538696,2.9646509,2.958786,3.0046794,3.0512843,3.062212,3.0639162,3.1050513,3.0490909,3.107048,3.1272652,3.154421,3.1363773,3.202374,3.1896245,3.220593,3.2128434,3.203634,3.2338965,3.2485445,3.265823,3.3152626,3.2929776,3.3035145,3.3100448,3.287903,3.31112,3.3609269,3.3732722,3.4041502,3.3906634,3.3948777,3.3946948,3.4079165,3.4490566,3.4519286,3.463898,3.4608378,3.4948554,3.4788694,3.4754739,3.5466292,3.5085232,3.6088157,3.6935704,3.8173318,3.6600091,3.690189,3.6587522,3.5769076,3.553797,3.5771093,3.6080258,3.6237612,3.5946643,3.5810022,3.6055615,3.5758338,3.607708,3.6338253,3.6573973,3.637983,3.6427581,3.684786,3.6379087,3.7110398,3.669884,3.6945765,3.7330608,3.7299542,3.7104313,3.7287657,3.6953936,3.7298992,3.7577415,3.7019181,3.7403283,3.8273437,3.8210576,3.7948453,3.7885458,3.7883818,3.7682962,3.808212,3.821266,3.8128698,3.7889225,3.775374,3.8156512,3.860976,3.848742,3.8063736,3.8666165,3.8583443,3.864849,3.8193219,3.7653406,3.7958522,3.8101883,3.7884085,3.8164499,3.798132,3.8359015,3.8158596,3.8117814,3.8143039,3.84464,3.8227177,3.848606,3.8360183,3.8530526,3.8298616,3.8493953,3.8590868,3.8834174,3.8797634,3.8519986,3.8565497,3.8809626,3.8650546,3.8666384,3.862651,3.8825378,3.910532,3.918363,3.9052937,3.9072719,3.891861,3.9181297,3.917354,3.8776376,3.8936095,3.9410822,3.897423,3.9154756,3.909563,3.9474273,3.9113426,3.9307594,3.934082,3.928989,3.9248073,3.9152875,3.9634655,3.915053,3.9483883,3.9370391,3.958562,3.9796333,3.9516325,4.004076,4.0101857,3.999423,4.0233083,3.9744208,3.998037,3.9982128,3.9766293,3.9923432,4.0127225,3.9783428,4.0206833,4.0216637,4.0282774,4.0370383,4.035761,4.0322676,4.044484,4.014381,4.023748,4.062388,4.037478,4.03778,4.0434494,4.0358505,4.047361,4.0629272,4.097357,4.0677567,4.04779,4.0836935,4.066666,4.063647,4.0718946,4.066375,4.095529,4.0600624,4.078047,4.045289,4.0734406,4.057875,4.083574,4.077778,4.0799456,4.0749927,,,,,,,,,,,,,,,,,,,,,,,,,,,,,,,,,,,,,
3.5115352,3.5250175,3.5245657,3.4966104,3.5325923,3.5457041,3.5089877,3.5188644,3.512858,3.4825306,3.5017776,3.4982674,3.524561,3.5203962,3.523161,3.5157957,3.572621,3.56279,3.5894473,3.5416572,3.5266154,3.5903199,3.5694091,3.5772665,3.5963187,3.6099021,3.5978909,3.5946267,3.6100376,3.5991197,3.6395807,3.610452,3.6284063,3.653671,3.6584554,3.692919,3.6987376,3.7089512,3.703698,3.7321525,3.7226326,3.7572699,3.7551208,3.734548,3.7739644,3.7406962,3.7570834,3.7824955,3.7047997,3.6960533,3.6851647,3.661121,3.656209,3.6173894,3.553365,3.5207617,3.4912906,3.4551353,3.4014091,3.40067,3.343122,3.3541653,3.3137705,3.308419,3.2524016,3.228035,3.1933722,3.1708918,3.144946,3.1704898,3.0723732,3.0749886,3.0379386,3.0475378,3.0175707,2.9831946,2.9904141,3.0003958,3.003628,2.9660077,2.951434,2.9357226,2.9246976,2.9559329,2.8985775,2.9036896,2.8842194,2.8792174,2.882622,2.8849347,2.8398244,2.8858652,2.884488,2.8926623,2.8734572,2.8854094,2.8689363,2.876774,2.8673496,2.8752677,2.827943,2.8679855,2.8872736,2.8773334,2.8922675,2.8811615,2.8748808,2.8904576,2.8664222,2.8930864,2.8912215,2.8833249,2.8982258,2.9524417,2.9595053,2.9293933,2.940093,2.946926,2.9866273,2.98106,3.0140412,3.0088391,3.051332,3.0233803,3.043993,3.0654926,3.1002007,3.108172,3.1177838,3.1276612,3.1351507,3.1424131,3.1874144,3.1426587,3.188895,3.208387,3.2134812,3.2525065,3.2436488,3.2030408,3.2888515,3.2579782,3.2641976,3.298225,3.2738867,3.3062446,3.3200498,3.3235128,3.325846,3.318142,3.3373275,3.2938008,3.3526483,3.3033664,3.3299992,3.32724,3.320371,3.3451564,3.3647435,3.3408077,3.375592,3.3306942,3.3115692,3.3367617,3.3477333,3.3514116,3.375527,3.3905337,3.4080615,3.3798246,3.3749886,3.3942356,3.403893,3.4055965,3.3787262,3.417877,3.4448626,3.4385755,3.4266696,3.4389563,3.4259686,3.4123132,3.425768,3.44887,3.4823968,3.4990847,3.4873888,3.5068593,3.5103953,3.5454354,3.544236,3.537128,3.5482414,3.5550547,3.566314,3.5882187,3.5963762,3.618741,3.5707476,3.598872,3.6380486,3.640687,3.6459076,3.6825366,3.6607227,3.7673638,3.6878452,3.69247,3.728014,3.7199328,3.753833,3.763585,3.7603185,3.76264,3.7674968,3.7684083,3.7776303,3.84843,3.8004692,3.8175569,3.8073032,3.8378103,3.8359046,3.869384,3.8696957,3.870097,3.8861198,3.8940854,3.9268844,3.9023883,3.915976,3.8907342,3.9206517,3.9363835,3.9086921,3.9155698,3.9795284,3.9054792,3.9704187,3.9072773,3.9179637,3.9551895,3.9393895,3.971942,3.9410505,3.989123,3.977692,3.9601378,3.9919913,3.9565406,3.9594085,4.001443,3.9737387,3.98784,4.0028014,3.987769,3.9794188,3.9775684,4.0035954,4.017779,3.9950008,4.0307198,3.9993167,4.015603,4.0111446,3.9853735,3.994257,4.02391,3.9873445,4.017764,4.008237,3.9859102,4.009528,4.0195193,4.0300965,4.01061,4.0093865,4.0123734,4.0146303,4.0011744,3.989412,4.0248814,4.043694,4.0281277,4.0027742,4.036442,4.0297256,4.015643,4.0016537,3.9905236,4.0300584,3.9774382,3.9868414,4.0004673,4.0006003,3.9903455,3.9853387,3.9739764,4.0109434,3.9926636,3.9778798,3.992701,3.9767148,3.9880948,4.0038576,4.0087504,3.985721,3.9698515,3.9777138,3.9533575,3.9354722,3.935139,3.9283752,3.900626,3.9189591,3.895614,3.9121118,3.8714838,3.8925307,3.890243,3.8620305,3.870579,3.800841,3.809592,3.8134875,3.8166447,3.8067508,3.7560248,3.8194716,3.7926044,3.7271612,3.743135,3.7192218,3.7345753,3.7746983,3.7753444,3.7634175,3.703631,3.6956916,3.7067697,3.7053266,3.6941464,3.7305453,3.7112327,3.6886196,3.7004387,3.7199378,3.7167692,3.7291799,3.7163432,3.7136343,3.7503078,3.743948,3.7458646,3.7166455,3.7332118,3.7291684,3.7554438
3.2827392,3.327575,3.3137794,3.3105843,3.3113778,3.3409348,3.3608284,3.3205411,3.4158368,3.5000901,3.515143,3.5282295,3.5015357,3.4900815,3.6198952,3.5222955,3.6740823,3.4871056,3.3527553,3.442123,3.2834663,3.259675,3.235626,3.2038412,3.2138696,3.1155856,3.1748917,3.0958939,3.002309,3.0133636,2.977844,2.8930216,2.840049,2.8340845,2.8286395,2.8276045,2.8266547,2.8252256,2.7818005,2.6981616,2.7677946,2.8054595,2.7341638,2.736972,2.6720939,2.6991284,2.726377,2.6823533,2.706009,2.7084727,2.726263,2.6995344,2.704452,2.7298656,2.7038214,2.696747,2.7218552,2.7066934,2.736755,2.786296,2.7482395,2.746288,2.7301922,2.7417698,2.7321458,2.7549706,2.7599432,2.7847092,2.8114264,2.7869487,2.827346,2.8758743,2.8454819,2.8597963,2.8931048,2.87146,2.8519862,2.9188087,2.9098287,2.892177,2.9282641,2.9718509,2.9177432,2.9411414,2.9303172,2.9378326,2.9263783,2.9834342,2.9605458,2.9933815,3.0273,3.054567,3.0405042,3.0838044,3.047471,3.0487208,3.093254,3.064644,3.1241727,3.1019294,3.334576,3.4953372,3.2700467,3.2849498,3.545924,3.5957186,3.579316,3.1907468,3.2721167,3.323084,3.637532,3.3786657,3.3858142,3.3809824,3.4439719,3.5862021,3.5254369,3.4452288,3.4323316,3.6219406,3.4969873,3.465866,3.5755055,3.6005223,3.656432,3.657886,3.6328325,3.5589068,3.654802,3.6552572,3.658943,3.5711153,3.5976138,3.6448553,3.6951408,3.5825555,3.5567913,3.5695913,3.6485772,3.6443934,3.632912,3.652005,3.657117,3.6483364,3.689984,3.656232,3.6675456,3.657723,3.650464,3.6746273,3.6667373,3.6609015,3.6496105,3.6449769,3.639391,3.6568086,3.6542945,3.6346805,3.6872568,3.6883442,3.6964238,3.6696339,3.6282547,3.6718998,3.6986353,3.6761923,3.670944,3.6705031,3.6606393,3.6957648,3.6976244,3.672053,3.7373726,3.733163,3.6656501,3.6903784,3.698204,3.7301385,3.6894202,3.7150385,3.7270312,3.71762,3.7155411,3.6950536,3.7414932,3.7332795,3.7067785,3.7488546,3.7080774,3.707425,3.7094913,3.7415197,3.7838502,3.7749302,3.7306414,3.7874653,3.7801523,3.7803555,3.8242846,3.9025867,3.8633385,3.8837092,3.8759525,3.912868,3.8936968,3.8999205,3.8908684,3.926472,3.9060004,3.9078753,3.8993492,3.8454444,3.9220874,3.8924513,3.9212606,3.9474752,3.9653177,3.9270194,3.8575726,3.873769,3.888191,3.8773232,3.886154,3.8812463,3.917959,3.9034944,3.8889346,3.8569534,3.9115176,3.926613,3.8966985,3.9349957,3.9064033,3.8971534,3.868603,3.884653,3.8837755,3.8762875,3.8855124,3.907339,3.8609815,3.788045,3.7546802,3.716199,3.7595007,3.7171986,3.7484145,3.7259727,3.6990333,3.7297955,3.71014,3.7403362,3.7082028,3.7471797,3.6971884,3.6866806,3.74146,3.723838,3.7127316,3.7527487,3.7238116,3.7220669,3.667407,3.7496414,3.7215135,3.7208507,3.6986253,3.7203193,3.6854851,3.7036963,3.7100446,3.6963427,3.671954,3.7026973,3.7010226,3.6876643,3.723993,3.6691494,3.764598,3.7541552,3.718567,3.6941984,,,,,,,,,,,,,,,,,,,,,,,,,,,,,,,,,,,,,,,,,,,,,,,,,,,,,,,,,,,,,,,,,,,,,,,,,,,,
3.2605255,3.227807,3.2441776,3.2363658,3.229058,3.2350867,3.2525053,3.2804656,3.2759256,3.2750003,3.304549,3.293791,3.3127882,3.2982647,3.2818317,3.3067026,3.3112803,3.3590758,3.353862,3.3304574,3.3403196,3.3403761,3.3539054,3.3630097,3.3918104,3.4313872,3.4213994,3.4189565,3.4352055,3.4474127,3.445248,3.4733152,3.4720547,3.4667742,3.4916382,3.507565,3.5062928,3.5037303,3.5043669,3.5532978,3.5615215,3.55731,3.583948,3.559326,3.5786119,3.589322,3.5270371,3.5424163,3.5174093,3.5313845,3.4893107,3.4825864,3.451294,3.3934119,3.3418353,3.3729239,3.3294117,3.3017063,3.2295957,3.229199,3.1994975,3.1512485,3.094901,3.1397033,3.0602326,3.0983686,3.0415184,3.0632803,2.9769218,2.8995566,2.9540813,2.869758,2.8790855,2.8723004,2.8566387,2.8274336,2.844065,2.8096786,2.7795036,2.772418,2.7859507,2.774156,2.7736924,2.7730155,2.7701845,2.7083929,2.6761875,2.7243867,2.7202764,2.7178862,2.656222,2.6806297,2.6772594,2.6643617,2.6855657,2.6963174,2.6641903,2.6738534,2.7021735,2.658155,2.6894963,2.743781,2.706328,2.7013557,2.748641,2.6868665,2.738718,2.764974,2.7521646,2.7576222,2.8203192,2.828848,2.8431292,2.852292,2.8580203,2.879913,2.8436713,2.881026,2.8789885,2.889951,2.890268,2.9278715,2.9351258,2.9754403,2.9733078,2.9894652,2.9996486,3.0463812,3.0177896,3.0361865,3.072746,3.0470054,3.0707262,3.0680842,3.0788648,3.1012661,3.086729,3.121048,3.0967393,3.1204696,3.1083338,3.130577,3.1440504,3.1701694,3.1587784,3.1778855,3.1984448,3.1447165,3.1940832,3.1960313,3.1925964,3.1888874,3.1910527,3.2225533,3.2469842,3.208212,3.2136874,3.3044846,3.2558374,3.305209,3.2642808,3.2749577,3.3173475,3.3244557,3.2952993,3.3280442,3.3149278,3.3527746,3.3521426,3.3510704,3.362434,3.3861446,3.3913746,3.36021,3.4183304,3.4035113,3.4036567,3.4389737,3.4165647,3.4385784,3.4567554,3.422812,3.451823,3.4499848,3.4734375,3.4788368,3.4782395,3.5100577,3.4746397,3.4881625,3.482755,3.5206516,3.488503,3.51064,3.4972022,3.558091,3.5174174,3.5750523,3.5714526,3.5788233,3.5612442,3.5592377,3.5573182,3.5767658,3.584731,3.5589974,3.5849643,3.564848,3.5815482,3.5673454,3.5761516,3.5857425,3.5889885,3.5798454,3.5864873,3.568085,3.5639942,3.5665374,3.5976267,3.5732086,3.6065462,3.555092,3.594925,3.5825567,3.6012933,3.5886276,3.6110952,3.5839884,3.5949922,3.593428,3.6045413,3.6350937,3.6217868,3.600124,3.605325,3.5979304,3.589507,3.6061277,3.6141856,3.5936766,3.6331005,3.622996,3.6279595,3.6612492,3.6176944,3.643371,3.6158156,3.625056,3.6366224,3.6424422,3.6556728,3.6511617,3.6494138,3.629528,3.6238093,3.6785436,3.6725717,3.6317239,3.6939905,3.7175424,3.711159,3.6528354,3.6934521,3.6969903,3.7139826,3.6848674,3.723645,3.6803555,3.6767225,3.6850204,3.6873565,3.6841273,3.6816978,3.7130165,3.7121773,3.6838367,3.6721394,3.7000358,3.7274733,3.7289238,3.739434,3.7262397,3.737596,3.7535477,3.733365,3.7220867,3.7105079,3.7200725,3.7268567,3.7261086,3.7363036,3.7392883,3.7442703,3.7323756,3.751204,3.7384837,3.719984,3.7468073,3.7612617,3.7778094,3.7593696,3.7725444,3.7934403,3.7872143,3.7584786,3.7592723,3.7753115,3.7351887,3.7858179,3.7687829,3.771304,3.7937207,3.7521482,3.7835975,3.7634666,3.7738116,3.7522936,3.785203,3.7670128,3.770501,3.7739837,3.7844017,3.772173,3.7561448,3.7774024,3.7641323,3.7664816,3.7617643,3.8000684,3.7605135,3.7961905,3.793379,3.7755806,3.7908986,3.744989,3.7302313,3.736928,3.7236018,3.7328713,3.7444162,3.739492,3.7407146,,,,,,,,,,,,,,,,
