t87,t88,t89,t90,t91,t92,t93,t94,t95,t96,t97,t98,t99,t100,t101,t102,t103,t104,t105,t106,t107,t108,t109,t110,t111,t112,t113,t114,t115,t116,t117,t118,t119,t120,t121,t122,t123,t124,t125,t126,t127,t128,t129,t130,t131,t132,t133,t134,t135,t136,t137,t138,t139,t140,t141,t142,t143,t144,t145,t146,t147,t148,t149,t150,t151,t152,t153,t154,t155,t156,t157,t158,t159,t160,t161,t162,t163,t164,t165,t166,t167,t168,t169,t170,t171,t172,t173,t174,t175,t176,t177,t178,t179,t180,t181,t182,t183,t184,t185,t186,t187,t188,t189,t190,t191,t192,t193,t194,t195,t196,t197,t198,t199,t200,t201,t202,t203,t204,t205,t206,t207,t208,t209,t210,t211,t212,t213,t214,t215,t216,t217,t218,t219,t220,t221,t222,t223,t224,t225,t226,t227,t228,t229,t230,t231,t232,t233,t234,t235,t236,t237,t238,t239,t240,t241,t242,t243,t244,t245,t246,t247,t248,t249,t250,t251,t252,t253,t254,t255,t256,t257,t258,t259,t260,t261,t262,t263,t264,t265,t266,t267,t268,t269,t270,t271,t272,t273,t274,t275,t276,t277,t278,t279,t280,t281,t282,t283,t284,t285,t286,t287,t288,t289,t290,t291,t292,t293,t294,t295,t296,t297,t298,t299,t300,t301,t302,t303,t304,t305,t306,t307,t308,t309,t310,t311,t312,t313,t314,t315,t316,t317,t318,t319,t320,t321,t322,t323,t324,t325,t326,t327,t328,t329,t330,t331,t332,t333,t334,t335,t336,t337,t338,t339,t340,t341,t342,t343,t344,t345,t346,t347,t348,t349,t350,t351,t352,t353,t354,t355,t356,t357,t358,t359,t360,t361,t362,t363,t364,t365,t366,t367,t368,t369,t370,t371,t372,t373,t374,t375,t376,t377,t378,t379,t380,t381,t382,t383,t384,t385,t386,t387,t388,t389,t390,t391,t392,t393,t394,t395,t396,t397,t398,t399,t400,t401,t402,t403,t404,t405,t406,t407,t408,t409,t410,t411,t412,t413,t414,t415,t416,t417,t418,t419,t420,t421,t422,t423,t424,t425,t426,t427,t428,t429,t430,t431,t432,t433,t434,t435,t436,t437,t438,t439,t440,t441,t442,t443,t444,t445,t446,t447,t448,t449,t450,t451,t452,t453,t454,t455,t456,t457,t458,t459,t460,t461,t462,t463,t464,t465,t466,t467,t468,t469,t470,t471,t472,t473,t474,t475,t476,t477,t478,t479,t480,t481,t482,t483,t484,t485,t486,t487,t488,t489,t490,t491,t492,t493,t494,t495,t496,t497,t498,t499,t500,t501,t502,t503,t504,t505,t506,t507,t508,t509,t510,t511,t512,t513,t514,t515,t516,t517,t518,t519,t520,t521,t522,t523,t524,t525,t526,t527,t528,t529,t530,t531,t532,t533,t534,t535,t536,t537,t538,t539,t540,t541,t542,t543,t544,t545,t546,t547,t548,t549,t550,t551,t552,t553,t554,t555,t556,t557,t558,t559,t560,t561,t562,t563,t564,t565,t566,t567,t568,t569,t570,t571,t572,t573,t574,t575,t576,t577,t578,t579,t580,t581,t582,t583,t584,t585,t586,t587,t588,t589,t590,t591,t592,t593,t594,t595,t596,t597,t598,t599,t600,t601,t602,t603,t604,t605,t606,t607,t608,t609,t610,t611,t612,t613,t614,t615,t616,t617,t618,t619,t620,t621,t622,t623,t624,t625,t626,t627,t628,t629,t630,t631,t632,t633,t634,t635,t636,t637,t638,t639,t640,t641,t642,t643,t644,t645,t646,t647,t648,t649,t650,t651,t652,t653,t654,t655,t656,t657,t658,t659,t660,t661,t662,t663,t664,t665,t666,t667,t668,t669,t670,t671,t672,t673,t674,t675,t676,t677,t678,t679,t680,t681,t682,t683,t684,t685,t686,t687,t688,t689,t690,t691,t692,t693,t694,t695,t696,t697,t698,t699,t700,t701,t702,t703,t704,t705,t706,t707,t708,t709,t710,t711,t712,t713,t714,t715,t716,t717,t718,t719,t720,t721,t722,t723,t724,t725,t726,t727,t728,t729,t730,t731,t732,t733,t734,t735,t736,t737,t738,t739,t740,t741,t742,t743,t744,t745,t746,t747,t748,t749,t750,t751,t752,t753,t754,t755,t756,t757,t758,t759,t760,t761,t762,t763,t764,t765,t766,t767,t768,t769,t770,t771,t772,t773,t774,t775,t776,t777,t778,t779,t780,t781,t782,t783,t784,t785,t786,t787,t788,t789,t790,t791,t792,t793,t794,t795,t796,t797,t798,t799,t800,t801,t802,t803,t804,t805,t806,t807,t808,t809
4.0077434,3.9965394,4.0206823,4.007054,3.999998,4.013873,4.0156326,4.0041237,4.0022526,4.0047135,3.9899273,4.0206304,4.0144424,4.012496,4.020192,4.0093117,4.0089684,3.9956577,3.994045,4.006344,4.009572,4.033165,4.011302,3.9936967,4.020655,4.0031714,3.9879906,4.0030665,3.9852564,3.9881916,4.0023155,4.010002,3.977765,3.976166,3.9963167,3.9918556,3.9517817,3.951,3.9273365,3.9234416,3.9496765,3.913361,3.9155369,3.8932636,3.9154825,3.864989,3.8499272,3.859432,3.8192625,3.8042636,3.8086793,3.7826395,3.740238,3.7548623,3.686023,3.6754155,3.6669152,3.6250875,3.6075544,3.558113,3.4992864,3.4831383,3.436034,3.4348004,3.3984573,3.4123335,3.3772953,3.3559246,3.35577,3.3279335,3.2614748,3.2586722,3.232861,3.214206,3.1842978,3.182355,3.179486,3.1760316,3.1175852,3.143779,3.1540473,3.1362176,3.1060145,3.1440585,3.1146014,3.1231198,3.1164374,3.090761,3.0893316,3.0720193,3.081944,3.076013,3.0757992,3.0754497,3.0600824,3.0718052,3.0605497,3.0903296,3.0828156,3.0784385,3.0765147,3.0916378,3.0790617,3.09903,3.0917041,3.0957842,3.1150846,3.1189966,3.1263225,3.1295757,3.1388824,3.1584644,3.1473558,3.1475635,3.170884,3.1624143,3.186658,3.192866,3.1922755,3.1967397,3.186139,3.1927197,3.202526,3.1900601,3.220576,3.2602177,3.283137,3.2614307,3.3099506,3.3103104,3.3205004,3.2980578,3.3293645,3.36316,3.357556,3.383976,3.3879955,3.388865,3.3836393,3.387113,3.4029303,3.4098544,3.4019113,3.4014952,3.4172592,3.4236968,3.430759,3.416199,3.414999,3.4725308,3.4966104,3.484246,3.5037313,3.5323157,3.5069344,3.5044234,3.532717,3.532454,3.5492506,3.5272958,3.5563753,3.5586464,3.5769851,3.5817358,3.598804,3.610406,3.5909827,3.609721,3.6126134,3.6426444,3.6250696,3.634021,3.6599247,3.657685,3.680907,3.6624832,3.693188,3.7272885,3.6966805,3.7207267,3.7120826,3.7466512,3.749713,3.7411563,3.7483885,3.73022,3.7521076,3.7559714,3.740478,3.7511623,3.7479362,3.7594943,3.778129,3.7547963,3.7760897,3.777048,3.7659988,3.7498906,3.7763727,3.7832937,3.793489,3.7704644,3.7923388,3.7971623,3.8021939,3.7814424,3.7892923,3.8077059,3.783007,3.7799807,3.799846,3.796025,3.8021739,3.811891,3.8070133,3.8065522,3.793788,3.7956731,3.7917874,3.8065803,3.7915385,3.8126416,3.8083367,3.8143172,3.806359,3.8088355,3.8062782,3.8186414,3.8192742,3.8284605,3.8157895,3.8110328,3.8413541,3.807087,3.8303754,3.8543348,3.8542638,3.8698885,3.8392954,3.866276,3.861302,3.8760157,3.863681,3.869685,3.8772044,3.890897,3.9270997,3.8914177,3.8986194,3.8624408,3.9410586,3.931038,3.9274414,3.903377,3.9298763,3.970792,3.9227514,3.9203968,3.9266922,3.937643,3.9446032,3.9485235,3.9358363,3.9413755,3.9437013,3.9311466,3.9408782,3.9627118,3.946943,3.9501688,3.9435873,3.964522,3.9566438,3.9671822,3.9566543,3.9681907,3.9589624,3.9514067,3.9968388,3.9880097,3.9544823,3.9766314,3.99077,3.941063,3.979557,3.957096,3.9624958,3.961571,3.9611015,3.9750688,3.96864,3.971739,3.9436424,3.9620261,3.9725442,3.974101,3.9702246,3.95997,3.9580996,3.9580827,3.9487503,3.9679546,3.9558992,3.9437478,3.9717643,3.9500678,3.9762952,3.9667184,3.9575725,3.9702024,3.9652078,3.9593377,3.9778202,3.9625063,3.9490407,3.9799948,3.9688768,3.9696457,3.9872344,4.0002966,3.9961283,4.0052443,3.9789076,3.9952705,3.9929588,4.008574,3.990512,4.012922,4.011669,3.9957476,4.0355854,3.9920962,4.0147595,4.044429,4.018607,4.0543604,4.047167,4.0149946,4.036653,4.0548897,4.050422,4.065637,4.057488,4.095335,4.046783,4.0542164,4.0745068,4.06969,4.110513,4.0901375,4.0934625,4.0670466,4.1157494,4.0862584,4.091155,4.08934,,,,,,,,,,,,,,,,,,,,,,,,,,,,,,,,,,,,,,,,,,,,,,,,,,,,,,,,,,,,,,,,,,,,,,,,,,,,,,,,,,,,,,,,,,,,,,,,,,,,,,,,,,,,,,,,,,,,,,,,,,,,,,,,,,,,,,,,,,,,,,,,,,,,,,,,,,,,,,,,,,,,,,,,,,,,,,,,,,,,,,,,,,,,,,,,,,,,,,,,,,,,,,,,,,,,,,,,,,,,,,,,,,,,,,,,,,,,,,,,,,,,,,,,,,,,,,,,,,,,,,,,,,,,,,,,,,,,,,,,,,,,,,,,,,,,,,,,,,,,,,,,,,,,,,,,,,,,,,,,,,,,,,,,,,,,,,,,,,,,,,,,,,,,,,,,,,,,,,,,,,,,,,,
3.721453,3.7470691,3.7606063,3.7019916,3.737782,3.716163,3.717778,3.6829646,3.7589495,3.73806,3.6917112,3.6949894,3.7091396,3.6861193,3.701401,3.6975694,3.6973305,3.7159047,3.696034,3.659326,3.6875758,3.690924,3.6834626,3.694855,3.6708508,3.6590655,3.6583433,3.6619475,3.666167,3.665486,3.6812809,3.6761029,3.6818156,3.6984544,3.7065735,3.6708236,3.6904995,3.6930337,3.6990564,3.706148,3.694157,3.706442,3.720863,3.7141435,3.6934874,3.7086995,3.71543,3.6916533,3.6985636,3.6822789,3.6622164,3.6360168,3.635175,3.6277418,3.5901463,3.5589404,3.5624642,3.5569127,3.5468175,3.5309434,3.4985435,3.4926276,3.4638884,3.4536808,3.391329,3.3519835,3.3700569,3.3441463,3.333584,3.3398335,3.3284261,3.3137918,3.3113017,3.2835262,3.28631,3.2276206,3.239153,3.2341359,3.212029,3.2453103,3.2375329,3.2291396,3.2309666,3.1900675,3.236998,3.2174158,3.1947079,3.2131622,3.2168174,3.2098715,3.2240448,3.2071252,3.2136865,3.2096875,3.2102308,3.241615,3.2305152,3.2115858,3.2279975,3.2455072,3.2490935,3.2593358,3.279747,3.2622924,3.2835102,3.3096437,3.3009403,3.3035367,3.3180082,3.3367565,3.3305693,3.3431666,3.3432388,3.3407826,3.3406665,3.3726554,3.405215,3.413132,3.4185457,3.4355443,3.4541538,3.4458382,3.4711301,3.4835541,3.479682,3.4933345,3.50861,3.5139966,3.5155249,3.5256133,3.5245485,3.5350149,3.5348492,3.5280306,3.5221255,3.533508,3.5292053,3.5547352,3.52782,3.5520508,3.5456583,3.5944102,3.564184,3.5665984,3.58159,3.591931,3.601526,3.6244273,3.6034513,3.655559,3.6263914,3.6447396,3.6559067,3.659649,3.65131,3.6464257,3.6681552,3.669194,3.67449,3.6898603,3.7090325,3.7095308,3.702028,3.7018795,3.686277,3.6924431,3.702658,3.7400613,3.728275,3.6979222,3.738809,3.7450967,3.7728395,3.777177,3.7990088,3.7984884,3.8219678,3.8282888,3.8189743,3.8259373,3.8340342,3.8588586,3.850954,3.8521962,3.8612227,3.857705,3.8789546,3.8764405,3.8768337,3.8941677,3.8592236,3.9098606,3.8919823,3.9099286,3.904215,3.9141512,3.940374,3.9251223,3.9269855,3.9423978,3.9336398,3.96447,3.9463167,3.9491775,3.9495447,3.966803,3.9665413,3.977186,3.9657998,3.9722135,3.9661174,3.9859831,3.9788735,3.981075,4.0117927,3.9913375,4.002607,3.992021,3.9958386,4.020486,4.02218,4.037679,3.9965653,4.0246487,4.025695,4.04761,4.0409055,4.0300803,4.0471325,4.0366874,4.0605164,4.0501432,4.055055,4.0428147,4.0471535,4.042527,4.0497036,4.0461597,4.0618477,4.037403,4.045874,4.0648007,4.0468626,4.0614953,4.0778537,4.0634217,4.076494,4.067712,4.0720897,4.058066,4.073463,4.069151,4.0611916,4.058439,4.059611,4.0810866,4.0649724,4.0842977,4.0583053,4.0692897,4.102151,4.0983,4.0884933,4.1001773,4.0967026,4.103478,4.1079354,4.1502085,4.0909433,4.097135,4.099038,4.128634,4.125804,4.1461473,4.142079,4.1212006,4.1388235,4.1300755,4.152259,4.138861,4.1535068,4.1528387,4.168436,4.181249,4.178583,4.1754885,4.173323,4.1902657,4.186897,4.1808467,4.186295,4.198203,4.1935935,4.1914907,4.2028155,4.2147646,4.194814,4.202318,4.206949,4.1998887,4.221746,4.216034,4.2323585,4.2118263,4.2275977,4.2122664,4.22836,4.239457,4.228047,4.2534833,4.2306347,4.2498865,4.236029,4.2381773,4.2398453,4.260884,4.234943,4.236375,4.2481256,4.250555,4.2665076,4.264631,4.236176,4.2481165,4.2484064,4.2591977,4.2772603,4.249371,4.254574,4.2613125,4.262308,4.265636,4.2331944,4.2558193,4.258846,4.2453856,4.227066,4.25432,4.237957,4.2600255,4.251351,4.2499614,4.2598863,4.2511163,4.2386003,4.2497053,4.243619,4.247742,4.237953,4.2314863,4.2412677,4.243803,4.2424645,4.232759,4.242541,4.249926,4.226189,4.248873,4.2387977,4.231014,4.240082,4.2539763,4.2276635,4.23993,4.249096,4.227634,4.23083,4.246979,4.2325826,4.246453,4.225262,,,,,,,,,,,,,,,,,,,,,,,,,,,,,,,,,,,,,,,,,,,,,,,,,,,,,,,,,,,,,,,,,,,,,,,,,,,,,,,,,,,,,,,,,,,,,,,,,,,,,,,,,,,,,,,,,,,,,,,,,,,,,,,,,,,,,,,,,,,,,,,,,,,,,,,,,,,,,,,,,,,,,,,,,,,,,,,,,,,,,,,,,,,,,,,,,,,,,,,,,,,,,,,,,,,,,,,,,,,,,,,,,,,,,,,,,,,,,,,,,,,,,,,,,,,,,,,,,,,,,,,,,,,,,,,,,,,,,,,,,,,,,,,,,,,,,,,,,,,,,,,,,,,,,,,,,,,,,,,,,,,,,,,,,,,,,,,,,,,,,,,,,,,,,,,,
4.073401,4.0576234,4.0894594,4.0292597,4.0381503,4.006592,4.0226483,4.0351067,4.020289,4.0152836,3.9793203,3.9989886,3.9996233,3.987069,3.9769588,3.984215,3.9671571,3.9727533,3.9722147,3.9684212,3.9599593,3.9375072,3.942141,3.953747,3.9407513,3.930323,3.930626,3.9344804,3.9235938,3.9303744,3.9085433,3.9048944,3.9187012,3.9162579,3.9182267,3.9229853,3.9177735,3.8956556,3.905728,3.9232185,3.9195254,3.9212236,3.919252,3.9176316,3.9188733,3.9194543,3.9071257,3.923075,3.9086287,3.9190888,3.9198816,3.8913972,3.8740025,3.8301485,3.8094172,3.7851424,3.7485862,3.7219377,3.7185247,3.6821992,3.6926823,3.6437774,3.6323037,3.6031766,3.6064208,3.567451,3.5430493,3.4908404,3.499087,3.442694,3.4320927,3.4024758,3.4044747,3.3548133,3.3621628,3.3359065,3.3285272,3.3331962,3.3188198,3.3060055,3.301601,3.3019164,3.3078563,3.2918081,3.2822886,3.2823756,3.2641792,3.2504442,3.2440984,3.2690265,3.264231,3.2662008,3.2713468,3.2591672,3.272425,3.2565708,3.266255,3.2581947,3.2591496,3.2446523,3.2842357,3.256116,3.2779152,3.2688782,3.261796,3.2933903,3.2962093,3.2914755,3.2991304,3.3008482,3.3067288,3.3067148,3.3039582,3.3082027,3.3223326,3.318724,3.3413515,3.3419387,3.3191066,3.3354213,3.3559744,3.3921518,3.3821723,3.4030108,3.4092712,3.4172072,3.4301293,3.429829,3.4346273,3.4419148,3.4573505,3.455263,3.4883153,3.464921,3.4810064,3.4856482,3.4889872,3.5116456,3.4917984,3.5348153,3.5021286,3.5291455,3.5336916,3.5585954,3.5408227,3.5933547,3.5587234,3.590123,3.610908,3.606723,3.6204045,3.6260138,3.624179,3.6189244,3.6499295,3.6243412,3.632751,3.6277442,3.6442955,3.643417,3.6459184,3.6342447,3.6509619,3.6680188,3.6707203,3.650472,3.6923528,3.6764238,3.697484,3.679253,3.6767614,3.6758943,3.7012749,3.7084267,3.7085369,3.718254,3.7329268,3.7494302,3.7476268,3.7203598,3.7657585,3.7624514,3.756046,3.759209,3.7551506,3.7741039,3.8100944,3.7501752,3.7656395,3.815852,3.805126,3.7967443,3.843177,3.861856,3.8333278,3.8532374,3.813877,3.8743322,3.86486,3.888944,3.8546019,3.9027488,3.9132216,3.920808,3.9078336,3.9413857,3.9446697,3.9195476,3.947088,3.9644094,3.931538,3.9585803,3.9443135,3.9512067,3.9670992,3.9709191,3.9708855,3.9718945,3.980757,3.966232,3.981849,3.9922032,3.9795313,3.9796076,4.01479,3.996199,4.0275493,4.0230904,4.027244,4.03118,4.0491834,4.0267596,4.051282,4.050292,4.028814,4.0545783,4.054231,4.0422606,4.0771103,4.0614667,4.075256,4.069597,4.0788693,4.0467257,4.0688696,4.0645766,4.0610614,4.062381,4.055022,4.064165,4.0622506,4.064699,4.060576,4.0539927,4.0754004,4.074466,4.0850224,4.079409,4.0810657,4.061571,4.0686946,4.078183,4.067291,4.0706024,4.0868893,4.0816326,4.084924,4.0927176,4.0724006,4.080628,4.093428,4.0794578,4.095723,4.0970383,4.089073,4.096725,4.0811877,4.082035,4.0847807,4.088342,4.0983715,4.0962214,4.08811,4.091344,4.091756,4.1153545,4.098006,4.1031938,4.100274,4.0962253,4.0888457,4.0939956,4.110773,4.107495,4.1056013,4.12368,4.126655,4.095239,4.1225986,4.084861,4.102879,4.095875,4.0978565,4.097007,4.130045,4.1169176,4.1039658,4.1399474,4.1444616,4.116049,4.124088,4.114804,4.108602,4.1191826,4.125054,4.1078815,4.136489,4.135815,4.102395,4.1343274,4.1602483,4.1253242,4.1464796,4.143134,4.126722,4.1137047,4.134648,4.152551,4.145156,4.127928,4.1330724,4.142038,4.1658297,4.1589446,4.127176,4.1627774,4.143729,4.1471257,4.1116195,4.1656036,4.105754,4.119415,4.137478,4.1334305,4.1492376,4.1406555,4.15506,4.1644545,4.135932,4.118161,4.156716,4.141741,4.147016,4.1679053,4.1748853,4.1677504,4.169602,4.1827846,4.163419,4.168945,4.179622,4.159285,4.1862226,4.1732073,4.1879563,4.1659694,4.16486,4.1685324,4.181174,4.1547475,4.174296,,,,,,,,,,,,,,,,,,,,,,,,,,,,,,,,,,,,,,,,,,,,,,,,,,,,,,,,,,,,,,,,,,,,,,,,,,,,,,,,,,,,,,,,,,,,,,,,,,,,,,,,,,,,,,,,,,,,,,,,,,,,,,,,,,,,,,,,,,,,,,,,,,,,,,,,,,,,,,,,,,,,,,,,,,,,,,,,,,,,,,,,,,,,,,,,,,,,,,,,,,,,,,,,,,,,,,,,,,,,,,,,,,,,,,,,,,,,,,,,,,,,,,,,,,,,,,,,,,,,,,,,,,,,,,,,,,,,,,,,,,,,,,,,,,,,,,,,,,,,,,,,,,,,,,,,,,,,,,,,,,,,,,,,,,,,,,,,,,,,,,,,,,,,,,,,
3.9527037,3.9470968,3.9593925,3.9369507,3.9200704,3.933765,3.9353428,3.9098551,3.9461086,3.9290996,3.8957336,3.9373324,3.8973994,3.8891058,3.8849714,3.8864405,3.9239893,3.8885627,3.8703542,3.8769705,3.8662786,3.8575704,3.8734198,3.8800967,3.8565326,3.8736954,3.8530889,3.8624728,3.8663268,3.860651,3.8657646,3.8404722,3.8397155,3.8460946,3.8430433,3.853227,3.8425188,3.844528,3.8403704,3.8308723,3.840386,3.8313985,3.826257,3.8235462,3.8150084,3.798531,3.825151,3.7957532,3.777578,3.7698872,3.7327383,3.7082667,3.6900387,3.6682322,3.6567645,3.6388426,3.6006386,3.5680778,3.5622754,3.5283303,3.4870462,3.4918265,3.4609203,3.4268315,3.3845742,3.4094524,3.3304565,3.3291953,3.3026724,3.290076,3.2963886,3.2503304,3.258581,3.247934,3.234837,3.2377338,3.2201207,3.2310078,3.175763,3.1619127,3.154673,3.1398988,3.1393723,3.1362205,3.1194086,3.120822,3.1297154,3.098715,3.1194174,3.1211772,3.1001232,3.1285598,3.1203127,3.1188135,3.1098664,3.0982096,3.1220243,3.1270006,3.118535,3.1139417,3.1103399,3.1282845,3.1768453,3.1325715,3.1812923,3.172035,3.194816,3.190876,3.181246,3.2299678,3.2123291,3.2101018,3.2173355,3.237528,3.2402484,3.2672377,3.267232,3.262745,3.279916,3.2833657,3.278825,3.2736044,3.29724,3.306973,3.3081071,3.3506074,3.3637445,3.3534167,3.3884118,3.4124558,3.3919065,3.432547,3.4139824,3.4491181,3.4303257,3.4381065,3.4301703,3.4644682,3.4713407,3.476691,3.4901042,3.4707503,3.5192661,3.520956,3.5138507,3.5402784,3.5331936,3.5434678,3.5522776,3.564083,3.576951,3.597786,3.5950446,3.6076794,3.5943851,3.6131892,3.6519232,3.6220899,3.6355622,3.645494,3.6646073,3.6899755,3.625287,3.6609943,3.6620586,3.6848826,3.7012935,3.7075567,3.7057812,3.6891787,3.7194092,3.71439,3.7080193,3.7105455,3.7106652,3.716511,3.7056332,3.716488,3.7153761,3.740361,3.741522,3.7599192,3.750534,3.7535987,3.7810507,3.7920291,3.7675905,3.775009,3.7814162,3.8078964,3.7677295,3.8193743,3.809385,3.82689,3.8101027,3.8304114,3.8226352,3.8262072,3.8098338,3.8111382,3.8292542,3.865868,3.8326576,3.8276691,3.8365345,3.8536634,3.8529427,3.8476522,3.8221934,3.8563685,3.8570957,3.8550515,3.845105,3.852447,3.8670645,3.8563612,3.866015,3.8750405,3.850023,3.8711162,3.878417,3.8829129,3.8686435,3.875527,3.8718677,3.8632634,3.8723564,3.8790815,3.872363,3.872265,3.884155,3.881542,3.864429,3.8863285,3.873591,3.8846402,3.8866985,3.9101784,3.8852036,3.9046838,3.9079216,3.8853314,3.8898215,3.9150743,3.900883,3.938326,3.9280164,3.890845,3.8983262,3.8932195,3.9100678,3.927706,3.901897,3.9176888,3.9207628,3.9360785,3.9236965,3.952342,3.927038,3.9038217,3.9321296,3.9484565,3.937093,3.9293814,3.9508066,3.9545743,3.971385,3.9395273,3.9386854,3.9338803,3.9423177,3.9228704,3.9340882,3.9332497,3.9173605,3.9710584,3.9308531,3.9517424,3.922951,3.9651663,3.9011583,3.9616566,3.9144228,3.933898,3.9445474,3.9234743,3.9562278,3.9435246,3.9508605,3.9386716,3.9402502,3.921824,3.9406366,3.9293988,3.9240305,3.9504397,3.935304,3.9346063,3.937315,3.9329357,3.9053626,3.9249454,3.9035885,3.9525876,3.945814,3.9485638,3.9605112,3.944685,3.9326541,3.9431345,3.954337,3.9632628,3.9549336,3.9530618,3.9409482,3.9478152,3.96729,3.9300478,3.970362,3.9357753,3.9658678,3.936859,3.9742365,3.9788072,3.9583035,3.945446,3.9527462,3.9632225,3.9698954,3.9647067,3.948436,3.9666116,3.9488678,4.0084867,3.966997,3.9768069,3.9649823,3.9673145,3.9791164,3.9733195,3.9802852,3.9819703,3.9742138,3.9837818,3.9813225,3.9774277,3.980235,3.9787912,,,,,,,,,,,,,,,,,,,,,,,,,,,,,,,,,,,,,,,,,,,,,,,,,,,,,,,,,,,,,,,,,,,,,,,,,,,,,,,,,,,,,,,,,,,,,,,,,,,,,,,,,,,,,,,,,,,,,,,,,,,,,,,,,,,,,,,,,,,,,,,,,,,,,,,,,,,,,,,,,,,,,,,,,,,,,,,,,,,,,,,,,,,,,,,,,,,,,,,,,,,,,,,,,,,,,,,,,,,,,,,,,,,,,,,,,,,,,,,,,,,,,,,,,,,,,,,,,,,,,,,,,,,,,,,,,,,,,,,,,,,,,,,,,,,,,,,,,,,,,,,,,,,,,,,,,,,,,,,,,,,,,,,,,,,,,,,,,,,,,,,,,,,,,,,,,,,,,,,,,,,,,,,,,,,,,,,
2.9665043,2.9746892,2.9848466,2.9525647,2.9730465,2.9311614,2.9613583,2.9400966,2.9473922,2.9310632,2.956511,2.9360504,2.9391425,2.9355183,2.9333124,2.9250731,2.929256,2.9338892,2.925217,2.9182134,2.9239802,2.9061463,2.917495,2.8946776,2.8977494,2.9043307,2.9009628,2.8943756,2.8913772,2.9014814,2.881762,2.8826926,2.862581,2.858542,2.8632524,2.885397,2.868777,2.8637211,2.8450556,2.860307,2.8401492,2.8364346,2.8313441,2.8149211,2.807528,2.7930446,2.7866273,2.7705014,2.7707508,2.7785895,2.7753472,2.7720268,2.7675414,2.7363083,2.6957674,2.7123866,2.6873581,2.680958,2.5808082,2.5866141,2.5689223,2.558618,2.5494,2.5275953,2.5353172,2.5299723,2.5045779,2.488547,2.5039396,2.4920218,2.4471838,2.4462595,2.4635093,2.4143984,2.4444911,2.41478,2.4022288,2.3696668,2.37871,2.34389,2.3595104,2.3382816,2.350459,2.3588755,2.3566945,2.3649733,2.372834,2.3657296,2.3574963,2.369686,2.3606992,2.3466756,2.359603,2.3568432,2.3714747,2.3663113,2.357435,2.3578157,2.3454354,2.3604093,2.3571906,2.3584542,2.3699744,2.3949218,2.356829,2.3838854,2.383974,2.3923504,2.3810704,2.3825796,2.3852139,2.3954363,2.3879442,2.4036624,2.378085,2.405598,2.4015648,2.4018278,2.427838,2.4221687,2.4484305,2.4233947,2.4378412,2.3851283,2.4520664,2.4694839,2.447469,2.4480894,2.420784,2.4569306,2.4751754,2.4662654,2.4742444,2.4547114,2.4611914,2.457759,2.4670656,2.4784348,2.4688668,2.497472,2.4647582,2.4725683,2.4838815,2.47266,2.4917903,2.4900491,2.4728656,2.4855332,2.480165,2.4941168,2.4691994,2.4853258,2.4853258,2.4930272,2.4930272,2.4904604,2.4922965,2.4917498,2.4923313,2.4926913,2.4972427,2.4849513,2.4928286,2.4928286,2.4881237,2.4857306,2.4829023,2.5069919,2.490101,2.4875076,2.4831412,2.4870908,2.4946861,2.4946861,2.4865675,2.4944258,2.4856508,2.490678,2.4870558,2.5032277,2.5219564,2.5141435,2.5188503,2.509873,2.5163686,2.5049064,2.5333078,2.5482075,2.5459778,2.523487,2.517954,2.5253317,2.5313935,2.5637112,2.6042666,2.5603235,2.5734236,2.591679,2.5651731,2.5945172,2.601128,2.599065,2.5974321,2.6071992,2.6089966,2.6162357,2.6243696,2.6018908,2.626908,2.6135821,2.6238854,2.6283143,2.6158516,2.6283298,2.610011,2.625012,2.6509247,2.644175,2.6066277,2.6609612,2.6711009,2.6850994,2.6854131,2.656977,2.6797674,2.680654,2.6840951,2.7063768,2.7051218,2.7224286,2.70595,2.7068295,2.7162676,2.705509,2.7228298,2.7145984,2.738355,2.7474604,2.727946,2.735685,2.7347,2.7373476,2.7443762,2.7730525,2.7622976,2.750879,2.7487833,2.7373233,2.7322025,2.766672,2.743201,2.7721932,2.7841887,2.781584,2.7830868,2.7946832,2.7833538,2.7984133,2.7850413,2.7775993,2.7831688,2.7934566,2.8109288,2.7947223,2.7941387,2.798118,2.7965534,2.8174927,2.8031182,2.8169293,2.808296,2.8404913,2.8292122,2.8595774,2.8763933,2.887728,2.8862867,2.9030504,2.859744,2.9244308,2.938134,2.9282987,2.9216769,2.935676,2.9684086,2.9537363,2.9521887,2.9659245,2.9654293,2.975752,2.9754553,2.9703138,2.964445,2.978989,2.9908452,2.9757967,2.9945524,2.9731467,2.9907217,2.9898477,2.988858,2.9946861,2.9912732,3.0055206,2.9958682,2.998973,3.0054095,3.0078332,2.996087,3.0114968,3.013132,3.0208406,2.9948843,3.017255,3.0129914,3.0102162,3.0159333,3.0147984,3.0156202,3.0262737,2.9983523,3.0324683,3.0211358,3.0202465,3.0075154,3.0092227,3.0052726,3.017719,2.9990363,2.9993975,3.0096428,3.014667,3.0244577,3.0031388,2.9933553,3.0205617,3.0055845,3.0008447,3.0105379,3.0176375,2.9987464,3.0005167,2.992999,3.0030718,2.9959345,3.0147753,3.0096686,3.0156302,3.0011413,2.9880548,2.9965124,2.9954515,3.0151694,3.0051095,3.0127273,3.0043893,3.0088053,3.0058782,3.0072377,3.004822,3.0047152,3.004794,3.0200381,3.0156903,3.0185575,3.018529,3.0153713,3.0273244,3.0159233,3.0162237,3.0259717,3.0198953,3.026538,3.042667,3.0144017,3.026921,3.0152502,3.0095565,3.0264146,3.028234,,,,,,,,,,,,,,,,,,,,,,,,,,,,,,,,,,,,,,,,,,,,,,,,,,,,,,,,,,,,,,,,,,,,,,,,,,,,,,,,,,,,,,,,,,,,,,,,,,,,,,,,,,,,,,,,,,,,,,,,,,,,,,,,,,,,,,,,,,,,,,,,,,,,,,,,,,,,,,,,,,,,,,,,,,,,,,,,,,,,,,,,,,,,,,,,,,,,,,,,,,,,,,,,,,,,,,,,,,,,,,,,,,,,,,,,,,,,,,,,,,,,,,,,,,,,,,,,,,,,,,,,,,,,,,,,,,,,,,,,,,,,,,,,,,,,,,,,,,,,,,,,,,,,,,,,,,,,,,,,,,,,,,,,,,,,,,,,,,,,,,,
3.8299088,3.8541563,3.8257074,3.835503,3.8218586,3.8263938,3.8224719,3.8173752,3.8127296,3.7996578,3.812923,3.8119292,3.8139997,3.794996,3.785594,3.7992153,3.7986667,3.7935479,3.7825408,3.7997394,3.7800698,3.7603827,3.781712,3.7951596,3.7893627,3.7783577,3.7586153,3.7634368,3.7820895,3.7735581,3.7459948,3.778188,3.7802138,3.7729654,3.7910826,3.7652078,3.7614655,3.7677233,3.7859454,3.7959754,3.7803478,3.7910132,3.7689018,3.7702608,3.7778392,3.7855475,3.7826004,3.7998266,3.777332,3.772148,3.736952,3.7361476,3.7475798,3.709878,3.6929843,3.662254,3.6260242,3.6004498,3.5706122,3.5714319,3.5334933,3.5200922,3.5109527,3.439414,3.437649,3.4041002,3.381672,3.403502,3.38602,3.3648386,3.3399413,3.3168776,3.3124712,3.2946284,3.3058126,3.2978783,3.2876103,3.2878325,3.2207663,3.2123888,3.241753,3.232125,3.2030594,3.1879141,3.2142487,3.1780794,3.1685936,3.1762602,3.1856987,3.191748,3.2001436,3.1715145,3.1876936,3.1933162,3.1663907,3.2057822,3.1934097,3.1926546,3.2652118,3.2291584,3.2814453,3.258834,3.2290633,3.2663934,3.2771895,3.288012,3.2867825,3.296911,3.3069057,3.3379111,3.299563,3.3361194,3.3252535,3.3323913,3.3444455,3.326802,3.334481,3.3636477,3.3702335,3.3889544,3.4024591,3.4105356,3.3768833,3.4323697,3.4518847,3.4846258,3.4693367,3.463037,3.4892967,3.5095425,3.508048,3.5001216,3.5101423,3.5427272,3.535045,3.5532138,3.5612319,3.548413,3.5916061,3.5857282,3.5922914,3.5938148,3.5936124,3.6285923,3.6203787,3.620672,3.65723,3.6370394,3.6697369,3.6640868,3.664252,3.6757019,3.6288204,3.6431727,3.6374495,3.6528208,3.6674247,3.6862552,3.6868374,3.6806104,3.7075424,3.7243042,3.7245424,3.7418602,3.72135,3.7389634,3.7348573,3.7481377,3.741616,3.7704144,3.756348,3.7441938,3.7642088,3.7626433,3.7437701,3.774566,3.790609,3.7562585,3.7907817,3.8070593,3.8076432,3.8122976,3.8111434,3.8217158,3.8115277,3.8091164,3.8447766,3.8387651,3.8254192,3.8663282,3.8304684,3.8442488,3.8424673,3.8459113,3.8524513,3.859912,3.84377,3.8735769,3.8738685,3.86227,3.8794343,3.8914857,3.899246,3.888923,3.9163606,3.935367,3.9137754,3.9207814,3.9486203,3.9471052,3.9188747,3.9462504,3.9456105,3.9667206,3.9647849,3.9730096,3.964822,3.9666722,3.9852319,3.970523,3.9676204,3.977607,3.9885693,3.9954689,3.9971015,3.9972048,3.992771,4.0001254,4.003625,4.003145,4.0065517,3.9980466,4.0226507,4.0092583,4.009577,4.008953,4.013066,4.0020995,4.012284,4.0144067,4.0106015,4.010446,4.00476,4.0377088,4.0487003,4.0060453,4.0097094,4.039308,4.0353475,4.0452304,4.0495,4.037404,4.0427475,4.063355,4.0627193,4.036794,4.0308194,4.0212436,4.0459085,4.0284753,4.061772,4.0468493,4.0491643,4.067874,4.0513163,4.0228076,4.0384054,4.028563,4.093347,4.025727,4.039343,4.045343,4.022384,4.0533366,4.0321813,4.063808,4.0423226,4.0423927,4.037676,4.0064692,4.023323,4.029896,4.029459,4.0277224,4.0403776,4.0301633,4.0433183,4.0326147,3.998463,4.042805,4.029165,4.037766,4.0332766,3.9955487,4.029693,4.026029,4.033348,4.064941,4.037988,4.018742,4.0716505,4.059841,4.06092,4.0478196,4.075025,4.038115,4.0710616,4.049568,4.045691,4.0566106,4.0692883,4.052377,4.056898,4.0566463,4.0410748,4.072311,4.077419,4.086947,4.0824857,4.090653,4.0909696,4.091593,4.08804,4.0853086,4.1071706,4.077641,4.087489,4.0915303,4.0782237,4.074959,4.091738,4.093443,4.076173,4.0878234,4.0853705,4.0947194,4.0941596,4.0904975,4.0981426,4.085802,4.097738,4.098138,4.087377,4.107961,4.109787,4.0900545,4.1154733,4.094635,4.0768943,,,,,,,,,,,,,,,,,,,,,,,,,,,,,,,,,,,,,,,,,,,,,,,,,,,,,,,,,,,,,,,,,,,,,,,,,,,,,,,,,,,,,,,,,,,,,,,,,,,,,,,,,,,,,,,,,,,,,,,,,,,,,,,,,,,,,,,,,,,,,,,,,,,,,,,,,,,,,,,,,,,,,,,,,,,,,,,,,,,,,,,,,,,,,,,,,,,,,,,,,,,,,,,,,,,,,,,,,,,,,,,,,,,,,,,,,,,,,,,,,,,,,,,,,,,,,,,,,,,,,,,,,,,,,,,,,,,,,,,,,,,,,,,,,,,,,,,,,,,,,,,,,,,,,,,,,,,,,,,,,,,,,,,,,,,,,,,,,,,,,,,,,,,,,,,,,,,,,,,,,,,,,,,,,,,,,,
3.4989607,3.5214915,3.5268342,3.5007582,3.5058432,3.5340314,3.5007362,3.534428,3.5254273,3.5335884,3.4925637,3.5140705,3.5370853,3.5457778,3.5076592,3.5117135,3.5373428,3.5325537,3.5421326,3.5531697,3.540006,3.5260952,3.55896,3.5199196,3.5523984,3.5244186,3.5477889,3.5608912,3.538525,3.5622952,3.5772526,3.5410638,3.5575585,3.5668223,3.565645,3.5640752,3.5826194,3.5548465,3.5837693,3.5519638,3.550385,3.5487316,3.5571868,3.5535522,3.5415015,3.5415986,3.5528774,3.5477188,3.4979155,3.4991236,3.4483247,3.420245,3.3935468,3.3990998,3.3840733,3.378119,3.328891,3.3127673,3.267671,3.2540548,3.2149463,3.145902,3.158718,3.1686735,3.1392007,3.1262863,3.1229928,3.1162271,3.08084,3.0626976,3.06068,3.0299757,3.0386994,3.0139744,3.0154192,2.9936407,3.0164251,2.9849997,2.9719634,2.977574,2.9250991,2.9107769,2.953277,2.9334068,2.9400768,2.9158623,2.9011447,2.9326813,2.9329357,2.9142933,2.9128523,2.9035106,2.9159877,2.9087112,2.9718115,2.917484,2.9524279,2.9392505,2.9425955,2.944428,2.9415247,2.9501345,2.9694,2.9681315,2.9847744,2.9953706,3.0066216,3.0237515,3.0137918,3.030426,3.0429537,3.0407736,3.0294335,3.040833,3.0339873,3.0355449,3.0379117,3.0314949,3.0388374,3.036526,3.034911,3.031739,3.0649116,3.0444686,3.0385988,3.0393164,3.0518441,3.045989,3.0431473,3.0629976,3.041454,3.0422373,3.045845,3.0495248,3.0469248,3.0454655,3.0339453,3.0438354,3.0405827,3.0604613,3.0496318,3.0610414,3.0557988,3.0422077,3.0397959,3.0379798,3.0350685,3.0520792,3.0425384,3.0544827,3.0570621,3.0775812,3.085304,3.0968843,3.0599306,3.0744126,3.0885928,3.0584164,3.0933256,3.077351,3.089146,3.077036,3.0936544,3.0851636,3.1037867,3.117723,3.1296287,3.1171246,3.127436,3.1049812,3.1402202,3.1174943,3.1145072,3.1019554,3.1231651,3.147839,3.132533,3.1533768,3.1426313,3.171324,3.1803148,3.162594,3.1953354,3.1927853,3.184005,3.1747258,3.209729,3.1961482,3.2195525,3.1991942,3.2092516,3.2036092,3.2036705,3.2220542,3.2104704,3.218214,3.2292814,3.2174304,3.2462716,3.2253761,3.228168,3.2529619,3.2458375,3.2576153,3.2756608,3.258602,3.2674057,3.2854872,3.2743092,3.2901516,3.2747862,3.2787507,3.2809448,3.2898128,3.303262,3.300458,3.3181407,3.3404787,3.3436847,3.3620405,3.3688657,3.3747897,3.3735275,3.3725398,3.3550136,3.3651755,3.3834257,3.370735,3.3837862,3.4052942,3.3811123,3.3855371,3.4227476,3.423312,3.4421382,3.461795,3.467615,3.4367619,3.4298964,3.476401,3.4640715,3.4718702,3.466174,3.4587317,3.4829392,3.4761786,3.472592,3.4883542,3.4887834,3.4936807,3.4921985,3.494436,3.493528,3.492114,3.4891307,3.4936466,3.4899423,3.5033062,3.4806707,3.512227,3.4933722,3.4889028,3.4902894,3.5099616,3.494152,3.5177424,3.5165436,3.5035055,3.5500464,3.535733,3.5314386,3.520535,3.501597,3.5218165,3.5243964,3.545941,3.5155933,3.5642993,3.5521605,3.5325298,3.553245,3.5730028,3.544962,3.5419452,3.5132265,3.5521297,3.5598454,3.5141008,3.5355394,3.5308268,3.5445654,3.5424957,3.5485423,3.5548506,3.5454087,3.5513575,3.5460696,3.542395,3.5016315,3.5434766,3.5241659,3.5270665,3.5211997,3.5322654,3.5343451,3.548648,3.5279043,3.552425,3.5440145,3.5610118,3.5448704,3.5406168,3.5568078,3.5490627,3.5527704,3.5311058,3.4734533,3.5268548,3.5354583,3.545542,3.52168,3.5502856,3.51977,3.521248,3.5486193,3.5572977,3.5800679,3.555117,3.547479,3.5574086,3.5410614,3.5381155,3.5707462,3.5716052,3.5395494,3.5614965,3.5879107,3.5629861,3.5846138,3.579402,3.579241,3.5689046,3.5843527,3.5784843,3.5809577,3.5846767,3.5866826,3.5927136,3.5889494,3.5766268,3.5844152,3.5957355,3.5861201,3.5888228,3.6085114,3.5920644,3.596914,3.5990083,3.5903392,3.609237,3.617434,3.6209273,3.5805695,3.6772306,3.6348622,3.6570911,3.6584656,3.6205914,3.6559134,3.6546006,3.6702728,3.6550992,3.6691794,3.6743355,3.6534781,3.665132,3.6724312,3.6593814,3.663254,3.6608722,3.6988187,3.6767476,,,,,,,,,,,,,,,,,,,,,,,,,,,,,,,,,,,,,,,,,,,,,,,,,,,,,,,,,,,,,,,,,,,,,,,,,,,,,,,,,,,,,,,,,,,,,,,,,,,,,,,,,,,,,,,,,,,,,,,,,,,,,,,,,,,,,,,,,,,,,,,,,,,,,,,,,,,,,,,,,,,,,,,,,,,,,,,,,,,,,,,,,,,,,,,,,,,,,,,,,,,,,,,,,,,,,,,,,,,,,,,,,,,,,,,,,,,,,,,,,,,,,,,,,,,,,,,,,,,,,,,,,,,,,,,,,,,,,,,,,,,,,,,,,,,,,,,,,,,,,,,,,,,,,,,,,,,,,,,,,,,,,,,,,,,,,,,,,,,,,
3.0463777,3.0349185,3.038474,3.0467474,3.039895,3.0173283,3.0166936,3.0357199,3.016395,3.0272796,3.0357547,3.0248568,3.0228944,3.0207834,3.005165,2.9965265,2.9982052,2.9984183,2.9742813,2.9759948,3.0040057,2.9798596,2.9699836,2.9979248,2.9641802,2.9537601,2.9610505,2.9566772,2.9578934,2.9480026,2.9513311,2.9586837,2.9654057,2.9643784,2.9423149,2.944883,2.9441886,2.9357018,2.9379497,2.9472818,2.9426856,2.9576795,2.948671,2.9456983,2.9560425,2.9447997,2.9575877,2.9409661,2.910002,2.946299,2.92309,2.931295,2.9171798,2.9208548,2.8952272,2.8687027,2.8685167,2.869863,2.8276594,2.8504968,2.8159614,2.7819188,2.7762458,2.757981,2.742635,2.6982675,2.6956813,2.6691658,2.6549807,2.6362631,2.6498625,2.6398408,2.6243045,2.6337,2.6027675,2.6261618,2.6045725,2.5759888,2.5644066,2.5801628,2.5880253,2.5624187,2.5525355,2.5504413,2.5840533,2.5842009,2.5455813,2.566605,2.5515492,2.55581,2.5426846,2.5352237,2.5447097,2.539294,2.5586674,2.5483932,2.5366747,2.5214722,2.5623584,2.5701437,2.5593522,2.547472,2.5476894,2.560454,2.5943542,2.5769272,2.5432882,2.5601473,2.561613,2.5521417,2.5689433,2.5618732,2.583443,2.5872204,2.5567746,2.6153843,2.5749996,2.575292,2.6050391,2.6313465,2.6169827,2.6227593,2.6292257,2.6193042,2.636791,2.6375787,2.6400766,2.6304333,2.6470437,2.650697,2.6355155,2.653055,2.6523979,2.633092,2.6376598,2.6392508,2.63194,2.6552732,2.6504643,2.6668878,2.6473222,2.6659005,2.6655986,2.676865,2.6529067,2.6816678,2.6653714,2.678983,2.6766875,2.7000847,2.6895883,2.7027977,2.6985176,2.7029016,2.7140079,2.7138085,2.7135582,2.7234292,2.7138379,2.7113469,2.732827,2.7306492,2.713188,2.7229326,2.7130177,2.7232478,2.744702,2.7548585,2.7320313,2.7439713,2.7725954,2.7747679,2.7821198,2.7716057,2.788585,2.7661672,2.7772355,2.796592,2.8243608,2.8139608,2.819714,2.8322823,2.8080893,2.8239245,2.8372152,2.8345335,2.8191688,2.8248937,2.8408968,2.8324487,2.8202078,2.8292835,2.838197,2.8554049,2.8379686,2.8335428,2.8458073,2.8644993,2.8246257,2.8580337,2.8684053,2.8896701,2.8715894,2.8440852,2.889632,2.8926568,2.9037755,2.9036214,2.885181,2.8932228,2.8998318,2.8849645,2.902708,2.9392712,2.9310915,2.933915,2.891129,2.9374352,2.942474,2.9173098,2.9479067,2.9362965,2.9537494,2.9398172,2.9520845,2.9416847,2.9740663,2.9495378,2.986335,2.9827785,2.9735408,2.9746547,2.9754858,2.985826,2.9869304,2.966558,2.9763625,2.9831128,2.9788873,2.9711878,2.9641569,2.9849384,2.9900486,2.9837644,2.992277,2.9718611,2.9779806,2.9801288,2.9622748,2.987715,2.9905796,2.9769073,2.9889805,2.9765234,2.9767642,2.9666138,2.984265,2.970346,2.9648476,2.9818702,2.9755752,2.9696972,2.9662101,2.9834867,2.984543,2.9883616,2.9816122,2.9821458,2.9848475,2.977477,2.9958243,2.9915786,2.9900558,2.9970088,2.9914157,2.9853957,2.9952242,2.986456,3.0010486,2.9869795,2.999385,3.0124822,3.0004952,2.9772274,3.012243,3.0285916,3.0341918,3.0205019,3.0285585,3.0367002,3.0421872,3.0362382,3.0273137,3.045317,3.0487812,3.0428035,3.0422697,3.0181863,3.031507,3.059039,3.0410686,3.0400622,3.0419123,3.0422344,3.07095,3.0665824,3.078926,3.0794654,3.0783365,3.0726073,3.1008468,3.0748596,3.083244,3.07733,3.0817537,3.076455,3.077209,3.0957587,3.0893764,3.0742874,3.0818818,3.100525,3.0766265,3.1108615,3.109842,3.1080666,3.108053,3.1057072,3.0884671,3.1040165,3.1346657,3.1232023,3.104982,3.112337,3.114226,3.1223688,3.106928,3.1137443,3.135135,3.1037822,3.1149557,3.1085303,3.1153858,3.1191523,3.127538,3.1079137,3.122405,3.0965452,3.123723,3.115653,3.131354,3.0901024,3.109315,3.1186314,3.0951293,3.1159284,3.10774,3.1009076,3.0909016,3.1055987,3.115916,3.104084,3.1160395,3.1064994,3.071105,3.090546,3.0927422,3.095528,,,,,,,,,,,,,,,,,,,,,,,,,,,,,,,,,,,,,,,,,,,,,,,,,,,,,,,,,,,,,,,,,,,,,,,,,,,,,,,,,,,,,,,,,,,,,,,,,,,,,,,,,,,,,,,,,,,,,,,,,,,,,,,,,,,,,,,,,,,,,,,,,,,,,,,,,,,,,,,,,,,,,,,,,,,,,,,,,,,,,,,,,,,,,,,,,,,,,,,,,,,,,,,,,,,,,,,,,,,,,,,,,,,,,,,,,,,,,,,,,,,,,,,,,,,,,,,,,,,,,,,,,,,,,,,,,,,,,,,,,,,,,,,,,,,,,,,,,,,,,,,,,,,,,,,,,,,,,,,,,,,,,,,,,,,,,,,,,,,,,,,,,,,,,,,,,,,
3.4400697,3.4600036,3.4531336,3.455181,3.4705403,3.468644,3.458454,3.4659412,3.4649184,3.446456,3.443859,3.4518583,3.4441154,3.4386733,3.4626505,3.440243,3.4393868,3.4635804,3.436005,3.4213603,3.4257843,3.4288797,3.4014897,3.3919086,3.3759081,3.390136,3.3501823,3.3395112,3.3558512,3.324878,3.3296893,3.3585992,3.344505,3.3371904,3.3352628,3.3474944,3.3207083,3.328095,3.3159933,3.3230443,3.3246899,3.320925,3.3281467,3.300868,3.312991,3.315627,3.3070607,3.2657115,3.2671342,3.2753446,3.220625,3.1656644,3.1479368,3.1198437,3.1302233,3.0956924,3.0991273,3.0650945,2.995608,2.986219,2.9999151,2.9472532,2.9297502,2.9436855,2.913955,2.8891134,2.8955126,2.8417888,2.8340566,2.8357973,2.8313618,2.7914538,2.7710502,2.778306,2.7157905,2.7379713,2.6867995,2.6926553,2.6921384,2.6809556,2.659328,2.6540613,2.663974,2.661492,2.6530292,2.6431634,2.6571634,2.645692,2.6607442,2.671934,2.6417618,2.6594508,2.661673,2.6400375,2.6657343,2.6525147,2.6448176,2.6635094,2.6529794,2.6530056,2.6428714,2.646912,2.661306,2.6668878,2.6735919,2.6727664,2.6947317,2.6604362,2.694544,2.6983416,2.7350411,2.759839,2.765688,2.7521996,2.7613285,2.766316,2.820954,2.8201869,2.8233144,2.8214285,2.8490868,2.8643315,2.86479,2.888765,2.8832333,2.879787,2.8807104,2.9153535,2.9360614,2.9426248,2.932897,2.9307625,2.9369311,2.9338484,2.950496,2.987482,2.9572334,2.9895608,2.998726,3.0008314,3.0252945,3.0226247,3.0380807,3.0540242,3.0403275,3.0518746,3.0503848,3.093659,3.0915184,3.124674,3.1149926,3.1075742,3.1217725,3.1203156,3.1233535,3.1445305,3.1497486,3.143489,3.159411,3.1581635,3.1543725,3.1772254,3.167536,3.1644557,3.2076166,3.1688929,3.195012,3.2049441,3.201712,3.2418764,3.2170217,3.2244136,3.227622,3.241639,3.2328205,3.2391315,3.2527416,3.2718434,3.271538,3.252981,3.2714858,3.2632527,3.2799656,3.274296,3.2927802,3.2708988,3.279963,3.2973864,3.2953246,3.3205402,3.3055425,3.3291132,3.2974863,3.3145897,3.3258147,3.3230648,3.3261487,3.334239,3.345035,3.36211,3.36191,3.3529065,3.3643909,3.3614402,3.3883433,3.3823965,3.3496428,3.3703303,3.3803613,3.3905466,3.3768022,3.3664284,3.3742223,3.381239,3.3808746,3.3981051,3.4011285,3.4106364,3.420815,3.396259,3.4128928,3.3984907,3.411177,3.4070807,3.4006774,3.4344282,3.4258287,3.4721553,3.4560926,3.4654396,3.4634528,3.4726317,3.4893534,3.4677806,3.469743,3.4956892,3.465074,3.471897,3.4788423,3.4868703,3.4691086,3.4842246,3.4960215,3.4912918,3.5196228,3.5128028,3.5166116,3.5119312,3.5193832,3.512777,3.5075948,3.5161397,3.5346415,3.5348089,3.5640705,3.5249534,3.554701,3.5605602,3.5500484,3.5607164,3.5608783,3.5655584,3.5604339,3.5794818,3.5629423,3.5508013,3.5706596,3.5815198,3.5849175,3.5746768,3.5861375,3.585785,3.5856218,3.5841215,3.5910823,3.5802262,3.587915,3.6201036,3.6011806,3.5904803,3.576907,3.5774755,3.596968,3.604565,3.5967884,3.6705456,3.6072786,3.5992517,3.6280475,3.616729,3.6469765,3.6718645,3.6437268,3.6651254,3.656206,3.6496491,3.6546519,3.6800182,3.6632223,3.6454961,3.6648188,3.6478188,3.6762624,3.6987138,3.6961,3.6854134,3.692813,3.681963,3.6773956,3.7167692,3.7065852,3.702376,3.693853,3.719327,3.7086172,3.715029,3.7084548,3.706539,3.7019532,3.7173502,3.6911933,3.7124622,3.706932,3.6986392,3.7173927,3.7043304,3.7147667,3.7119071,3.7088501,3.710839,3.6989844,3.7163353,3.685747,3.6986217,3.7026486,3.7091095,3.7118976,3.7128346,3.7044628,3.7013016,3.7112942,3.7125561,3.710477,3.678187,3.704369,3.712884,3.6786504,3.6757581,3.7032003,3.6949625,3.6787508,3.7040713,3.6967838,3.6596494,3.6833441,3.7000668,3.646418,3.654602,3.6975465,3.6604946,3.6927526,3.670548,3.6501794,3.648347,3.6741796,3.6589096,3.6486385,3.6548102,3.6517644,3.6381342,3.6500828,3.6404543,3.6506417,3.6442616,3.653982,3.6446362,3.6545825,3.6318636,3.6357045,3.63574,3.6335065,3.6487389,3.6355286,3.662469,3.635176,3.65343,3.6474845,3.647531,3.6450417,3.679839,,,,,,,,,,,,,,,,,,,,,,,,,,,,,,,,,,,,,,,,,,,,,,,,,,,,,,,,,,,,,,,,,,,,,,,,,,,,,,,,,,,,,,,,,,,,,,,,,,,,,,,,,,,,,,,,,,,,,,,,,,,,,,,,,,,,,,,,,,,,,,,,,,,,,,,,,,,,,,,,,,,,,,,,,,,,,,,,,,,,,,,,,,,,,,,,,,,,,,,,,,,,,,,,,,,,,,,,,,,,,,,,,,,,,,,,,,,,,,,,,,,,,,,,,,,,,,,,,,,,,,,,,,,,,,,,,,,,,,,,,,,,,,,,,,,,,,,,,,,,,,,,,,,,,,,,,,,,,,,,,,,,,,,,,,,,,
3.712761,3.7086205,3.7013376,3.6907141,3.7023494,3.6835897,3.6685395,3.6847818,3.6857457,3.6522474,3.667069,3.654033,3.642332,3.633704,3.6089883,3.639895,3.6355448,3.5830152,3.6154087,3.5726833,3.5731976,3.580286,3.5446796,3.5899441,3.5461376,3.550277,3.5743728,3.5536602,3.5493815,3.5492723,3.5465004,3.5785022,3.5562584,3.552333,3.560603,3.524579,3.5394285,3.5427992,3.5483174,3.5598621,3.555701,3.5374522,3.5357175,3.5603411,3.5272439,3.548849,3.551606,3.5430796,3.5679936,3.548565,3.5182974,3.4982758,3.4805748,3.4505694,3.4350402,3.423052,3.400628,3.3457847,3.3592248,3.2983682,3.2911081,3.3032663,3.2774682,3.2397597,3.2319221,3.2018187,3.181686,3.1581717,3.1403894,3.1397457,3.1165438,3.087112,3.082991,3.0825033,3.083364,3.0564463,3.0577135,3.0420535,3.038237,3.039172,3.0032012,3.0035133,2.9978335,3.017568,2.9630103,2.9981735,2.9737036,2.9645264,2.9855287,2.975423,3.0008137,3.0016298,2.9711783,2.9967926,2.9968443,2.9757555,2.9856107,2.9594631,3.014241,2.990591,2.9882214,3.0058355,3.0066388,3.0323224,3.0338798,3.006155,3.0569675,3.0556424,3.034259,3.0676777,3.1095698,3.1072545,3.0942385,3.093235,3.1042616,3.0922534,3.1222014,3.111907,3.1587071,3.1466746,3.1729543,3.189033,3.190471,3.2070618,3.22087,3.2039816,3.2220685,3.2163565,3.2018743,3.2195697,3.2122624,3.2114553,3.210682,3.2100449,3.2748537,3.234018,3.2257664,3.2495506,3.2906668,3.2997253,3.305033,3.3022711,3.286929,3.296745,3.3814223,3.3420248,3.3363292,3.377694,3.3623972,3.3930936,3.374566,3.3812249,3.3922708,3.4225547,3.4187083,3.406173,3.4272609,3.4161966,3.436127,3.4368572,3.4511673,3.430364,3.4421046,3.458076,3.45068,3.4852865,3.4538927,3.5154169,3.49733,3.5255554,3.49909,3.5514498,3.5336683,3.5210836,3.5301208,3.5310967,3.5495071,3.5400274,3.5470424,3.5359848,3.5575151,3.5789752,3.5851033,3.5893595,3.5679562,3.5827358,3.600476,3.5939941,3.620529,3.6160107,3.622089,3.6336727,3.6061957,3.6610765,3.6262784,3.6297624,3.6395686,3.661719,3.677715,3.633091,3.650913,3.6957808,3.7079442,3.694318,3.6875646,3.7066755,3.6701705,3.7024372,3.713742,3.7164664,3.7138824,3.7119017,3.733871,3.7213933,3.7222488,3.7426376,3.7299342,3.7192314,3.7433558,3.7529223,3.7331846,3.7457807,3.7522578,3.7329924,3.7464323,3.7302408,3.7706323,3.7312696,3.7450686,3.7747989,3.7538886,3.769249,3.7485316,3.7714262,3.763132,3.773506,3.7807605,3.7517502,3.7765574,3.7827964,3.7718966,3.7863252,3.7602668,3.7728848,3.794368,3.8146842,3.777202,3.8025768,3.7674963,3.8029463,3.8011034,3.805906,3.7975562,3.8135748,3.8083994,3.80378,3.796909,3.8083658,3.8203993,3.8040078,3.7967422,3.8084092,3.8174767,3.808923,3.7947805,3.818304,3.8126776,3.8254836,3.8007696,3.8151994,3.8623347,3.8326523,3.837664,3.812439,3.8339748,3.81733,3.8231235,3.8455677,3.8468778,3.8539083,3.8230255,3.8471434,3.8370383,3.8609471,3.8242965,3.8639035,3.8658497,3.8672674,3.8511195,3.8410776,3.8582973,3.8687167,3.8739574,3.8616624,3.8793275,3.8907452,3.8698242,3.869724,3.897769,3.8933086,3.8838372,3.8917282,3.894821,3.8908973,3.8934805,3.8755705,3.9103174,3.8917334,3.8920784,3.8936274,3.8895142,3.9192848,3.8928611,3.8910787,3.9183648,3.891866,3.9015534,3.9241016,3.8998814,3.9240732,3.9203696,3.9273846,3.9194505,3.912991,3.945449,3.919793,3.9162664,3.9585128,3.9336727,3.9426265,3.9291244,3.9366894,3.952932,3.9607205,3.9621046,3.9692624,3.939357,3.969532,3.965269,3.976533,3.96187,3.9575903,4.0089135,3.9932961,3.9551647,3.966353,3.9920015,3.9734325,3.9977221,3.9766002,3.9827151,3.9892929,3.9778585,3.9769273,3.9646487,3.9744866,3.9808702,3.997439,3.9922585,3.9796836,3.9893,,,,,,,,,,,,,,,,,,,,,,,,,,,,,,,,,,,,,,,,,,,,,,,,,,,,,,,,,,,,,,,,,,,,,,,,,,,,,,,,,,,,,,,,,,,,,,,,,,,,,,,,,,,,,,,,,,,,,,,,,,,,,,,,,,,,,,,,,,,,,,,,,,,,,,,,,,,,,,,,,,,,,,,,,,,,,,,,,,,,,,,,,,,,,,,,,,,,,,,,,,,,,,,,,,,,,,,,,,,,,,,,,,,,,,,,,,,,,,,,,,,,,,,,,,,,,,,,,,,,,,,,,,,,,,,,,,,,,,,,,,,,,,,,,,,,,,,,,,,,,,,,,,,,,,,,,,,,,,,,,,,,,,,,,,,,,,,,,,,,,,,,,,,,,,,,,,,,,,,,,,
3.3805723,3.3975828,3.3885925,3.4181652,3.4078538,3.401328,3.406004,3.4136343,3.3883514,3.4482143,3.4287188,3.4526207,3.445863,3.4201188,3.4602666,3.4459085,3.4339507,3.4741945,3.4380865,3.4641562,3.4422748,3.4830813,3.478981,3.4665189,3.4693747,3.4859262,3.452181,3.4582193,3.4892628,3.4818592,3.5029206,3.491886,3.4967372,3.4803567,3.5238013,3.507102,3.5108347,3.5141265,3.5072072,3.5108836,3.4958282,3.5316586,3.5173512,3.5282562,3.5334451,3.5346498,3.5499477,3.5313237,3.527913,3.5288851,3.510562,3.5031142,3.4883451,3.46412,3.4322042,3.3881028,3.3807034,3.3692849,3.340058,3.3232214,3.3197832,3.286027,3.2509828,3.212127,3.211744,3.1854227,3.1760576,3.1471317,3.1473603,3.1409748,3.1287847,3.1118493,3.0893795,3.0692585,3.0829442,3.0424228,3.051983,3.0297668,3.03309,3.033156,3.003453,2.9913402,2.9784436,2.9546573,2.9686687,2.9424622,2.922872,2.9603584,2.935652,2.9640713,2.941443,2.9364707,2.9522135,2.9554565,2.932601,2.9775605,2.9669132,2.975036,3.0096684,2.974761,2.9717484,2.9713814,2.985992,2.9938123,3.0263581,3.0337393,3.0394952,3.0310915,3.0311825,3.0330908,3.0575714,3.0738857,3.0916178,3.0885491,3.0810688,3.1109078,3.1003602,3.1290565,3.11972,3.1346676,3.1412973,3.1407814,3.165227,3.1531045,3.139362,3.1505744,3.177806,3.1933525,3.1767707,3.1915624,3.2086976,3.2087824,3.1947803,3.2095194,3.1949277,3.2270584,3.2098386,3.2148168,3.229374,3.20157,3.2175536,3.2293417,3.239505,3.2718418,3.2800634,3.273849,3.2603264,3.2666817,3.2920048,3.3073547,3.3178,3.3108976,3.3244302,3.3242335,3.3400385,3.3307173,3.3379993,3.3343854,3.351644,3.32627,3.3705862,3.3716183,3.397517,3.381012,3.403461,3.4415178,3.40645,3.4299285,3.4340117,3.4453812,3.4419518,3.44171,3.462568,3.4606118,3.4633536,3.4872305,3.489624,3.4984362,3.4903083,3.5062194,3.5067194,3.5115952,3.5116725,3.4998438,3.5048835,3.513819,3.5092402,3.5275414,3.5130997,3.5231633,3.5266914,3.5088172,3.5216835,3.5283518,3.5282545,3.5391164,3.516066,3.5530772,3.5224478,3.5812771,3.57241,3.5827103,3.6105106,3.5830958,3.557216,3.6025784,3.6002817,3.6192932,3.5932047,3.6021428,3.627327,3.6200938,3.6189275,3.6499937,3.6384354,3.6046596,3.6601129,3.657912,3.6656399,3.6402056,3.665651,3.6508117,3.6569488,3.675615,3.6463153,3.6747332,3.676944,3.6887136,3.679951,3.6837285,3.6773267,3.6858356,3.6913257,3.6875315,3.678432,3.6870592,3.665789,3.6742141,3.6570811,3.687895,3.6880553,3.6827216,3.6869683,3.682652,3.6837082,3.6657817,3.6705675,3.6887846,3.6919434,3.6748075,3.6876695,3.6796014,3.6856527,3.6688898,3.6878412,3.6640916,3.6834283,3.6860955,3.6700704,3.6699018,3.6782074,3.674603,3.6716132,3.6682503,3.6808193,3.6795285,3.6627584,3.6761343,3.6753907,3.690171,3.6716578,3.6739538,3.6704283,3.6694272,3.6737647,3.6583734,3.681071,3.664976,3.664727,3.6700168,3.6853294,3.6668968,3.6691942,3.6705623,3.6789868,3.6705887,3.6844342,3.6746051,3.6785507,3.6786656,3.6676514,3.6698227,3.6713424,3.6762793,3.6933174,3.694326,3.716559,3.677271,3.6781304,3.6851754,3.693913,3.689329,3.6924243,3.7040353,3.692463,3.682251,3.7164423,3.7045252,3.7152722,3.7032073,3.706568,3.714548,3.6933866,3.6770456,3.74884,3.7076874,3.7019908,3.696255,3.7180214,3.7049227,3.7355187,3.7179997,3.7552395,3.7314985,3.7194028,3.749862,3.7574384,3.7375813,3.7407146,3.7106254,3.7455132,3.7398522,3.7168279,3.7319956,3.7516043,3.7163627,3.7053406,3.7401931,3.7380092,3.7319608,3.7576451,3.725095,3.7157805,3.7403858,3.7181566,3.7299306,3.7492428,3.7242882,3.7515433,3.683842,3.6879246,3.679309,3.707414,3.6934886,3.694468,3.7156224,3.686151,3.7024813,3.695607,3.7018838,3.7100105,3.6733499,3.6744523,3.6686392,3.69118,3.6940181,3.688506,3.6688626,3.6869633,3.668058,3.667542,3.669353,3.6471577,3.6468475,3.6732068,3.6500661,3.6636367,3.651308,3.6585932,3.648761,3.657006,3.63812,3.650391,3.6419508,3.6729424,,,,,,,,,,,,,,,,,,,,,,,,,,,,,,,,,,,,,,,,,,,,,,,,,,,,,,,,,,,,,,,,,,,,,,,,,,,,,,,,,,,,,,,,,,,,,,,,,,,,,,,,,,,,,,,,,,,,,,,,,,,,,,,,,,,,,,,,,,,,,,,,,,,,,,,,,,,,,,,,,,,,,,,,,,,,,,,,,,,,,,,,,,,,,,,,,,,,,,,,,,,,,,,,,,,,,,,,,,,,,,,,,,,,,,,,,,,,,,,,,,,,,,,,,,,,,,,,,,,,,,,,,,,,,,,,,,,,,,,,,,,,,,,,,,,,,,,,,,,,,,,,,,,,,,,,,,,,,,,,,,,,,,,,,,,,,,,,,,
3.2688055,3.295404,3.2858908,3.294454,3.274871,3.2894385,3.275212,3.293989,3.275817,3.2893155,3.2830226,3.2922778,3.3124616,3.295886,3.3085713,3.2830293,3.3034952,3.3167462,3.2961664,3.3166323,3.3043256,3.3103898,3.3135324,3.3112628,3.3056812,3.3098998,3.3258777,3.2917542,3.2986083,3.2872827,3.3104973,3.3084872,3.2895458,3.3010151,3.3171177,3.2967644,3.3161151,3.3216465,3.2862206,3.3021736,3.2881222,3.274367,3.2839034,3.2836778,3.266623,3.2599769,3.266814,3.2208128,3.2391255,3.2109838,3.1742222,3.1499896,3.1316257,3.1211014,3.122895,3.142456,3.0950665,3.0906308,3.0137217,3.0161471,3.000334,2.9783225,2.9299376,2.9102728,2.8754067,2.872032,2.8676207,2.8586848,2.8458242,2.800108,2.796515,2.8000093,2.802514,2.772525,2.7603087,2.7484238,2.7315814,2.7145243,2.7204044,2.6934574,2.6795566,2.6890552,2.7152402,2.7031384,2.700925,2.7006316,2.7050655,2.706181,2.681301,2.6571288,2.6726058,2.675054,2.6923943,2.6930554,2.6935794,2.6941535,2.7074723,2.7086904,2.6916099,2.6987615,2.74097,2.7458496,2.7331257,2.7320802,2.759169,2.7318184,2.7489445,2.750321,2.7629726,2.8007088,2.8217916,2.8386884,2.8473945,2.868206,2.8657312,2.8672624,2.871662,2.865855,2.8972993,2.8678894,2.8928742,2.9178627,2.9185967,2.9254143,2.9540274,2.972293,2.9547849,2.9608684,2.9813268,2.986213,2.974118,2.9967604,2.9984393,3.007419,3.053872,3.0247967,3.0370436,3.03687,3.046546,3.068435,3.0612767,3.0811417,3.0850933,3.1069973,3.064466,3.0912127,3.078651,3.1006625,3.0789108,3.086584,3.0654464,3.0645032,3.0528073,3.0603783,3.0658422,3.0598674,3.065388,3.0679502,3.060064,3.0698335,3.0442574,3.0302658,3.0162315,3.0197563,3.03183,2.975623,3.003734,2.9785378,2.9957013,2.985756,3.0041037,2.9794066,2.97366,2.995523,2.9721344,3.0095227,2.9641905,2.95646,2.9917238,2.9789684,2.9711096,3.0210936,3.0169084,2.961086,2.9923246,3.0160036,3.0056453,3.029,3.04669,3.0001168,3.0169728,3.0464144,3.0086627,3.0345044,3.0578992,3.0343137,3.062971,3.0711594,3.0871906,3.0786498,3.0689232,3.1076076,3.0867276,3.1101577,3.1389797,3.1268024,3.1217954,3.1471484,3.141934,3.1368895,3.1378033,3.168498,3.1341715,3.1400688,3.1546578,3.1421936,3.1778193,3.1800025,3.176536,3.1885343,3.1832483,3.1819322,3.2324436,3.201874,3.2143698,3.1860723,3.2281466,3.2553687,3.2720542,3.262073,3.2752118,3.2656877,3.2834048,3.3062646,3.2618544,3.2783163,3.3083057,3.3255315,3.3093257,3.3679059,3.3479662,3.2959824,3.3778257,3.363521,3.3321283,3.3705888,3.3695717,3.3516743,3.3553503,3.3566618,3.3371933,3.3334548,3.35668,3.364252,3.3633778,3.3646872,3.3802414,3.3936787,3.3789585,3.374802,3.3888826,3.3879802,3.3964717,3.387839,3.4069815,3.4060147,3.4128003,3.426289,3.42802,3.4272666,3.4272056,3.4089596,3.4206643,3.4125853,3.4262283,3.4240484,3.4263337,3.4248602,3.426633,3.4157624,3.4253836,3.4311826,3.42131,3.4235134,3.412098,3.4291458,3.422908,3.4421878,3.4177353,3.4141216,3.4121552,3.4058704,3.4199722,3.4117465,3.4184296,3.4309332,3.4229012,3.4108326,3.39841,3.410732,3.4295552,3.4047482,3.423275,3.391826,3.3967407,3.410754,3.4053996,3.3935046,3.3946662,3.4012005,3.3719196,3.3780413,3.3835745,3.3709486,3.3844051,3.2947917,3.3795598,3.3534222,3.3515453,3.3513844,3.3225334,3.330674,3.3143227,3.3292687,3.2899632,3.3308725,3.3160846,3.3081176,3.2735488,3.278114,3.2916148,3.299451,3.2927916,3.2802925,3.259713,3.3020232,3.3126872,3.2777834,3.282727,3.2903159,3.3027163,3.3115556,3.2756355,3.273186,3.284322,3.2641432,3.3039453,3.263472,3.2856574,3.2812374,3.2721832,3.2831762,3.2887664,3.2774296,3.284035,3.276111,3.2720428,3.259624,3.2639809,3.2660604,3.2660487,3.253629,3.2656808,3.2747052,3.2615585,3.265381,3.2650158,3.2646732,3.2644587,3.2641225,3.2570918,3.2652938,3.2719646,3.2597744,3.2640452,3.2375376,3.286375,3.2611976,3.2823253,3.2453737,3.325933,3.2904282,3.3043633,3.3013885,3.3001645,3.318135,3.283606,3.2617114,3.3213506,3.2895553,3.3123312,3.3125432,3.320019,3.3140395,3.301287,3.3185172,3.303542,3.322031,3.3285108,3.3404613,3.3153057,3.297617,3.318945,3.3380187,3.3422413,3.3314617,3.33655,3.324388,3.342656,3.3401947,3.3493984,3.3583727,3.347455,,,,,,,,,,,,,,,,,,,,,,,,,,,,,,,,,,,,,,,,,,,,,,,,,,,,,,,,,,,,,,,,,,,,,,,,,,,,,,,,,,,,,,,,,,,,,,,,,,,,,,,,,,,,,,,,,,,,,,,,,,,,,,,,,,,,,,,,,,,,,,,,,,,,,,,,,,,,,,,,,,,,,,,,,,,,,,,,,,,,,,,,,,,,,,,,,,,,,,,,,,,,,,,,,,,,,,,,,,,,,,,,,,,,,,,,,,,,,,,,,,,,,,,,,,,,,,,,,,,,,,,,,,,,,,,,,,,,,,,,,,,,,,,,,,,,,,,,,,,,,,,,,,,,,,
3.3172793,3.3417504,3.331549,3.3218825,3.3054457,3.2954516,3.306231,3.285132,3.2580605,3.2621267,3.2807994,3.2666907,3.2124069,3.1818588,3.1987007,3.1883714,3.2026246,3.1822915,3.180257,3.1745195,3.1678798,3.1730623,3.181648,3.168369,3.1661797,3.1690042,3.1749597,3.1556232,3.1292295,3.1236782,3.134888,3.1404681,3.1316864,3.1476326,3.1331267,3.1452243,3.1202195,3.1240418,3.102616,3.106112,3.1226003,3.129097,3.1336677,3.113221,3.126497,3.1081448,3.0953054,3.1205616,3.109737,3.1130106,3.1250293,3.1031044,3.0895212,3.0788722,3.0605173,3.0461538,3.023932,2.9979522,3.0097005,2.9792433,2.9806957,2.9376583,2.92991,2.9237301,2.9185102,2.9238467,2.9022095,2.887686,2.8715053,2.9034934,2.8623488,2.8611355,2.8387995,2.8581324,2.8385892,2.7976773,2.818068,2.8406236,2.7919679,2.7752445,2.779127,2.79429,2.7902794,2.7741656,2.7509813,2.7604916,2.7612453,2.777098,2.7923813,2.7795093,2.780813,2.7875118,2.7665017,2.7739725,2.8059702,2.8160322,2.8111317,2.7857716,2.8374717,2.8010657,2.838095,2.8553584,2.8569608,2.8512635,2.8575907,2.8984141,2.8551087,2.8703496,2.8668668,2.8571732,2.8834271,2.8975403,2.9076102,2.9040797,2.9092002,2.9369621,2.9301474,2.9334567,2.919761,2.962149,2.948138,2.9467888,2.949687,2.9675279,2.9636152,2.9665833,2.9622986,2.9762132,2.9676437,3.0070565,3.0344133,3.0381405,3.014914,3.0382626,3.0569093,3.066747,3.0702434,3.0516162,3.0918996,3.0751443,3.0800874,3.0893211,3.0874052,3.118575,3.0842578,3.08642,3.08965,3.109961,3.1055362,3.1341627,3.1068466,3.113609,3.1094449,3.1340172,3.1268103,3.169912,3.1569269,3.130148,3.1627493,3.180961,3.2342608,3.2243698,3.237371,3.24915,3.2235324,3.2529619,3.2605007,3.2612507,3.2466242,3.287876,3.2644205,3.280256,3.2965417,3.3004217,3.299385,3.2990885,3.3130007,3.3076208,3.3082526,3.3109813,3.33585,3.3150024,3.3375983,3.3300412,3.3581867,3.3765955,3.3629947,3.3628833,3.3826227,3.4062343,3.4094083,3.4140987,3.4167182,3.394514,3.4072995,3.4253263,3.4178402,3.4021475,3.4050343,3.4317827,3.45392,3.433456,3.462706,3.445847,3.4556093,3.4541285,3.4446774,3.4328952,3.4786453,3.4548235,3.4481425,3.4498215,3.4698665,3.5059202,3.482652,3.4654298,3.480481,3.5032113,3.4647262,3.4792876,3.5030522,3.5015054,3.4753199,3.5016284,3.4870312,3.4897878,3.4673102,3.4714708,3.4609454,3.4953098,3.489816,3.5067518,3.4690485,3.5115242,3.4950926,3.5061634,3.4658766,3.4629126,3.4967492,3.4950178,3.5127673,3.4913585,3.478696,3.47801,3.4481566,3.4714806,3.4859383,3.52272,3.5012612,3.4911811,3.4773767,3.4849117,3.5170436,3.4967248,3.500538,3.525394,3.4962215,3.5171425,3.5112684,3.522775,3.5331688,3.544525,3.5298147,3.561614,3.5324347,3.5561914,3.5352387,3.5527766,3.5341766,3.5599947,3.5517411,3.541661,3.579794,3.5503569,3.5751,3.566684,3.5477777,3.5630574,3.540869,3.5667365,3.5639243,3.5774293,3.5553396,3.5480218,3.5921564,3.5732114,3.5859256,3.5719402,3.5712945,3.5673156,3.579027,3.5503273,3.5582232,3.5952652,3.5868573,3.567014,3.5863688,3.5645757,3.5827544,3.5867229,3.5857613,3.5643907,3.5762455,3.5763009,3.5795453,3.600695,3.5739386,3.581207,3.5658085,3.576839,3.576522,3.5854895,3.5797908,3.5980487,3.5837193,3.582285,3.589132,3.5852487,3.5780349,3.5733938,3.588755,3.5932977,3.6233163,3.6173537,3.6186974,3.6061068,3.5999796,3.6253407,3.6288893,3.636201,3.6398008,3.6123502,3.6381438,3.6515548,3.6222723,3.626036,3.6535194,3.6628122,3.6513643,3.6729755,3.671849,3.6619208,3.678039,3.6606205,3.6871102,3.6813865,3.6834378,3.6902566,3.6849132,3.709531,3.7155478,3.7403917,3.6762931,3.7302015,3.7324376,3.7391794,3.712205,3.7238796,3.7558708,,,,,,,,,,,,,,,,,,,,,,,,,,,,,,,,,,,,,,,,,,,,,,,,,,,,,,,,,,,,,,,,,,,,,,,,,,,,,,,,,,,,,,,,,,,,,,,,,,,,,,,,,,,,,,,,,,,,,,,,,,,,,,,,,,,,,,,,,,,,,,,,,,,,,,,,,,,,,,,,,,,,,,,,,,,,,,,,,,,,,,,,,,,,,,,,,,,,,,,,,,,,,,,,,,,,,,,,,,,,,,,,,,,,,,,,,,,,,,,,,,,,,,,,,,,,,,,,,,,,,,,,,,,,,,,,,,,,,,,,,,,,,,,,,,,,,,,,,,,,,,,,,,,,,,,,,,,,,,,,,,,,,,,,,,,,,,,,,,,,,,,,,,,,,,,,,,,,,,,,,,,,
3.4248927,3.4132802,3.4172564,3.419528,3.4245925,3.4021049,3.4163885,3.4026854,3.405909,3.4066865,3.3977675,3.3953323,3.427789,3.3993223,3.3982527,3.41183,3.4254777,3.4001412,3.4476838,3.4145353,3.4257286,3.4143956,3.4157507,3.4293237,3.4316115,3.41749,3.42314,3.4420166,3.4361038,3.4050438,3.4119067,3.4431136,3.4175456,3.4287796,3.423578,3.4471788,3.4212992,3.4463232,3.436562,3.4330983,3.4576526,3.4336588,3.432439,3.4100747,3.4471614,3.4233627,3.4261987,3.4031036,3.3890316,3.4258883,3.3810215,3.3820412,3.3673556,3.3632107,3.3645914,3.3296866,3.30121,3.287573,3.2526913,3.2088678,3.183487,3.1371715,3.127275,3.1275434,3.1103668,3.1032066,3.0975947,3.0597796,3.0656378,3.0558498,3.0121353,3.0179589,3.026226,2.9568977,2.9727902,2.9455707,2.9639416,2.9375932,2.923901,2.9264598,2.8958836,2.930146,2.9180658,2.9114945,2.90592,2.8623464,2.8688967,2.8823411,2.8866618,2.8791988,2.8704019,2.855745,2.8590705,2.8890464,2.8711271,2.8461218,2.897651,2.884157,2.9250724,2.920791,2.903226,2.8949132,2.9297996,2.9051065,2.9533412,2.9460175,2.9483297,2.9449308,2.9436746,2.9419308,2.9674115,2.9834325,2.9944534,3.0103269,2.9857602,3.0069287,2.983878,3.0456,3.0314684,3.0426395,3.0459964,3.0693543,3.0695362,3.073516,3.0769725,3.0874124,3.1037166,3.0920632,3.1071274,3.110596,3.122384,3.1296787,3.1121488,3.1128561,3.1419315,3.1382868,3.138344,3.133098,3.1455905,3.1410296,3.1436462,3.1790855,3.1491544,3.1592288,3.15114,3.1855505,3.1886878,3.1774356,3.2259007,3.2152977,3.196623,3.2089188,3.241051,3.246412,3.2298098,3.2498538,3.279034,3.2954872,3.2702196,3.2817585,3.3188066,3.3042383,3.3010511,3.3068871,3.3146186,3.3289258,3.3043349,3.3546147,3.3423424,3.3637118,3.3465014,3.348308,3.3590205,3.3359127,3.302296,3.3498373,3.3578415,3.3616693,3.3756804,3.3702781,3.3695774,3.3619552,3.3656626,3.3616724,3.3550472,3.369095,3.3750381,3.3920095,3.3459404,3.3593247,3.3674364,3.3843324,3.362903,3.3815582,3.380432,3.3704908,3.4025357,3.3799767,3.4014437,3.3784199,3.4030333,3.3886461,3.3959482,3.3766942,3.4126496,3.3921695,3.408678,3.4084742,3.43117,3.417179,3.4139764,3.4098103,3.4304633,3.4516184,3.44855,3.4617605,3.4414117,3.447766,3.460865,3.4834833,3.4640808,3.4397283,3.482678,3.4795322,3.477812,3.482924,3.4871616,3.4905248,3.5064385,3.496677,3.5174067,3.5072215,3.5146492,3.4843047,3.5372014,3.5573678,3.5422916,3.516916,3.557111,3.543658,3.548871,3.524603,3.589334,3.540888,3.567314,3.5311751,3.5384521,3.5683348,3.537331,3.5787494,3.5883005,3.5772002,3.5803137,3.5935516,3.5694687,3.599759,3.587881,3.5533087,3.5772204,3.5833423,3.584943,3.6060178,3.591764,3.5752516,3.5695262,3.572971,3.5977135,3.604061,3.608011,3.60062,3.5856276,3.5818334,3.6049862,3.6369839,3.5986214,3.6140954,3.587088,3.61376,3.601626,3.6232996,3.607799,3.58569,3.613135,3.6537876,3.641498,3.6058722,3.6285632,3.6522748,3.6431065,3.6422338,3.6313984,3.6308503,3.6649451,3.6306767,3.6550052,3.6481,3.6611898,3.6441338,3.6367834,3.6283426,3.6540337,3.6417456,3.659651,3.6641626,3.6548605,3.6600401,3.6547267,3.6448755,3.6512554,3.6570423,3.6643322,3.648038,3.6446712,3.67062,3.653963,3.6640487,3.658334,3.6388748,3.6517138,3.643252,3.6423757,3.6596828,3.6577704,3.6586072,3.6475344,3.6141136,3.6478434,3.6455045,3.6158493,3.6057148,3.6415193,3.634971,3.5866652,3.626251,3.6380475,3.6152756,3.6286085,3.618282,3.6309364,3.6408482,3.6060941,3.622745,3.616494,3.6259978,3.5775452,3.6137407,3.6139834,3.6213133,3.601731,3.5857434,3.616613,3.615972,3.6029925,3.574205,3.6043284,3.6075933,3.627427,3.6312804,3.5513248,3.570418,3.5991073,3.6093543,3.5602856,3.5924082,3.5753548,3.5749874,3.5604682,3.556475,3.5581486,3.5686631,3.5468147,3.5773976,3.5307524,3.5368953,3.5400443,3.5397804,3.527424,3.5363348,3.563641,3.5343947,3.5506089,3.534937,3.5516465,3.5501425,3.5618804,3.5521107,3.5704916,3.5411015,3.5598273,3.546986,3.5599225,3.5388577,3.5364876,3.5713637,3.5645394,3.57299,3.573946,3.5723646,3.5567672,3.5687795,3.5961292,3.5586355,3.5796664,3.5771263,3.587103,3.5708182,3.5926726,3.5833044,3.5981007,3.5760436,3.5829191,3.5871828,,,,,,,,,,,,,,,,,,,,,,,,,,,,,,,,,,,,,,,,,,,,,,,,,,,,,,,,,,,,,,,,,,,,,,,,,,,,,,,,,,,,,,,,,,,,,,,,,,,,,,,,,,,,,,,,,,,,,,,,,,,,,,,,,,,,,,,,,,,,,,,,,,,,,,,,,,,,,,,,,,,,,,,,,,,,,,,,,,,,,,,,,,,,,,,,,,,,,,,,,,,,,,,,,,,,,,,,,,,,,,,,,,,,,,,,,,,,,,,,,,,,,,,,,,,,,,,,,,,,,,,,,,,,,,,,,,,,,,,,,,,,,,,,,,,,,,,,,,,,,,,,,,,,,,,
3.307373,3.3075507,3.3120115,3.3174782,3.3128982,3.3125494,3.300829,3.3029804,3.3169749,3.3169706,3.3121693,3.3120725,3.301499,3.301918,3.3062227,3.3288512,3.31172,3.3004217,3.3014112,3.2713299,3.2912478,3.2795935,3.266581,3.262746,3.2909946,3.255539,3.2498326,3.2556965,3.243782,3.2443552,3.2579842,3.2410777,3.259451,3.255835,3.2313719,3.2562077,3.2297692,3.2159362,3.238697,3.2040963,3.212228,3.2314441,3.2360806,3.1761906,3.211294,3.1967518,3.1973262,3.1613536,3.1543095,3.1563704,3.1440127,3.1468961,3.1367378,3.1393373,3.0740142,3.0933673,3.0543203,3.0425212,3.0340126,3.0453107,2.99921,2.9402785,2.925549,2.9189413,2.9039629,2.8868253,2.8641844,2.8417354,2.8499708,2.845079,2.8680785,2.848043,2.8372648,2.810653,2.8187795,2.810661,2.7708905,2.7964242,2.762074,2.7445693,2.7216768,2.7524214,2.7276404,2.744659,2.7180521,2.7281709,2.7031546,2.7317154,2.7202992,2.707849,2.7578006,2.7333338,2.6817725,2.7043295,2.7547283,2.770301,2.7409234,2.7916276,2.7666771,2.8161988,2.8117504,2.8125832,2.8040154,2.8250256,2.8190136,2.836856,2.8382986,2.845096,2.8380816,2.883247,2.8548224,2.8569016,2.8861403,2.8900974,2.9294224,2.9159732,2.9349408,2.9442122,2.9442542,2.9782965,2.9969573,2.9932675,3.0195637,3.048432,3.0699964,3.0621684,3.066755,3.0731516,3.0859861,3.0547347,3.098691,3.110062,3.0983868,3.0968583,3.1482017,3.1303988,3.157608,3.1794734,3.1780798,3.1888902,3.1683924,3.1809635,3.215076,3.2189324,3.237046,3.2376862,3.2334657,3.2575283,3.208236,3.2478693,3.23633,3.2588403,3.2499325,3.2676194,3.2551043,3.2412767,3.212103,3.2325864,3.2405465,3.2153435,3.203991,3.205198,3.2037787,3.219526,3.2105985,3.1872609,3.1627567,3.2275813,3.184073,3.1555772,3.1454954,3.1145456,3.1339917,3.087979,3.1048245,3.082106,3.1005878,3.1114314,3.1377091,3.1344411,3.1296237,3.1201193,3.1012793,3.1009605,3.0743334,3.0681167,3.0704594,3.0959253,3.094615,3.0624828,3.0868165,3.075068,3.068569,3.0695555,3.037977,3.0720587,3.0635114,3.025895,3.0351577,3.0406904,3.001548,3.021957,3.0036626,3.000892,3.0104284,3.0039139,2.9611242,2.966623,2.9653041,2.9675248,2.9280539,2.9185977,2.879142,2.8987114,2.911139,2.9392495,2.9053133,2.9276822,2.8619769,2.8652878,2.8728924,2.8770404,2.8776493,2.86889,2.858951,2.868847,2.8504474,2.8211088,2.8045063,2.8122487,2.8121896,2.8154588,2.7816982,2.8205993,2.8332038,2.8175135,2.804034,2.831292,2.837961,2.8253503,2.792747,2.809345,2.7735775,2.8020318,2.806676,2.7576187,2.7675078,2.7759128,2.7322843,2.7370796,2.6920843,2.6921804,2.7001712,2.5947013,2.709471,2.9203625,2.826952,2.723355,2.7340102,2.748802,2.7316875,2.7402349,2.7514336,2.7289622,2.752406,2.74524,2.7936385,2.766749,2.8028357,2.7892604,2.8263142,2.838185,2.8308344,2.819484,2.8227034,2.827883,2.8264995,2.815091,2.826205,2.8259978,2.865457,2.8698175,2.8472633,2.8425846,2.853405,2.8560705,2.8691974,2.880681,2.9082,2.904825,2.8969944,2.9076362,2.9155605,2.9017782,2.923061,2.924973,2.9219983,2.9456213,2.9231672,2.9213974,2.9276638,2.9213872,2.9260206,2.9192395,2.9128733,2.9220104,2.9232333,2.920613,2.8987746,2.9401429,2.9481366,2.9352176,2.927313,2.9443815,2.942199,2.927255,2.915386,2.8900952,2.8615463,2.8800292,2.896578,2.888965,2.9276009,2.8438988,2.7724004,2.7332218,2.71966,2.722915,2.732821,2.7354429,2.7532165,2.7737045,2.7332644,2.7037282,2.6941507,2.7433665,2.7368479,2.7563086,2.780185,2.7963006,2.804742,2.819468,2.8198366,2.8385136,2.8468454,2.8296087,2.8384657,2.8517764,2.8384168,2.849738,2.8678799,2.8438025,2.9415536,2.939429,2.9612522,2.941413,2.9684482,2.9451728,3.0484943,3.0467944,3.0512197,3.0529807,3.051187,3.0579379,3.0522852,3.079215,3.0915914,3.0887642,3.0973787,3.2856288,3.2630687,3.188974,3.1581721,3.0980952,3.0858197,3.132155,3.0885012,3.1030464,3.0942993,3.103979,3.0914545,3.0985956,3.0723367,3.0862005,3.0872533,3.0933843,3.0995371,3.0860062,3.0874686,3.0956547,3.1034029,3.1281762,3.2064176,3.196845,3.1680906,3.3208656,3.2108567,3.181423,3.176047,3.2224765,3.1791823,3.1701117,3.1806839,3.2154157,3.200377,3.229142,3.253818,3.2317595,3.2277842,3.2370546,3.222299,3.219184,3.220354,3.2209754,3.2254243,3.214388,3.2256188,3.2031248,3.3136594,3.1588445,3.1859803,3.1493542,3.1398685,3.128172,3.100179,3.1222785,3.1109452,3.085762,3.0643363,3.061484,3.0386724,3.0502224,3.0359335,3.024425,3.0112886,2.9994674,3.0177562,3.0297456,3.0182128,3.00612,3.0102432,2.9959254,2.9875097,2.9676504,2.9791763,2.9761984,2.965635,2.9623163,2.956349,2.9328609,2.9547384,2.9396734,2.9353447,2.928475,2.917748,2.911119,2.9139721,2.89703,2.8859622,2.8745534,2.8740332,2.845422,2.8568914,2.8516254,2.862979,2.848901,2.8597727,2.891621,2.8725724,2.8691986,2.864673,2.8732152,2.862831,2.8483238,2.8547766,2.8880503,2.8586705,2.8707216,2.8710139,2.9036205,2.8830533,2.90965,2.933769,2.942505,2.9126105,2.9270113,2.9517858,2.944431,2.94246,2.9423602,2.9621887,2.960091,2.946732,2.9659407,2.952506,2.954101,2.9538622,2.98465,2.9718142,2.971369,2.8546956,2.857431,2.8726795,2.8593009,2.8913379,2.875697,2.8730876,2.9037702,2.9583738,2.9515164,2.9608939,2.9684348,2.9725404,2.978034,2.995047,2.988395,2.9858563,2.99734,2.9813468,2.97758,3.009519,2.9974701,2.99326,3.0190847,3.0210268,3.0347493,3.0446892,3.0462122,3.0663028,3.0814722,3.0992885,3.0684292,3.0730357,3.0931494,3.1126676,3.1059089,3.1228955,3.112832,3.1255615,3.1037984,3.1322744,3.1241815,3.125164,3.1199749,3.124497,3.1293023,3.145593,3.1441615,3.1287243,3.141631,3.154351,3.1506047,3.1487148,3.1689548,3.1605728,3.1486163,3.1327407,3.179838,3.1483595,3.1716216,3.148058,3.1807814,3.1786754,3.1763754,3.2049444,3.187765,3.213967,3.1924338,3.2111588,3.2171674,3.2146087,3.204665,3.2079515,3.2036715,3.21294,3.2333133,3.2284067,3.221584,3.2148538,3.2387037,3.2376485,3.2462187,3.2618287,3.2457175,3.2251885,3.2399964,3.226828,3.2521396,3.2327247,3.236336,3.26686,3.2357025,3.2426643,3.2553747,3.2578225,3.2667186,3.259872,3.2474172,3.2614875,3.2527456,3.252604,3.2393522,3.2416697,3.2590563,3.261455,3.2821996,3.2809348,3.2656093,3.2951994,3.2670875,3.2797673,3.2682173,3.2823548,3.2710607,3.2796285,3.2590349,3.2821715,3.2760556,3.28185,3.2736983,3.2628787,3.2794285,3.283539,3.2822988,3.264017,3.2682142,3.2733498,3.2487,3.2488596,3.2837846,3.3044162,3.2937222,3.2677069,3.2943327,3.289226,3.2955163,3.2894347,3.281923,3.2720082,3.2964354,3.2843118,3.3080516,3.2994554,3.3052166,3.2911644,3.298659,3.2804644,3.2793226,3.2987769,3.275249,3.2951553,3.2807233,3.291183,3.283255,3.301441,3.3058066,3.3016171,3.305289,3.297226,3.30566,3.2921207,3.2918003,3.3063262,3.3191032,3.3041816,3.2995312,3.2966845,3.3010178,3.3270926,3.3050237,3.306449,3.2997673,3.3033564,3.3108895,3.3000574,3.30476,3.3256047,3.318104,3.3150804,3.3146577,3.3450623,3.3418524,3.316406,3.325943,3.3291724,3.3219438,3.345849,3.32589,3.3138711,3.335434,3.3338888,3.3310142,3.3083966,3.325906,3.3233862,3.3062024,3.307478,3.3170543,3.3071003,3.3307457,3.3517041,3.297591,3.3210492,3.3286057,3.319482,3.2810256,3.3198328,3.3202887,3.3081834,3.3005996,3.2891386,3.289582,3.2559757,3.2275665,3.2276764,3.1873295,3.1809006,3.2089813,3.1745894,3.1739423,3.1903696,3.1777499,3.1772726
3.2136075,3.191234,3.1852927,3.1969233,3.2104044,3.190085,3.1908014,3.2037811,3.1927576,3.2048566,3.2112586,3.2064753,3.1985116,3.2083623,3.1999674,3.1951485,3.201838,3.2007825,3.199048,3.173982,3.2039478,3.2086082,3.1842918,3.1755533,3.2042599,3.1974206,3.205631,3.1993196,3.2027373,3.1874225,3.201117,3.1763659,3.1880336,3.191677,3.17157,3.1867847,3.1907868,3.1777103,3.1866,3.1946366,3.1772857,3.2016118,3.1660678,3.1924002,3.2267394,3.1992793,3.1706393,3.1476161,3.1680613,3.1763372,3.136613,3.1442525,3.0806987,3.0445015,3.0462818,3.0265324,3.0129864,2.9914172,2.9721365,2.9571,2.9150188,2.9048216,2.862895,2.8696063,2.8550153,2.8252752,2.8001468,2.8206155,2.801052,2.7980788,2.712821,2.738187,2.7101061,2.6931667,2.671858,2.6499243,2.6342304,2.632816,2.627951,2.6206906,2.612472,2.6080418,2.6140523,2.5936735,2.615381,2.609895,2.5944462,2.6112194,2.5912595,2.5782049,2.5836344,2.5714607,2.560062,2.5760524,2.5674806,2.567678,2.5760565,2.5833704,2.5827198,2.5669167,2.5978665,2.599842,2.5803025,2.6071835,2.5902112,2.6065047,2.6105955,2.6065743,2.611081,2.627618,2.617662,2.6233127,2.6299665,2.6351888,2.6392014,2.6750963,2.6550975,2.682769,2.6584363,2.6773078,2.7093942,2.6902313,2.7236676,2.7342958,2.7623677,2.7339933,2.7335153,2.7413223,2.7469344,2.7538662,2.7382555,2.7328708,2.7524,2.7793157,2.768874,2.824781,2.816649,2.823739,2.8124425,2.8140087,2.8206553,2.812013,2.8210444,2.8080285,2.81445,2.809005,2.8040173,2.815565,2.8232043,2.8428445,2.8206546,2.8194218,2.8184268,2.831624,2.8383594,2.8430958,2.844185,2.8259473,2.824346,2.8447819,2.8500621,2.8521,2.8620107,2.831254,2.8530974,2.8396184,2.848042,2.8253632,2.8536866,2.8743052,2.8763165,2.8656104,2.856907,2.8728025,2.875087,2.8618655,2.8719935,2.8790956,2.8448837,2.8669362,2.8769872,2.8923695,2.8557687,2.865371,2.8719819,2.8972654,2.8806078,2.9077168,2.9119523,2.9065008,2.912446,2.930561,2.9062612,2.9233308,2.9113402,2.9503865,2.9312572,2.965069,2.964586,2.963798,2.9716337,3.0026329,2.9892662,2.9911716,2.9949663,2.9901333,2.99117,2.9858575,2.9926,2.9927835,2.9888616,2.983485,3.0233588,3.0488968,3.0496373,3.0260358,3.0590246,3.06037,3.0568006,3.083674,3.0745392,3.0846505,3.0790923,3.0788596,3.0874,3.1247156,3.1037772,3.1218448,3.1247957,3.1000109,3.1297066,3.1189275,3.1423905,3.1271036,3.1230958,3.130519,3.1272855,3.1323218,3.1487596,3.129091,3.1321752,3.1263294,3.137981,3.1303418,3.13013,3.1256568,3.1372178,3.1340122,3.1317053,3.1360912,3.1384606,3.1315129,3.1346722,3.1181571,3.142752,3.129851,3.1389136,3.1286159,3.132399,3.1171896,3.1230967,3.1381254,3.1601727,3.1343699,3.1345935,3.137898,3.139588,3.1290748,3.1282356,3.1292636,3.1340935,3.1593125,3.1666348,3.13331,3.1298144,3.1461167,3.1634047,3.173301,3.1629326,3.174646,3.1859124,3.16629,3.1940632,3.1628613,3.1775298,3.1722722,3.1754405,3.190103,3.1798613,3.2030761,3.2041888,3.194368,3.2093267,3.207769,3.2210903,3.2101023,3.1841857,3.2033052,3.2048624,3.2131948,3.2213712,3.192438,3.2278755,3.2196963,3.25725,3.2262368,3.2101154,3.2498817,3.2386684,3.2095885,3.206379,3.2148824,3.2209911,3.227087,3.2312062,3.2114828,3.2014136,3.2416987,3.215407,3.2520857,3.208854,3.2615767,3.2120447,3.2302146,3.222386,3.2553287,3.2330985,3.2131827,3.2261648,3.2203102,3.228013,3.253866,3.2846434,3.261436,3.2475429,3.2450001,3.2425566,3.232814,3.270972,3.2521691,3.2400239,3.2634003,3.2414513,3.250321,3.2414389,3.2417839,3.2587066,3.220261,3.2210007,3.2302032,3.2222865,3.2187243,3.2586362,3.2349586,3.2225382,3.2287626,3.2574182,3.2445881,3.2306046,3.2263346,3.2276323,3.230738,3.2209604,3.256575,3.2379608,3.250454,3.2345986,3.2684743,3.255026,3.22869,3.2207246,3.250846,3.2552245,3.2692633,3.2533064,3.255642,3.2529516,3.247231,3.2799144,3.2848125,3.2790337,3.2921667,3.3028083,3.2766516,3.2957807,3.302492,3.2879057,3.295034,3.27961,3.299486,3.2912335,3.3105385,3.2758462,3.287762,3.2976682,,,,,,,,,,,,,,,,,,,,,,,,,,,,,,,,,,,,,,,,,,,,,,,,,,,,,,,,,,,,,,,,,,,,,,,,,,,,,,,,,,,,,,,,,,,,,,,,,,,,,,,,,,,,,,,,,,,,,,,,,,,,,,,,,,,,,,,,,,,,,,,,,,,,,,,,,,,,,,,,,,,,,,,,,,,,,,,,,,,,,,,,,,,,,,,,,,,,,,,,,,,,,,,,,,,,,,,,,,,,,,,,,,,,,,,,,,,,,,,,,,,,,,,,,,,,,,,,,,,,,,,,,,,,,,,,,,,,,,,,,,,,,,,,,,,,,,,,,,,,,,,,,,,,,,,,,,,,,,,,,,,,,,,,
2.9789386,2.984824,2.9908512,2.9443336,2.9583807,2.94852,2.9709206,2.9579325,2.9670916,2.9628768,2.9694998,2.9826434,2.960001,2.9798815,2.9395733,2.9659534,2.9639344,2.9866807,2.9639769,2.9656463,2.9840775,3.001951,3.01979,2.964601,3.0387244,3.0583613,3.0306585,3.0193725,3.0473275,3.0484035,3.0496013,3.076001,3.0504978,3.0641298,3.0758686,3.0705738,3.0929437,3.091089,3.1065261,3.0904052,3.091728,3.0992339,3.1159687,3.1176326,3.105061,3.1045344,3.0915365,3.075064,3.0633295,3.046992,3.0024545,3.025011,2.978481,2.9841368,2.9766185,2.9649923,2.9682927,2.9382787,2.933102,2.9209774,2.915468,2.8697813,2.8695264,2.8570335,2.8344324,2.8418596,2.802771,2.796478,2.814889,2.803536,2.7626364,2.740607,2.7633946,2.7341335,2.7333238,2.7263782,2.7411482,2.7308044,2.7271004,2.74231,2.749594,2.7470605,2.7265787,2.7359257,2.737539,2.7396522,2.729094,2.732858,2.7517045,2.7488592,2.7422283,2.752756,2.7593377,2.7519958,2.738584,2.7533135,2.774407,2.7647512,2.793863,2.7770443,2.7862897,2.8064764,2.8170004,2.859722,2.8454077,2.849835,2.8640463,2.862138,2.8665385,2.8746135,2.8722868,2.9035087,2.8964117,2.9078906,2.8846335,2.9373772,2.960303,2.935699,2.9232404,2.9308422,2.9336228,2.942072,2.9309745,2.9536219,2.975384,2.9952776,2.9680917,2.9899158,2.9732318,2.9797788,3.0052454,2.9822478,2.9935079,3.0386658,2.9938855,3.0221124,3.0208914,3.026043,3.030213,3.0265343,3.0110648,3.006277,3.0383196,3.0376158,3.0404081,3.0216172,3.019822,3.0256555,3.0281227,3.0399106,3.0359368,3.0492928,3.0362778,3.055246,3.035349,3.0390654,3.0458655,3.024441,3.0374029,3.0365546,3.0268757,3.031068,3.0277586,3.0258188,3.0547624,3.0541434,3.0536196,3.0168035,3.0170224,3.0262551,3.0378094,3.0651128,3.0217874,3.066238,3.0621126,3.042865,3.064214,3.0710971,3.0831962,3.0448704,3.0504367,3.0735705,3.0568202,3.0529401,3.065928,3.0737453,3.0744786,3.0699944,3.0822546,3.0652149,3.0649757,3.0725036,3.0686889,3.0711396,3.0696902,3.0654607,3.0701735,3.0789871,3.065378,3.0681863,3.0787053,3.0877693,3.0797584,3.0912926,3.0895417,3.0881095,3.0715585,3.101205,3.1016293,3.092684,3.0899358,3.1049883,3.076062,3.0801666,3.0954583,3.0926754,3.0814688,3.08804,3.0931797,3.0601377,3.0977402,3.087978,3.0974736,3.0921762,3.089665,3.0858579,3.0706913,3.0895565,3.082541,3.0868866,3.0680976,3.0818918,3.086707,3.0584364,3.0854278,3.066625,3.0784771,3.056915,3.0509007,3.0396798,3.0547392,3.0434802,3.0668101,3.0578034,3.0544996,3.0595706,3.059117,3.0671072,3.0484133,3.0488186,3.0510862,3.0613382,3.0578017,3.0563428,3.0579083,3.0644698,3.0474606,3.0550933,3.0546572,3.0638065,3.0577557,3.064229,3.058894,3.0262296,3.0196588,3.0345762,3.0673568,3.0692575,3.0513003,3.0311158,3.0621345,3.066132,3.0286095,3.0234027,3.06046,3.035487,3.0461462,3.040208,3.0189164,3.0136406,3.042623,3.0558927,3.0528462,3.0297089,3.0454395,3.0541337,3.016919,3.0405905,3.0610886,3.0381482,3.0433407,3.0348275,3.0078235,3.0373724,3.042822,3.0255158,3.0339913,3.0519226,3.0370622,3.039625,3.0168898,3.0240824,3.0217083,3.0358832,3.055756,3.0340736,3.0355046,3.0480533,3.0215693,3.0504577,3.0366025,3.0573936,3.0579813,3.0621707,3.071605,3.0480843,3.0795348,3.052595,3.0497382,3.067223,3.055091,3.0577853,3.062102,3.0647418,3.0549788,3.0658183,3.0373645,3.0528026,3.0665329,3.0755906,3.0454597,3.0842354,3.0637927,3.0594964,3.0752754,3.054748,3.080526,3.0795937,3.069925,3.0549433,3.0736754,3.0740232,3.0920496,3.0894294,3.0577257,3.0807369,3.0805001,3.0765548,3.0683587,3.0873623,3.0920377,3.0911586,3.0619314,3.0707128,3.090542,3.0684464,3.0593123,3.0768018,3.0725718,3.0805397,3.0908864,3.08232,3.0591471,3.084124,3.0881894,3.0743906,3.0532472,3.0637364,3.0503469,3.051681,3.081899,3.0944965,3.0689607,3.0888288,3.0639935,3.0834143,3.0636008,3.0668156,3.0660088,3.059349,3.0291846,,,,,,,,,,,,,,,,,,,,,,,,,,,,,,,,,,,,,,,,,,,,,,,,,,,,,,,,,,,,,,,,,,,,,,,,,,,,,,,,,,,,,,,,,,,,,,,,,,,,,,,,,,,,,,,,,,,,,,,,,,,,,,,,,,,,,,,,,,,,,,,,,,,,,,,,,,,,,,,,,,,,,,,,,,,,,,,,,,,,,,,,,,,,,,,,,,,,,,,,,,,,,,,,,,,,,,,,,,,,,,,,,,,,,,,,,,,,,,,,,,,,,,,,,,,,,,,,,,,,,,,,,,,,,,,,,,,,,,,,,,,,,,,,,,,,,,,,,,,,,,,,,,,,,,,,,,,,,,,,,,,,,,,,,,,,,,,,,,,,,,
3.2777932,3.275828,3.2778318,3.2290983,3.2799277,3.2947295,3.2585475,3.2950952,3.26815,3.2743428,3.2750552,3.287306,3.2688613,3.2639308,3.281474,3.280842,3.2973208,3.2893293,3.3073347,3.2909722,3.3009388,3.2903895,3.2808723,3.2825868,3.2970653,3.2984948,3.3180652,3.306244,3.2963724,3.3218765,3.296489,3.315906,3.3149261,3.2972844,3.3209867,3.3150687,3.3288019,3.31498,3.283491,3.315315,3.3259828,3.320863,3.2997737,3.3193092,3.3187888,3.315944,3.3201356,3.322049,3.3155131,3.2799175,3.2785583,3.2788696,3.251989,3.253413,3.2273037,3.206166,3.1810448,3.1420233,3.1343465,3.147767,3.0760639,3.093277,3.07648,3.0800738,3.0529897,3.054324,3.016268,3.013596,2.9529357,2.9491887,2.9247146,2.9216194,2.9152033,2.9090593,2.904161,2.8943503,2.8797066,2.847712,2.8563473,2.857817,2.8731835,2.8399498,2.8272057,2.8388293,2.8440602,2.839378,2.8341618,2.8334496,2.8272266,2.8399603,2.8221104,2.819103,2.8293366,2.822303,2.8602915,2.8388386,2.838105,2.8336315,2.8479443,2.841771,2.8360462,2.8637848,2.85021,2.8524394,2.8642006,2.881031,2.8693566,2.870108,2.8736157,2.8749192,2.8867254,2.880742,2.9195483,2.9264503,2.9530127,2.9529057,2.980341,2.9722743,2.969425,2.9682221,2.9942024,3.0084991,3.0128324,3.0423772,3.0316837,3.023601,3.0565858,3.0446146,3.0673873,3.064765,3.0649302,3.0781019,3.0838742,3.0843287,3.0975103,3.1164055,3.117515,3.0873566,3.1242285,3.1108751,3.1492474,3.13887,3.1264677,3.143653,3.142301,3.1369495,3.160359,3.14084,3.1268141,3.1256576,3.1440392,3.1262288,3.1162295,3.1141274,3.1381762,3.1140356,3.103108,3.1284773,3.0992143,3.1130195,3.1042945,3.0852344,3.0740411,3.0622003,3.0904229,3.0811868,3.097151,3.0501857,3.0851903,3.0594115,3.0666656,3.0665014,3.085949,3.0842927,3.0840082,3.0678735,3.0576527,3.073979,3.0640323,3.0460553,3.0559905,3.0319288,3.0493627,3.0442593,3.0716035,3.0740664,3.065816,3.0247967,3.064991,3.0702147,3.068656,3.0764635,3.0669467,3.0724359,3.0769243,3.0958588,3.060834,3.0666766,3.0828204,3.0764492,3.108218,3.082232,3.0970757,3.0965312,3.1335218,3.1166596,3.1293938,3.1336372,3.1269462,3.1306455,3.1301758,3.1181529,3.1309185,3.1412263,3.1408248,3.148822,3.1424286,3.1298969,3.1193612,3.1416943,3.1232884,3.1283884,3.1396906,3.140715,3.111116,3.153291,3.1702592,3.1461027,3.1600187,3.158956,3.140055,3.1376114,3.1472807,3.108435,3.1653974,3.1378355,3.1307325,3.1188984,3.1353242,3.101113,3.1426609,3.14969,3.1265266,3.1242929,3.1403847,3.1398118,3.1566978,3.149927,3.1398191,3.1478064,3.1458206,3.1393492,3.110212,3.153081,3.1645663,3.1559348,3.1555636,3.1591492,3.1747,3.1567605,3.1451435,3.1656566,3.1748264,3.1342516,3.1279104,3.1581175,3.1468966,3.1634903,3.1349075,3.1328053,3.144362,3.1758788,3.1429589,3.1386027,3.1496139,3.1459672,3.1461682,3.143996,3.1280534,3.1514874,3.1345572,3.1409593,3.1315968,3.1531096,3.1877756,3.1442783,3.1494722,3.1703103,3.140355,3.1401856,3.1687086,3.121,3.1453102,3.1484122,3.1380386,3.1455748,3.1783638,3.1415234,3.13899,3.1626267,3.1479883,3.1447659,3.1283543,3.1541724,3.1592662,3.1413393,3.126591,3.1496305,3.165087,3.15004,3.1507616,3.1438923,3.1413367,3.1174333,3.1264524,3.1400084,3.163427,3.1888669,3.1492882,3.1727493,3.135787,3.1260664,3.1651292,3.162392,3.1539495,3.1752427,3.1703064,3.1529455,3.1688023,3.1625805,3.1679542,3.1669912,3.1610966,3.1663456,3.1659648,3.1656137,3.1838374,3.1806717,3.1636732,3.1875582,3.177047,3.1940267,3.1805882,3.1724179,3.2051268,3.2206466,3.201841,3.2421932,3.199675,3.2362213,3.1886866,3.2222965,3.2094378,3.2499845,3.2677286,3.2369287,3.2809253,3.2840755,3.2712216,3.2708282,3.2892127,3.3004603,3.26115,3.2917943,3.2780037,3.2852018,3.284765,3.2841065,3.2848287,3.3008814,3.2979205,3.3176277,3.3174803,3.3108432,3.3131773,3.317204,3.3227377,3.309223,3.2989964,3.3022346,3.347481,3.3438423,3.324597,3.3281531,3.3392198,3.3287115,3.3332102,3.3470027,3.3410206,3.3353574,3.341085,3.350122,3.3609843,3.3464913,3.3572145,3.3422897,3.3549547,3.3541787,3.3403466,3.3604288,3.3472211,3.3616347,3.3630419,3.3534527,3.3432887,3.344655,3.3722389,3.360175,3.359539,3.3455977,3.350503,3.354931,3.3519065,3.3772464,3.3611236,3.356636,3.3765357,3.3686914,3.3773828,3.3568928,3.3615067,3.381896,3.3921192,3.347402,3.366148,3.3683004,3.3727653,3.3793457,3.3816078,3.3842766,3.4006596,3.3957818,3.3831463,3.4113863,3.3802853,3.3995569,3.4094195,3.3985736,3.3969126,3.3978174,3.3886907,3.3616657,3.4091525,3.4069617,3.3656952,3.3772027,3.3697438,3.3492527,3.346589,3.3299181,3.3497477,3.3665018,3.379625,3.3598788,3.3551135,3.3607872,3.4027562,3.3643012,3.3606598,3.390151,3.359213,3.3764553,3.3696935,3.3703027,3.3560982,3.3934817,3.3605552,3.389344,3.3891914,3.3800018,3.39974,3.3762815,3.3588564,3.387503,3.374658,3.3558438,3.3640165,3.3567407,3.3244486,3.3338876,3.3896477,3.3416455,3.39986,3.36948,3.3444455,3.3936222,3.3296041,3.371134,3.384459,3.3367913,3.3439312,3.3590186,3.35983,3.3337321,3.3753483,3.32899,3.3286173,3.3642998,3.3641124,3.3599153,3.374577,3.3226132,3.3641407,3.3578582,3.3301287,3.332195,3.3506663,3.3259187,3.3548067,3.3364484,3.339106,3.3449624,3.3309956,3.3289459,3.3401742,3.3416371,3.3308609,3.3301382,3.33402,3.3297477,3.3147404,3.3285384,3.3305428,3.3164847,3.3042781,3.3152559,3.327579,3.3281465,3.3058767,3.314955,3.300872,3.315298,3.305754,,,,,,,,,,,,,,,,,,,,,,,,,,,,,,,,,,,,,,,,,,,,,,,,,,,,,,,,,,,,,,,,,,,,,,,,,,,,,,,,,,,,,,,,,,,,,,,,,,,,,,,,,,,,,,,,,,,,,,,,,,,,,,,,,,,,,,,,,,,,,,,,,,,,,,,,,,,,,,,,,,,,,,,,,,,,,,,,,,,,,,,,,,,,,,
3.040048,3.0580842,3.0696177,3.059579,3.0737164,3.0515876,3.0675557,3.0595744,3.05352,3.0477862,3.0418506,3.0517194,3.0494163,3.0633185,3.0334084,3.0378525,3.0486193,3.0541613,3.0694282,3.0631561,3.062191,3.049755,3.0547693,3.0404553,3.0486526,3.059287,3.0462716,3.0472555,3.0654187,3.0656972,3.061601,3.0276463,3.0579906,3.0692122,3.0815773,3.0593076,3.0542865,3.0848536,3.072445,3.0386481,3.0447936,3.0616543,3.076519,3.0596495,3.024478,3.0401647,3.0185122,2.986664,2.985935,2.9690104,2.9381583,2.9303696,2.9325342,2.8950346,2.9054797,2.8731568,2.8634057,2.8329844,2.836469,2.7867577,2.783978,2.7751467,2.736721,2.7486491,2.7051704,2.7032716,2.6679337,2.6762714,2.6503367,2.651082,2.6568205,2.6483173,2.6460402,2.6230335,2.6174736,2.6307528,2.6089313,2.592567,2.5708268,2.5587702,2.5704918,2.5748928,2.5830956,2.5410423,2.5802891,2.5561857,2.5645652,2.571199,2.574143,2.5574043,2.5725179,2.5833795,2.582344,2.558272,2.5764623,2.5809753,2.5747511,2.5977478,2.5882723,2.5928292,2.61466,2.6095455,2.620881,2.6219792,2.6264577,2.6105893,2.6232731,2.625933,2.6022327,2.626299,2.6328726,2.6540442,2.6291788,2.6608741,2.6396582,2.6416733,2.648789,2.6354465,2.635052,2.632355,2.6196735,2.6327593,2.6496036,2.6329443,2.6265395,2.6374643,2.6405807,2.6444187,2.637884,2.6377702,2.654733,2.6400003,2.6312046,2.6576025,2.648632,2.637489,2.6423907,2.6582336,2.652413,2.6498747,2.6462386,2.6622958,2.641594,2.6512234,2.656116,2.653162,2.6666396,2.6808329,2.6504896,2.6789215,2.6811395,2.6781435,2.672723,2.6744502,2.691584,2.6837976,2.6840851,2.688481,2.715017,2.7467217,2.7182448,2.7394004,2.7298944,2.7195923,2.726261,2.7260454,2.7498498,2.7467017,2.7374177,2.7540793,2.7419026,2.7586005,2.7635772,2.7753358,2.7482362,2.790424,2.7689548,2.7824624,2.7832825,2.7955294,2.8019633,2.7962494,2.7830708,2.7982628,2.827884,2.8055315,2.8175745,2.806877,2.8276556,2.8252695,2.819445,2.8362708,2.8127162,2.855169,2.8367157,2.866237,2.8537414,2.893498,2.9008708,2.8666246,2.879783,2.9158936,2.9184258,2.925665,2.9297688,2.9406917,2.9345596,2.9414113,2.9459043,2.943961,2.9377387,2.9481394,2.9510965,2.947359,2.9664989,2.9654877,2.9637556,2.963362,2.958206,2.9746466,2.9616797,2.958697,2.9690738,2.9771028,2.9913628,2.98925,3.0006483,3.0106652,3.010107,3.032895,3.0157833,3.058885,3.0558689,3.0438333,3.0844765,3.05898,3.0519178,3.059386,3.0834498,3.0794144,3.089211,3.101974,3.0776043,3.0883536,3.1140382,3.1361609,3.124588,3.1338792,3.1066098,3.122005,3.1055083,3.1052954,3.0972142,3.1193907,3.1318784,3.141139,3.1513095,3.1345506,3.1517327,3.1194024,3.1493113,3.150629,3.1393597,3.1333826,3.1414983,3.1241486,3.1614227,3.1344051,3.161199,3.142796,3.1651642,3.1467414,3.1480992,3.1498737,3.144505,3.1471195,3.1642745,3.125022,3.1722107,3.1305544,3.1451662,3.1252248,3.1515512,3.1571238,3.1306798,3.1476574,3.1273582,3.1550295,3.104371,3.1273777,3.1498034,3.1361442,3.105557,3.1726525,3.1133718,3.1336315,3.1219401,3.1537073,3.1299381,3.1115425,3.1699166,3.1599236,3.1247528,3.135624,3.1525898,3.1370122,3.1457531,3.1408355,3.1349163,3.1421344,3.1536024,3.1325054,3.136646,3.1128533,3.1226027,3.1400633,3.1254485,3.1132593,3.148071,3.1778955,3.1621516,3.1590257,3.1447265,3.1691062,3.13984,3.1463788,3.1438313,3.1646395,3.1789515,3.1544745,3.1710753,3.1750948,3.1744428,3.1594887,3.1923535,3.1771617,3.1858172,3.2165287,3.1822004,3.1788216,3.1733718,3.165776,3.204683,3.172995,3.2120087,3.1774905,3.185418,3.2060874,3.2233198,3.1932724,3.2068694,3.215828,3.2221344,3.210515,3.210071,3.207782,3.2550623,3.222635,3.2156339,3.2239134,3.2583566,3.2524776,3.274743,3.2350926,3.2437472,3.285006,3.273963,3.2511656,3.2648435,3.2751112,3.2879732,3.2487073,3.2774885,3.2788038,3.2801497,3.301558,3.2744107,3.2870498,3.2685797,3.301856,3.2925203,3.3013363,3.269793,3.3028016,3.2756028,,,,,,,,,,,,,,,,,,,,,,,,,,,,,,,,,,,,,,,,,,,,,,,,,,,,,,,,,,,,,,,,,,,,,,,,,,,,,,,,,,,,,,,,,,,,,,,,,,,,,,,,,,,,,,,,,,,,,,,,,,,,,,,,,,,,,,,,,,,,,,,,,,,,,,,,,,,,,,,,,,,,,,,,,,,,,,,,,,,,,,,,,,,,,,,,,,,,,,,,,,,,,,,,,,,,,,,,,,,,,,,,,,,,,,,,,,,,,,,,,,,,,,,,,,,,,,,,,,,,,,,,,,,,,,,,,,,,,,,,,,,,,,,,,,,,,,,,,,,,,,,,,,,,,,,,,,,,,,,,,,,,,,,,,,,,,,,,,,
3.0452785,3.043084,3.0483334,3.0239515,3.0285313,3.0614138,3.0440865,3.0556471,3.041559,3.0294409,3.0179906,3.0176744,3.0318651,3.020654,3.0186691,3.029523,3.0221102,3.0179245,3.0105934,3.0214536,3.0046525,3.009807,3.0163064,2.985066,3.0079432,3.0134242,2.9914632,3.0033243,2.9854503,2.9950273,3.0017316,2.996358,3.0011086,2.9949489,2.9619265,3.0145357,3.005047,3.0229855,2.971799,2.9712565,3.014755,2.953281,2.987092,2.9871113,3.0168188,2.9167304,2.9552343,2.9462616,2.9391952,2.9370391,2.9628007,2.9063888,2.9060047,2.9030297,2.9074588,2.8862555,2.8911948,2.841545,2.8311698,2.825974,2.8209372,2.8202708,2.7882192,2.8029351,2.7778528,2.748345,2.7516384,2.6817775,2.6716921,2.6667213,2.6568165,2.6448705,2.637322,2.6268203,2.633748,2.6404,2.638754,2.5955946,2.5978274,2.5959084,2.6074297,2.611536,2.6066914,2.5778694,2.5830183,2.6089098,2.5865972,2.5654323,2.589572,2.5915487,2.5949578,2.5974035,2.5849392,2.605767,2.6049476,2.5950422,2.5980065,2.6170428,2.6029341,2.6062996,2.6339734,2.6260405,2.625309,2.6544957,2.6509457,2.6385584,2.6712048,2.6568615,2.641552,2.6546426,2.6838708,2.6619875,2.6781662,2.682646,2.682655,2.682791,2.7118819,2.691105,2.7251253,2.7492707,2.737915,2.7483675,2.7630222,2.7328696,2.7469351,2.7430499,2.7481246,2.73194,2.7839441,2.7381513,2.7426805,2.7441838,2.7873182,2.7565403,2.784573,2.7932904,2.7936032,2.7825377,2.8065228,2.7928646,2.8088634,2.820492,2.7947495,2.8096871,2.7971795,2.7964523,2.779259,2.8286784,2.8150933,2.8160868,2.8128686,2.8064437,2.8238256,2.8271883,2.8219314,2.824421,2.8391197,2.8367424,2.8239884,2.8386383,2.8287828,2.850901,2.831851,2.8316293,2.8156369,2.8547306,2.864842,2.8309157,2.8472543,2.8315744,2.8380072,2.8225522,2.813491,2.8362508,2.813966,2.8412101,2.84554,2.8156223,2.848355,2.837644,2.8419638,2.8449912,2.8686159,2.8274567,2.865799,2.8366826,2.8459694,2.8761601,2.8885782,2.868591,2.847297,2.8703482,2.889557,2.876206,2.8866212,2.9089122,2.894223,2.9036582,2.9189248,2.8909616,2.907441,2.9028277,2.9015274,2.928623,2.8603873,2.9141293,2.9260828,2.9159276,2.9171786,2.9244454,2.9424784,2.9225643,2.9216027,2.922251,2.9340775,2.9378958,2.9406185,2.916664,2.9166732,2.9214468,2.9349205,2.9381518,2.925317,2.9262753,2.9508033,2.9434443,2.9219906,2.9426873,2.9377854,2.9525588,2.9403129,2.923973,2.9362745,2.9285293,2.9403708,2.9638288,2.9480517,2.9510965,2.9706528,2.9543045,2.958158,2.9465249,2.958654,2.941768,2.9564056,2.9641256,2.9677627,2.976394,2.9806118,2.9616632,2.9769363,2.9733057,2.973147,2.9808621,2.9659731,2.974791,2.9946456,2.982069,2.9561093,2.9709175,2.996788,2.9764342,2.9730802,2.972701,2.9619694,2.9522588,2.9767504,2.9695175,2.9711912,3.0027122,2.997579,2.9841323,2.9483225,2.9732654,2.9615827,2.9659815,2.9738061,2.9805396,2.9590366,2.9641068,2.9602313,2.9613774,2.9762912,2.9684567,2.9623392,2.985863,2.977133,2.9686623,2.9600844,2.973101,2.9655108,2.95143,2.9769459,2.9676154,2.9563677,2.9624968,2.9684255,2.965458,2.96178,2.9539392,2.969885,2.97537,2.9692593,2.9480107,2.9492707,2.9367728,2.948466,2.9764812,2.9537725,2.9451315,2.9572294,2.9522035,2.951174,2.9430354,2.954023,2.9508057,2.9517813,2.9427423,2.9504585,2.9623241,2.935636,2.9394596,2.9522047,2.9455588,2.942624,2.9482236,2.953803,2.9430285,2.94585,2.9494078,2.933689,2.9424973,2.9422784,2.9458,2.945769,2.9534562,2.936113,2.9505734,2.9357212,2.943284,2.9283805,2.9215326,2.9280531,2.9440017,2.921203,2.928034,2.9429464,2.9310987,2.9318454,2.9262686,2.9219034,2.9562533,2.9276538,2.9376118,2.9125257,2.9182434,2.9219954,2.9154599,2.9365587,2.920375,2.91026,2.9201932,2.9024248,2.9149976,2.9237504,2.934306,2.8954375,2.903889,2.9023054,2.9102204,2.9259124,2.9026244,2.9051697,2.8917785,2.9152918,2.8965342,2.9081383,2.899455,2.8974519,2.9044595,2.891836,2.8954234,2.8718705,2.880784,2.8848965,2.889915,2.8896096,2.8676345,2.873951,2.8636296,2.865898,2.8812318,2.8554928,2.866774,2.8652267,2.8295665,2.833097,2.8312387,2.8419569,2.8508852,,,,,,,,,,,,,,,,,,,,,,,,,,,,,,,,,,,,,,,,,,,,,,,,,,,,,,,,,,,,,,,,,,,,,,,,,,,,,,,,,,,,,,,,,,,,,,,,,,,,,,,,,,,,,,,,,,,,,,,,,,,,,,,,,,,,,,,,,,,,,,,,,,,,,,,,,,,,,,,,,,,,,,,,,,,,,,,,,,,,,,,,,,,,,,,,,,,,,,,,,,,,,,,,,,,,,,,,,,,,,,,,,,,,,,,,,,,,,,,,,,,,,,,,,,,,,,,,,,,,,,,,,,,,,,,,,,,,,,,,,,,,,,,,,,,,,,,,,,,,,,,,,,,,,,,,,,,,,,,,,,,
2.986627,2.9881582,2.9671535,2.9859135,2.9859846,2.9737499,2.99909,2.9997554,3.0171757,2.9999063,2.9921024,2.9999347,3.0236804,2.9965339,3.0162153,3.0308697,3.0000103,3.0316362,3.0190315,3.0415785,3.0638688,3.0627549,3.053666,3.0501583,3.0650225,3.064886,3.0363352,3.0599668,3.0653865,3.054571,3.042327,3.0790122,3.0620813,3.063327,3.041987,3.0795255,3.075801,3.0668619,3.0747154,3.0738223,3.0681052,3.0880182,3.0909464,3.1208293,3.0951757,3.104625,3.0925033,3.0950665,3.0748844,3.0549035,3.061262,3.0639129,3.0657485,3.0447621,3.0453,3.0066504,2.9693928,2.9231791,2.91463,2.8537586,2.872814,2.866524,2.852871,2.8465059,2.841951,2.8280807,2.8027291,2.784277,2.7815018,2.7708957,2.7271426,2.7016287,2.706073,2.66972,2.7044265,2.6922507,2.6641994,2.6517327,2.6451526,2.657007,2.6554575,2.6624267,2.6480927,2.6472495,2.649421,2.652485,2.64309,2.6435025,2.6337342,2.640143,2.640048,2.653125,2.6531076,2.6487076,2.6604235,2.645381,2.6515317,2.6558044,2.6511173,2.6658692,2.6553242,2.6643279,2.6662261,2.6766381,2.661556,2.709538,2.7164083,2.6979198,2.6980844,2.734095,2.7452583,2.7249389,2.7715325,2.784752,2.7752144,2.7863145,2.827882,2.8431551,2.826042,2.8460093,2.847445,2.83999,2.855102,2.8528802,2.847677,2.8503199,2.8587897,2.8702295,2.86929,2.869566,2.8772945,2.9006097,2.8918135,2.9001987,2.8910336,2.9086046,2.9365435,2.9433346,2.9701478,2.960863,2.9365513,2.9538152,2.9665759,2.9585397,2.9617758,2.9720523,2.9837308,2.9749384,2.985271,2.9875574,3.0051682,2.9946642,3.0068555,3.0108142,3.0061228,3.008852,2.9993627,3.005905,3.0021923,2.9998422,3.0084155,3.0198503,3.0089993,3.0115156,3.0178223,3.0151157,3.0334125,3.0273387,3.0263197,3.0096085,3.0243092,3.0617955,3.0442939,3.081892,3.0255537,3.0345817,3.0710516,3.0510771,3.0703948,3.0659564,3.0694,3.0895822,3.102327,3.0872865,3.0845678,3.0864317,3.1037464,3.0755546,3.0923772,3.0947895,3.0918336,3.133602,3.0802877,3.1195846,3.0909631,3.1048138,3.1023915,3.115374,3.1212282,3.1374228,3.1071188,3.1334708,3.1282654,3.1252759,3.107186,3.1306944,3.1203327,3.1481786,3.1521306,3.1461315,3.1499665,3.1365423,3.1480498,3.1751974,3.1654747,3.1666493,3.1605675,3.1572268,3.1577895,3.1789272,3.1690195,3.175003,3.1575263,3.1743548,3.1739964,3.1656864,3.159514,3.1603222,3.1575074,3.178449,3.1454515,3.1730967,3.1485198,3.1597912,3.160098,3.170093,3.1526136,3.1676457,3.1578221,3.1516395,3.15811,3.14235,3.157252,3.1627965,3.133868,3.175509,3.1686099,3.1336255,3.1305318,3.133433,3.1423936,3.1378396,3.1221728,3.1113715,3.1300964,3.1092713,3.1341622,3.1285286,3.107834,3.1112428,3.1207345,3.112502,3.1094217,3.1195042,3.115628,3.127676,3.11443,3.1148453,3.1013255,3.1056466,3.1039116,3.106074,3.1007288,3.1179054,3.1128304,3.105848,3.1064868,3.0999,3.097833,3.0996418,3.1019611,3.1111076,3.099316,3.1007051,3.0989683,3.0819483,3.10206,3.1084445,3.0939815,3.0813715,3.1066108,3.1029458,3.1029758,3.1147377,3.0844429,3.1043372,3.0919456,3.102356,3.1001537,3.0968688,3.107841,3.1067832,3.1031473,3.117789,3.112553,3.1021388,3.1100771,3.1043317,3.1065943,3.0831478,3.1263018,3.0952468,3.1025577,3.1127424,3.106573,3.1067724,3.106846,3.1148868,3.1129558,3.1139789,3.1221046,3.1224413,3.1120183,3.1254923,3.1305351,3.1260364,3.1161358,3.1196747,3.105762,3.123942,3.0948062,3.109321,3.1159735,3.1302855,3.098837,3.0947583,3.117876,3.1076407,3.1083484,3.1195474,3.0979278,3.1191537,3.1159356,3.111143,3.0966558,3.1129494,3.1055288,3.1094563,3.0983396,3.1133103,3.111227,3.1097734,3.1039927,3.1059923,3.1158028,3.095264,3.1209555,3.099427,3.1055822,3.1052237,3.1055858,3.1064355,3.0862465,3.1075692,3.1142404,3.093771,3.0975018,3.1028605,3.0884557,3.0841799,3.06317,3.083927,3.0977862,3.0966916,3.0674326,3.0962331,3.0406017,3.0687966,3.080274,3.0589676,3.0570896,3.0477097,3.0489657,3.0427315,3.0613158,3.0224082,3.040355,3.05717,3.0349114,3.0329962,2.9947739,3.0410564,3.0355968,3.0392509,3.048817,3.0173917,3.01591,,,,,,,,,,,,,,,,,,,,,,,,,,,,,,,,,,,,,,,,,,,,,,,,,,,,,,,,,,,,,,,,,,,,,,,,,,,,,,,,,,,,,,,,,,,,,,,,,,,,,,,,,,,,,,,,,,,,,,,,,,,,,,,,,,,,,,,,,,,,,,,,,,,,,,,,,,,,,,,,,,,,,,,,,,,,,,,,,,,,,,,,,,,,,,,,,,,,,,,,,,,,,,,,,,,,,,,,,,,,,,,,,,,,,,,,,,,,,,,,,,,,,,,,,,,,,,,,,,,,,,,,,,,,,,,,,,,,,,,,,,,,,,,,,,,,,,,,,,,,,,,,,,,,,,,,,,,,,,,,,,,,,,
2.821642,2.8165689,2.8049629,2.8307595,2.831199,2.8200796,2.8276873,2.8298748,2.847923,2.816756,2.8317418,2.813285,2.8225172,2.8364282,2.8349292,2.839416,2.8307402,2.8274968,2.8412864,2.8472474,2.8459327,2.8275728,2.8492806,2.8333719,2.8349166,2.8367057,2.8400943,2.849832,2.844901,2.8437285,2.8369298,2.8534658,2.8710558,2.856626,2.8516362,2.8466415,2.8326972,2.8522139,2.840088,2.8480058,2.83858,2.8478508,2.8479857,2.850915,2.8636086,2.8434381,2.888598,2.8477647,2.8568342,2.8521848,2.833583,2.8520951,2.83323,2.8422759,2.8112366,2.835191,2.8159323,2.799467,2.7832685,2.7605066,2.766289,2.752935,2.7261379,2.7055178,2.6706297,2.6666615,2.649984,2.6343832,2.6441338,2.6252372,2.575795,2.6237502,2.619177,2.6150641,2.5723844,2.5778391,2.5746038,2.5668018,2.5679657,2.5363407,2.5786457,2.5394268,2.525583,2.5614793,2.514604,2.51129,2.5066247,2.5263028,2.509273,2.5253751,2.5372663,2.5183468,2.522918,2.525039,2.547917,2.5353122,2.5617867,2.5705147,2.547431,2.5685565,2.564562,2.5688217,2.5902889,2.5778148,2.60618,2.6141849,2.593156,2.613873,2.6109157,2.612144,2.6073306,2.6127124,2.630969,2.6498418,2.6398077,2.6920831,2.693216,2.7215104,2.7019727,2.732428,2.7424614,2.7340176,2.7374175,2.7651913,2.7616446,2.768353,2.7804534,2.76336,2.8038523,2.8143547,2.8335044,2.8128893,2.8325937,2.8246136,2.8405426,2.850201,2.816601,2.8290894,2.8555932,2.8645077,2.8594334,2.8697608,2.839047,2.860928,2.8265176,2.8567173,2.84722,2.8633893,2.8771067,2.8653023,2.8445556,2.8659616,2.8401942,2.8437238,2.8370926,2.8335328,2.8233895,2.8321123,2.8612273,2.8729753,2.8561623,2.876369,2.8709574,2.8530335,2.8849504,2.866984,2.859632,2.8975859,2.8778636,2.874384,2.8859007,2.8852806,2.8972628,2.9042943,2.8978193,2.880504,2.8991709,2.9226344,2.9282598,2.9211216,2.903959,2.920367,2.9020045,2.9323635,2.9140027,2.949364,2.9162626,2.9611683,2.9540794,2.967921,2.957713,2.985762,2.966125,3.017364,3.009598,3.000389,3.0031948,3.0053153,3.0169864,3.0196652,3.0602682,3.0624921,3.0483308,3.061877,3.0566397,3.0730362,3.0927868,3.0599456,3.075869,3.0835595,3.0905724,3.0960283,3.071781,3.086928,3.1026301,3.1196272,3.119843,3.0960765,3.1162212,3.093655,3.107492,3.128971,3.1133683,3.1247997,3.1171157,3.1135337,3.1315384,3.1350641,3.1278567,3.1351898,3.1426172,3.1510305,3.1371503,3.161856,3.1789057,3.1308618,3.1346698,3.1768408,3.1703324,3.1476297,3.1448915,3.1414871,3.1558018,3.1483412,3.1779292,3.1567972,3.1702297,3.169508,3.1776023,3.1748903,3.1711588,3.1695542,3.1596231,3.1891854,3.177641,3.1681015,3.1862712,3.1645434,3.1929007,3.1654055,3.196173,3.1967068,3.1907105,3.2005935,3.1976342,3.1798036,3.1716173,3.162615,3.1456037,3.1695857,3.151508,3.1654272,3.1584775,3.1708732,3.1513288,3.2059984,3.1719055,3.152541,3.2083125,3.1777513,3.1689656,3.1919262,3.161655,3.18606,3.197397,3.1714168,3.191008,3.2189283,3.1555657,3.1489305,3.2028618,3.1987507,3.185585,3.1811502,3.21296,3.1940718,3.21385,3.213952,3.1716962,3.206787,3.1929028,3.190211,3.1990042,3.1901243,3.2336137,3.2302983,3.216116,3.2199433,3.2027807,3.2299943,3.23008,3.2264922,3.2261949,3.229772,3.2140987,3.2274756,3.2288392,3.2436497,3.2426229,3.243771,3.2298174,3.2402675,3.23996,3.2365987,3.2349901,3.237035,3.225403,3.2197416,3.2314582,3.2125757,3.1974454,3.2360687,3.2169285,3.233009,3.2359338,3.2154438,3.2345576,3.2124887,3.2294102,3.23249,3.2221847,3.2283518,3.2307556,3.2325292,3.2367644,3.2321892,3.2368557,3.2177966,3.2279947,3.2279704,3.2264411,3.2316024,3.2210064,3.2315712,3.1966836,3.220029,3.2125387,3.2049713,3.1899962,3.2149944,3.2178519,3.220307,3.1636143,3.2230842,3.2078125,3.2041996,3.218569,3.198332,3.2068932,3.1837037,3.2140193,3.2222838,3.1885345,3.2071676,3.1757045,3.1972046,3.1890798,3.1901555,3.1821325,3.1948009,3.1858554,3.2066894,3.1627245,3.1510124,3.1876671,3.1612318,3.1863396,3.1324606,3.1463327,3.1374536,3.1414237,3.1447997,3.143107,3.1432269,3.1340759,3.1444373,3.1315374,3.1243782,3.1421466,,,,,,,,,,,,,,,,,,,,,,,,,,,,,,,,,,,,,,,,,,,,,,,,,,,,,,,,,,,,,,,,,,,,,,,,,,,,,,,,,,,,,,,,,,,,,,,,,,,,,,,,,,,,,,,,,,,,,,,,,,,,,,,,,,,,,,,,,,,,,,,,,,,,,,,,,,,,,,,,,,,,,,,,,,,,,,,,,,,,,,,,,,,,,,,,,,,,,,,,,,,,,,,,,,,,,,,,,,,,,,,,,,,,,,,,,,,,,,,,,,,,,,,,,,,,,,,,,,,,,,,,,,,,,,,,,,,,,,,,,,,,,,,,,,,,,,,,,,,,,,,,,,,,,,,,,,,,,,,,,,,,
2.7662842,2.7957041,2.7663252,2.7488744,2.7676141,2.7690237,2.7496924,2.7442884,2.7622092,2.7247064,2.7492712,2.7508833,2.7424893,2.718038,2.7223296,2.7190654,2.6930618,2.734016,2.6884122,2.70411,2.6783297,2.6786602,2.7144773,2.6957848,2.703822,2.6997952,2.6714582,2.6843758,2.6579661,2.6669986,2.6833496,2.6707468,2.6566768,2.6589956,2.6653802,2.667889,2.6568353,2.6447463,2.6723013,2.641252,2.6473713,2.6700554,2.649623,2.641901,2.6606746,2.650319,2.6657412,2.6533182,2.6496236,2.624507,2.6073873,2.6105633,2.6133022,2.5914268,2.6101587,2.5747828,2.5917547,2.574107,2.5523438,2.5252016,2.5305805,2.5229146,2.5236382,2.5026476,2.5040994,2.4726298,2.4977098,2.437748,2.4365823,2.4609125,2.4397402,2.4098957,2.4232702,2.4003346,2.4200337,2.399957,2.3795657,2.4015832,2.3787887,2.3877058,2.3677537,2.3963373,2.3932478,2.3827896,2.3806195,2.4165568,2.3754063,2.3872075,2.3762178,2.3978274,2.3911986,2.4028513,2.4013968,2.4133575,2.407422,2.4335396,2.4232059,2.4531183,2.4330254,2.4441361,2.4378488,2.474007,2.461332,2.4982772,2.4690666,2.5219738,2.5209987,2.511938,2.5146444,2.5712192,2.5222945,2.5433471,2.5791168,2.597722,2.590097,2.5836473,2.5900643,2.585925,2.589005,2.6159294,2.603869,2.604007,2.6090972,2.6367772,2.6179993,2.6658747,2.6638172,2.6550782,2.653072,2.673708,2.6953766,2.6958733,2.7001033,2.7352643,2.7260282,2.7378302,2.7592132,2.7752619,2.751219,2.7837632,2.7832193,2.7768686,2.7969863,2.773834,2.80828,2.8071523,2.8374934,2.8328862,2.83255,2.8468359,2.8357353,2.8616748,2.8637502,2.8671021,2.8817148,2.8640912,2.8805487,2.8739655,2.8770683,2.8956668,2.8809135,2.9046073,2.9037218,2.9264317,2.9240246,2.9274898,2.9143288,2.9343028,2.9423919,2.9308517,2.9523969,2.9323008,2.954458,2.932757,2.9470227,2.9319375,2.9536593,2.9682956,2.9529126,2.9521906,2.968275,2.9715219,2.996055,2.991906,3.015374,3.0113552,3.0125017,3.0133564,3.0386188,2.9992907,3.0258334,3.009924,3.0491042,3.0275655,3.0386634,3.0316777,3.0535681,3.0402231,3.0871036,3.0830014,3.0345895,3.0548124,3.0406938,3.0595062,3.0530648,3.0570655,3.066674,3.0608342,3.0678842,3.075166,3.105851,3.0860004,3.0974536,3.1186135,3.1243124,3.1493225,3.1750026,3.100881,3.1323075,3.1458435,3.136469,3.1606078,3.157742,3.147706,3.1537104,3.1721427,3.1655176,3.1579604,3.1401997,3.152027,3.1697152,3.1690893,3.1512609,3.1694517,3.1546726,3.1934128,3.1782594,3.2067628,3.1920118,3.1858032,3.171727,3.1765518,3.1652722,3.2056699,3.1719084,3.2044444,3.186461,3.1954098,3.1775317,3.1994414,3.1914983,3.1811452,3.1902022,3.2159522,3.2134414,3.2087939,3.2216573,3.2003014,3.2226405,3.2274044,3.2036867,3.2216094,3.225707,3.1978152,3.2182763,3.2287571,3.2082865,3.2260747,3.2258909,3.2173235,3.2287881,3.2265253,3.2332082,3.2137604,3.214979,3.2118506,3.226876,3.2085,3.2298715,3.2226179,3.2299485,3.2258487,3.2082312,3.2298412,3.2269201,3.2152853,3.2194316,3.2269576,3.2229168,3.1885817,3.201457,3.2078366,3.2329571,3.2176552,3.1910179,3.1905713,3.1804993,3.1982853,3.196633,3.1908436,3.190748,3.190999,3.1767223,3.1835768,3.1443748,3.183942,3.1684158,3.1780784,3.1626458,3.1486068,3.1764128,3.161918,3.1537452,3.1332912,3.1400816,3.125906,3.1466148,3.140075,3.1569867,3.1225975,3.1197464,3.1061642,3.099843,3.1220407,3.1336305,3.1415727,3.1147697,3.1209304,3.1330986,3.1313422,3.1350954,3.1500964,3.158536,3.1718755,3.1471531,3.137273,3.113665,3.1772277,3.1403384,3.1574113,3.1338134,3.1251826,3.1071,3.1179771,3.1542857,3.1475952,3.1768591,3.1378434,3.1848533,3.1466103,3.1499748,3.1579704,3.1507678,3.150826,3.1723306,3.1423547,3.1636322,3.143763,,,,,,,,,,,,,,,,,,,,,,,,,,,,,,,,,,,,,,,,,,,,,,,,,,,,,,,,,,,,,,,,,,,,,,,,,,,,,,,,,,,,,,,,,,,,,,,,,,,,,,,,,,,,,,,,,,,,,,,,,,,,,,,,,,,,,,,,,,,,,,,,,,,,,,,,,,,,,,,,,,,,,,,,,,,,,,,,,,,,,,,,,,,,,,,,,,,,,,,,,,,,,,,,,,,,,,,,,,,,,,,,,,,,,,,,,,,,,,,,,,,,,,,,,,,,,,,,,,,,,,,,,,,,,,,,,,,,,,,,,,,,,,,,,,,,,,,,,,,,,,,,,,,,,,,,,,,,,,,,,,,,,,,,,,,,,,,,,,,,,,,,,,,,,,,,,,,,,,,,,,,,,
3.5495076,3.5415134,3.5270681,3.5433474,3.5311708,3.5314283,3.5264108,3.5408027,3.5300086,3.514863,3.5296798,3.516662,3.5124722,3.4979064,3.5256205,3.5090456,3.5135477,3.5034773,3.5150776,3.4982016,3.4952552,3.4666226,3.488143,3.4879227,3.4808176,3.5029988,3.437975,3.4745305,3.4664578,3.4608767,3.4735532,3.4673443,3.4718468,3.4662187,3.4534292,3.4685636,3.4546034,3.4683733,3.496416,3.419401,3.447467,3.455489,3.4591134,3.4522176,3.4658196,3.4751735,3.422065,3.443225,3.4222262,3.4185371,3.4243062,3.3823025,3.3570285,3.3523448,3.3348892,3.30845,3.1963434,3.2007287,3.1695004,3.1672337,3.1537976,3.1169465,3.130956,3.0827277,3.084084,3.067321,2.9531097,2.931016,2.9299228,2.9289217,2.9167597,2.9137113,2.891198,2.8974197,2.8536434,2.8611028,2.8243797,2.8122633,2.8129377,2.7786326,2.7751086,2.769168,2.787843,2.7602031,2.751127,2.760106,2.7408566,2.7178655,2.726791,2.718312,2.7175407,2.715943,2.7166417,2.7236474,2.7124026,2.6823378,2.6866932,2.6825469,2.6955688,2.6870816,2.6836708,2.7244046,2.7009432,2.6960704,2.7244945,2.6922967,2.6978936,2.685353,2.7120233,2.727527,2.7057037,2.729275,2.7235453,2.7348578,2.7383165,2.7402704,2.7487423,2.7829287,2.7948442,2.8247817,2.8263729,2.846504,2.8452132,2.844166,2.83726,2.8344498,2.8554385,2.855682,2.8721573,2.901683,2.8876343,2.9286926,2.9073699,2.9165466,2.9406812,2.928975,2.9465744,2.9477618,2.9439616,2.9674976,2.9921947,2.9937704,2.9763873,3.0364845,3.0253313,3.0172656,3.0366228,3.0224915,3.034848,3.0378244,3.0488536,3.0595365,3.0403063,3.0386245,3.0904315,3.084523,3.1024017,3.099965,3.087434,3.098863,3.08421,3.0896342,3.077377,3.1009164,3.1154976,3.084214,3.1253662,3.1407864,3.110662,3.118416,3.1186228,3.128616,3.1271508,3.1164763,3.1178856,3.1362848,3.1284492,3.11789,3.140629,3.1329317,3.1372051,3.134045,3.1551466,3.1349838,3.1480958,3.1467423,3.132103,3.1428337,3.1825278,3.1391766,3.2033594,3.2225785,3.2053661,3.177765,3.181375,3.183163,3.1965377,3.195651,3.2003558,3.219418,3.2192297,3.223067,3.2038755,3.2237546,3.2204382,3.1998124,3.201517,3.2228034,3.1977856,3.2251153,3.2293816,3.2253702,3.219487,3.2259362,3.2772968,3.2345002,3.260266,3.2653832,3.243994,3.2407768,3.2613683,3.2648506,3.2569911,3.275752,3.2553723,3.269208,3.269165,3.2713225,3.2793815,3.252903,3.2794802,3.2739697,3.277709,3.2813702,3.2697039,3.2732677,3.3050182,3.2934,3.284047,3.2824824,3.3020575,3.2838328,3.2840087,3.275887,3.2888148,3.294513,3.3025296,3.2969859,3.3349466,3.2920094,3.3049335,3.330179,3.313866,3.3389885,3.3300812,3.3416092,3.339385,3.357046,3.3326435,3.3583245,3.3667505,3.3217068,3.355006,3.3309467,3.3583558,3.3507097,3.3586621,3.3699389,3.365582,3.3600662,3.3733459,3.3806446,3.402943,3.3797884,3.3952231,3.3803082,3.397754,3.4121788,3.3972452,3.389039,3.415454,3.420689,3.4099574,3.3962624,3.4121578,3.425589,3.4308913,3.422294,3.4265842,3.429962,3.4320297,3.4274256,3.427099,3.4301534,3.4327404,3.4408245,3.4469414,3.4402514,3.436759,3.4152997,3.446392,3.4816015,3.4929404,3.469739,3.4608955,3.4815352,3.4660993,3.4905214,3.465056,3.4862182,3.4426093,3.4712272,3.483731,3.4940736,3.5016189,3.4808574,3.5054746,3.4786167,3.4972975,3.4848921,3.476835,3.4875126,3.4813251,3.488456,3.49535,3.4805574,3.5131154,3.4764647,3.4906566,3.4987254,3.4834335,3.4956503,3.4883378,3.4832876,3.4863052,3.4891257,3.4968174,3.493081,3.4749331,3.4899855,3.4652724,3.4711936,3.4566853,3.4618895,3.4708734,3.4585896,3.46086,3.4338925,3.4612188,3.4408245,3.47138,3.441978,3.4734483,3.4490385,3.4574738,3.4511049,3.4604194,3.4546375,3.4563208,3.4586108,3.4502356,3.4577782,3.4500654,3.437242,3.441011,3.4572096,3.4492555,3.4591773,3.4567704,3.428515,3.469582,3.4619112,3.4516919,3.4460485,3.4575133,3.4504898,3.4468198,3.43516,3.4365237,3.4523478,3.4703639,3.4628386,3.4397922,3.4663067,3.4605818,3.4791439,3.4594767,3.444204,3.4584892,3.4649646,3.474128,3.45316,3.4550226,3.4627862,3.4684722,3.4751518,3.4582675,3.4850416,3.4646678,3.4742882,3.463835,3.4543133,3.4557836,3.4720128,3.4748359,3.4853437,3.4674957,3.4995072,3.469498,3.4824336,3.4583502,3.5129757,3.4820158,3.4964104,3.4678485,3.4823844,3.4798868,3.5063133,3.482693,3.4696622,3.5235891,3.5040023,3.5140195,3.5245664,3.5261252,3.5328977,3.5276105,3.5158584,3.535019,3.5096595,3.5329726,3.5341475,3.5215237,3.5190468,3.581919,3.5240977,3.5574813,3.534051,3.5212514,3.546166,3.5564063,3.547618,3.5654273,3.5346005,3.5461395,3.5256126,3.564176,3.5549304,3.5219197,3.525908,3.536342,3.546301,3.5500162,3.5371819,3.569184,3.5680726,3.5684912,3.5641017,3.5561244,3.5587285,3.5613625,3.5499556,3.5670962,3.5634983,3.5415206,,,,,,,,,,,,,,,,,,,,,,,,,,,,,,,,,,,,,,,,,,,,,,,,,,,,,,,,,,,,,,,,,,,,,,,,,,,,,,,,,,,,,,,,,,,,,,,,,,,,,,,,,,,,,,,,,,,,,,,,,,,,,,,,,,,,,,,,,,,,,,,,,,,,,,,,,,,,,,,,,,,,,,,,,,,,,,,,,,,,,,,,,,,,,,,,,,,,,,,,,,,,,,,,,,,,,,,,,,,,,,,,,,,,,,,,,,,,,,,,,,,,,,,,,,,,,,,,,,
2.92553,2.9339283,2.9278526,2.9401467,2.935751,2.9607782,2.9317234,2.9419777,2.9397535,2.9443777,2.9387395,2.9390397,2.9200726,2.9308915,2.9354763,2.9699085,2.9510667,2.9505894,2.9411256,2.9612343,2.963352,2.935248,2.9715009,3.000988,2.9565718,2.9574847,2.9429588,2.9598494,2.9707847,2.9586947,2.981801,2.9631114,2.9801106,2.9324787,2.966494,2.993335,3.003957,2.9674156,2.9971435,2.9742515,2.9653945,3.000045,2.982036,2.951722,2.9670389,2.9787836,2.9940042,2.9760013,2.9395192,2.9521751,2.9796598,2.957555,2.9457922,2.934529,2.9074042,2.9017365,2.8759766,2.8617857,2.8409731,2.8463106,2.8465781,2.7937925,2.7898293,2.7672062,2.7641647,2.7290983,2.718743,2.7188194,2.6689525,2.685949,2.6828923,2.6546996,2.6612973,2.6399934,2.6687691,2.632936,2.631916,2.6198902,2.6411593,2.6325943,2.6066592,2.6110566,2.5873256,2.5849473,2.5842633,2.6010273,2.6085446,2.6001868,2.5648308,2.6158326,2.613844,2.5959802,2.60121,2.589359,2.5983753,2.6390953,2.608485,2.6324666,2.614367,2.630877,2.6312995,2.6458757,2.6345224,2.66101,2.6491935,2.6592844,2.6656632,2.661617,2.6605618,2.644222,2.6608946,2.655009,2.6674433,2.6873114,2.6960168,2.6640568,2.682775,2.7057438,2.6785982,2.6600444,2.7183213,2.6927347,2.6949267,2.7190826,2.6900504,2.7117195,2.7138708,2.7278836,2.7429538,2.7517247,2.7605152,2.7651985,2.7663276,2.764279,2.7517965,2.7800395,2.7870216,2.786943,2.7848134,2.7851827,2.8040798,2.8144772,2.8046463,2.8037994,2.8384478,2.8480248,2.8303535,2.8326893,2.8330219,2.8225265,2.8257895,2.8415864,2.861053,2.842051,2.8438914,2.8452873,2.8622308,2.8584874,2.8634727,2.8610516,2.864981,2.8823214,2.8709285,2.890581,2.8746274,2.8893254,2.9106307,2.9389844,2.9260037,2.9123356,2.9323237,2.9393249,2.9391277,2.9544404,2.9893997,2.9831445,2.9676497,2.9751256,2.9861352,2.9571526,2.9751377,2.994449,2.9883518,2.9837286,2.9839294,2.990391,3.0137477,3.00456,3.0111322,3.000577,2.9935029,2.9902234,3.0000832,3.007952,2.997845,3.0083196,3.007771,2.9977922,3.028504,3.0123239,3.003894,3.0166073,2.9903312,3.0169027,3.0245733,3.0396297,3.0362813,3.019105,3.0401063,3.0408356,3.0283086,3.0485415,3.0450368,3.0368335,3.053805,3.0652053,3.0411277,3.0612063,3.0437837,3.0586689,3.0860412,3.0549884,3.0589623,3.0809882,3.082781,3.0728893,3.0830333,3.0858874,3.068194,3.0911825,3.0812225,3.0601566,3.0819695,3.0820565,3.082416,3.086829,3.0754716,3.0817952,3.0833237,3.0773342,3.0825224,3.0867429,3.0694602,3.0864763,3.0761144,3.0789006,3.0697331,3.0661697,3.0850227,3.0595937,3.0655534,3.0618205,3.0650313,3.0664582,3.04081,3.0774016,3.0769932,3.0706623,3.042871,3.055776,3.0708814,3.0344465,3.034981,3.0352895,3.0205934,3.0329795,3.0332646,3.033486,3.017936,3.0439696,3.0396771,3.0364184,3.0339468,3.0076134,3.037519,3.0263278,3.0399873,3.0372565,3.0369172,3.0440497,3.017037,3.055262,3.0373006,3.0338733,3.0449276,3.037403,3.050851,3.0318692,3.052157,3.0766182,3.0554972,3.0582237,3.0791202,3.077194,3.0692272,3.0440335,3.0645506,3.054474,3.0620012,3.0661652,3.0678566,3.0662766,3.0683923,3.074584,3.070197,3.0635936,3.0622592,3.0705757,3.0757468,3.043684,3.0629559,3.0625072,3.0759146,3.069789,3.073493,3.0733457,3.0767415,3.0770326,3.089397,3.0703423,3.0738885,3.0681586,3.074809,3.0909777,3.0741818,3.0845988,3.0922322,3.093563,3.0742786,3.0743964,3.0845726,3.082598,3.0917437,3.086356,3.0861812,3.0830314,3.0751247,3.1061995,3.0898273,3.0905707,3.113629,3.1078227,3.113656,3.0763755,3.108286,3.0923526,3.112672,3.1086786,3.094444,3.098678,3.1051083,3.0994835,3.098644,3.1018448,3.095141,3.137674,3.1181571,3.1233046,3.1069086,,,,,,,,,,,,,,,,,,,,,,,,,,,,,,,,,,,,,,,,,,,,,,,,,,,,,,,,,,,,,,,,,,,,,,,,,,,,,,,,,,,,,,,,,,,,,,,,,,,,,,,,,,,,,,,,,,,,,,,,,,,,,,,,,,,,,,,,,,,,,,,,,,,,,,,,,,,,,,,,,,,,,,,,,,,,,,,,,,,,,,,,,,,,,,,,,,,,,,,,,,,,,,,,,,,,,,,,,,,,,,,,,,,,,,,,,,,,,,,,,,,,,,,,,,,,,,,,,,,,,,,,,,,,,,,,,,,,,,,,,,,,,,,,,,,,,,,,,,,,,,,,,,,,,,,,,,,,,,,,,,,,,,,,,,,,,,,,,,,,,,,,,,,,,,,,,,,,,,,,,,,,
2.7786033,2.8031225,2.7745192,2.7739463,2.768295,2.7837923,2.7794476,2.7699265,2.7825663,2.7763612,2.770555,2.7929645,2.7805047,2.8113828,2.7888553,2.7752967,2.7717924,2.7802079,2.785373,2.7725933,2.7867856,2.7777996,2.7761295,2.776708,2.7816505,2.790507,2.7908897,2.7763033,2.789767,2.7950175,2.794472,2.7883868,2.7878728,2.7924263,2.7947347,2.785556,2.8192124,2.7887306,2.7976334,2.827891,2.8014877,2.8292773,2.82068,2.8463387,2.815682,2.8539312,2.8585615,2.851934,2.818515,2.8137765,2.8242624,2.8252804,2.8044178,2.8320777,2.790855,2.7750945,2.775772,2.7714345,2.771258,2.7775638,2.749913,2.7320108,2.699375,2.695972,2.7001755,2.6988845,2.6696854,2.6735008,2.6563225,2.636619,2.6481736,2.663971,2.6428022,2.6355336,2.6068928,2.5906982,2.613075,2.5968924,2.5850213,2.5800853,2.5724826,2.5805879,2.5692964,2.5823185,2.5822058,2.5815547,2.5838752,2.5758092,2.5642862,2.5824447,2.5947874,2.5811095,2.5687375,2.593642,2.5786269,2.6005654,2.5897613,2.5946295,2.5974443,2.6066437,2.6190376,2.6104789,2.6105103,2.6400182,2.6449444,2.6239252,2.6587687,2.6550272,2.6080654,2.6670873,2.658597,2.6524873,2.6893551,2.7060473,2.6894689,2.6970475,2.7149,2.7185225,2.7251508,2.7111845,2.7164223,2.7374659,2.7291565,2.753662,2.7650342,2.7566495,2.7532856,2.7643695,2.7720919,2.77579,2.7810326,2.7755942,2.7706795,2.7698314,2.7898328,2.7694213,2.7795045,2.7830007,2.7890456,2.7875502,2.787777,2.7993262,2.8005846,2.8096468,2.8132246,2.8228545,2.8117154,2.8385093,2.833865,2.8355865,2.8487804,2.8259346,2.8255272,2.8471637,2.8273199,2.843034,2.872481,2.8389726,2.8330922,2.8605883,2.8574262,2.8474813,2.8669527,2.8814027,2.8761377,2.8561592,2.8863769,2.869923,2.9027894,2.8979993,2.8768253,2.872633,2.8718798,2.8912978,2.9063408,2.8901942,2.8932312,2.8721125,2.8879988,2.9046488,2.9226956,2.8919535,2.8819757,2.8951757,2.9134188,2.9299726,2.9069915,2.882561,2.895362,2.9062028,2.9087691,2.8652663,2.8818495,2.8939846,2.9026895,2.8942835,2.9211671,2.918206,2.9368587,2.926388,2.9460526,2.9639225,2.9162447,2.9783692,2.9675634,2.9607236,2.990709,2.9945314,2.9868388,3.0014956,2.9824724,2.9748704,2.9932442,3.0137944,2.9961734,2.978458,3.0079625,3.0120275,2.9997153,2.995386,2.9816728,2.9836009,2.9803042,2.9892352,2.963038,2.9879265,2.9968061,3.0019891,2.9851356,2.9558773,3.005716,2.9869506,2.978656,3.0019948,2.9632757,2.9730058,2.9848492,2.9750204,2.9860592,2.9621851,2.9609191,2.9586499,2.9776547,2.9739912,2.9602633,2.9905305,2.9842422,2.9867363,2.9632854,2.9712138,2.9592226,3.0025067,2.967239,2.9836211,2.9823794,2.9870667,2.978027,2.9913871,3.001981,2.9752164,3.007548,2.9505415,2.980326,2.9919221,2.9994504,2.9775736,2.9980352,2.9837813,2.9755697,2.998907,2.995953,2.9953363,3.0024137,3.0242574,3.0043037,2.9800942,3.009439,2.9870424,2.9652417,2.969202,2.9858525,2.9710655,3.0039198,2.9856706,2.9818041,2.9630218,2.9976594,2.9698207,2.9878478,2.9842036,2.9865882,2.9789808,2.9922225,2.9896235,2.994949,3.0043988,2.9715993,2.9816623,2.9793434,2.984663,2.9874663,2.9883974,2.9866865,2.9661343,2.9680674,2.9827945,2.9856768,2.960012,2.991488,2.9722266,2.9654486,2.9857783,2.968939,2.9502833,2.9755113,2.9909487,2.9795578,2.9687438,2.9592597,2.9597194,2.9836037,2.9550605,2.9706728,2.9446871,2.9676254,2.9561312,2.9561763,2.9646475,2.9547224,2.9548347,2.9714074,2.9752278,2.9545498,2.968069,2.9475777,2.9356601,2.9503522,2.9619,2.956255,2.94524,2.947186,2.9508188,2.9715424,2.9627252,2.9567866,2.9461615,2.9742846,2.9456065,2.9510503,2.9668324,2.9716089,2.9598587,2.9574184,2.9540906,2.9467702,2.9494865,2.943613,2.9457521,2.9525955,2.9625528,2.9651618,2.95329,2.975682,2.9494593,2.9523,2.9562256,3.0001433,2.9483094,2.9678552,2.9802206,2.9615815,,,,,,,,,,,,,,,,,,,,,,,,,,,,,,,,,,,,,,,,,,,,,,,,,,,,,,,,,,,,,,,,,,,,,,,,,,,,,,,,,,,,,,,,,,,,,,,,,,,,,,,,,,,,,,,,,,,,,,,,,,,,,,,,,,,,,,,,,,,,,,,,,,,,,,,,,,,,,,,,,,,,,,,,,,,,,,,,,,,,,,,,,,,,,,,,,,,,,,,,,,,,,,,,,,,,,,,,,,,,,,,,,,,,,,,,,,,,,,,,,,,,,,,,,,,,,,,,,,,,,,,,,,,,,,,,,,,,,,,,,,,,,,,,,,,,,,,,,,,,,,,,,,,,,,,,,,,,,,,,,,,,,,,,,,,,,,,,,,,,,,,,,,,,,,,,
3.3185253,3.35348,3.328599,3.3246572,3.3482687,3.3464105,3.3735986,3.3718138,3.3617532,3.373398,3.3560038,3.355443,3.3813365,3.3669631,3.3763332,3.3677034,3.377037,3.3712296,3.3629732,3.378658,3.3745196,3.3779745,3.37075,3.370139,3.3686838,3.3863535,3.3764498,3.3645437,3.34983,3.3610291,3.3718922,3.3469255,3.371921,3.35803,3.3594391,3.3556528,3.3687665,3.377444,3.3716996,3.3401332,3.363618,3.3682017,3.3773658,3.343739,3.34002,3.3261557,3.3420315,3.3313007,3.2938051,3.2635674,3.2507212,3.2241628,3.2076495,3.1907542,3.184195,3.1536982,3.1484444,3.1459324,3.1092708,3.0348241,3.0256987,3.013951,3.0093398,2.9790535,2.9849558,2.963581,2.9456108,2.9472847,2.8852386,2.8524742,2.858784,2.846488,2.828105,2.8425953,2.8000894,2.8090959,2.7846746,2.79427,2.7522576,2.7917001,2.767702,2.7701423,2.7659647,2.757794,2.7573311,2.7673314,2.762597,2.7643626,2.769931,2.7693484,2.7559676,2.769404,2.766146,2.7592926,2.7550848,2.7603142,2.7634006,2.7670467,2.7825756,2.7781875,2.7796314,2.7727349,2.7860658,2.822314,2.8118694,2.8362405,2.8489075,2.8275235,2.8415427,2.8946385,2.8695874,2.9012935,2.9060938,2.9060698,2.9018135,2.92651,2.9471612,2.9473195,2.943338,2.949603,2.960518,2.972845,3.0042987,3.0077753,3.047966,3.048182,3.0638456,3.0911562,3.080905,3.0889437,3.1040742,3.09498,3.1241894,3.1010258,3.108376,3.1027927,3.1081572,3.117926,3.1384416,3.1280813,3.1405554,3.138569,3.1494133,3.1953387,3.1891336,3.2177997,3.2097478,3.2054753,3.226524,3.2300036,3.2491822,3.245177,3.2526243,3.2688415,3.263481,3.2737298,3.2813919,3.306809,3.2856064,3.2931113,3.3055458,3.3123863,3.3062344,3.3283386,3.327958,3.337536,3.3367665,3.3441901,3.351451,3.360573,3.3689344,3.3707926,3.3717065,3.3747964,3.3948994,3.373054,3.3918552,3.4090838,3.3827782,3.406146,3.3904557,3.3888063,3.4036,3.4095163,3.4067786,3.4061224,3.4390807,3.4132967,3.40154,3.4411542,3.4286208,3.4416366,3.4410858,3.4358447,3.434941,3.4550076,3.465429,3.4671402,3.4571474,3.4595685,3.4778633,3.4672601,3.5218332,3.4942868,3.5101588,3.5101216,3.5170345,3.488232,3.5356739,3.523528,3.5366852,3.5389194,3.5416236,3.5555034,3.552181,3.5549753,3.5354366,3.573282,3.515634,3.5763562,3.5378973,3.5848937,3.5599172,3.5922225,3.5809777,3.578807,3.597324,3.607095,3.6079001,3.5928063,3.6112282,3.5822947,3.6070027,3.605962,3.6314833,3.612582,3.6025262,3.610861,3.6040838,3.6146312,3.6160555,3.6294086,3.6338508,3.6403313,3.6314023,3.6057734,3.6346705,3.6617994,3.668262,3.6484156,3.68072,3.6800675,3.6801884,3.6811984,3.6792731,3.6542108,3.6872795,3.6989996,3.671909,3.6970556,3.6854486,3.680302,3.6765404,3.6739483,3.6801553,3.6584604,3.68757,3.6868534,3.6856797,3.687981,3.6836493,3.6913447,3.688002,3.665701,3.662684,3.6860647,3.6592543,3.6472147,3.6624753,3.6452644,3.6471682,3.6395984,3.6455786,3.6431544,3.6444604,3.6603281,3.6306472,3.6377401,3.636745,3.6613703,3.6384275,3.6256404,3.643215,3.631738,3.6339757,3.6462474,3.651559,3.647544,3.6457222,3.638927,3.6217961,3.6519608,3.6662624,3.6685092,3.6641953,3.6587718,3.6549017,3.6454954,3.6598048,3.672994,3.6584249,3.6663458,3.6751022,3.675815,3.665832,3.663558,3.6678731,3.695731,3.66423,3.6943665,3.6767447,3.6869545,3.6885343,3.6609652,3.6923053,3.6882038,3.707381,3.7080898,3.6985145,3.690419,3.691325,3.68172,3.6824622,3.6928184,3.694575,3.6818902,3.692138,3.6876972,3.709903,3.7000198,3.6848729,3.7045531,3.7041852,3.6901584,3.7016175,3.6942222,3.6838555,3.6701305,3.6831543,3.6978433,3.6995988,3.6949906,3.686447,3.6828117,3.7028234,3.6793737,3.707895,3.674068,3.6834347,3.6888516,3.712435,3.7108185,3.6949766,3.6715858,3.6962762,3.6981323,3.6713562,3.7010155,3.6877387,3.6978362,,,,,,,,,,,,,,,,,,,,,,,,,,,,,,,,,,,,,,,,,,,,,,,,,,,,,,,,,,,,,,,,,,,,,,,,,,,,,,,,,,,,,,,,,,,,,,,,,,,,,,,,,,,,,,,,,,,,,,,,,,,,,,,,,,,,,,,,,,,,,,,,,,,,,,,,,,,,,,,,,,,,,,,,,,,,,,,,,,,,,,,,,,,,,,,,,,,,,,,,,,,,,,,,,,,,,,,,,,,,,,,,,,,,,,,,,,,,,,,,,,,,,,,,,,,,,,,,,,,,,,,,,,,,,,,,,,,,,,,,,,,,,,,,,,,,,,,,,,,,,,,,,,,,,,,,,,,,,,,,,,,,,,,,,,,,,,,,,,,,,,,,,,,,,,,,,
3.6378157,3.6448457,3.6225061,3.6361752,3.6373534,3.6215014,3.641307,3.6407428,3.6312203,3.6366503,3.6236515,3.627015,3.6309707,3.643568,3.650836,3.6254687,3.6285553,3.633361,3.62744,3.6427696,3.64478,3.6621585,3.6445796,3.6336772,3.6428964,3.662315,3.661755,3.6400626,3.6500208,3.6577973,3.6583662,3.654964,3.667214,3.6450353,3.6613357,3.6530924,3.656889,3.6497777,3.6463575,3.6519973,3.6624522,3.6676764,3.6677897,3.6639936,3.6682448,3.6641316,3.6315994,3.622945,3.6118526,3.6021223,3.5788283,3.538123,3.53126,3.4731386,3.4653225,3.4517238,3.4103143,3.4010475,3.377223,3.356369,3.3418255,3.3013027,3.2579424,3.1933694,3.1996117,3.1748033,3.1601274,3.180652,3.1555917,3.1509287,3.1312692,3.1233797,3.0935125,3.0578043,3.0223486,3.0153093,3.0276997,3.0351262,3.013351,3.0036354,2.9802454,2.9889948,2.988499,2.969871,2.9812868,2.96391,2.9338942,2.9197476,2.9586856,2.9193523,2.933087,2.9428973,2.9421587,2.951612,2.969874,2.9304678,2.9277828,2.921792,2.9737291,2.9549258,2.9677298,2.9292848,2.9451158,2.9767182,2.9599307,2.9756806,3.0216775,2.9880583,3.026751,2.9904528,2.9301982,2.9725459,3.0001922,3.0065422,3.014362,3.0286894,3.0284743,3.0569026,3.0333416,3.058672,3.0656526,3.0741978,3.0572844,3.0566573,3.058132,3.0721133,3.0890913,3.0689383,3.0738885,3.0958102,3.0962682,3.1209946,3.1186368,3.0867825,3.140491,3.133104,3.1285014,3.1622617,3.1378849,3.1595774,3.1453207,3.1544063,3.152188,3.1562033,3.1724765,3.146817,3.1675043,3.1642845,3.167907,3.1580436,3.180091,3.187946,3.187981,3.2200942,3.2226474,3.236034,3.24028,3.2701688,3.243881,3.2690787,3.2555368,3.2679338,3.286595,3.2746277,3.2964284,3.2791877,3.2891662,3.2972367,3.3124905,3.2895823,3.3362262,3.3144891,3.2851293,3.3065767,3.3229585,3.3091958,3.3143167,3.3094394,3.3256392,3.3389106,3.323545,3.3528385,3.353581,3.3135498,3.3359401,3.3200052,3.3340032,3.3405354,3.345303,3.3222666,3.355726,3.363634,3.3628538,3.3560922,3.3739593,3.375077,3.3742542,3.3680925,3.3733897,3.4057703,3.374163,3.3766432,3.423272,3.434532,3.411115,3.4329314,3.4217176,3.4551134,3.4563997,3.4477649,3.4581518,3.44218,3.463035,3.4420419,3.4584782,3.4778368,3.4858432,3.4622922,3.476004,3.4973679,3.4809248,3.5075734,3.451004,3.4727688,3.5127175,3.500609,3.4970112,3.4831429,3.4934466,3.482743,3.4949505,3.5011299,3.511749,3.5175455,3.5423615,3.5358071,3.5295627,3.5391586,3.541491,3.548339,3.541969,3.55651,3.5448678,3.5541725,3.555563,3.525538,3.554044,3.5394685,3.561989,3.5386364,3.5578785,3.5615606,3.588383,3.5630505,3.5597286,3.5578234,3.5475912,3.568289,3.5655193,3.568284,3.5599098,3.5626454,3.5579696,3.5797002,3.576116,3.5577223,3.5725815,3.5611036,3.551993,3.5605268,3.5593376,3.554989,3.5480952,3.570227,3.5482764,3.5432608,3.518178,3.5559213,3.548006,3.537603,3.5479093,3.5215862,3.5552166,3.5375285,3.5185452,3.528785,3.5328448,3.5264628,3.5162551,3.523842,3.501308,3.5205019,3.5182846,3.5083704,3.516911,3.5146067,3.5017223,3.506949,3.5032916,3.491365,3.4983757,3.504356,3.487428,3.510103,3.4822884,3.4758568,3.4851723,3.4903915,3.4823344,3.4899118,3.4457366,3.4545567,3.4367979,3.4621346,3.4771583,3.4366136,3.4775379,3.4577947,3.4731684,3.449026,3.455014,3.4589994,3.4734242,3.4710872,3.4596448,3.4632013,3.4616518,3.482446,3.4598982,3.4694722,3.450959,3.5040774,3.4785905,3.4579687,3.4909282,3.4802637,3.4702365,3.4688559,3.5067792,3.489999,3.4937894,3.4799037,3.48963,3.4853013,3.4835525,3.4868758,3.4810638,3.4916694,3.4910815,3.4899538,3.4831927,3.515008,3.512393,3.5020926,3.5042326,3.4847345,3.526703,3.513104,3.4784398,3.4743164,3.4959629,3.4815385,3.4700499,3.4512508,3.474046,3.4622266,3.4624138,3.4428709,3.4555182,3.4733505,3.4622352,3.4376557,,,,,,,,,,,,,,,,,,,,,,,,,,,,,,,,,,,,,,,,,,,,,,,,,,,,,,,,,,,,,,,,,,,,,,,,,,,,,,,,,,,,,,,,,,,,,,,,,,,,,,,,,,,,,,,,,,,,,,,,,,,,,,,,,,,,,,,,,,,,,,,,,,,,,,,,,,,,,,,,,,,,,,,,,,,,,,,,,,,,,,,,,,,,,,,,,,,,,,,,,,,,,,,,,,,,,,,,,,,,,,,,,,,,,,,,,,,,,,,,,,,,,,,,,,,,,,,,,,,,,,,,,,,,,,,,,,,,,,,,,,,,,,,,,,,,,,,,,,,,,,,,,,,,,,,,,,,,,,,,,,,,,,,,,,,,,,,,,,,,,,,,,,,,,,,
2.7730048,2.7565908,2.778709,2.737572,2.7551339,2.7851293,2.7730591,2.748693,2.7229936,2.7303987,2.696229,2.6964831,2.6928346,2.697855,2.7226644,2.7048433,2.6813853,2.6838336,2.6949804,2.6970701,2.6895385,2.68255,2.701692,2.6985085,2.6898134,2.6898656,2.6887367,2.6824129,2.6813908,2.673203,2.666276,2.672913,2.682499,2.6706293,2.6609797,2.6767764,2.6764004,2.6723254,2.6845405,2.6632898,2.671356,2.6805203,2.6713004,2.6842306,2.6869988,2.680726,2.6516562,2.6937678,2.6704357,2.6439636,2.6499214,2.6392777,2.6293535,2.62346,2.6184623,2.624112,2.617609,2.599606,2.6108053,2.5829518,2.5714538,2.5561254,2.5477865,2.5257626,2.5102608,2.472164,2.493387,2.4780836,2.493365,2.4353592,2.435121,2.4325383,2.4225929,2.4094517,2.4047282,2.4030018,2.4164598,2.4045422,2.4126532,2.4113405,2.4023972,2.4064076,2.418928,2.406659,2.402943,2.4118493,2.4060712,2.40665,2.4024014,2.3910708,2.3806112,2.4103515,2.3804593,2.406364,2.3850892,2.404457,2.3998208,2.402793,2.4153328,2.423059,2.4275277,2.4183373,2.421424,2.4490168,2.4438581,2.4326308,2.4496756,2.4644866,2.4546902,2.4720104,2.475591,2.454578,2.4939952,2.4813285,2.4750338,2.5182936,2.515466,2.5020614,2.4899364,2.510175,2.5106072,2.5105982,2.4974403,2.5271485,2.5464303,2.5888302,2.5500088,2.5665097,2.595206,2.5841079,2.5812855,2.5963638,2.594562,2.5803747,2.6087737,2.6140094,2.62566,2.6002815,2.6181684,2.6087534,2.6225681,2.6241083,2.6465986,2.6376567,2.6399443,2.6293328,2.657532,2.6352906,2.6185007,2.6331296,2.6666589,2.6207943,2.6511865,2.639486,2.6535125,2.62434,2.6480489,2.6790287,2.635573,2.685823,2.659886,2.6506996,2.6398497,2.670636,2.6504498,2.6742148,2.729486,2.6811678,2.6590586,2.675145,2.687853,2.6890335,2.6834702,2.6474898,2.670376,2.6922495,2.660407,2.6672935,2.668964,2.662074,2.6732447,2.6608016,2.672929,2.6425545,2.6580434,2.6580043,2.6608284,2.664424,2.6538367,2.6516173,2.6556406,2.6612368,2.6443408,2.6458764,2.6491318,2.663638,2.647814,2.6506128,2.6492882,2.6525316,2.6693268,2.6596425,2.6636317,2.6661353,2.6716287,2.6601985,2.6607997,2.6765158,2.6753504,2.679736,2.676855,2.6823804,2.6781793,2.687776,2.6914241,2.6795487,2.701827,2.6905568,2.690657,2.6778548,2.7019196,2.721631,2.7162352,2.7224317,2.7130642,2.7711904,2.7560842,2.790354,2.8027048,2.7831628,2.785836,2.8069727,2.8110344,2.817129,2.8002632,2.8244271,2.8264766,2.835905,2.8533614,2.8787043,2.8789713,2.871296,2.8921626,2.8881865,2.882975,2.8931365,2.8755553,2.8917913,2.902917,2.8824966,2.9007788,2.9082222,2.8942854,2.9039173,2.888014,2.9054143,2.90495,2.9007814,2.905627,2.9056206,2.9145277,2.9289122,2.90574,2.9080791,2.8875864,2.900201,2.9034379,2.9071732,2.8974462,2.900719,2.9030385,2.882527,2.8994615,2.895652,2.8931541,2.904329,2.898933,2.883724,2.8866012,2.881476,2.8865716,2.8881924,2.889761,2.9005792,2.8780217,2.8817005,2.8837352,2.882067,2.8783696,2.8840215,2.8814704,2.883205,2.8712285,2.8832881,2.883427,2.873769,2.8691993,2.87072,2.8834417,2.8629818,2.8417182,2.9003878,2.8839865,2.879395,2.8803341,2.8733084,2.8662207,2.8842824,2.8624327,2.8821821,2.8807251,2.8725748,2.8845994,2.8597581,2.8849826,2.8620055,2.889918,2.866982,2.8854802,2.8746614,2.884399,2.8750343,2.8696437,2.873949,2.884489,2.8841496,2.8844142,2.8769457,2.8839316,2.8797257,2.8951404,2.8865523,2.9001741,2.8888428,2.8912146,2.8939092,2.8942318,2.8869684,2.8831227,2.8789341,2.8835468,2.8907444,2.88325,2.8835707,2.8789372,2.8957891,2.8848503,2.8892953,2.8863528,2.8799431,2.9035645,2.8837738,2.8815737,2.901039,2.8949835,2.878916,2.862974,2.8788528,2.8734906,2.8860397,2.8634136,2.8827999,2.9009697,2.8813167,2.87717,2.8740058,2.8744674,2.8974943,2.875919,2.8866436,2.9021664,2.878353,2.8858461,2.8765397,2.8740954,2.8753793,2.881735,2.8786128,2.8771646,2.8743877,2.8945625,2.883332,2.8853154,2.8860939,2.9054587,2.8861806,2.879587,2.885834,2.876531,2.8939903,2.8811922,2.8828866,2.8946002,2.879888,2.8795671,2.8882697,2.882718,2.8768477,2.8803482,2.8821676,2.8826873,2.8844156,2.882083,2.879834,2.8849087,2.8775322,2.8793464,2.8794038,2.8714898,2.8724344,2.884253,2.8800058,2.890705,,,,,,,,,,,,,,,,,,,,,,,,,,,,,,,,,,,,,,,,,,,,,,,,,,,,,,,,,,,,,,,,,,,,,,,,,,,,,,,,,,,,,,,,,,,,,,,,,,,,,,,,,,,,,,,,,,,,,,,,,,,,,,,,,,,,,,,,,,,,,,,,,,,,,,,,,,,,,,,,,,,,,,,,,,,,,,,,,,,,,,,,,,,,,,,,,,,,,,,,,,,,,,,,,,,,,,,,,,,,,,,,,,,,,,,,,,,,,,,,,,,,,,,,,,,,,,,,,,,,,,,,,,,,,,,,,,,,,,,,,,,,,,,,,,,,,,,,,,,,,,,,,,,,,,
2.634213,2.6464117,2.6539826,2.6285992,2.6437285,2.6465135,2.6577878,2.6317816,2.636376,2.6429648,2.6224477,2.61902,2.6458938,2.6314764,2.601538,2.6206996,2.6293156,2.645602,2.6290908,2.627373,2.6290662,2.6270418,2.605757,2.6286457,2.6168058,2.6202626,2.6173105,2.6063995,2.6370478,2.6218288,2.5990264,2.6297698,2.6252232,2.613255,2.6363466,2.6367443,2.633511,2.6229374,2.6359956,2.615443,2.6298146,2.6051257,2.610375,2.5977356,2.6079402,2.63689,2.6221845,2.6355977,2.629301,2.615734,2.6129854,2.6238506,2.580515,2.5973873,2.5586529,2.5628226,2.5639584,2.53261,2.5149388,2.53578,2.5160904,2.4864209,2.466641,2.4392745,2.454109,2.4348524,2.421202,2.4140122,2.4227452,2.407437,2.4172685,2.410984,2.4038467,2.4187915,2.4239128,2.3892097,2.3814116,2.3728383,2.3670433,2.3863902,2.388103,2.3873181,2.3775587,2.365626,2.398227,2.385243,2.383991,2.3381314,2.3987513,2.367366,2.3528457,2.3842187,2.3807917,2.3565516,2.364759,2.3684857,2.3802326,2.381001,2.378047,2.3751605,2.3858714,2.3910098,2.394058,2.382548,2.4195828,2.393145,2.3902965,2.3916109,2.409881,2.3802729,2.402152,2.4225085,2.404797,2.411309,2.4202733,2.4117544,2.4213073,2.4241557,2.4264846,2.422859,2.4384818,2.4618325,2.4370487,2.4335945,2.4759402,2.4764614,2.4890423,2.5129642,2.5018342,2.5221078,2.5228689,2.520912,2.5193365,2.5402517,2.517781,2.5306058,2.527352,2.5432239,2.5168138,2.5306122,2.513651,2.5360637,2.5441337,2.5240679,2.5156033,2.5517323,2.5311532,2.5376441,2.5503163,2.5479805,2.5455306,2.5538692,2.5541813,2.5894833,2.5693364,2.6000192,2.5747776,2.610058,2.5970569,2.6191814,2.6069036,2.6078472,2.6049435,2.6130488,2.631546,2.617406,2.6281693,2.6299653,2.6545553,2.6215985,2.6335552,2.6276386,2.6309245,2.637529,2.639386,2.6455855,2.653728,2.66469,2.6630714,2.6561458,2.6776533,2.6886992,2.7034671,2.7138927,2.7537625,2.7345662,2.7271233,2.7205827,2.7665222,2.7372625,2.755031,2.7617579,2.7742088,2.7839026,2.7957072,2.8155684,2.8146265,2.7911515,2.8149197,2.8358917,2.8317087,2.8206975,2.8311732,2.8439884,2.84114,2.8392668,2.8358352,2.8600714,2.8412468,2.8478255,2.8681493,2.8571393,2.84487,2.8629258,2.8428655,2.8438158,2.8551338,2.8698626,2.8679717,2.85583,2.866678,2.874455,2.8764508,2.8744628,2.8659704,2.8700697,2.8820128,2.8875864,2.9012024,2.8827994,2.8880363,2.894112,2.8670719,2.9028306,2.8995275,2.886118,2.9012125,2.9044166,2.8797848,2.8900642,2.8869314,2.8757699,2.9051704,2.9076884,2.9120028,2.910476,2.902907,2.877046,2.8863535,2.9155867,2.8996534,2.8948693,2.9112082,2.8845382,2.9252307,2.9111047,2.905286,2.9089308,2.8935058,2.9083729,2.8956985,2.888258,2.9254212,2.9117725,2.9029965,2.9397893,2.9373937,2.9195158,2.907846,2.9157002,2.9321382,2.9095814,2.9351413,2.932629,2.90665,2.93507,2.9162273,2.906695,2.9189591,2.9275084,2.8890147,2.9279807,2.9207664,2.9104729,2.896482,2.8990402,2.9301736,2.8988008,2.9122653,2.893791,2.9192753,2.8849604,2.9200053,2.9009793,2.8923023,2.9056616,2.9205923,2.8894196,2.8679965,2.8816993,2.8731282,2.8820643,2.8693635,2.8778083,2.882021,2.8737905,2.8852437,2.8704927,2.8818624,2.8674922,2.8844478,2.8720324,2.8692994,2.8703487,2.874614,2.861093,2.8679137,2.8732653,2.864383,2.878087,2.8688593,2.863383,2.871225,2.8857195,2.8662455,2.8659787,2.8700042,2.8782039,2.86688,2.862277,2.8692667,2.8522716,2.8646123,2.864178,2.8611984,2.8651285,2.8627763,2.8610766,2.862657,2.863073,2.861477,2.8629982,2.863123,2.8539236,2.8641863,2.8645175,2.8485916,2.8589025,2.8532796,2.8523989,2.8548021,2.8496356,2.8421137,2.8404696,2.8328032,2.8428051,2.81858,2.8397388,2.8013933,2.8316836,2.8083875,2.7887208,2.7858946,2.787549,2.8132243,2.7706957,2.776665,2.773124,2.765907,2.7912195,2.7621372,2.7761369,,,,,,,,,,,,,,,,,,,,,,,,,,,,,,,,,,,,,,,,,,,,,,,,,,,,,,,,,,,,,,,,,,,,,,,,,,,,,,,,,,,,,,,,,,,,,,,,,,,,,,,,,,,,,,,,,,,,,,,,,,,,,,,,,,,,,,,,,,,,,,,,,,,,,,,,,,,,,,,,,,,,,,,,,,,,,,,,,,,,,,,,,,,,,,,,,,,,,,,,,,,,,,,,,,,,,,,,,,,,,,,,,,,,,,,,,,,,,,,,,,,,,,,,,,,,,,,,,,,,,,,,,,,,,,,,,,,,,,,,,,,,,,,,,,,,,,,,,,,,,,,,,,,,,,,,,,,,,,,,,,,,,,,,,,,,,,,,,,,,,,,,,,,,,,,
3.48262,3.5170836,3.522783,3.5027921,3.4889688,3.501146,3.469918,3.4844334,3.485199,3.5122838,3.4885771,3.5123224,3.5164218,3.4969761,3.4981465,3.4629982,3.4801557,3.5031781,3.4967058,3.5014842,3.5075357,3.4802191,3.5002031,3.5068095,3.5019054,3.4804823,3.4997087,3.494901,3.48722,3.5026643,3.5047479,3.4963155,3.5092752,3.5169845,3.5066216,3.497867,3.5126343,3.5025012,3.5201852,3.5345855,3.5201473,3.5281258,3.5184977,3.5211306,3.5187273,3.5318744,3.5318239,3.508701,3.5231202,3.5090632,3.4870548,3.471588,3.436788,3.4273403,3.4043202,3.3645866,3.3061805,3.3077455,3.2920797,3.265124,3.2487953,3.2131343,3.1712372,3.1394603,3.1195498,3.108582,3.0908113,3.046758,3.0353034,3.0234952,3.0255544,3.01592,2.9992013,2.9748497,3.0022452,2.97732,2.9653335,2.935712,2.960096,2.9252074,2.9118977,2.922401,2.9060934,2.9015417,2.910335,2.9138732,2.8736944,2.8835962,2.8936348,2.8815157,2.8613322,2.8752282,2.9015818,2.8987932,2.8792224,2.9108796,2.8756523,2.9080868,2.940706,2.9221528,2.9285254,2.9465303,2.9372761,2.9634175,2.9450119,2.9841845,2.9820185,2.9820404,3.0092185,3.0066772,2.985579,3.0075862,3.0199816,3.0357513,3.0123172,3.0199208,3.0205326,3.057923,3.0630097,3.0371318,3.084269,3.08742,3.0971093,3.1137114,3.1382906,3.1181536,3.1378472,3.155289,3.1286242,3.159929,3.1551013,3.1878927,3.1777873,3.223981,3.213939,3.2534878,3.2633374,3.2337363,3.2520847,3.2508023,3.2751756,3.2672937,3.2775674,3.2685452,3.2918901,3.2979212,3.3041956,3.304041,3.3327115,3.336775,3.3006828,3.3108938,3.35155,3.341311,3.3585868,3.3557606,3.354313,3.3628216,3.358592,3.3868322,3.3769944,3.3866613,3.4106138,3.4004464,3.39949,3.4053261,3.403163,3.395142,3.4347384,3.4169426,3.4181278,3.4086292,3.428513,3.4461722,3.4230888,3.4487789,3.443185,3.455748,3.47392,3.4801362,3.464802,3.4908648,3.4788141,3.4772425,3.4999497,3.5023248,3.527274,3.5127437,3.5613437,3.5540023,3.534585,3.5387433,3.5501246,3.5630414,3.560825,3.5722823,3.5616813,3.5626876,3.5769737,3.5836885,3.5412464,3.6020458,3.6046493,3.6080291,3.6343715,3.6295557,3.5929582,3.6111996,3.6328435,3.6361995,3.6173906,3.6396196,3.6468318,3.6328788,3.6346056,3.6423118,3.6386523,3.6432147,3.6537685,3.6485722,3.638917,3.6660225,3.6767776,3.6497886,3.6449943,3.6973798,3.6698523,3.6660993,3.7182376,3.6968563,3.6572359,3.698631,3.7140834,3.6948545,3.6889753,3.678991,3.7234435,3.6904252,3.702391,3.7291865,3.7416663,3.7055244,3.7376087,3.7266974,3.7561326,3.7406023,3.7501588,3.7513285,3.739842,3.746419,3.7389402,3.7602782,3.7489746,3.7638187,3.7647092,3.7635574,3.7457488,3.7506282,3.7605343,3.7652657,3.7624047,3.7790053,3.7521322,3.7626843,3.7791085,3.7615361,3.7792783,3.7768104,3.7754347,3.7647,3.780296,3.7688386,3.7825174,3.7867255,3.7948308,3.774807,3.7846055,3.7959952,3.7927349,3.7966847,3.799445,3.805261,3.8126047,3.8294153,3.7990594,3.804392,3.8236275,3.823143,3.826284,3.8121095,3.8114467,3.8295443,3.8109639,3.835296,3.8153477,3.8244095,3.8201413,3.8270829,3.8370059,3.836847,3.8366716,3.8155262,3.8213081,3.8247678,3.8284364,3.8045528,3.8240273,3.8224328,3.8196614,3.8082762,3.7984066,3.8214118,3.7979102,3.8274176,3.8269699,3.8178263,3.8129826,3.8045034,3.78591,3.8030796,3.802425,3.7919743,3.8060112,3.7919629,3.7875724,3.7995098,3.8068466,3.805024,3.7894247,3.7933135,3.7943447,3.7803555,3.7955368,3.7683625,3.7852316,3.776894,3.7927032,3.7841177,3.7970135,3.7777414,3.7940865,3.796993,3.8025475,3.7863839,3.8082547,3.7987063,3.7848904,3.801481,3.7884092,3.778984,3.7996519,3.8127582,3.7874205,3.8130825,3.8314002,3.822861,3.8088157,3.8523595,3.820676,3.8300784,3.818455,3.8489904,3.8524957,3.8654165,3.8454437,3.8581727,3.798551,3.8438528,3.8675015,3.834716,3.8846161,3.8903875,3.8676445,3.8887289,,,,,,,,,,,,,,,,,,,,,,,,,,,,,,,,,,,,,,,,,,,,,,,,,,,,,,,,,,,,,,,,,,,,,,,,,,,,,,,,,,,,,,,,,,,,,,,,,,,,,,,,,,,,,,,,,,,,,,,,,,,,,,,,,,,,,,,,,,,,,,,,,,,,,,,,,,,,,,,,,,,,,,,,,,,,,,,,,,,,,,,,,,,,,,,,,,,,,,,,,,,,,,,,,,,,,,,,,,,,,,,,,,,,,,,,,,,,,,,,,,,,,,,,,,,,,,,,,,,,,,,,,,,,,,,,,,,,,,,,,,,,,,,,,,,,,,,,,,,,,,,,,,,,,,,,,,,,,,,,,,,,,,,,,,,,,,,,,,,,,,,,,,,,,
2.9060173,2.9042327,2.8953798,2.8851964,2.8858736,2.8983667,2.887971,2.884843,2.8963525,2.8793101,2.8807974,2.9008799,2.892649,2.8869317,2.9009302,2.8792405,2.8974662,2.8949475,2.873447,2.8935943,2.872207,2.877671,2.8691213,2.884817,2.9170008,2.8882003,2.8695474,2.8896136,2.9027476,2.8872037,2.8979518,2.8910193,2.888955,2.8783634,2.8583758,2.8577235,2.8740861,2.8622708,2.8534977,2.8361251,2.884508,2.8300514,2.8550913,2.8714242,2.857809,2.842689,2.8415189,2.844916,2.835029,2.841198,2.781473,2.78826,2.7633777,2.738608,2.7102447,2.6960642,2.654547,2.6580224,2.6533833,2.6494944,2.6479206,2.6083176,2.6004066,2.5481741,2.5345204,2.5320976,2.5205078,2.5172787,2.5017648,2.4597077,2.475503,2.473915,2.4804254,2.4726644,2.4509437,2.4182775,2.4054358,2.403994,2.3936338,2.378719,2.3684027,2.368819,2.367608,2.367556,2.3680775,2.3679488,2.3683884,2.4030704,2.3598487,2.3786466,2.3640509,2.3640273,2.35719,2.392794,2.4001138,2.3672407,2.3933265,2.370591,2.4038465,2.3995948,2.4285235,2.3963962,2.4241102,2.425512,2.454557,2.4596744,2.427905,2.437887,2.4601014,2.477957,2.4720392,2.4774365,2.4769306,2.4702435,2.4841383,2.48061,2.4772785,2.493546,2.477417,2.5223455,2.4944553,2.5332289,2.5040393,2.4952385,2.524135,2.5320678,2.5320005,2.5464692,2.5333402,2.529436,2.571614,2.5530143,2.5434186,2.5669842,2.5475564,2.5577006,2.5686715,2.565627,2.5990202,2.597247,2.5971518,2.5941155,2.5940287,2.5990863,2.6060793,2.585912,2.6067238,2.6065223,2.608884,2.6190999,2.6241014,2.6472063,2.6371238,2.6604626,2.6544893,2.6662488,2.664314,2.6593933,2.6505663,2.674727,2.693738,2.6899014,2.6744258,2.6927874,2.6990085,2.705345,2.6959403,2.7092717,2.69848,2.6919882,2.7007303,2.728987,2.7255168,2.7233462,2.7029452,2.687261,2.7115133,2.7257638,2.7209888,2.7060025,2.7377582,2.7260602,2.721037,2.7255492,2.7351706,2.7208352,2.727609,2.6941164,2.681774,2.7180703,2.7228746,2.7207665,2.7315714,2.7264662,2.6816998,2.7121248,2.750733,2.7396047,2.7411246,2.739334,2.7509184,2.7341762,2.6899037,2.7226956,2.7408407,2.7098284,2.7244575,2.7320626,2.7599838,2.7546113,2.7356086,2.7417822,2.756779,2.7700055,2.7716384,2.7426043,2.7479076,2.7611623,2.732701,2.7455485,2.7717843,2.778648,2.7675028,2.765211,2.7632082,2.769176,2.7548513,2.7707002,2.7572973,2.758278,2.7565145,2.7662416,2.7538304,2.763991,2.7620387,2.7672288,2.7631342,2.7658937,2.7618601,2.757277,2.7797275,2.7809308,2.7774003,2.7762742,2.7786267,2.7772229,2.7667747,2.7752957,2.767734,2.7723672,2.776846,2.7813025,2.7634687,2.777411,2.7780883,2.7698588,2.776111,2.7732224,2.7853117,2.7977974,2.768454,2.7678878,2.7835436,2.7878792,2.7872498,2.7819893,2.7836964,2.7805207,2.7775357,2.7900896,2.7985413,2.7998898,2.7867544,2.777044,2.782446,2.7867577,2.7958996,2.7862315,2.762078,2.7787552,2.7766862,2.793724,2.7962105,2.7743475,2.7837272,2.7555134,2.7791927,2.7689378,2.7875752,2.7926822,2.7697484,2.7725246,2.776409,2.7646272,2.7674768,2.7744524,2.7522283,2.7553775,2.7577817,2.7657008,2.774731,2.7681324,2.7617877,2.757043,2.7382936,2.757727,2.7387013,2.741875,2.7607229,2.748334,2.7601502,2.7686894,2.7516677,2.7411573,2.760226,2.757347,2.769054,2.7799745,2.7514818,2.759012,2.7591038,2.7774587,2.7748814,2.7738092,2.7548938,2.7561426,2.7722888,2.7633421,2.7749395,2.7438557,2.7555733,2.7693498,2.7547376,2.7552822,2.7666938,2.772466,2.762786,2.7758036,2.761807,2.7523391,2.7889254,2.747892,2.7989957,2.75727,2.7656271,2.7660816,2.7925208,2.7926204,,,,,,,,,,,,,,,,,,,,,,,,,,,,,,,,,,,,,,,,,,,,,,,,,,,,,,,,,,,,,,,,,,,,,,,,,,,,,,,,,,,,,,,,,,,,,,,,,,,,,,,,,,,,,,,,,,,,,,,,,,,,,,,,,,,,,,,,,,,,,,,,,,,,,,,,,,,,,,,,,,,,,,,,,,,,,,,,,,,,,,,,,,,,,,,,,,,,,,,,,,,,,,,,,,,,,,,,,,,,,,,,,,,,,,,,,,,,,,,,,,,,,,,,,,,,,,,,,,,,,,,,,,,,,,,,,,,,,,,,,,,,,,,,,,,,,,,,,,,,,,,,,,,,,,,,,,,,,,,,,,,,,,,,,,,,,,,,,,,,,,,,,,,,,,,,,,,,,,,,,,,,,,,,,,,,,,,
3.4151924,3.3799198,3.396269,3.3806977,3.4070647,3.3926866,3.3981242,3.4098165,3.4057028,3.4129498,3.4214895,3.4260957,3.4110746,3.4024951,3.4170241,3.3996427,3.4186172,3.4044542,3.4153316,3.419913,3.3981206,3.4527175,3.4329774,3.4060178,3.4112685,3.4446526,3.4126737,3.4389915,3.423056,3.4391963,3.4074268,3.4340026,3.4231203,3.4224641,3.41251,3.414976,3.4120274,3.4186432,3.4057696,3.4143765,3.4133916,3.4277253,3.4122336,3.4145427,3.4154,3.4340165,3.4122074,3.4119084,3.3892896,3.3589916,3.349522,3.3295214,3.31102,3.2887802,3.2625854,3.2655396,3.2476556,3.2425554,3.2265944,3.192424,3.124144,3.1171296,3.1268172,3.0899513,3.0759933,3.0386748,3.0204966,2.9912355,2.9847558,2.973931,2.9527037,2.9229867,2.8940392,2.9042017,2.89975,2.8899791,2.8891351,2.8905199,2.8822534,2.8672488,2.8652341,2.89735,2.8591921,2.8582187,2.8502767,2.867919,2.8394597,2.8489459,2.837849,2.8378935,2.8202739,2.8271556,2.8452919,2.8416786,2.835084,2.84314,2.859128,2.8281124,2.8326597,2.8405976,2.8526347,2.8520172,2.8706038,2.8386152,2.8562248,2.8614576,2.8603323,2.8812404,2.849103,2.8703723,2.8914077,2.894349,2.880463,2.8828866,2.883806,2.904974,2.8958864,2.8987448,2.8989618,2.9144127,2.9170063,2.9486027,2.9245827,2.9384573,2.9670131,2.9862258,2.9656553,3.0187478,3.0143137,3.0243328,3.012601,3.0205224,3.0747046,3.039073,3.0800462,3.0927358,3.1056457,3.1141095,3.1189167,3.1186821,3.1507063,3.1362839,3.1396668,3.134403,3.1400576,3.1386492,3.1637359,3.1847968,3.1864157,3.1933048,3.1784244,3.2241428,3.19664,3.2105694,3.2304718,3.2313154,3.2499826,3.2567108,3.2599697,3.265135,3.260496,3.2562618,3.2797499,3.2661817,3.270727,3.2741814,3.2812629,3.2770452,3.3016088,3.3095338,3.2996433,3.2985766,3.2894297,3.3059273,3.3473172,3.341295,3.345843,3.377379,3.3365023,3.3485138,3.3641922,3.387881,3.3982196,3.3631032,3.388737,3.3862162,3.3996775,3.4053102,3.4225142,3.4154155,3.4619248,3.4512675,3.4601054,3.4557076,3.4401734,3.4641526,3.4617743,3.4675875,3.4839144,3.467373,3.4709117,3.4654057,3.4764957,3.4881315,3.5134547,3.491673,3.496637,3.4977021,3.4855978,3.5069227,3.4765637,3.4905956,3.4901953,3.5158787,3.51464,3.5156674,3.530143,3.5312898,3.5349789,3.5329497,3.5314646,3.528678,3.5547445,3.5332003,3.5488436,3.535254,3.561945,3.5844278,3.5585296,3.5629494,3.602317,3.5737123,3.589942,3.5964942,3.6087418,3.5914266,3.5742095,3.5889707,3.5958276,3.6008017,3.594995,3.6040576,3.6300547,3.6095974,3.616615,3.6085682,3.6103995,3.6392233,3.6404898,3.6329172,3.6226096,3.6317506,3.6394293,3.6379657,3.628149,3.6405942,3.6266456,3.6272614,3.640529,3.6300476,3.61878,3.620948,3.6264215,3.6156974,3.6371877,3.616024,3.6221492,3.6279063,3.6142867,3.6329238,3.6144936,3.6280115,3.613248,3.6285992,3.6228712,3.6203482,3.6210816,3.6316106,3.620922,3.6192894,3.6334019,3.6150486,3.6249845,3.6277003,3.623703,3.6167233,3.625996,3.5799365,3.6081586,3.584625,3.6161246,3.6317725,3.6076257,3.5829084,3.5951474,3.6096184,3.5770328,3.6225617,3.6347318,3.5924654,3.5939748,3.590806,3.5804663,3.6077724,3.6016228,3.626857,3.595417,3.594219,3.640878,3.5991712,3.6036773,3.5800798,3.6062593,3.5943043,3.6264696,3.6462536,3.5758855,3.602772,3.5950902,3.6087382,3.6469574,3.5937006,3.65117,3.6243377,3.6124625,3.622819,3.631664,3.6203895,3.6206424,3.6077185,3.6201496,3.6288242,3.617617,3.6408327,3.6420238,3.6086826,3.6454318,3.613349,3.651864,3.634604,3.6684763,3.6428032,3.6539278,3.634316,3.627304,3.6702163,3.6566968,3.6638432,3.68709,3.6423407,3.6634138,3.6631718,3.6451185,3.6487646,3.643103,3.6890993,3.688327,3.693479,3.6855252,3.6829503,3.7009676,3.6613023,3.652689,3.6865585,3.6640942,3.6731348,3.692465,3.6553333,3.6662688,3.6871989,3.6692438,3.6707327,3.6757023,3.680854,3.6611383,3.6828785,3.6645162,3.678952,3.7039092,3.7038991,3.6817818,3.7013612,3.6636202,3.6832616,3.703184,3.6623197,3.685457,3.6739225,3.6862738,3.6802256,3.7017925,3.7044716,3.705404,3.6933467,3.7155294,3.6798606,3.7133696,3.70299,3.7037518,3.701145,3.6895568,3.6956053,3.711735,3.6953626,3.6895478,3.6913035,3.7086422,3.703347,3.707728,3.6718729,3.6881342,3.706465,3.6916385,3.7046273,3.7043247,3.6984038,3.6960816,3.6984487,3.7044952,3.7125375,3.6934845,,,,,,,,,,,,,,,,,,,,,,,,,,,,,,,,,,,,,,,,,,,,,,,,,,,,,,,,,,,,,,,,,,,,,,,,,,,,,,,,,,,,,,,,,,,,,,,,,,,,,,,,,,,,,,,,,,,,,,,,,,,,,,,,,,,,,,,,,,,,,,,,,,,,,,,,,,,,,,,,,,,,,,,,,,,,,,,,,,,,,,,,,,,,,,,,,,,,,,,,,,,,,,,,,,,,,,,,,,,,,,,,,,,,,,,,,,,,,,,,,,,,,,,,,,,,,,,,,,,,,,,,,,,,,,,,,,,,,,,,,,,,,,,,,,,,,,,,,,,,,,
2.7493796,2.7883809,2.7845104,2.764709,2.7551298,2.767337,2.7540925,2.7403767,2.7385135,2.749929,2.7348936,2.7633002,2.7393036,2.7370162,2.7252984,2.7359834,2.729523,2.719989,2.7245696,2.7276797,2.7279058,2.707141,2.7077086,2.7170062,2.7110841,2.711772,2.7145493,2.7094774,2.709677,2.7112215,2.7151787,2.7141726,2.7007024,2.713606,2.6863372,2.7182033,2.716682,2.7063756,2.6943042,2.6884573,2.7058015,2.6863647,2.6967137,2.6915045,2.702762,2.6571283,2.6991928,2.6888678,2.6890774,2.6585941,2.6446779,2.67584,2.6484377,2.61697,2.6288023,2.596197,2.5503294,2.5624435,2.5384088,2.5195518,2.5377426,2.5168226,2.5062845,2.5008187,2.5158541,2.4978828,2.4994628,2.4882734,2.4774683,2.442447,2.4452024,2.45527,2.442135,2.4696121,2.4009182,2.4099622,2.4057996,2.3744297,2.37855,2.3986478,2.390191,2.3523629,2.3698087,2.383656,2.370039,2.3735366,2.3419275,2.3426085,2.3547251,2.3708339,2.3681083,2.3781152,2.3596838,2.3249722,2.4031885,2.375327,2.3923624,2.3980112,2.4120035,2.3840327,2.402334,2.4087608,2.3774283,2.417378,2.4144542,2.442094,2.4469512,2.457746,2.4554644,2.4494326,2.465692,2.4838662,2.4848392,2.4721634,2.492466,2.496467,2.4952507,2.4943926,2.4955146,2.5073318,2.5090144,2.5093267,2.5086055,2.5210016,2.5109818,2.5211174,2.528336,2.53035,2.5209692,2.5344384,2.5235434,2.552839,2.5438352,2.5384533,2.5826926,2.5569313,2.6131978,2.5989501,2.5860312,2.6214886,2.6542916,2.6703656,2.6634374,2.6611602,2.6830442,2.6983147,2.6659627,2.7202253,2.7024043,2.7156794,2.7057745,2.7285762,2.743736,2.7359822,2.7577481,2.764271,2.7602887,2.765852,2.7675714,2.7957575,2.7835352,2.806415,2.7981448,2.8143773,2.8257713,2.8354025,2.8469133,2.833888,2.855592,2.860698,2.8509955,2.9016922,2.8962543,2.9020598,2.908994,2.9237552,2.9538229,2.9355843,2.9102101,2.9480295,2.9378638,2.948416,2.9706488,2.9658527,2.9563346,2.964063,2.9731712,2.9767244,2.9695756,2.9662504,2.9755595,2.9957724,2.968209,3.009814,2.993613,2.992967,3.032188,3.020533,3.0273933,3.0700848,3.0558755,3.0519485,3.081627,3.0517364,3.0614285,3.0890617,3.0623121,3.088433,3.0771632,3.0741262,3.0847044,3.11026,3.0926938,3.0904365,3.103854,3.087645,3.1052191,3.0950582,3.0833066,3.1126237,3.1134412,3.0868394,3.1135058,3.1132836,3.095378,3.0948172,3.1039274,3.1211753,3.1117694,3.1115427,3.1116424,3.0934844,3.1058934,3.1029198,3.0912898,3.1054647,3.0902271,3.1074436,3.0811577,3.0944397,3.0820096,3.0781598,3.07722,3.105135,3.0884159,3.0674205,3.0997725,3.0959122,3.0656214,3.0995648,3.0845234,3.0949485,3.08607,3.0656464,3.0890036,3.086587,3.0890992,3.1052165,3.0955174,3.092372,3.0852566,3.0958068,3.0926108,3.0823324,3.0991051,3.0892692,3.10355,3.0940182,3.0984979,3.1031275,3.061299,3.1013649,3.1115558,3.125205,3.0822487,3.1116538,3.1250746,3.1383686,3.1067827,3.1103241,3.1251915,3.1195512,3.1151783,3.12418,3.1253812,3.1443586,3.1326728,3.1377609,3.1321669,3.1375875,3.1498702,3.1423557,3.1621957,3.169643,3.133288,3.159369,3.1458125,3.1591394,3.1559887,3.1614609,3.167596,3.1583505,3.1602335,3.1648233,3.186208,3.1646404,3.1584878,3.1758382,3.180842,3.1840413,3.1754193,3.186294,3.182165,3.1845298,3.1944377,3.1811826,3.1808271,3.1664734,3.1868272,3.1861176,3.176861,3.1873875,3.1861377,3.164013,3.1686788,3.1742795,3.194908,3.1743047,3.1802635,3.1747034,3.1617093,3.17195,3.172884,3.2030501,3.1683836,3.2172956,3.1700776,3.1875794,3.192258,3.204824,3.1760771,3.179922,3.1757,3.188574,3.1888483,3.1848536,3.1856987,3.1786928,3.1660435,3.1668622,3.2185457,3.168935,3.1733139,3.1436596,3.1639702,3.1980329,3.1607451,3.1556227,3.1634455,3.1545138,3.1845481,3.1658652,3.166828,3.16629,3.1614056,3.162235,3.1552622,3.1566753,3.1562037,3.1551847,3.1551178,,,,,,,,,,,,,,,,,,,,,,,,,,,,,,,,,,,,,,,,,,,,,,,,,,,,,,,,,,,,,,,,,,,,,,,,,,,,,,,,,,,,,,,,,,,,,,,,,,,,,,,,,,,,,,,,,,,,,,,,,,,,,,,,,,,,,,,,,,,,,,,,,,,,,,,,,,,,,,,,,,,,,,,,,,,,,,,,,,,,,,,,,,,,,,,,,,,,,,,,,,,,,,,,,,,,,,,,,,,,,,,,,,,,,,,,,,,,,,,,,,,,,,,,,,,,,,,,,,,,,,,,,,,,,,,,,,,,,,,,,,,,,,,,,,,,,,,,,,,,,,,,,,,,,,,,,,,,,,,,,,,,,,,,,,,,,,,,,,,,,,,,,,,,,,,,
2.9905386,2.985162,3.0023088,2.9954617,2.9952948,2.9908948,2.9953833,2.9850156,3.0240612,2.992846,2.9881139,2.997252,2.983994,2.9968812,2.9909928,3.0363567,2.9946768,3.0017428,2.9963968,2.9936385,3.0142472,3.029308,3.0057182,2.9952235,3.001597,3.0108004,3.0161588,3.0257745,3.0265481,3.012738,3.0276697,3.0306628,2.9981263,3.0166779,3.033953,3.0365677,2.988899,3.0324795,3.0229337,3.017255,3.0368161,3.0039902,3.0204163,3.0181212,3.009556,3.0160818,3.0188406,3.0363293,3.0385287,3.0285015,3.0100822,2.9935753,2.999242,2.9924786,2.9782448,2.9538414,2.9120762,2.8991966,2.8504734,2.8412037,2.8048766,2.7791307,2.7765205,2.73391,2.712709,2.7143183,2.7071486,2.640364,2.6558075,2.6520817,2.6475596,2.6356425,2.6158125,2.6101475,2.6129582,2.6118574,2.5880945,2.5577724,2.5771308,2.5730875,2.5441408,2.5323732,2.5446992,2.5004995,2.539969,2.5108917,2.4981654,2.5388167,2.4745047,2.486057,2.4962194,2.4722397,2.481541,2.4916766,2.4951987,2.4496415,2.4839852,2.5194235,2.503142,2.497925,2.515379,2.5272038,2.5237122,2.52357,2.529052,2.5161643,2.5288937,2.514952,2.5406206,2.5416167,2.5413196,2.5386612,2.5629654,2.5552216,2.531718,2.5386872,2.5815196,2.561712,2.5867088,2.568088,2.5811934,2.6216733,2.6015234,2.6192503,2.6362631,2.6396687,2.6368046,2.641905,2.6419916,2.6596854,2.6417878,2.6513762,2.6501727,2.671885,2.672165,2.6676033,2.695532,2.6798184,2.7273126,2.7058873,2.7163088,2.6732748,2.7197049,2.733904,2.7411425,2.7271383,2.7564805,2.7558336,2.718919,2.755321,2.7457335,2.7394614,2.7433524,2.752394,2.7726715,2.7614818,2.733691,2.75737,2.7510014,2.768223,2.757837,2.7549896,2.7727559,2.7506878,2.7603588,2.770639,2.7837858,2.7502217,2.7656069,2.750279,2.771129,2.7708569,2.7600558,2.7660375,2.7733727,2.766473,2.7910454,2.7710974,2.7693753,2.78387,2.7523644,2.76193,2.793735,2.7731688,2.755723,2.769963,2.7782726,2.7471821,2.764038,2.7764049,2.7692792,2.7644567,2.7686005,2.7904665,2.7739408,2.7781787,2.765873,2.7763155,2.7792778,2.7487051,2.759383,2.780669,2.775312,2.7973952,2.7643983,2.7690675,2.7881632,2.7783911,2.7641923,2.7852197,2.7747226,2.7690814,2.7723353,2.7731786,2.7838576,2.76538,2.7702606,2.7878492,2.783395,2.7410731,2.7872543,2.7774847,2.7786505,2.798073,2.7758496,2.7790306,2.7768354,2.762192,2.765677,2.7795236,2.7980769,2.7847934,2.7703652,2.769585,2.7710695,2.780584,2.7551632,2.784839,2.785592,2.7890549,2.7789283,2.7696815,2.7769992,2.7820013,2.766627,2.798535,2.7811217,2.7854621,2.7765365,2.7767546,2.7776484,2.7931135,2.7850194,2.7856402,2.7662685,2.7738569,2.759942,2.7702312,2.78124,2.7904713,2.7865043,2.7950916,2.7713518,2.782121,2.7700117,2.7687702,2.7910929,2.7911468,2.7849371,2.783834,2.7673059,2.7841978,2.765163,2.7827358,2.7813203,2.782289,2.8031428,2.7827082,2.780217,2.7955725,2.7891607,2.7930787,2.8019352,2.7832804,2.77762,2.7806296,2.791805,2.7928114,2.7804086,2.767332,2.8057106,2.7823493,2.7684605,2.802724,2.7800024,2.7796504,2.7921236,2.7783113,2.7727382,2.7916243,2.7989368,2.7918534,2.8027694,2.793111,2.7863846,2.780139,2.7854447,2.7769732,2.8022492,2.7782269,2.7832067,2.788635,2.7724266,2.7818105,2.7829845,2.7852652,2.792831,2.7787094,2.7671447,2.7918546,2.7845287,2.7953503,2.792019,2.783567,2.7905996,2.786931,2.786932,2.7859468,2.791745,2.774242,2.7857418,2.7807174,2.7854624,,,,,,,,,,,,,,,,,,,,,,,,,,,,,,,,,,,,,,,,,,,,,,,,,,,,,,,,,,,,,,,,,,,,,,,,,,,,,,,,,,,,,,,,,,,,,,,,,,,,,,,,,,,,,,,,,,,,,,,,,,,,,,,,,,,,,,,,,,,,,,,,,,,,,,,,,,,,,,,,,,,,,,,,,,,,,,,,,,,,,,,,,,,,,,,,,,,,,,,,,,,,,,,,,,,,,,,,,,,,,,,,,,,,,,,,,,,,,,,,,,,,,,,,,,,,,,,,,,,,,,,,,,,,,,,,,,,,,,,,,,,,,,,,,,,,,,,,,,,,,,,,,,,,,,,,,,,,,,,,,,,,,,,,,,,,,,,,,,,,,,,,,,,,,,,,,,,,,,,,,,,,,,,,,,,,,,,,,,,,,,,,,,,,,,
2.5954454,2.5618703,2.5858097,2.5453267,2.5598533,2.572137,2.5723605,2.5677125,2.558833,2.555903,2.53588,2.569924,2.5820892,2.560332,2.5862758,2.5864427,2.5722203,2.5596435,2.5553334,2.6316948,2.6050098,2.5695379,2.60267,2.5763178,2.6085804,2.6189816,2.6083817,2.6036892,2.6026034,2.6033773,2.6057138,2.6126173,2.6214278,2.6236153,2.6039717,2.6158543,2.5953407,2.6066053,2.6005208,2.6284163,2.6189787,2.6088707,2.6126626,2.5764976,2.6108298,2.6150947,2.5787983,2.575613,2.589792,2.5609667,2.5921173,2.5845392,2.566986,2.5341988,2.5450568,2.5139444,2.4998975,2.506582,2.5144436,2.4992194,2.4846835,2.4573843,2.464845,2.4534516,2.4372923,2.4464054,2.447021,2.4439285,2.422055,2.4291732,2.380735,2.4106467,2.3575852,2.348334,2.3491018,2.3322265,2.324552,2.3722606,2.3597624,2.3183563,2.326404,2.314836,2.3150423,2.3526306,2.3270416,2.3592682,2.339853,2.3507037,2.3561106,2.3274136,2.3372147,2.313312,2.3601668,2.3509269,2.3446064,2.376291,2.378218,2.359186,2.3760583,2.3818192,2.3767037,2.3641684,2.3890557,2.370803,2.388906,2.3764982,2.3873513,2.3863006,2.3867433,2.3873854,2.3835897,2.427131,2.38406,2.4321027,2.4136236,2.4026346,2.4270275,2.4371397,2.4227436,2.4177482,2.4270763,2.4565806,2.4481404,2.4391422,2.450977,2.4584048,2.4504776,2.4627132,2.4714208,2.4740405,2.471079,2.4779468,2.4827676,2.47898,2.4834268,2.4971488,2.5057652,2.525739,2.5323806,2.5388784,2.562808,2.5583563,2.5505912,2.5670643,2.5647066,2.6023924,2.576407,2.6117966,2.6370347,2.6488638,2.629127,2.6624434,2.67199,2.6945457,2.689056,2.6913366,2.6837335,2.7047265,2.7016373,2.7014194,2.7066603,2.711985,2.725466,2.7165222,2.720744,2.7370079,2.7483435,2.7374332,2.754322,2.7515209,2.766418,2.7621846,2.7626886,2.7629745,2.7615983,2.7714717,2.7653499,2.7823381,2.7653124,2.7720068,2.784477,2.7710748,2.7513795,2.8017328,2.7782762,2.8413458,2.8504071,2.852824,2.8532438,2.852129,2.8651073,2.8706505,2.8621888,2.8704956,2.8888497,2.867681,2.8985004,2.8793628,2.8736184,2.8743417,2.8584576,2.8857234,2.860999,2.8717132,2.8826709,2.9134798,2.875739,2.909239,2.9268498,2.939125,2.9169383,2.933072,2.9351187,2.9383364,2.9373636,2.9313002,2.949494,2.9404168,2.942266,2.9433007,2.9403315,2.9499106,2.9591675,2.9704816,2.9554188,2.9563713,2.9571075,2.959775,2.9580164,2.9716787,2.9584959,2.9588673,2.959327,2.959629,2.9699326,3.0158865,3.0084677,2.9722703,3.0332153,3.035199,2.9869428,3.007063,3.038581,3.0366426,3.0363586,3.0350454,3.0379615,3.0442922,3.05545,3.070627,3.0332265,3.0395973,3.0729806,3.0307171,3.0534706,3.0589402,3.0460327,3.0765882,3.0356655,3.0490274,3.0448859,3.070202,3.0403697,3.0430894,3.0526135,3.0684266,3.0214279,3.0444987,3.0492046,3.0723307,3.0826058,3.0231903,3.028106,3.0446393,3.0354943,3.0410318,3.0264668,3.0151412,3.032338,3.0103352,3.0014987,3.029108,3.0274668,3.020182,3.0176184,3.013412,3.0135896,3.0285861,3.0106657,3.016789,3.0147524,3.0195625,3.0163155,3.00934,3.0197923,3.0144932,2.9962044,3.0084577,3.0078683,2.9954348,2.9926171,2.986099,2.9521503,2.9593856,2.9873939,2.9476628,2.9634025,2.9202843,2.9402702,2.9246552,2.9126077,2.935094,2.9245598,2.9145858,2.9263434,2.927685,2.9162526,2.9239762,2.9262574,2.9071252,2.9153087,2.9405918,2.9206183,2.9230359,2.911976,2.9192748,2.9018865,2.9220562,2.9042828,2.9189873,,,,,,,,,,,,,,,,,,,,,,,,,,,,,,,,,,,,,,,,,,,,,,,,,,,,,,,,,,,,,,,,,,,,,,,,,,,,,,,,,,,,,,,,,,,,,,,,,,,,,,,,,,,,,,,,,,,,,,,,,,,,,,,,,,,,,,,,,,,,,,,,,,,,,,,,,,,,,,,,,,,,,,,,,,,,,,,,,,,,,,,,,,,,,,,,,,,,,,,,,,,,,,,,,,,,,,,,,,,,,,,,,,,,,,,,,,,,,,,,,,,,,,,,,,,,,,,,,,,,,,,,,,,,,,,,,,,,,,,,,,,,,,,,,,,,,,,,,,,,,,,,,,,,,,,,,,,,,,,,,,,,,,,,,,,,,,,,,,,,,,,,,,,,,,,,,,,,,,,,,,,,,,,,,,,,,,,,,,,,,,,,,,,,,,,,,
2.6754956,2.6592698,2.6516168,2.6781194,2.6530976,2.6390836,2.682119,2.6624703,2.6439397,2.676139,2.6762142,2.6737118,2.6581402,2.6811285,2.6714122,2.6544583,2.662254,2.6754334,2.67448,2.6697052,2.656322,2.6865487,2.6744263,2.6944656,2.6847706,2.6988623,2.6643384,2.6841338,2.7099807,2.6887956,2.6861265,2.6812537,2.7103465,2.6996248,2.7363098,2.7363236,2.7358956,2.7319956,2.6918113,2.7487621,2.746355,2.739115,2.7295234,2.7448945,2.7377863,2.7199917,2.7555816,2.7102306,2.7502263,2.7010071,2.703589,2.7184553,2.697653,2.715445,2.7102718,2.7065856,2.6643558,2.696145,2.670941,2.661123,2.6591196,2.6416898,2.614675,2.6151946,2.5981882,2.6042216,2.5917525,2.5908587,2.5836337,2.5594795,2.5734515,2.543494,2.527542,2.531844,2.5102692,2.522147,2.495342,2.5238543,2.5012507,2.5108886,2.5125515,2.539255,2.4960988,2.497757,2.5123599,2.5179665,2.5102632,2.52972,2.5252602,2.5158255,2.5330777,2.527176,2.52487,2.5491884,2.536136,2.5453973,2.576774,2.5763762,2.5772128,2.6025355,2.5691714,2.5656955,2.5886335,2.604302,2.5968907,2.596147,2.5923579,2.6017408,2.6052015,2.5995004,2.6340759,2.639068,2.6314204,2.6315308,2.6417222,2.6276283,2.6560664,2.6376016,2.6817415,2.6525111,2.686259,2.6687655,2.6791449,2.6854234,2.7069948,2.687151,2.6798913,2.6905882,2.7063923,2.725412,2.6871789,2.686229,2.716236,2.690828,2.7179892,2.695103,2.7176785,2.717611,2.6728034,2.709771,2.7267983,2.7022367,2.6836169,2.714984,2.6798449,2.6994038,2.7097251,2.7092907,2.7085545,2.699301,2.694102,2.7110155,2.7164624,2.7235682,2.679876,2.6984098,2.710768,2.7218406,2.7198586,2.7323568,2.710677,2.7004595,2.7157047,2.7346666,2.728073,2.7369094,2.7539024,2.734302,2.763138,2.7501516,2.733133,2.778581,2.7543213,2.7498236,2.7759101,2.7531605,2.7811284,2.7841876,2.7994406,2.8158429,2.830532,2.8220575,2.8257992,2.805912,2.8310862,2.8538845,2.8369205,2.822313,2.8333256,2.8530061,2.8366997,2.8673873,2.8769748,2.8437335,2.8700101,2.8722508,2.8721066,2.862704,2.8682811,2.863295,2.8738902,2.8807626,2.8812714,2.890126,2.8870578,2.8897226,2.8786871,2.8850787,2.8752146,2.877421,2.902121,2.8983665,2.8985522,2.9074821,2.8956602,2.8999822,2.9060965,2.910131,2.9013991,2.9046853,2.9083836,2.9041154,2.8938134,2.9038622,2.9031758,2.9052007,2.8998704,2.910015,2.9173865,2.9125555,2.93083,2.901059,2.9204657,2.9186554,2.899869,2.9123683,2.9070313,2.9140425,2.9192286,2.9188597,2.9184172,2.9078233,2.9012408,2.912323,2.921554,2.9089408,2.9257426,2.915927,2.9155111,2.917207,2.926627,2.8952887,2.9214835,2.9242642,2.919762,2.8950021,2.9209404,2.9194922,2.9379506,2.9205937,2.9325104,2.914157,2.9271522,2.9263034,2.91452,2.9075444,2.9179049,2.9285939,2.9366808,2.9218829,2.918946,2.9390478,2.92644,2.932613,2.9083345,2.937633,2.9222674,2.9408786,2.91312,2.9417467,2.9213872,2.9153707,2.9247952,2.9247246,2.9135659,2.936855,2.9138596,2.902147,2.9532797,2.9200306,2.95126,2.910771,2.9211986,2.9257889,2.9110208,2.927445,2.902075,2.9106627,2.9179394,2.9233475,2.911906,2.9124084,2.9283051,2.8935757,2.9313805,2.9231024,2.9443612,2.918578,2.9070415,2.9257534,2.921107,2.9056356,2.9132833,2.9283676,2.9042146,2.9148571,2.9040306,2.8956976,2.9099352,2.9126885,2.9134192,2.9044907,2.9303846,2.9049249,2.8942108,2.9111392,2.9162433,2.9057305,2.9027143,2.9018807,2.9024541,2.8845544,2.9027786,2.8984978,2.9030344,2.9179535,2.8933299,2.901031,2.8998222,2.885289,2.9134936,2.9082956,2.8977113,2.897284,2.9015203,2.8960686,2.8787467,2.8867452,2.9020455,2.8785176,2.9098327,2.8871775,2.8935244,2.892611,2.9009528,2.8829334,2.8903112,2.869333,2.8986256,2.902149,2.883479,2.8929033,2.8828392,2.8988674,2.891568,,,,,,,,,,,,,,,,,,,,,,,,,,,,,,,,,,,,,,,,,,,,,,,,,,,,,,,,,,,,,,,,,,,,,,,,,,,,,,,,,,,,,,,,,,,,,,,,,,,,,,,,,,,,,,,,,,,,,,,,,,,,,,,,,,,,,,,,,,,,,,,,,,,,,,,,,,,,,,,,,,,,,,,,,,,,,,,,,,,,,,,,,,,,,,,,,,,,,,,,,,,,,,,,,,,,,,,,,,,,,,,,,,,,,,,,,,,,,,,,,,,,,,,,,,,,,,,,,,,,,,,,,,,,,,,,,,,,,,,,,,,,,,,,,,,,,,,,,,,,,,,,,,,,,,,,,,,,,,,,,,,,,,,,,,,,,,,,,,,,,,,,,,,,,,,,,,,,,,
