image_name,response_key,response_time,t1,t2,t3,t4,t5,t6,t7,t8,t9,t10,t11,t12,t13,t14,t15,t16,t17,t18,t19,t20,t21,t22,t23,t24,t25,t26,t27,t28,t29,t30,t31,t32,t33,t34,t35,t36,t37,t38,t39,t40,t41,t42,t43,t44,t45,t46,t47,t48,t49,t50,t51,t52,t53,t54,t55,t56,t57,t58,t59,t60,t61,t62,t63,t64,t65,t66,t67,t68,t69,t70,t71,t72,t73,t74,t75,t76,t77,t78,t79,t80,t81,t82,t83,t84,t85,t86,t87,t88,t89,t90,t91,t92,t93,t94,t95,t96,t97,t98,t99,t100,t101,t102,t103,t104,t105,t106,t107,t108,t109,t110,t111,t112,t113,t114,t115,t116,t117,t118,t119,t120,t121,t122,t123,t124,t125,t126,t127,t128,t129,t130,t131,t132,t133,t134,t135,t136,t137,t138,t139,t140,t141,t142,t143,t144,t145,t146,t147,t148,t149,t150,t151,t152,t153,t154,t155,t156,t157,t158,t159,t160,t161,t162,t163,t164,t165,t166,t167,t168,t169,t170,t171,t172,t173,t174,t175,t176,t177,t178,t179,t180,t181,t182,t183,t184,t185,t186,t187,t188,t189,t190,t191,t192,t193,t194,t195,t196,t197,t198,t199,t200,t201,t202,t203,t204,t205,t206,t207,t208,t209,t210,t211,t212,t213,t214,t215,t216,t217,t218,t219,t220,t221,t222,t223,t224,t225,t226,t227,t228,t229,t230,t231,t232,t233,t234,t235,t236,t237,t238,t239,t240,t241,t242,t243,t244,t245,t246,t247,t248,t249,t250,t251,t252,t253,t254,t255,t256,t257,t258,t259,t260,t261,t262,t263,t264,t265,t266,t267,t268,t269,t270,t271,t272,t273,t274,t275,t276,t277,t278,t279,t280,t281,t282,t283,t284,t285,t286,t287,t288,t289,t290,t291,t292,t293,t294,t295,t296,t297,t298,t299,t300,t301,t302,t303,t304,t305,t306,t307,t308,t309,t310,t311,t312,t313,t314,t315,t316,t317,t318,t319,t320,t321,t322,t323,t324,t325,t326,t327,t328,t329,t330,t331,t332,t333,t334,t335,t336,t337,t338,t339,t340,t341,t342,t343,t344,t345,t346,t347,t348,t349,t350,t351,t352,t353,t354,t355,t356,t357,t358,t359,t360,t361,t362,t363,t364,t365,t366,t367,t368,t369,t370,t371,t372,t373,t374,t375,t376,t377,t378,t379,t380,t381,t382,t383,t384,t385,t386,t387,t388,t389,t390,t391,t392,t393,t394,t395,t396,t397,t398,t399,t400,t401,t402,t403,t404,t405,t406,t407,t408,t409,t410,t411,t412,t413,t414,t415,t416,t417,t418,t419,t420,t421,t422,t423,t424,t425,t426,t427,t428,t429,t430,t431,t432,t433,t434,t435,t436,t437,t438,t439,t440,t441,t442,t443,t444,t445
FS/230.png,right,0.1700556000005235,1.3542532,1.3516119,1.3493775,1.3451601,1.3510103,1.3539922,1.3430485,1.3394881,1.3407348,1.348033,1.3373752,1.3437032,1.3392256,1.3384027,1.3393941,1.3416775,1.336274,1.3469462,1.3399694,1.3410144,1.3365517,1.3355365,1.3405572,1.3384961,1.3476038,1.3413043,1.3498583,1.3439388,1.3409619,1.3447837,1.3352246,1.3445586,1.3482469,1.3379004,1.3384489,1.339008,1.3439528,1.3391297,1.3448164,1.3379176,1.3419975,1.3423432,1.344018,1.3572032,1.3494664,1.3448268,1.3592969,1.3539699,1.360454,1.3542097,1.3574903,1.3652213,1.3717093,1.3608265,1.3613902,1.3564966,1.3569537,1.3542484,1.3548794,1.3481586,1.3434204,1.3452424,1.3392394,1.3440912,1.3431033,1.3359675,1.3271468,1.3209717,1.3195661,1.3243877,1.302807,1.3004229,1.3082602,1.292958,1.2823755,1.2775205,1.2871394,1.2699704,1.2754714,1.2750101,1.2774898,1.275524,1.2761633,1.2739232,1.2714739,1.274244,1.2710508,1.272218,1.2722772,1.2747809,1.2732513,1.2680638,1.2707208,1.275348,1.2760288,1.2742512,1.2756422,1.2696575,1.2754965,1.2752345,1.2758778,1.2736543,1.2767293,1.2742532,1.2690779,1.2788615,1.2846695,1.2885414,1.2766124,1.2777933,1.2760495,1.2976437,1.2862202,1.2922581,1.2913388,1.2961608,1.304742,1.3013147,1.299467,1.3043978,1.2948405,1.300163,1.3046962,1.2977881,1.3048248,1.2985697,1.3011618,1.3180972,1.3167589,1.3085994,1.3075659,1.3239254,1.3253098,1.3208729,1.3184681,1.3174365,1.3163365,1.3190424,1.3131919,1.3207525,1.3112167,1.3078586,1.3015989,1.2874494,1.2814008,1.2798219,1.2794262,1.2722347,1.265435,1.2605493,1.2536138,1.2567927,1.2331331,1.2469991,1.2354292,1.2321026,1.2169102,1.2196778,1.2131343,1.2150213,1.2112657,1.2115753,1.2036748,1.2075411,1.2001201,1.200804,1.2025756,1.1990424,1.2019335,1.1949459,1.1982311,1.1967313,1.1966399,1.1956593,1.1938607,1.2039337,1.1984509,1.1886798,1.1939663,1.1969063,1.2053251,1.1992341,1.2104867,1.2070398,1.2056677,1.2117064,1.2130152,1.2088306,1.2143743,1.2164127,1.2146877,1.2205442,1.2127396,1.2236131,1.2073463,1.2153744,1.216956,1.212234,1.2160184,1.1977073,1.2037032,1.2141511,1.1850301,1.3587385,1.3449173,1.3150066,1.3337722,1.3398646,1.3422232,1.3386877,1.3405606,1.3443794,1.3400744,1.3505403,1.3500861,1.3518363,1.3506014,1.3525388,1.3546082,1.3592006,1.3523817,1.358172,1.3621627,1.365057,1.3558549,1.361329,1.367625,1.3627468,1.3614285,1.3580419,1.362604,1.3644058,1.3626664,1.368192,1.3670393,1.3708547,1.3654841,1.3668346,1.3666106,1.3681809,1.379082,1.3666922,1.3811274,1.3673788,1.3818555,1.3840003,1.3749932,1.3781384,1.3826567,1.3777969,1.3788865,1.3782474,1.3708786,1.3720449,1.3796085,1.371433,1.3669311,1.3757643,1.37923,1.3786576,1.3725542,1.3689908,1.3627498,1.3594406,1.3594102,1.3645462,1.3518856,1.3607891,1.3595797,1.3511622,1.3472666,1.3444157,1.3307501,1.3440044,1.3331126,1.3389696,1.341071,1.3401583,1.3304827,1.3312634,1.3342483,1.3346756,1.3280207,1.3340976,1.3353484,1.3347987,1.3383917,1.3272092,1.3304745,1.3300924,1.3168162,1.327965,1.3177354,1.3215928,1.3132282,1.3130579,1.3125651,1.3187097,1.3133756,1.309271,1.307947,1.3098729,1.3088123,1.3068562,1.316716,1.3075491,1.3055671,1.3049121,1.3062433,1.3049525,1.3134749,1.3119341,1.3098006,1.3104746,1.3114054,1.3084546,1.3099884,1.3063763,1.305541,1.3102165,1.317315,1.3089057,1.3093363,1.3032036,1.3179415,1.3133781,1.3118461,1.3134806,1.3134776,1.3220003,1.31408,1.3215216,1.3203752,1.3208139,1.3175225,1.3217274,1.3222921,1.3240758,1.3171064,,,,,,,,,,,,,,,,,,,,,,,,,,,,,,,,,,,,,,,,,,,,,,,,,,,,,,,,,,,,,,,,,,,,,,,,,,,,,,,,,,,,,,,,,,,,,,,,,,,,,,,,,,t4
FS/230.png,right,0.1408666000006633,1.3022453,1.3042722,1.3008487,1.2979814,1.3029151,1.297643,1.3143777,1.3032722,1.3011941,1.3131096,1.307813,1.3204232,1.3253285,1.3247807,1.3298066,1.3316234,1.331807,1.3301942,1.3352133,1.33451,1.333537,1.3375177,1.3404608,1.3439436,1.3395452,1.3466662,1.3438288,1.3462833,1.344601,1.34338,1.3470253,1.340155,1.3456295,1.3456943,1.3449137,1.343584,1.3472672,1.3525871,1.3430418,1.3580984,1.3522154,1.3512273,1.349872,1.3489065,1.3558866,1.3578255,1.3485202,1.3570834,1.3486712,1.3485194,1.3487548,1.3570857,1.3526689,1.3422773,1.3439231,1.3385689,1.3422827,1.3447851,1.3368137,1.3437908,1.3272811,1.3191373,1.3187002,1.3180805,1.3015386,1.3036547,1.2980381,1.2949024,1.2929076,1.289561,1.2910647,1.2850059,1.2795886,1.2829865,1.2726084,1.2685118,1.2682558,1.2673335,1.2694062,1.2615104,1.2521824,1.2527796,1.2632403,1.2543024,1.249975,1.2312739,1.2458968,1.2387438,1.241028,1.240965,1.2219893,1.2219776,1.21909,1.2236519,1.2191573,1.223967,1.2216043,1.2212105,1.2239926,1.2208066,1.2200189,1.2189405,1.219128,1.2195759,1.2191029,1.22,1.219997,1.2198496,1.2181702,1.2199907,1.2183009,1.2229885,1.2190315,1.2195673,1.2176805,1.221976,1.2183394,1.2312636,1.2410057,1.2435634,1.2425125,1.2417727,1.2465246,1.246557,1.2515826,1.2591443,1.2591702,1.2534332,1.260587,1.2688149,1.2652993,1.2749968,1.2719221,1.267398,1.2802322,1.2794881,1.2785919,1.2755233,1.2685767,1.2692102,1.2656453,1.2661794,1.2594681,1.2600043,1.2432405,1.222605,1.2241954,1.2175144,1.2198741,1.2210811,1.2146124,1.2062701,1.1992509,1.2038673,1.191659,1.1976868,1.1872761,1.1671005,1.1685523,1.175046,1.1682683,1.1727422,1.1641833,1.1676462,1.1658486,1.1636198,1.1651493,1.172929,1.1642284,1.1544145,1.1587675,1.159735,1.1560717,1.1642677,1.1621219,1.1612719,1.1568289,1.1606244,1.1647372,1.1708742,1.1693523,1.1698669,1.1771895,1.1678628,1.17361,1.1813685,1.1786402,1.1764939,1.1745517,1.1808971,1.1824641,1.1854382,1.184835,1.1868917,1.1887202,1.1883786,1.1920798,1.1925466,1.1849451,1.1920198,1.1932201,1.1929841,1.1863159,1.1770074,1.1811078,1.1801693,1.1845675,1.180954,1.1963346,1.2003063,1.1947706,1.1811587,1.2007734,1.1974341,1.2055819,1.215881,1.215356,1.2107731,1.2168906,1.2160379,1.2189299,1.2173166,1.2272911,1.2411985,1.2338535,1.23302,1.2458665,1.2424709,1.2393917,1.2379911,1.2508316,1.249499,1.2555448,1.2514186,1.2594086,1.2545848,1.2612544,1.2605531,1.2622943,1.272349,1.2870493,1.2756183,1.2770641,1.2807881,1.2870952,1.2871813,1.289597,1.2955587,1.2941258,1.2989554,1.2982653,1.2956206,1.3085111,1.3054107,1.3032343,1.3076406,1.303993,1.3052198,1.3055236,1.3099145,1.3061469,1.3138247,1.310229,1.3097402,1.3156365,1.3178024,1.3143679,1.3151306,1.3168886,1.3114493,1.3196727,1.3219501,1.3273113,1.3238425,1.319575,1.3220186,1.3280572,1.3311123,1.324191,1.3337268,1.3268234,1.329952,1.3304063,1.3393776,1.3369808,1.3350518,1.3347596,1.3398823,1.3439662,1.345957,1.3437921,1.3441837,1.3468074,1.350023,1.3483483,1.3485035,1.359008,1.3555086,1.3628736,1.3515878,1.36431,1.352748,1.358785,1.358165,1.3582417,1.3543434,1.3682358,1.362591,1.348175,1.3737677,1.3620781,1.3729801,1.3590652,1.3672242,1.3732766,1.3628627,1.3637174,1.3683903,1.3561404,1.3713341,1.370442,1.3673953,1.3723834,1.3721094,1.365945,1.3775344,1.3612276,1.3680389,1.3696578,1.3662453,1.365801,1.3647674,1.3690034,1.3726765,1.3719419,1.3700426,1.3608623,1.3632312,1.366773,1.3702837,1.3607486,1.3673793,1.3709549,1.3675759,1.3704308,1.3719704,1.3662584,1.3704278,1.3653948,1.36387,1.3629616,1.3715478,1.3574971,1.3634084,1.3664148,1.36026,1.3697653,1.3675426,1.372129,1.3663013,1.360935,1.3629323,1.3616014,1.3702348,1.3643454,1.3681577,1.3566921,1.3701625,1.3696325,1.3756933,1.3740809,1.3723466,1.3680587,1.3688195,1.3629291,1.3694768,1.3692802,1.3754239,1.3683506,1.3734697,1.3700595,1.3708348,1.3692448,1.3715842,1.3703382,1.3745573,1.3636365,1.3567146,1.3654964,1.3687705,1.3650291,1.3588359,1.3717995,1.3840498,1.3669727,1.3741748,1.3683842,1.3708763,1.3671296,1.3708645,1.3632107,1.3781006,1.3682879,,,,,,,,,,,,,,,,,,,,,,,,,,,,,,,,,,,,,,,,,,t7
FS/230.png,right,0.1717260000004898,0.4484565,0.45016596,0.44985774,0.44928873,0.44965586,0.4493707,0.45033112,0.45063052,0.45028323,0.4505327,0.4507563,0.45102495,0.45086437,0.45053393,0.4503201,0.45087513,0.45025665,0.45130768,0.45071793,0.45066762,0.45070428,0.45051694,0.45076212,0.45145622,0.45127738,0.45060745,0.45083785,0.45138702,0.4515079,0.45041853,0.44995403,0.45045358,0.4502374,0.44931558,0.44968566,0.45055246,0.45035717,0.45057347,0.45080072,0.44997483,0.45018056,0.4509872,0.45026758,0.45070443,0.4500884,0.45148674,0.45188743,0.45209882,0.45154923,0.45201212,0.4519765,0.4511956,0.45139462,0.4514366,0.45130742,0.4518627,0.45160753,0.4516957,0.45147854,0.4513398,0.45085603,0.45063344,0.45054257,0.45015144,0.4491932,0.4483826,0.44766518,0.44868872,0.44704708,0.447422,0.44812217,0.4471054,0.44691783,0.4466727,0.44717684,0.4472805,0.44718063,0.44652307,0.44729984,0.44716066,0.44684425,0.4459614,0.44573292,0.44650915,0.44614863,0.44574705,0.44519228,0.44519418,0.44437882,0.44479045,0.44388324,0.44421646,0.4443048,0.44310573,0.44272727,0.44417554,0.44303647,0.44312495,0.44270602,0.44253957,0.44292808,0.44268686,0.44282988,0.44290203,0.44305617,0.4426836,0.4428338,0.44284907,0.44303468,0.44342935,0.44301474,0.44292316,0.44275495,0.44295913,0.44230187,0.44329503,0.4426008,0.4426037,0.44302213,0.44240904,0.44286898,0.44229385,0.44336388,0.44197673,0.44206628,0.44210637,0.44164482,0.44188383,0.44190398,0.44174555,0.4410981,0.44125947,0.44126913,0.44114408,0.44049355,0.44082624,0.44042432,0.44089204,0.4404617,0.4395072,0.4399749,0.43940172,0.43892908,0.43892056,0.43689054,0.43681204,0.43634537,0.43608624,0.43622962,0.43541574,0.43598357,0.4354464,0.4346404,0.43449086,0.43430632,0.43396658,0.43402773,0.43375775,0.43321678,0.43252304,0.43203217,0.43304366,0.43312758,0.43218857,0.4317668,0.4309847,0.43166345,0.43118596,0.43082067,0.43090612,0.43004167,0.43198588,0.43147126,0.4318752,0.43180215,0.43236047,0.417758,0.40708077,0.42400917,0.42244568,0.4232096,0.43916124,0.44012758,0.44136694,0.44216472,0.44050708,0.44028842,0.44227704,0.44219598,0.4414139,0.44221547,0.44186664,0.44170254,0.44249904,0.4422191,0.44231343,0.44242698,0.4424127,0.44191495,0.44162425,0.44183472,0.44158006,0.4417518,0.44190413,0.44256625,0.44178933,0.44199196,0.44192857,0.4419566,0.44159442,0.44152078,0.44146812,0.4417302,0.4419833,0.4408097,0.44095924,0.44049937,0.44000536,0.44091088,0.44041502,0.44053534,0.44096586,0.44097,0.4413594,0.44151354,0.44160292,0.44137907,0.44015357,0.44033504,0.4405035,0.44091704,0.44083235,0.43991894,0.44081834,0.4403826,0.440046,0.44042954,0.4399583,0.4408135,0.4404394,0.4412063,0.4408575,0.44109195,0.44070536,0.44100285,0.44137567,0.44073236,0.44042495,0.43930706,0.43965128,0.4393909,0.43972453,0.44029194,0.43910098,0.43874186,0.44011533,0.44022727,0.44066527,0.4403205,0.44076324,0.44059017,0.44029978,0.4405771,0.44068772,0.44120887,0.44101733,0.44139582,0.44180757,0.4422391,0.44085255,0.44015396,0.44069642,0.44065666,0.44155386,0.44195628,0.4418645,0.44241935,0.4424345,0.4429521,0.44222188,0.4427934,0.44328558,0.44291058,0.44249636,0.44278932,0.443238,0.44306958,0.44478306,0.44391608,0.44317183,0.44344696,0.44385448,0.44353643,0.44347188,0.44324625,0.4423258,0.4437819,0.44321984,0.44329107,0.44469056,0.4432767,0.4379396,0.4384553,0.43774006,,,,,,,,,,,,,,,,,,,,,,,,,,,,,,,,,,,,,,,,,,,,,,,,,,,,,,,,,,,,,,,,,,,,,,,,,,,,,,,,,,,,,,,,,,,,,,,,,,,,,,,,,,,,,,,,,,,,,,,,,,,,,,,,,,,,,,,,,,,,,t77
FS/230.png,left,0.4770546000008835,0.43834636,0.43757498,0.43719265,0.4372144,0.43778476,0.43731347,0.43769512,0.4380842,0.4384202,0.4390512,0.43858412,0.43914285,0.43934044,0.4392536,0.43951416,0.44025224,0.44033584,0.44017017,0.44048434,0.440104,0.43996668,0.4409753,0.44021943,0.44035062,0.44114697,0.44069666,0.44071186,0.44025332,0.44135213,0.44043303,0.44083863,0.44089082,0.43987125,0.44012985,0.44070125,0.44057295,0.44091445,0.440629,0.4401586,0.44035655,0.44068995,0.43913272,0.43848637,0.4392223,0.4394054,0.43873224,0.43809843,0.4376394,0.4387694,0.439101,0.4386152,0.43866727,0.43847272,0.43850282,0.43810636,0.43787593,0.43729502,0.4371321,0.43705717,0.43625852,0.4358938,0.43609926,0.43617898,0.43584818,0.43596306,0.4358175,0.4365912,0.4358232,0.4348022,0.4341028,0.43441406,0.43419027,0.4343959,0.43377104,0.4338971,0.43365768,0.4332993,0.43348968,0.432647,0.43282935,0.4325368,0.43206415,0.4332228,0.4327686,0.43270212,0.43294805,0.4324085,0.43267885,0.43238428,0.43283907,0.432735,0.43335629,0.4328214,0.43287092,0.43288082,0.43282214,0.43304303,0.4330621,0.43283314,0.4330384,0.43273142,0.43277586,0.4317452,0.43095684,0.4311314,0.43141365,0.43195632,0.43139133,0.43277213,0.4317504,0.4317333,0.43135586,0.43197322,0.43218777,0.43160474,0.43145478,0.4316239,0.4318129,0.43140364,0.43112424,0.4315628,0.43157938,0.43134293,0.4308936,0.4316215,0.4317133,0.43183738,0.43180063,0.4316536,0.43196702,0.43219393,0.43157852,0.43113095,0.4311744,0.43142697,0.43219608,0.43267205,0.43167907,0.43241552,0.4322967,0.43186364,0.43205237,0.4319559,0.4313828,0.43068662,0.43056208,0.4309493,0.43053982,0.43065804,0.43039072,0.4291911,0.42921343,0.42932162,0.42884067,0.42958418,0.42976975,0.42926294,0.42832717,0.42904893,0.4280383,0.4283108,0.42805448,0.42800456,0.42843366,0.4275824,0.4277242,0.427772,0.42751294,0.4274374,0.42725113,0.42696348,0.42709008,0.42659953,0.4263586,0.42762023,0.42837748,0.4288116,0.42709008,0.42748892,0.4275832,0.42877355,0.42799792,0.42844257,0.4274239,0.42758128,0.42816013,0.42805532,0.42850852,0.42849308,0.42826852,0.42834064,0.4284543,0.4287596,0.42840827,0.42915294,0.42901313,0.42850825,0.43161452,0.43256715,0.44053087,0.42951643,0.43159726,0.41102496,0.40307716,0.4259587,0.42684364,0.42622912,0.4262555,0.42592776,0.42650238,0.42616382,0.42605034,0.42608133,0.42587012,0.4251754,0.42498198,0.42668563,0.42632875,0.42705557,0.42572558,0.42613906,0.42671818,0.4269989,0.42731747,0.4269041,0.42711684,0.42676416,0.42691088,0.4268411,0.42683712,0.42678994,0.42697942,0.4269405,0.42705142,0.42685908,0.4268638,0.4269132,0.42693168,0.42725366,0.4271024,0.42740655,0.4271879,0.42697355,0.42652157,0.42691287,0.42671666,0.42609727,0.42649513,0.42653996,0.42621824,0.425823,0.42556283,0.42607993,0.42562467,0.4244946,0.42621392,0.42958078,0.42417428,0.42466143,0.42455435,0.42480007,0.42416438,0.42456335,0.42408413,0.4232237,0.42280635,0.42924586,0.4303509,0.43032673,0.43057925,0.43067166,0.43060046,0.43017673,0.43102783,0.43012738,0.43070772,0.43080527,0.43079096,0.43052438,0.43065614,0.43070602,0.43088484,0.43088192,0.43083072,0.43121678,0.43109438,0.4310189,0.43090296,0.43121788,0.4317606,0.43134835,0.43106315,0.43101743,0.43111742,0.43122378,0.4314739,0.43174633,0.43219346,0.43199086,0.43196318,0.4318907,0.4316372,0.43253535,0.4549041,0.45405608,0.45428818,0.45366657,0.45378828,0.45364562,0.45375025,0.4538517,0.45409262,0.45340404,0.4538366,0.45397747,0.45356134,0.45409933,0.45336524,0.4533027,0.45338842,0.45341417,0.45365337,0.45346686,0.4533765,0.4537189,0.45363483,0.45255157,0.45351607,0.4537738,0.45328388,0.4535118,0.45387593,0.45432338,0.45430645,0.45327693,0.45477775,0.45463014,0.45379984,0.45567754,0.45521808,0.4544656,0.45525926,0.45511818,0.45495442,0.45508352,0.45492607,0.45524144,0.45524248,0.4547044,0.4550532,0.45523843,0.45543864,0.4556986,0.45518002,0.4554479,0.4553316,0.45568976,0.45490316,0.45507443,0.45478612,0.45495132,0.45439985,0.45322224,0.45452115,0.45287588,,,,,,,,,,,,,,,,,,,,,,,,,,,,,,,,,,,,,,,,,,,,,,,,,,,,,,,,,,,,,,,,,,,,,,,,,,,,,,,,t78
FS/580.png,right,0.1350699000004169,1.3208121,1.3276532,1.3294902,1.3291141,1.3244916,1.3274379,1.331269,1.3266138,1.3265337,1.3280694,1.3361979,1.3474444,1.3496357,1.3457359,1.3495995,1.3481398,1.356738,1.364142,1.3532252,1.3633182,1.3676564,1.3719279,1.368579,1.3689293,1.3661935,1.3785663,1.3793659,1.3813936,1.3811587,1.3717469,1.3834617,1.3910226,1.3752668,1.3787545,1.3719082,1.3754876,1.3786228,1.3860459,1.3687658,1.3855666,1.3901358,1.3781766,1.3868219,1.3886051,1.3942136,1.3915385,1.3981603,1.3915439,1.3947159,1.400042,1.4007154,1.3980342,1.4008478,1.3972142,1.4013913,1.3846409,1.3916385,1.382363,1.3851845,1.3800141,1.3706812,1.3682455,1.3683059,1.3611945,1.3614962,1.367401,1.3577718,1.3569429,1.3568507,1.360049,1.3543954,1.3416102,1.3447173,1.340019,1.3293148,1.3253641,1.3224356,1.3254515,1.3244022,1.3072507,1.2996573,1.3193722,1.3065883,1.3036236,1.3062342,1.3130356,1.2976532,1.307811,1.3175075,1.3019353,1.3126872,1.30872,1.310334,1.3122528,1.3174509,1.3229634,1.317977,1.3199522,1.3323303,1.3347368,1.3215146,1.3272185,1.328375,1.3259054,1.3511325,1.3464718,1.3529625,1.3312227,1.3548405,1.3547448,1.3588204,1.3598235,1.3536566,1.363802,1.3598311,1.3603952,1.3602417,1.3686305,1.3578892,1.3606229,1.3739471,1.3724958,1.3697144,1.3702052,1.3676057,1.3636299,1.3808758,1.3677235,1.3688276,1.3835412,1.3844053,1.3776833,1.3898035,1.3868387,1.3851959,1.3842409,1.386691,1.3785572,1.3775414,1.3750744,1.3701113,1.3656473,1.3559059,1.3630351,1.3590485,1.3451195,1.3382719,1.335142,1.3275725,1.3102677,1.301883,1.2996049,1.2854936,1.2808777,1.2747036,1.2692866,1.2688723,1.2665875,1.2617395,1.2684543,1.2623211,1.2568415,1.2509073,1.2607464,1.2554038,1.2419504,1.2505238,1.2512593,1.24785,1.249125,1.2395773,1.2382778,1.2441676,1.2384292,1.2437624,1.2466544,1.2411333,1.240468,1.2496574,1.2488294,1.2449893,1.2420077,1.2489791,1.2527013,1.2526467,1.2486503,1.2499377,1.2574258,1.2611723,1.2540041,1.2521119,1.2537677,1.2520199,1.256189,1.2730843,1.2653668,1.271476,1.2761717,1.2657965,1.2797812,1.2879975,1.2724293,1.2825683,1.2741253,1.284059,1.2948153,1.2933106,1.2953779,1.3010229,1.309848,1.3016735,1.3016726,1.3011494,1.3078024,1.31213,1.3194588,1.3175095,1.319971,1.333291,1.3195577,1.3302622,1.3350444,1.3307048,1.3313385,1.3347927,1.327232,1.3307314,1.3340087,1.3372586,1.3343707,1.3470306,1.3531032,1.3522949,1.3454273,1.3553742,1.3572811,1.3633276,1.3693337,1.3613873,1.3693446,1.3756337,1.3710847,1.3702738,1.3759025,1.3653616,1.3673248,1.3639462,1.3697878,1.3726001,1.3792309,1.3730501,1.3720139,1.3796787,1.3781888,1.3773613,1.3812441,1.3728694,1.3827597,1.3841773,1.3894333,1.3812127,1.3825347,1.3895638,1.3832322,1.3839599,1.3940771,1.3898722,1.4049152,1.4012563,1.3970268,1.4060555,1.391379,1.4029918,1.3987486,1.4012723,1.3970189,1.407139,1.4008073,1.3997449,1.3987789,1.4023657,1.4045063,1.4009279,1.3998871,1.4064783,1.3983183,1.3906716,1.4135776,1.4063411,1.4158704,1.3901907,1.4059097,1.4047693,1.4142789,1.4059939,1.4123101,1.406554,1.4095984,1.4085788,1.4133375,1.4137863,1.4018469,1.4167826,1.412648,1.4118581,1.4129657,1.4032463,1.4060293,1.4066103,1.4082048,1.403989,1.413367,1.4055964,1.4067198,1.4055954,1.4060346,1.4066136,1.4085293,1.4130373,1.4054035,1.407751,1.4040154,1.4066246,1.4088242,1.4066148,1.4066136,1.4036126,1.4164358,1.4066921,1.4122356,1.4034356,1.4099742,1.4119254,1.4095417,1.4108275,1.4050114,1.4088526,1.4142001,1.4077823,1.4054428,1.4082854,1.4024463,1.4146826,1.4130528,1.4018399,1.4077635,1.4099442,1.4172419,1.4124438,1.4133607,1.412151,1.4105614,1.4147817,1.4061564,1.4114236,1.4060987,1.4142158,1.4099255,1.4205977,1.4139314,1.4120151,1.410961,1.4071537,1.4146993,1.403145,1.4137249,1.4100844,1.4101021,1.4118935,1.4060258,1.4088168,1.4093099,1.4090714,1.4082575,1.4049335,1.3995732,1.388223,1.2823521,1.1683866,0.8085385,0.86794686,1.3521544,1.3737018,1.4134375,1.382736,1.3748698,1.3789715,1.3736774,1.3854924,1.3692465,1.386539,,,,,,,,,,,,,,,,,,,,,,,,,,,,,,,,,,,,,,,,,,,,,,,,,,,,,,t5
FS/580.png,right,0.182265900000857,1.3340685,1.329743,1.3217316,1.3184292,1.3186873,1.331332,1.3343011,1.3259742,1.3326346,1.3309729,1.3252895,1.3297842,1.330307,1.3307924,1.3304794,1.3297081,1.330017,1.3328096,1.3314439,1.3293552,1.3321005,1.331985,1.3306575,1.332554,1.3374715,1.3301319,1.3298975,1.3314849,1.3327247,1.3321613,1.3311067,1.3306857,1.330796,1.3310807,1.3312868,1.3345453,1.3332486,1.3292962,1.3354504,1.327369,1.3339468,1.3301728,1.3340578,1.3301535,1.3317381,1.327729,1.3268688,1.3315167,1.331231,1.3250403,1.3327141,1.3305094,1.3259573,1.3225993,1.3244716,1.326092,1.3224281,1.3200598,1.3169986,1.3092475,1.300354,1.3105485,1.299177,1.2878824,1.2870163,1.2738956,1.2751011,1.274455,1.3026135,1.2993934,1.2859012,1.2883803,1.2869086,1.2803767,1.2808586,1.2776628,1.2820151,1.2797517,1.2685771,1.2668881,1.270058,1.2655649,1.2750584,1.2592224,1.2614659,1.2561209,1.2626462,1.261274,1.2619705,1.2550908,1.2539,1.2705762,1.2533348,1.2536502,1.2601602,1.2583512,1.2631682,1.2554832,1.2596016,1.2598815,1.2607477,1.2636896,1.253635,1.2599756,1.261949,1.2652617,1.2647321,1.261713,1.264576,1.258454,1.2551236,1.2678119,1.2657865,1.268395,1.2646097,1.2659209,1.2670062,1.2656649,1.2649659,1.2657788,1.2726561,1.2759069,1.2827907,1.2740328,1.2767725,1.2822981,1.283135,1.2901951,1.2810199,1.2854705,1.2870166,1.2913783,1.291529,1.2899464,1.2886025,1.2955462,1.2912061,1.2878892,1.2814869,1.2809262,1.275736,1.2685213,1.2634985,1.2584902,1.254641,1.2468277,1.2384528,1.2393416,1.224826,1.2162017,1.2191029,1.2161422,1.2074164,1.1992321,1.1970179,1.1914526,1.1857023,1.1835951,1.1763049,1.1833742,1.1734169,1.173028,1.1752588,1.1729363,1.1623758,1.1628453,1.165256,1.1619145,1.1595553,1.1629479,1.1630565,1.1658914,1.1627119,1.1616861,1.1630337,1.1649184,1.1666698,1.1575084,1.1707231,1.169035,1.1730771,1.17299,1.1798077,1.1778914,1.1780114,1.1818725,1.1782728,1.1791695,1.1847961,1.1780674,1.1899201,1.1824483,1.168633,1.1593099,1.1750408,1.1677967,1.1675655,1.1714768,1.1707416,1.1745952,1.1766003,1.1790235,1.1831586,1.1773717,1.175025,1.1586225,1.1793829,1.1943978,1.1919354,0.8546189,1.2363218,1.2762384,1.2839291,1.3006945,1.2984141,1.2790254,1.2854515,1.279162,1.2920942,1.2924957,1.2914597,1.2923051,1.3023294,1.2928525,1.2986,1.2995485,1.3101399,1.3049576,1.3023759,1.3009028,1.3046756,1.3042935,1.3017977,1.3040595,1.3038685,1.3133557,1.3155537,1.309902,1.3131787,1.3127931,1.3147461,1.3128113,1.3163664,1.3156247,1.3213406,1.3230795,1.3194698,1.318659,1.3198265,1.319843,1.2990854,1.2977306,1.2960223,1.2975322,1.2960441,1.2950749,1.2936463,1.2954897,1.2971703,1.2946469,1.2932312,1.2981619,1.2932544,1.2924376,1.2798314,1.2833998,1.2822756,1.282397,1.2821902,1.2794654,1.2747493,1.2735918,1.2713441,1.2630969,1.2641255,1.2607125,1.2588665,1.2406983,1.2371153,1.2360431,1.2423943,1.238489,1.239668,1.2263544,1.2184217,1.2202238,1.2194053,1.2204021,1.214637,1.2123855,1.2184095,1.2143812,1.2098919,1.2123286,1.2128367,1.2067631,1.2097389,1.2104157,1.2127018,1.2152601,1.2112393,1.2099217,1.2105901,1.1989145,1.207654,1.2112383,1.2087032,1.2078738,1.2050208,1.2103369,1.1991688,1.2133958,1.2023535,1.2026831,1.2101698,1.210125,1.2069086,1.2047193,1.2084509,1.206357,1.2064728,1.2096071,1.203355,1.2050573,1.2014067,1.1997175,1.2127942,1.2056397,1.2060175,1.2049276,1.2160817,1.2118689,1.2068808,1.2073954,1.2142513,1.2093081,1.220077,1.2205683,1.2135812,1.2165499,1.2118647,1.2194384,1.2188274,1.221312,1.2271577,1.2261131,1.2174647,,,,,,,,,,,,,,,,,,,,,,,,,,,,,,,,,,,,,,,,,,,,,,,,,,,,,,,,,,,,,,,,,,,,,,,,,,,,,,,,,,,,,,,,,,,,,,,,,,t10
FS/460.png,left,0.1768832000007023,1.2972175,1.2975433,1.2941158,1.2852392,1.2891015,1.2898146,1.2863834,1.2894995,1.2852651,1.2998497,1.2911314,1.280551,1.2859265,1.2880869,1.2865193,1.2797588,1.2869196,1.2727671,1.2751383,1.2768465,1.2715623,1.269257,1.2658834,1.2622803,1.270433,1.2589829,1.2595913,1.2619829,1.2615088,1.2624179,1.2606689,1.2613411,1.2597646,1.2551768,1.2631321,1.2591614,1.2539216,1.2548145,1.2629532,1.2614956,1.2541572,1.251037,1.2555697,1.2533303,1.2518475,1.2561375,1.2550815,1.2568542,1.2571067,1.2512231,1.2500635,1.2546281,1.2567496,1.2500738,1.2573267,1.2539947,1.2490429,1.2526832,1.2458727,1.2420578,1.240488,1.2431374,1.2345213,1.2279129,1.2279614,1.2185878,1.2063283,1.210906,1.211549,1.2067882,1.2070148,1.2076789,1.1987411,1.2069716,1.2049042,1.2008958,1.1984955,1.1972494,1.1910665,1.1871679,1.1909504,1.1941317,1.1941404,1.1851085,1.1983565,1.1833299,1.1901625,1.1757892,1.1938368,1.1941441,1.1948185,1.1972802,1.1918397,1.1986943,1.1953518,1.197663,1.2006333,1.2070905,1.1987334,1.2075707,1.2025611,1.2138542,1.2146971,1.2097168,1.2141882,1.2176993,1.2098649,1.2134353,1.2226954,1.2281913,1.225368,1.221246,1.2235575,1.2271338,1.2256726,1.2326992,1.2258543,1.2348932,1.2382511,1.2361568,1.2357861,1.2305888,1.2420185,1.2410113,1.2434043,1.23646,1.246614,1.2502339,1.2503151,1.2455375,1.2517993,1.242009,1.2517005,1.2503967,1.2538592,1.2500495,1.2534177,1.2410302,1.2439649,1.2393707,1.2262657,1.2287735,1.2294544,1.2176877,1.2244303,1.204733,1.2050792,1.1938461,1.1834383,1.1671661,1.1668481,1.161227,1.154468,1.1504025,1.151676,1.1557387,1.1309453,1.1298565,1.1310326,1.1249392,1.1297532,1.1329273,1.1208565,1.114311,1.1115422,1.1073041,1.118065,1.1177171,1.1124152,1.1202929,1.1160544,1.1134076,1.1087765,1.1117125,1.1113355,1.1188219,1.1082119,1.1200892,1.1105487,1.121345,1.1162938,1.1162181,1.1205882,1.1254995,1.1091518,1.1080353,1.1254985,1.1232079,1.1267055,1.1272695,1.1290148,1.1356732,1.1256845,1.1295105,1.1267272,1.1390629,1.1298339,1.1356505,1.1403955,1.1480905,1.1361775,1.1505878,1.1361852,1.1530416,1.154877,1.1489677,1.1523745,1.1546828,1.1564145,1.166052,1.1589983,1.1541481,1.1573706,1.1440444,1.1688808,1.1697448,1.1684358,1.1789541,1.1759603,1.1788661,1.1776291,1.1803269,1.1837895,1.1915275,1.191006,1.1922958,1.1980033,1.197699,1.20407,1.2063036,1.202532,1.2039495,1.2025557,1.2165821,1.2154338,1.2141149,1.2231725,1.2338824,1.2328123,1.2283484,1.240678,1.2467618,1.2431036,1.2431964,1.2497634,1.2429066,1.2486751,1.252047,1.250148,1.2505494,1.2576951,1.247204,1.2567028,1.2525517,1.258776,1.2572335,1.2586629,1.2610459,1.2657357,1.2650318,1.2747754,1.2726483,1.2767831,1.275591,1.2793182,1.2830975,1.2795204,1.2864459,1.2849286,1.288628,1.2811146,1.2867057,1.2849311,1.2873883,1.2834512,1.2891524,1.2913064,1.29569,1.2921318,1.2990203,1.2985971,1.3078631,1.3056006,1.3045799,1.3041147,1.3008846,1.3002573,1.3019954,1.3067116,1.3070872,1.3053532,1.3007144,1.3119028,1.3046347,1.303811,1.3049617,1.3079493,1.3081912,1.3113678,1.3078328,1.3174143,1.315114,1.3220772,1.3183045,1.3198729,1.3174628,1.3171121,1.3206166,1.3243481,1.328302,1.3261365,1.325042,1.3234797,1.3226604,1.3176234,1.3200368,1.3215504,1.3254923,1.3299954,1.3255086,1.3256651,1.3326443,1.3275259,1.3219339,1.3274902,1.326924,1.320979,1.3222345,1.3211687,1.3283204,1.3191669,1.3172959,1.3228037,1.3123459,1.3206711,1.3118112,1.3155363,1.3122901,1.3127182,1.3170444,1.3182162,1.326154,1.3205149,1.3212811,1.3155857,1.31936,1.3194472,1.3234326,1.3160204,1.3200647,1.3120096,1.3222038,1.3224564,1.3283478,1.3214926,1.3216888,1.3186148,1.3438796,1.3513101,1.3421497,1.343003,1.3412744,1.3374203,1.3471193,1.341017,1.3416137,1.347109,1.3443992,1.3430878,1.341637,1.3469963,1.3457278,1.3460314,1.343768,1.3440295,1.3410648,1.3469397,1.3451211,1.3413987,1.3417046,1.3400913,1.3463911,1.340036,1.3411032,1.3368378,1.3441577,1.3442016,1.3445847,1.3463421,1.3438356,1.342419,1.3427734,1.3418361,1.345842,1.3447946,1.3493643,1.3467438,1.3428831,1.3396412,1.3333312,1.3464007,1.3235817,1.32655,1.3088275,,,,,,,,,,,,,,,,,,,,,,,,,,,,,,,,,,,,,,,,,t9
FS/460.png,left,0.1750183000003744,0.48661804,0.48533675,0.48454177,0.48380515,0.48458457,0.48239946,0.4842383,0.48096964,0.48242947,0.48103008,0.47997934,0.4800075,0.4793537,0.47900888,0.478636,0.4775528,0.479779,0.4786107,0.47837096,0.4790354,0.47738537,0.4769538,0.47746062,0.4772425,0.47753316,0.47817323,0.47597492,0.4762031,0.477304,0.47708145,0.47767842,0.47575545,0.4757055,0.47642124,0.47553882,0.47554576,0.47629422,0.4748537,0.4758679,0.4743051,0.47571626,0.47522795,0.4757259,0.47511277,0.47477663,0.4745285,0.47527212,0.47494012,0.4751959,0.47408375,0.47452444,0.47412148,0.47455978,0.47516468,0.47469094,0.47443867,0.47517118,0.47495857,0.47512153,0.47517437,0.47434622,0.4753882,0.47447532,0.47574744,0.4746246,0.47532433,0.4753814,0.4747777,0.47506857,0.47474656,0.4746031,0.4743926,0.47530866,0.47487214,0.47502074,0.47374058,0.47353604,0.47337842,0.47215307,0.4695577,0.47133344,0.4682567,0.46704105,0.46724617,0.46547508,0.46714163,0.46485856,0.46488395,0.46444935,0.4644172,0.46456861,0.46386394,0.46381414,0.46362647,0.46342087,0.4627431,0.46215385,0.46133053,0.4614614,0.46197796,0.4617842,0.46075603,0.46042302,0.4616057,0.46061313,0.45998856,0.4610351,0.46073735,0.4607919,0.4614729,0.4609354,0.4599492,0.46140486,0.46105945,0.46079227,0.46180534,0.46145564,0.4612832,0.46233153,0.46175903,0.46434635,0.46528852,0.46481803,0.46535587,0.465105,0.46506965,0.46483198,0.46541384,0.46556655,0.4662814,0.46638012,0.465598,0.46626097,0.46729416,0.46777746,0.46758336,0.46655035,0.40797886,0.45464098,0.40461326,0.47809884,0.47880307,0.47895113,0.48007965,0.48019144,0.48070624,0.48057336,0.4818371,0.48164046,0.48097113,0.48079517,0.481615,0.48153293,0.48048446,0.4807901,0.480765,0.48178494,0.48168316,0.48143134,0.48091868,0.48255417,0.48219028,0.48214543,0.48340723,0.48412272,0.48363864,0.484457,0.48499388,0.48540595,0.48355865,0.48566416,0.485232,0.48649457,0.487056,0.4859836,0.4868905,0.48727992,0.48721397,0.48643637,0.48747322,0.48758486,0.4878409,0.4872663,0.48787138,0.4879038,0.4868973,0.48746857,0.48952177,0.48674887,0.48878098,0.4891568,0.4892893,0.4890434,0.48888737,0.4886441,0.48950568,0.48894662,0.48910418,0.4891082,0.48838624,0.48843676,0.48875186,0.4882444,0.48836595,0.48835686,0.4882116,0.48860613,0.48826957,0.48842505,0.48825228,0.48696738,0.48075938,0.47818214,0.4791851,0.47878116,0.47862983,0.47845614,0.47823748,0.47809044,0.4783304,0.47856128,0.47831076,0.47845146,0.4784376,0.47824028,0.47900382,0.47792932,0.47908446,0.47835115,0.47877225,0.4792497,0.47866,0.47852755,0.478805,0.47873744,0.47865355,0.4784663,0.47839916,0.47670862,0.4788949,0.4782482,0.47763517,0.47747615,0.477129,0.4775083,0.47710532,0.4776187,0.47721776,0.47697735,0.4774083,0.477001,0.47697818,0.47718784,0.47686225,0.4770965,0.47651398,0.4764787,0.4760782,0.4771654,0.4757996,0.47570533,0.47453654,0.47540647,0.4744408,0.47492778,0.4750305,0.4744362,0.47482672,0.47400248,0.4741704,0.47412008,0.47473773,0.47319967,0.47325608,0.4722464,0.47158644,0.47055945,0.4712331,0.4712116,0.4728725,0.4720809,0.47200727,0.47084576,0.47096565,0.47095698,0.47103542,0.47050038,0.4705259,0.4703854,0.47022593,0.4712932,0.47067088,0.4702854,0.46991512,0.46975756,0.4704288,0.46986446,0.46898952,0.46978113,0.46995857,0.4696199,0.46951422,0.46888274,0.46877366,0.46796122,0.46873286,0.46735165,0.46759996,0.4673746,0.46708566,0.46892774,0.46721977,0.46750823,0.46726173,0.46722016,,,,,,,,,,,,,,,,,,,,,,,,,,,,,,,,,,,,,,,,,,,,,,,,,,,,,,,,,,,,,,,,,,,,,,,,,,,,,,,,,,,,,,,,,,,,,,,,,,,,,,,,,,,,,,,,,,,,,,,,,,,,,,,,,,t70
FS/460.png,right,0.1748537000003125,0.43704507,0.43678856,0.43671122,0.43678415,0.43670747,0.43611237,0.43615398,0.43624365,0.43592826,0.43603233,0.43601143,0.4357806,0.43523753,0.4351516,0.43546873,0.43552148,0.43504706,0.43531182,0.43527454,0.43526778,0.43510163,0.43487814,0.43498576,0.4348375,0.43507528,0.4352573,0.43493074,0.43460393,0.43474004,0.43454733,0.43456239,0.4342133,0.4336882,0.43353605,0.43338728,0.43363822,0.43367672,0.43341857,0.43366894,0.43339664,0.43333223,0.43354368,0.43348864,0.43349898,0.43299526,0.43315777,0.4326703,0.43301228,0.43292382,0.43276003,0.43316647,0.4322673,0.43255723,0.43249026,0.43301663,0.43230924,0.4323182,0.4323885,0.43267637,0.4321695,0.43223575,0.43232843,0.43201435,0.43121588,0.43131173,0.43079075,0.43089476,0.4306101,0.4309594,0.43089905,0.42940223,0.4293956,0.41850796,0.42010298,0.4280432,0.42817438,0.4283449,0.42857662,0.4278215,0.4275457,0.42780825,0.42777523,0.42810687,0.42777464,0.42855826,0.4280942,0.42801863,0.42779803,0.427318,0.42869192,0.42798433,0.42788708,0.42767248,0.4507147,0.45180383,0.45126718,0.4507959,0.45048723,0.45096034,0.44999468,0.45052537,0.4501551,0.44967988,0.44993487,0.44897178,0.44944182,0.4496576,0.44933158,0.45031327,0.4501742,0.44971475,0.44934338,0.44932196,0.44920504,0.4491714,0.4489676,0.44920123,0.44904703,0.44921944,0.4490339,0.44905257,0.4489928,0.4493384,0.44936642,0.44939974,0.44917408,0.44838783,0.44879392,0.44779032,0.4479343,0.44799325,0.44840753,0.446657,0.4465332,0.4457705,0.4451166,0.4444224,0.44415948,0.44477895,0.4431297,0.44253263,0.44208458,0.44143954,0.44120955,0.44073913,0.4405036,0.43929246,0.43969157,0.43999714,0.43923408,0.43808857,0.4382105,0.43824908,0.4383081,0.43802178,0.4376157,0.4379395,0.43733695,0.437116,0.43750104,0.4376768,0.4370201,0.43802357,0.43735027,0.43741113,0.4374486,0.43756527,0.43746933,0.4383059,0.43772382,0.43867835,0.43910068,0.43883657,0.43901834,0.439291,0.4391636,0.43986145,0.44018176,0.44185796,0.4399016,0.44073915,0.44120365,0.44174856,0.4414199,0.4422299,0.44150773,0.442451,0.4422877,0.44215655,0.44230133,0.4418615,0.44375497,0.44425833,0.4444896,0.44447288,0.44448307,0.44439387,0.4445502,0.44582036,0.44367895,0.44458646,0.44560027,0.44603834,0.44694224,0.44585362,0.44776294,0.4474487,0.44828168,0.44752002,0.447977,0.44802675,0.44762984,0.44741783,0.44666463,0.4477251,0.44891486,0.45089027,0.44770086,0.4059658,0.4025576,0.46294427,0.46059272,0.460936,0.4617907,0.46184722,0.46150443,0.46170118,0.462757,0.46328562,0.46322796,0.46333358,0.46239564,0.4635277,0.46188834,0.45207855,0.45121986,0.4514541,0.45117718,0.4525024,0.45060325,0.45064726,0.45116997,0.45149937,0.45089975,0.4509263,0.45083317,0.45068437,0.45074573,0.4487132,0.4498712,0.449485,0.44864088,0.4485346,0.4497405,0.4490667,0.44940943,0.44848868,0.44841695,0.4479547,0.44835848,0.44822687,0.4484785,0.44888547,0.44763094,0.44829652,0.4474041,0.4480806,0.44897598,0.44849184,0.448705,0.44893944,0.44839934,0.44865158,0.4488764,0.44915906,0.4486004,0.44935784,0.44920692,0.4488836,0.44893414,0.44885853,0.44868612,0.44868246,0.44845772,0.44752064,,,,,,,,,,,,,,,,,,,,,,,,,,,,,,,,,,,,,,,,,,,,,,,,,,,,,,,,,,,,,,,,,,,,,,,,,,,,,,,,,,,,,,,,,,,,,,,,,,,,,,,,,,,,,,,,,,,,,,,,,,,,,,,,,,,,,,,,,,,,,,,,,,,,,,,,,,,,,,,,t82
FS/160.png,right,0.1469785000008414,1.2407341,1.2456162,1.2431529,1.248428,1.241396,1.235901,1.2494195,1.2455406,1.2365668,1.2447878,1.2496122,1.2466835,1.2409023,1.2475786,1.2498604,1.2470114,1.2484695,1.2488494,1.2494105,1.2479733,1.247785,1.2493049,1.2477908,1.2478126,1.2436799,1.2411218,1.2397962,1.247703,1.2451375,1.250485,1.252832,1.2494074,1.2521744,1.249665,1.2456219,1.2514156,1.2497532,1.2488976,1.2524072,1.2501782,1.2505897,1.2527592,1.247477,1.2495196,1.2512989,1.2554709,1.2491671,1.2454336,1.2528453,1.2481054,1.252035,1.2411355,1.245915,1.2492043,1.2476828,1.2427245,1.2332646,1.2341785,1.2357774,1.2256519,1.2313722,1.2229818,1.2178841,1.2129446,1.2103413,1.2089418,1.1914079,1.2016213,1.2004813,1.1877178,1.175747,1.176484,1.1678152,1.1736823,1.163848,1.1636302,1.1543784,1.160305,1.1583192,1.1555516,1.1563258,1.1603152,1.1478682,1.1412488,1.1443157,1.151094,1.1403617,1.1458817,1.1381127,1.1460485,1.1426603,1.139471,1.1390778,1.139801,1.1339135,1.1303287,1.13519,1.1368874,1.1326119,1.13124,1.1346717,1.1250346,1.1285896,1.1229693,1.1353655,1.1292682,1.1347836,1.1226822,1.1268115,1.1275219,1.1234792,1.127219,1.128276,1.1240038,1.1123124,1.1174266,1.1171247,1.1197435,1.1114932,1.1171914,1.1141086,1.1191696,1.1167263,1.1237555,1.1198958,1.1208942,1.1220967,1.1215596,1.1250368,1.1271961,1.1420313,1.1297517,1.1324708,1.1400888,1.1315051,1.1458884,1.1389751,1.1377543,1.1435641,1.1378518,1.1361885,1.137106,1.1297209,1.1163808,1.1207023,1.114164,1.1116312,1.1084055,1.1027732,1.0894027,1.0893601,1.0830169,1.0701984,1.0740488,1.0651474,1.0614805,1.0638895,1.0546377,1.0594132,1.0534459,1.0498446,1.0483805,1.0510191,1.0502845,1.0458659,1.0404723,1.050484,1.0446743,1.0423075,1.0434512,1.0442227,1.0407748,1.0440136,1.042564,1.0424392,1.0411241,1.0453738,1.0441061,1.0410541,1.0401498,1.0477303,1.0439237,1.0426463,1.0436517,1.0551938,1.0524052,1.0599215,1.0545291,1.0490577,1.0528599,1.0457567,1.0477319,1.0526146,1.054779,1.0503372,1.0540998,1.0606195,1.0451176,1.0482293,1.0422798,0.5485855,0.48442304,1.175021,1.1830195,1.1758746,1.2026048,1.1691886,1.1669561,1.1856382,1.1792012,1.1868669,1.1849116,1.177438,1.1932595,1.191894,1.199187,1.1984452,1.2036597,1.1995553,1.1946647,1.2027308,1.2022922,1.2033381,1.1996574,1.201309,1.1977313,1.2055215,1.2029521,1.209662,1.2023597,1.202738,1.2106854,1.1980397,1.2070411,1.2101951,1.2010735,1.2077535,1.2085104,1.2028191,1.216881,1.2130398,1.2097938,1.2064078,1.207998,1.205191,1.1973767,1.2098672,1.2092777,1.2111993,1.2089186,1.2112613,1.2086393,1.2040468,1.2033025,1.2023693,1.1930355,1.1913182,1.1883203,1.1855384,1.1913439,1.1883216,1.1863296,1.1886097,1.1872425,1.1889629,1.1862767,1.1838938,1.187071,1.1869707,1.1861542,1.1862698,1.1894693,1.1876881,1.186397,1.1851417,1.1852522,1.1793783,1.1851641,1.1768447,1.1847605,1.1852095,1.1746207,1.1725776,1.1747962,1.1753948,1.1694834,1.175984,1.174061,1.1788932,1.1626375,1.1680084,1.1644233,1.1663814,1.1649325,1.1662166,1.1609057,1.1694702,1.1630677,1.1594429,1.1628158,1.1612496,1.1624956,1.1624157,1.160402,1.1582425,1.1682034,1.161464,1.164215,1.1622173,1.156971,1.1604872,1.1590899,1.1419852,1.160875,1.1564136,1.1553184,1.1576555,1.1520263,1.1536673,1.1601733,1.156131,1.1553404,1.1552097,1.1589096,1.1565366,1.1568879,1.161272,1.1627938,1.1633661,1.1597053,,,,,,,,,,,,,,,,,,,,,,,,,,,,,,,,,,,,,,,,,,,,,,,,,,,,,,,,,,,,,,,,,,,,,,,,,,,,,,,,,,,,,,,,,,,,,,,,,,,,,,,,,,,,,,,,,,,t12
FS/160.png,right,0.1309901000004174,0.62670666,0.6262173,0.6271315,0.6268522,0.6266292,0.62587553,0.6276348,0.6260055,0.6284051,0.6260818,0.6263123,0.62610024,0.6273693,0.62625766,0.62518543,0.6270833,0.62689084,0.6277096,0.6297739,0.62691516,0.62749654,0.6302331,0.6296181,0.62918496,0.6306228,0.62797046,0.62772214,0.62681293,0.627632,0.6290831,0.62886584,0.6287278,0.6178548,0.61774284,0.6175619,0.6170127,0.61845684,0.6192263,0.619631,0.6201747,0.6195035,0.6199286,0.6202483,0.61976415,0.6197609,0.62145036,0.62027144,0.6203283,0.6204294,0.61914504,0.6192832,0.62119895,0.61915946,0.6197098,0.6197884,0.61956954,0.6171368,0.61929554,0.61848223,0.6147793,0.6140279,0.6144407,0.6143562,0.61173564,0.6093014,0.60982376,0.6055106,0.60663134,0.6020664,0.605913,0.60409063,0.60174465,0.60028833,0.60088396,0.60117847,0.5970819,0.5982282,0.59736794,0.5998698,0.5966748,0.59622276,0.5953988,0.5943886,0.593912,0.5945758,0.5935687,0.59383523,0.5933233,0.5929721,0.59217525,0.5922275,0.5933785,0.59286547,0.5938104,0.5921717,0.592615,0.59293133,0.59285146,0.59291995,0.5921057,0.59277976,0.59360963,0.5941458,0.59314,0.59315443,0.59410673,0.59406644,0.5943895,0.59467274,0.59618163,0.5951538,0.59470993,0.59532726,0.5947512,0.5950147,0.59640837,0.598102,0.59585893,0.59739,0.5984077,0.59898776,0.6034708,0.6020274,0.6001972,0.599129,0.60215926,0.60107654,0.6013096,0.60144335,0.6036491,0.6034764,0.60648066,0.60222083,0.6043206,0.6054237,0.60569245,0.6035297,0.6039894,0.6043194,0.60318094,0.5984485,0.5989976,0.596465,0.59498894,0.5941798,0.58972454,0.58912474,0.5871772,0.58561397,0.585035,0.5840465,0.5811164,0.57971174,0.5776296,0.5751993,0.5741036,0.5744172,0.57295215,0.5720704,0.5714443,0.5705761,0.56865335,0.5693314,0.5682587,0.5685799,0.5679027,0.5677307,0.5675131,0.56668663,0.5638892,0.5649071,0.5646657,0.5650736,0.56393164,0.5669756,0.5635925,0.56482315,0.5667173,0.56430507,0.5651979,0.56782293,0.5656104,0.5658689,0.568479,0.5686428,0.5679321,0.5686629,0.5670277,0.5702866,0.5697019,0.5703722,0.57143354,0.57093775,0.5689734,0.5706013,0.5698923,0.5712921,0.57135534,0.5711807,0.5722208,0.5715904,0.5754957,0.5745911,0.5743252,0.57791305,0.57781327,0.57864344,0.5763609,0.5784572,0.57970417,0.58149517,0.5807636,0.58291274,0.581151,0.58383507,0.58259237,0.5842914,0.5835588,0.58501315,0.58534914,0.58785295,0.5887384,0.5879768,0.58824295,0.58751976,0.5918036,0.59035224,0.59347254,0.59405214,0.5949407,0.59539264,0.59631747,0.59802604,0.5973709,0.5971577,0.59731764,0.5973208,0.5983854,0.59947264,0.6025545,0.600034,0.60501504,0.60477245,0.6032018,0.6057878,0.6062668,0.6072229,0.606442,0.6047234,0.6056546,0.60384107,0.60600835,0.6046144,0.60444486,0.60658455,0.44363305,0.4486793,0.6303164,0.6238902,0.62876624,0.6310168,0.6279913,0.63384235,0.6304001,0.63172823,0.6330586,0.63181686,0.6314133,0.63367754,0.63317496,0.6354093,0.63400906,0.6349375,0.63648444,0.636638,0.6373299,0.6373362,0.63696665,0.63578784,0.63856924,0.6348943,0.6374567,0.6392849,0.6376742,0.6394425,0.6388534,0.64353824,0.63955945,0.6411644,0.6421854,0.64108026,0.64170927,0.6426223,0.6420724,0.6432188,0.6427348,0.6406569,0.6430865,0.6419257,0.641398,0.64198524,0.64305925,0.6417509,0.6435158,0.6431104,0.64187634,0.6424793,0.641741,0.64088714,0.6433288,0.64154077,0.64306325,0.6417796,0.641064,0.6416682,0.641788,0.639804,0.64055127,0.6417914,0.6410798,0.6421721,0.64155555,0.6402878,0.6408009,0.64117974,0.63937503,0.6398205,0.64090794,0.6387355,0.64118296,0.6401085,0.6404792,0.64028573,0.64139766,0.6405618,0.6399375,0.6392704,0.63967365,0.64030105,0.64037204,0.6385386,0.63881725,0.6409121,0.6398824,0.63991493,0.6390943,0.6416378,0.6397761,0.6387508,0.6396765,0.6384468,0.6381755,0.6378403,0.6391509,0.63899696,0.6391972,0.63782144,0.63642734,0.63704133,0.6362761,0.6383819,0.63728553,0.6369459,0.6371069,0.6362214,0.6382159,,,,,,,,,,,,,,,,,,,,,,,,,,,,,,,,,,,,,,,,,,,,,,,,,,,,,,,,,,,,,,,,,,,,,,,,,,,,,,,t46
FS/160.png,left,0.1134761000002981,0.41769293,0.41727266,0.41714373,0.41717827,0.41721177,0.4170198,0.4170649,0.41686088,0.41705835,0.41695926,0.41682544,0.41734076,0.41759935,0.417672,0.4177745,0.41778028,0.41801044,0.41822574,0.41841304,0.4183007,0.41860673,0.4187519,0.4186158,0.41854542,0.41872057,0.41860405,0.4189446,0.41877416,0.41868687,0.41895023,0.41861728,0.41893932,0.41880825,0.4191271,0.4188572,0.4188992,0.4189885,0.4187472,0.418672,0.4186706,0.41870698,0.41890243,0.4188503,0.41879165,0.41879904,0.4187158,0.4185704,0.41856942,0.41867563,0.4187339,0.41892895,0.41866258,0.4187935,0.41883776,0.41862348,0.41874856,0.41858315,0.41827914,0.418242,0.41861817,0.41848433,0.41819233,0.41800246,0.41781583,0.41792238,0.4178496,0.41773602,0.41737968,0.4176216,0.41726425,0.41717523,0.41690272,0.41684186,0.41695508,0.4170399,0.41701648,0.4170848,0.4169818,0.41700214,0.4170873,0.41734114,0.41721618,0.41744918,0.41733894,0.41730997,0.41730756,0.41740835,0.41729617,0.41741544,0.41731006,0.41756135,0.41758808,0.41791627,0.41759512,0.41768286,0.41759184,0.41772974,0.41768354,0.4175844,0.41758862,0.41777188,0.41748017,0.4171793,0.4179009,0.41769198,0.41811144,0.41786692,0.41800413,0.41830626,0.41835338,0.41850352,0.41878968,0.41891226,0.41879126,0.41898558,0.4186067,0.41855055,0.41898385,0.41915128,0.4196877,0.41966724,0.4192941,0.41946974,0.4199228,0.4194381,0.4200546,0.41998914,0.42025813,0.42060718,0.42067206,0.42049718,0.42045328,0.42039338,0.42041594,0.42061362,0.420535,0.42068258,0.42055678,0.42050576,0.4205492,0.42052427,0.4199193,0.42000267,0.4198906,0.4199068,0.4196496,0.41944906,0.41918477,0.4192231,0.41880134,0.41843626,0.4184754,0.41816974,0.4181298,0.41787818,0.41798732,0.4177312,0.41763428,0.41754687,0.41739118,0.4170239,0.41705996,0.41691223,0.41631615,0.4165212,0.4158053,0.41601777,0.41546836,0.41578367,0.41565925,0.41545525,0.41526568,0.4153841,0.41560015,0.41517085,0.41543382,0.415776,0.4155665,0.41556633,0.4155388,0.41570038,0.41627657,0.41585433,0.41648582,0.41671848,0.4169174,0.41717267,0.41682658,0.416658,0.41656655,0.4167214,0.41742668,0.40275177,0.40491018,0.41168988,0.40407872,0.4007665,0.42252484,0.41984063,0.41947794,0.41927594,0.4193621,0.4192634,0.41923076,0.42091548,0.42042154,0.42092288,0.42092395,0.42086574,0.42072955,0.4198891,0.41960654,0.419328,0.4195039,0.41948202,0.41922525,0.4191387,0.41920558,0.41898197,0.4189576,0.41876096,0.41871703,0.41886115,0.41901407,0.4192647,0.4194168,0.41898385,0.41944692,0.4195937,0.41950905,0.41964057,0.41957623,0.419607,0.41971338,0.41975126,0.41975752,0.41981244,0.41977614,0.41972923,0.4199055,0.4203739,0.42011613,0.4199541,0.41963762,0.4199274,0.4201912,0.41949138,0.41977668,0.41971067,0.41981584,0.4196711,0.41974777,0.41945535,0.41944745,0.41968107,0.41974416,0.41973332,0.41954312,0.41966897,0.41977715,0.41965377,0.41967055,0.4195231,0.4195347,0.41961527,0.41965643,0.4196437,0.41964644,0.41966224,0.41970178,0.41974962,0.4196427,0.41958404,0.41972122,0.41950157,0.4202475,0.41998944,0.42024213,0.42008188,0.42033875,0.42053628,0.42004457,0.42052546,0.4206255,0.4205292,0.42066258,0.4208266,0.42081523,0.4205158,0.42069364,0.42064616,0.420847,0.42080796,0.4205729,0.420678,0.42083162,0.4204064,0.42029598,0.42044947,0.42056012,0.4206873,0.42015272,0.41996732,0.42019185,0.42009562,0.41997367,0.41970393,0.42007485,0.41996124,0.42001,0.42016754,0.4200247,0.42008448,0.42027935,0.4197955,0.42042172,0.4200798,0.42014736,0.42369908,0.4235036,0.42383826,0.42342782,0.42393988,0.4239236,0.42370248,0.42369637,0.42373574,0.42379025,0.4236553,0.42387524,0.42383778,0.42316532,0.423699,0.423761,0.42387274,0.4239901,0.42376336,0.42406288,0.42426515,0.42415214,0.42413336,0.4244597,,,,,,,,,,,,,,,,,,,,,,,,,,,,,,,,,,,,,,,,,,,,,,,,,,,,,,,,,,,,,,,,,,,,,,,,,,,,,,,,,,,,,,,,,,,,,,,,,,,,,,,t106
FS/490.png,right,0.1495603000012124,1.0239855,1.0240042,1.028157,1.0227963,1.0275801,1.0238625,1.0234283,1.0260067,1.029452,1.0268633,1.0262353,1.0233421,1.023212,1.023459,1.0265031,1.0253304,1.0213983,1.0254917,1.0228295,1.0185448,1.0246363,1.0263333,1.0282534,1.0249275,1.0290991,1.0347831,1.0285221,1.0354993,1.0343512,1.0337067,1.0265313,1.0351781,1.0312556,1.0319875,1.033867,1.0359484,1.0279208,1.0280411,1.033769,1.0332901,1.034251,1.0354673,1.033713,1.0362283,1.0415903,1.0374533,1.0421046,1.0443776,1.0381345,1.040352,1.038341,1.0351405,1.0387653,1.043231,1.0382848,1.0361031,1.0329901,1.0361719,1.0327619,1.0330787,1.0298191,1.0319147,1.0333298,1.0308791,1.0244249,1.0260304,1.0227835,1.0198474,1.0100081,1.0041277,1.002214,1.0064262,1.0029986,0.99833614,1.0017172,0.9932475,0.9948342,0.9965688,0.9979791,0.98828816,0.9930174,0.98700815,0.9892831,0.98682106,0.98806477,0.987534,0.98831224,0.98872745,0.98755157,0.99071074,0.9858411,0.9865093,0.9867642,0.98560256,0.9852704,0.9848561,0.98691267,0.9853415,0.9863913,0.9917317,0.98567146,0.98678607,0.9874576,0.9887932,0.9849417,0.98860365,0.9889168,0.9889518,0.99016136,0.9898467,0.99503297,0.9912735,0.9903898,0.99090445,0.9945709,0.9929844,0.99389696,0.99098504,0.9912727,1.0016094,0.9975335,0.9969194,0.99607366,0.9946775,1.0004399,0.9964739,1.0052823,0.9982464,1.000814,1.0065786,1.0011092,1.0075625,1.0053864,1.0082772,1.0097954,1.0092866,1.0096282,1.008151,1.0020713,0.99898547,0.99782133,0.9953798,0.992099,0.99229586,0.9898504,0.98267955,0.9783557,0.97325796,0.96783847,0.97759813,0.9559278,0.9512301,0.9550953,0.9505077,0.94889635,0.9470947,0.94475013,0.94313073,0.93505514,0.93633914,0.9338809,0.9309898,0.9282089,0.9285306,0.91941416,0.9166308,0.9297359,0.9201626,0.9130344,0.91978973,0.9107825,0.9142759,0.9051718,0.90884805,0.91323483,0.9103315,0.9127175,0.9082439,0.91497993,0.91200066,0.91055435,0.92049205,0.9121872,0.9140934,0.91328454,0.91883063,0.9198932,0.9127117,0.9185937,0.92027223,0.9177389,0.9198389,0.9186055,0.9170592,0.92402506,0.9252734,0.92808384,0.92535335,0.9262538,0.91983354,0.9266837,0.93084866,0.9289751,0.92847854,0.9315309,0.9409856,0.9286328,0.9349963,0.9357659,0.9379524,0.93050647,0.9394124,0.9336922,0.93607754,0.9435777,0.94076055,0.9459303,0.9384862,0.6680501,0.69342375,0.73895174,1.0232049,0.93831885,0.9354009,0.9408595,0.9390242,0.9421293,0.9438778,0.94441813,0.94638467,0.94721574,0.9418796,0.9480701,0.94944406,0.9423473,0.9471798,0.9446914,0.94872653,0.9485727,0.9477777,0.9455764,0.94836324,0.9538464,0.9469206,0.9523776,0.9471108,0.9493567,0.9565674,0.94791865,0.95072496,0.9489047,0.94913673,0.95432675,0.9554382,0.9573864,0.9528165,0.9514441,0.958096,0.95313984,0.95861065,0.9588034,0.9575073,0.9558237,0.9574103,0.9561958,0.9579779,0.95825917,0.95410234,0.95445263,0.9580255,0.9579364,0.95382476,0.9519415,0.9559605,0.9546392,0.9551264,0.95543903,0.9571168,0.95279473,0.95725834,0.9547157,0.9529739,0.9504543,0.95189494,0.9571029,0.95862705,0.9544604,0.94958913,0.95083404,0.9494681,0.9486392,0.9368539,0.9452862,0.9424854,0.9462043,0.94615537,0.938487,0.9438061,0.9371609,0.93690085,0.9349627,0.9336789,0.9297812,0.9388681,0.93442905,0.9324778,0.93135077,0.93023175,0.9270876,0.9307094,0.9352491,0.9237278,0.9344501,0.92093414,0.91996956,0.9181584,0.9193252,0.91931266,0.92161846,0.92207,0.9203316,0.9163515,0.91193604,0.9199961,0.9155229,0.91097444,0.91549975,0.9186576,0.9197065,0.91665095,0.91461504,0.91252214,0.9186622,0.9188695,0.92018586,0.91796565,0.9196438,0.9096731,0.9136008,0.91317475,0.91744804,0.9166101,0.91852444,0.91578054,0.91803366,0.9205399,0.9221544,0.9275432,,,,,,,,,,,,,,,,,,,,,,,,,,,,,,,,,,,,,,,,,,,,,,,,,,,,,,,,,,,,,,,,,,,,,,,,,,,,,,,,,,,,,,,,,,,,,,,,,t23
FS/490.png,left,0.1816992000003665,0.5092335,0.50784594,0.5077879,0.5080252,0.5064166,0.50589633,0.5064452,0.50642395,0.5057239,0.505151,0.506716,0.5060047,0.50574386,0.5056851,0.5059127,0.5058914,0.503843,0.504454,0.50218034,0.50234884,0.5024959,0.50371146,0.50228864,0.5018137,0.5044616,0.50147504,0.5036818,0.503964,0.50242805,0.5019298,0.5047159,0.5025792,0.50474596,0.5048845,0.50302595,0.50406086,0.50187325,0.50213146,0.5019574,0.5014665,0.5048486,0.5022671,0.5028785,0.503831,0.5048053,0.50158,0.50180966,0.5022334,0.5045343,0.50310844,0.5027215,0.50121206,0.50194454,0.5004656,0.49968556,0.5007433,0.5004703,0.5005918,0.49953207,0.49926895,0.499583,0.4981587,0.49872613,0.49855408,0.49686968,0.4981092,0.49681693,0.49691147,0.4979695,0.49647334,0.4965014,0.49641356,0.49499053,0.49406615,0.49455756,0.49696517,0.49384817,0.49467745,0.4937622,0.49309772,0.49266118,0.4926456,0.492533,0.4913681,0.49252015,0.49084884,0.49253234,0.49012315,0.49110964,0.49069452,0.49051714,0.4902136,0.48975122,0.4904612,0.48942822,0.48987398,0.48908493,0.48959604,0.48941278,0.48843235,0.4901712,0.49092916,0.48941553,0.4896495,0.48889062,0.48916474,0.490783,0.48939836,0.49008682,0.48893178,0.48917565,0.49035084,0.48887768,0.4900075,0.4894622,0.4890763,0.48854917,0.48895037,0.48868302,0.48911777,0.48947126,0.48878372,0.48949283,0.4896788,0.49017835,0.49075893,0.4898975,0.4904655,0.49023047,0.49175328,0.49025968,0.49355844,0.49234042,0.492598,0.49239755,0.4936949,0.492123,0.49043807,0.49049196,0.49014738,0.48923552,0.4895664,0.4885832,0.48782104,0.48779753,0.4870786,0.4849969,0.4851183,0.48446158,0.4837735,0.48547307,0.48264572,0.48390666,0.4834413,0.4810346,0.48437276,0.4821387,0.48145634,0.47870326,0.47854403,0.48021728,0.4794525,0.47889704,0.47898647,0.47803086,0.47813678,0.4784523,0.4770526,0.47838503,0.47688574,0.47840798,0.47885448,0.47830778,0.4779635,0.47808674,0.47913954,0.47944546,0.4789915,0.47977686,0.479302,0.47919568,0.4784181,0.47991395,0.47823134,0.48229146,0.48277116,0.48112148,0.48197138,0.4809995,0.48213756,0.48401475,0.48567358,0.48156092,0.48954698,0.45567685,0.42224282,0.42994753,0.48193884,0.45634747,0.40695068,0.46149635,0.4602781,0.51639247,0.5071084,0.50858974,0.5053984,0.50022984,0.501006,0.49905685,0.50046796,0.4986481,0.50045943,0.5046161,0.5015412,0.5012605,0.50202614,0.50324327,0.50244796,0.49856448,0.50046223,0.5006819,0.5037589,0.50293183,0.5026635,0.50326943,0.5016384,0.5032446,0.50194067,0.5031363,0.5025415,0.50282294,0.5009581,0.5030165,0.5040245,0.50484365,0.5058583,0.5046808,0.5049342,0.50407606,0.504728,0.50326645,0.50214684,0.5020982,0.50371003,0.50221306,0.50215614,0.50378925,0.50099385,0.50003844,0.49835646,0.5008242,0.50151515,0.49997514,0.49887514,0.49850038,0.49777773,0.49865395,0.49739683,0.49758595,0.49759862,0.49790406,0.49668103,0.49667427,0.49578825,0.4958328,0.4958736,0.49437866,0.49216053,0.49294975,0.49480182,0.49351633,0.4950224,0.4953147,0.49511507,0.49572754,0.49400192,0.49403214,0.4926973,0.4896626,0.49084088,0.4912869,0.49136838,0.49060506,0.48995635,0.49096796,0.49305874,0.49075288,0.4903278,0.48992184,0.4867948,0.48695666,0.48610678,0.48838854,0.4872465,0.4875831,0.4888996,0.48622653,0.48635915,0.48623607,0.48788413,0.4893614,0.48753834,0.4877115,0.48809,0.4857446,0.48785812,0.48721558,0.48931465,0.48887593,0.4892496,0.48714262,0.48898017,0.4872692,0.4889254,0.48532665,0.4877233,0.48573968,0.4864969,0.4861052,,,,,,,,,,,,,,,,,,,,,,,,,,,,,,,,,,,,,,,,,,,,,,,,,,,,,,,,,,,,,,,,,,,,,,,,,,,,,,,,,,,,,,,,,,,,,,,,,,,,,,,,,,,,,,,,,,,,,,,,,,,,,,t63
FS/490.png,right,0.1339991000004374,0.44453257,0.444077,0.44447374,0.44457167,0.44401622,0.44372183,0.4439339,0.44436336,0.44449988,0.44404614,0.44280416,0.44373417,0.44343972,0.4438054,0.4430608,0.44349918,0.44299766,0.44227606,0.44255584,0.44309524,0.44229823,0.44324586,0.4422668,0.4423455,0.44203344,0.4423332,0.44229499,0.4424378,0.44187292,0.44215897,0.4422186,0.44217816,0.4415388,0.44173422,0.4424213,0.4418324,0.44177136,0.44184902,0.44225204,0.44167075,0.4418456,0.44269797,0.44194272,0.4422786,0.4418598,0.4415813,0.44197628,0.44199467,0.44224834,0.4417958,0.44178644,0.44124785,0.4423976,0.44183823,0.44199333,0.44195843,0.4416517,0.44142678,0.4419907,0.44211072,0.441759,0.4418177,0.441549,0.4415161,0.44180584,0.44080344,0.44155857,0.44128594,0.44025832,0.4406925,0.44041586,0.4397,0.4404282,0.43955365,0.43911317,0.4390845,0.4390873,0.43909812,0.43941906,0.43934396,0.43943477,0.4392393,0.43793932,0.43813682,0.4377351,0.4374527,0.43770078,0.438039,0.43749496,0.4375707,0.4373986,0.4372965,0.43700254,0.43750513,0.43678263,0.43665832,0.4370746,0.43642765,0.43670836,0.4367005,0.43629435,0.4365007,0.43602002,0.43625206,0.43644196,0.43646312,0.43565533,0.435981,0.43588918,0.4365732,0.4358978,0.43597808,0.4355424,0.4369315,0.43664396,0.43582934,0.43552095,0.43638012,0.43669957,0.4365013,0.4364395,0.4367146,0.4370421,0.4376107,0.4368311,0.43780985,0.437293,0.43787643,0.43792704,0.4383353,0.4387578,0.4386918,0.43981892,0.4398062,0.4397222,0.43960407,0.43998033,0.43968934,0.43963745,0.44015855,0.4383249,0.43858176,0.4389927,0.4367091,0.43663603,0.43617508,0.436685,0.43609637,0.43584558,0.43580103,0.43546653,0.43461663,0.43378136,0.4336434,0.43391642,0.43408227,0.4337576,0.43412215,0.43299675,0.43340617,0.433152,0.43339527,0.43309164,0.43281847,0.43268186,0.43286762,0.43326113,0.43310273,0.43223846,0.43282142,0.43182454,0.43246472,0.4324021,0.43236873,0.43277052,0.43344384,0.43296123,0.43312505,0.4335854,0.4333436,0.43359628,0.43343547,0.43367633,0.4339726,0.43432808,0.43402854,0.43388376,0.43469122,0.43467358,0.43541053,0.4360997,0.4356388,0.4354254,0.4361807,0.43565688,0.43572807,0.43566504,0.43583784,0.43552387,0.43641582,0.43652406,0.43654278,0.43711403,0.43721876,0.4370972,0.43693775,0.4370049,0.43634352,0.4379168,0.43863344,0.41251984,0.4234678,0.3965504,0.41374636,0.4020314,0.41915467,0.44829226,0.4488528,0.44942138,0.4485047,0.44903114,0.44880655,0.44845805,0.44863528,0.44823855,0.4486965,0.44867882,0.44795188,0.44819674,0.44796392,0.4488689,0.4487572,0.4487678,0.4486814,0.44805837,0.44852406,0.44875848,0.44930094,0.449517,0.44953713,0.4497681,0.44972423,0.44962257,0.44984326,0.4496993,0.44975194,0.44964576,0.45030314,0.4498021,0.44961154,0.4497544,0.44960636,0.44954336,0.4495777,0.44953406,0.44919908,0.44852272,0.4473567,0.4474462,0.44751164,0.44699278,0.44664595,0.44629857,0.44641945,0.44553995,0.43771234,0.43695098,0.43734536,0.43716463,0.43695104,0.43716186,0.4369847,0.43692964,0.43694198,0.43641528,0.43654433,0.43656668,0.43664393,0.43649754,0.43631363,0.43676376,0.43663764,0.43573746,0.43571177,0.4357904,0.4357613,0.43470788,0.435514,0.43418828,0.43416473,0.43367097,0.43369082,0.4336015,0.43367845,0.43353233,0.43302247,0.43333858,0.43281662,0.43288034,0.43311986,0.43215397,0.43258986,0.43286315,0.4319018,0.43227628,0.43232456,0.43229637,0.43277177,0.43221927,0.431902,0.4322515,0.4318901,0.43307063,0.43208006,0.4319626,0.43196568,0.43211624,0.43209884,0.43210846,0.43232012,0.43200067,,,,,,,,,,,,,,,,,,,,,,,,,,,,,,,,,,,,,,,,,,,,,,,,,,,,,,,,,,,,,,,,,,,,,,,,,,,,,,,,,,,,,,,,,,,,,,,,,,,,,,,,,,,,,,,,,,,,,,,,,,,,t90
FS/710.png,left,0.1497861000007105,0.7884813,0.78764117,0.79000044,0.7905102,0.7937374,0.8013849,0.7997158,0.7961952,0.7996354,0.7975517,0.79775023,0.79901797,0.7993148,0.79940844,0.79521716,0.80004674,0.79508585,0.79648346,0.7960266,0.7974235,0.8006015,0.7983883,0.7939287,0.79875076,0.79990613,0.7971596,0.8016528,0.79876494,0.7975495,0.799771,0.7986784,0.8000554,0.7983265,0.798498,0.7957653,0.7925057,0.7938032,0.79330736,0.7967713,0.79522246,0.795138,0.7938288,0.79027265,0.79387623,0.7906045,0.7904118,0.78741026,0.7896989,0.7893749,0.7850736,0.78460824,0.7851647,0.7828751,0.78735834,0.7819371,0.7837976,0.7773186,0.7810904,0.77907765,0.7797804,0.7774544,0.77828604,0.7742926,0.7759203,0.7716347,0.76823443,0.77310175,0.7714295,0.7676215,0.76743704,0.76413333,0.76475775,0.76177853,0.7610667,0.7520834,0.7571012,0.7628096,0.7549114,0.75348544,0.756306,0.75166667,0.7545307,0.7488449,0.7538489,0.74242014,0.74736995,0.7550367,0.75159585,0.74890834,0.75087535,0.7537012,0.7541363,0.7566575,0.75782526,0.75272596,0.75510985,0.7534893,0.75884163,0.7465653,0.7576779,0.74726576,0.75509334,0.7536799,0.75564593,0.7490221,0.74798805,0.7491661,0.75061005,0.7490589,0.7504834,0.7507847,0.7452594,0.7586684,0.7522048,0.756539,0.7560462,0.7504261,0.75383943,0.7486674,0.7557436,0.7610201,0.76182914,0.7674028,0.76128286,0.7626711,0.7657485,0.76761806,0.7651873,0.76263756,0.7689422,0.76946795,0.76965904,0.7668421,0.7699266,0.7670302,0.7685984,0.7672728,0.7691378,0.76666296,0.76465935,0.7596795,0.75910723,0.76231456,0.7573178,0.75354517,0.7473049,0.7445511,0.7385102,0.73334146,0.7308992,0.7325681,0.73212147,0.72952485,0.7324051,0.7297523,0.7300155,0.72926044,0.7275134,0.72883934,0.72930694,0.7322639,0.72338223,0.72459966,0.7234324,0.722204,0.72685325,0.7221798,0.7240876,0.7290839,0.72196776,0.713055,0.7209644,0.7215655,0.7212299,0.719434,0.72827506,0.7291886,0.72820705,0.7265692,0.7253042,0.73678946,0.7337807,0.73967975,0.73919725,0.7454917,0.74264747,0.7441482,0.74774414,0.74307436,0.7480029,0.74784774,0.75069076,0.753845,0.7508582,0.7580635,0.7610478,0.75707936,0.7618945,0.76537406,0.7624675,0.76421857,0.76701134,0.76955086,0.76823425,0.76817906,0.7744598,0.77260196,0.77150184,0.77268803,0.77163273,0.77593714,0.78104794,0.77952266,0.782288,0.78887445,0.78712654,0.7823324,0.78578305,0.7866589,0.78929096,0.7891359,0.78875476,0.79597807,0.79713196,0.7969676,0.80419075,0.8043074,0.80600065,0.8041602,0.8034604,0.8016232,0.8007845,0.8018245,0.8026552,0.80173635,0.8030321,0.808019,0.8088122,0.80848897,0.81329155,0.8103365,0.81344867,0.81741273,0.8090766,0.80626816,0.82519186,0.715977,0.5894163,0.84880316,0.8404511,0.8548978,0.8477615,0.8453353,0.85470647,0.85022914,0.8529294,0.853164,0.85425705,0.8510437,0.8488146,0.8491729,0.8529818,0.8508478,0.85589194,0.85196793,0.8521306,0.85593975,0.8628533,0.85997766,0.8536176,0.86047393,0.854218,0.8585531,0.8621286,0.86632764,0.8686004,0.8694725,0.86365896,0.86939436,0.86569345,0.8680325,0.86883783,0.86863893,0.8695674,0.8701463,0.8711332,0.87018937,0.87169594,0.8649777,0.8686302,0.8694475,0.87061965,0.8737125,0.8751939,0.8721681,0.87185985,0.87278897,0.87371653,0.87282526,0.8779489,0.8771954,0.8748366,0.8718722,0.8789567,0.87691844,0.87889713,0.8757276,0.87683934,0.87561613,0.8735325,0.87531954,0.87409806,0.8772834,0.8747379,0.87450624,0.87431866,0.87235314,0.878584,0.8722103,0.8686723,0.87219214,0.871276,0.8714068,0.87348735,0.87455964,0.8781916,0.87193924,0.87333006,0.87456846,0.8732567,0.86622566,0.8713849,0.8714321,0.87071395,0.87372965,0.8712322,0.8720961,0.86448616,0.8678885,0.87108064,0.8678377,0.8714521,0.8703414,0.863696,0.8674362,0.8693695,0.86450356,0.8684888,0.8564014,0.86263263,0.8605038,0.8584528,0.8558151,0.85498667,0.8536041,0.8578052,0.8566052,0.857757,0.8593491,0.85892767,0.85937035,0.85727316,0.8564562,0.8600021,0.85779124,0.8594904,0.86004484,0.85928684,0.8598453,0.85515845,0.8600411,0.859229,,,,,,,,,,,,,,,,,,,,,,,,,,,,,,,,,,,,,,,,,,,,,,,,,,,,,,,,,,,,,,,,,,,,,,,,,t27
FS/710.png,right,0.2254443000010724,0.56828064,0.5705254,0.5693692,0.56767774,0.56901884,0.56940347,0.53643095,0.5368419,0.53789914,0.5341375,0.53788143,0.53529066,0.536323,0.5372192,0.5343258,0.5364216,0.5348628,0.536815,0.5381095,0.5346978,0.535703,0.5334056,0.5356925,0.5372499,0.5376176,0.53712314,0.5405321,0.53563297,0.53642046,0.5383068,0.54001015,0.5365471,0.5373149,0.5376147,0.53946126,0.5378667,0.53647274,0.53802454,0.541684,0.5384099,0.54033244,0.53896296,0.53938305,0.5398608,0.5414385,0.5404429,0.53899837,0.541086,0.54149586,0.5375296,0.5347612,0.5362522,0.53709644,0.5351255,0.53480494,0.53479856,0.5352686,0.5338911,0.53144187,0.5304382,0.5299706,0.5293413,0.52643263,0.52604675,0.52503556,0.5243653,0.52486,0.52003455,0.51938874,0.5195469,0.51978105,0.51917905,0.51849055,0.5194935,0.5193572,0.51781875,0.5169668,0.51753706,0.51857823,0.515714,0.515616,0.5173399,0.51662016,0.51907367,0.51695865,0.5162254,0.51494104,0.5161467,0.5176831,0.5193826,0.5196908,0.51776886,0.51901543,0.51909757,0.5195361,0.52026254,0.5197651,0.52006966,0.5195989,0.52171004,0.5256388,0.5262465,0.5257713,0.5267677,0.52741396,0.52712566,0.52655655,0.5270734,0.5277185,0.5274756,0.52915996,0.53067726,0.5306556,0.5311949,0.5307074,0.5313719,0.5309126,0.5303148,0.5321935,0.5318208,0.53029716,0.5291258,0.52865934,0.5278532,0.52797604,0.5279278,0.5283719,0.52813905,0.527909,0.5308824,0.53076375,0.5303555,0.5302871,0.5333,0.53278863,0.5300735,0.53208375,0.5299193,0.52847445,0.41362178,0.40855423,0.45050055,0.4943114,0.55911964,0.5475621,0.54836756,0.5529673,0.54818463,0.5496918,0.5510008,0.5506946,0.55085015,0.5488208,0.55292517,0.5497127,0.55087095,0.5509512,0.5498403,0.5508611,0.55286956,0.5535752,0.5492012,0.5524411,0.5521725,0.5509898,0.553656,0.5526341,0.5516458,0.5520765,0.5510103,0.55113006,0.551829,0.5530673,0.5514899,0.5526758,0.553496,0.55266875,0.5513138,0.55193394,0.5514905,0.55133855,0.54985666,0.54944557,0.5496756,0.55125356,0.549801,0.54829973,0.54928094,0.4683243,0.5394603,0.4944502,0.5485743,0.54317015,0.54232407,0.5399689,0.5366393,0.5338813,0.5391652,0.53823495,0.540035,0.5410123,0.53963006,0.53848875,0.53970915,0.53752816,0.538645,0.5374995,0.53937244,0.5367839,0.5375685,0.53726375,0.53680056,0.5356765,0.53605866,0.5375786,0.53566045,0.53764075,0.5372686,0.5363806,0.5372495,0.53645325,0.5362137,0.5355725,0.5379471,0.5362302,0.5358534,0.53725785,0.5358922,0.53598,0.53840524,0.5366725,0.53822386,0.53841853,0.53842986,0.5377155,0.5385827,0.537684,0.5387953,0.5379427,0.5380732,0.53769696,0.53860986,0.5380826,0.53914994,0.53857476,0.5397854,0.5407895,0.5401212,0.53998494,0.54092395,0.5414777,0.54278034,0.5418889,0.5433788,,,,,,,,,,,,,,,,,,,,,,,,,,,,,,,,,,,,,,,,,,,,,,,,,,,,,,,,,,,,,,,,,,,,,,,,,,,,,,,,,,,,,,,,,,,,,,,,,,,,,,,,,,,,,,,,,,,,,,,,,,,,,,,,,,,,,,,,,,,,,,,,,,,,,,,,,,,,,,,,,,,,,,,,,,,,,,,,,,,,,,,,,,,,,,,t55
FS/710.png,right,0.1691894000005049,0.45951962,0.45850444,0.45863518,0.4589322,0.45788223,0.46044278,0.45668393,0.45896193,0.45668015,0.45792246,0.4569548,0.45793712,0.45692396,0.45655787,0.4567604,0.4573604,0.45600712,0.45602256,0.4567203,0.45685807,0.45589036,0.45632872,0.45616797,0.45648414,0.45696965,0.45694348,0.45599017,0.45612624,0.45655534,0.45685673,0.45665824,0.4564684,0.4557217,0.45622343,0.4563854,0.45678908,0.4562395,0.45615286,0.45607087,0.45686594,0.45658544,0.4565045,0.45638612,0.4563937,0.45635054,0.45586002,0.4557073,0.45631644,0.45677796,0.45621166,0.45663738,0.4569169,0.45658514,0.45675242,0.45746797,0.45577753,0.45655322,0.456258,0.45584422,0.45596483,0.45619825,0.4555243,0.45602474,0.45553187,0.45626706,0.45614558,0.4561031,0.4553112,0.4529165,0.45309833,0.45271438,0.4523721,0.45225522,0.45227888,0.4525991,0.45228747,0.45264047,0.4524626,0.4527288,0.45218006,0.4526271,0.452499,0.45325726,0.45295036,0.45305577,0.453793,0.45303237,0.45314637,0.45296314,0.45455387,0.45250484,0.4550619,0.45447007,0.45528808,0.45341736,0.45489973,0.45329815,0.4539151,0.45569864,0.45510328,0.45482308,0.4536389,0.45412067,0.4547168,0.4544146,0.45400348,0.454201,0.45468068,0.45344067,0.45411047,0.4538658,0.4538874,0.45418012,0.45505318,0.45543543,0.45461938,0.45506832,0.45610815,0.45568407,0.4556801,0.4552708,0.45484582,0.45539027,0.4566676,0.4556521,0.45623195,0.4554978,0.45671505,0.45755747,0.45718235,0.45872062,0.45849904,0.4586205,0.4583723,0.4589284,0.45902056,0.46014303,0.4595705,0.45952415,0.4593965,0.45847893,0.45809865,0.45790195,0.4565238,0.45718268,0.4557417,0.45495886,0.45474502,0.45480785,0.45399997,0.45434788,0.45415363,0.45264602,0.45341268,0.45121533,0.45086566,0.4496964,0.4496268,0.44884706,0.44852784,0.44736373,0.44851074,0.4491068,0.4466853,0.4479085,0.4479566,0.44797313,0.44654185,0.4473197,0.44620064,0.44629088,0.44759065,0.44664335,0.44822916,0.44782826,0.4462924,0.44880456,0.4484104,0.44786167,0.44903308,0.4495221,0.44973788,0.45015392,0.45113397,0.45226923,0.4515715,0.4528549,0.45273829,0.453656,0.45393306,0.45404395,0.45410636,0.45210344,0.45351484,0.45225012,0.45239136,0.45181492,0.45286843,0.45373756,0.45435205,0.45521677,0.45357734,0.45443797,0.45509633,0.4560647,0.45491076,0.45667717,0.45624152,0.45674348,0.4572794,0.45649326,0.45794684,0.45735773,0.45845962,0.45931256,0.45796216,0.4580702,0.4570823,0.45774782,0.45743123,0.45926946,0.46175188,0.40715843,0.4530842,0.41261542,0.3939438,0.39646733,0.45690793,0.45617637,0.45704135,0.45655066,0.45675132,0.4577267,0.4562311,0.45722073,0.4572501,0.45773658,0.45675537,0.4564344,0.45655796,0.45585188,0.45605853,,,,,,,,,,,,,,,,,,,,,,,,,,,,,,,,,,,,,,,,,,,,,,,,,,,,,,,,,,,,,,,,,,,,,,,,,,,,,,,,,,,,,,,,,,,,,,,,,,,,,,,,,,,,,,,,,,,,,,,,,,,,,,,,,,,,,,,,,,,,,,,,,,,,,,,,,,,,,,,,,,,,,,,,,,,,,,,,,,,,,,,,,,,,,,,,,,,,,,,,,,,t101
FS/710.png,left,0.1544342000006509,0.41885233,0.41894153,0.41877154,0.41887853,0.41883045,0.41903874,0.4191205,0.41878656,0.41874614,0.4190452,0.41912416,0.41902792,0.4192771,0.4189082,0.41893405,0.41923174,0.42109498,0.42102447,0.42146412,0.42126763,0.4214616,0.42153853,0.42149708,0.42163995,0.42167342,0.42167097,0.4220021,0.42175838,0.42196658,0.42179617,0.42166343,0.42174798,0.4220538,0.42154184,0.42134964,0.421523,0.4211973,0.42162022,0.4212411,0.42113918,0.42128706,0.42102554,0.42073408,0.4209881,0.42081285,0.42065737,0.42099145,0.42097527,0.42095438,0.4211921,0.42056692,0.42092845,0.4208984,0.42101538,0.4205532,0.42076087,0.42067724,0.4206888,0.42043948,0.42065307,0.4203102,0.42008108,0.41991523,0.42037398,0.42012483,0.4197921,0.41971576,0.41976365,0.4196225,0.41969293,0.4197467,0.41974133,0.41967994,0.41952422,0.419144,0.41937476,0.41921398,0.41904095,0.41908073,0.41907132,0.4191197,0.4190311,0.41903827,0.41914946,0.41893888,0.41905013,0.4188581,0.41893154,0.4190685,0.41881493,0.41897637,0.4189484,0.41901964,0.41904795,0.41885784,0.41897476,0.4189689,0.418952,0.41880792,0.41890243,0.41891715,0.41909635,0.41896302,0.4188822,0.41915026,0.41931057,0.4189885,0.41912258,0.41978517,0.41960132,0.41973093,0.42011407,0.42000556,0.42014864,0.42048132,0.42061964,0.4207138,0.42094585,0.4209775,0.4210828,0.4210925,0.42106292,0.42108512,0.42113078,0.4214389,0.42164633,0.4217039,0.4214595,0.4213024,0.4216781,0.4215816,0.4217073,0.42162728,0.4217614,0.42176995,0.42176193,0.4218272,0.4219538,0.421725,0.42166376,0.4214339,0.4292558,0.42924425,0.42883775,0.42888615,0.42894155,0.42843124,0.4277437,0.42730865,0.42739263,0.42693603,0.42681447,0.4266904,0.42587292,0.4259181,0.4257762,0.4251865,0.42508808,0.4249371,0.4250846,0.42472216,0.42479065,0.42469305,0.42468557,0.42485946,0.4246918,0.4251391,0.42454222,0.42487338,0.42484415,0.42473927,0.42426598,0.42408726,0.42474174,0.4249063,0.4248034,0.42477894,0.42446586,0.4249985,0.4251378,0.4247617,0.42489287,0.42497605,0.42499128,0.4250784,0.42515707,0.4252468,0.42584035,0.42616645,0.42565545,0.42565536,0.42566192,0.42653197,0.42601132,0.42630553,0.42664477,0.42669418,0.42710713,0.42781106,0.42752895,0.4274037,0.4277364,0.42848215,0.42843112,0.4283973,0.42829517,0.42850602,0.428608,0.4284941,0.42907387,0.42928728,0.42943773,0.42897204,0.42926356,0.40285745,0.4038148,0.40030378,0.40119353,0.4036333,0.43335828,0.43356776,0.4347399,0.4346148,0.43517634,0.43432772,0.43408775,0.43426087,0.4340816,0.43440282,0.43418732,0.43385208,0.43338054,0.43281692,0.43296883,0.43266693,0.43237135,0.4323789,0.43284246,0.43336472,0.43290272,0.4331147,0.43306553,0.43299335,0.4333486,0.43318796,0.43295878,0.43333372,0.43319038,0.43303627,0.433161,0.43332586,0.4333241,0.43359002,0.43351004,0.43321067,0.43344402,0.43335435,0.43360755,0.433368,0.43330663,0.43334582,0.43372408,0.43318954,0.43333337,0.43341726,0.43355608,0.43340066,0.4330814,0.43329033,0.43288705,0.43292156,0.43257746,0.43273887,0.43247476,0.43254757,0.4324432,0.4325475,0.43248174,0.43208322,0.4321478,0.43176204,0.43211105,0.43225437,0.4318809,0.43200687,0.4317285,0.43175393,0.43176493,0.4319717,0.4316162,0.43170848,0.431488,0.43164492,0.4315606,0.4316401,0.43159792,0.431396,0.43123624,0.43146256,0.43115333,0.43123707,0.43139008,0.43116957,0.43120062,0.43096787,0.4310694,0.4311185,0.43113062,0.43096814,0.43105525,0.43099365,0.43083447,0.43076918,0.42960295,0.42934602,,,,,,,,,,,,,,,,,,,,,,,,,,,,,,,,,,,,,,,,,,,,,,,,,,,,,,,,,,,,,,,,,,,,,,,,,,,,,,,,,,,,,,,,,,,,,,,,,,,,,,,,,,,,,,,,,,,,,,,,,,,,,,,,,,t109
FS/40.png,right,0.1860788000003594,0.7808554,0.7792379,0.78002495,0.77953327,0.7825388,0.7815869,0.78134304,0.78037494,0.78143007,0.7772471,0.7720737,0.77917343,0.7767922,0.7685789,0.7716264,0.76943105,0.76867574,0.77037776,0.76684105,0.7670529,0.7667259,0.7640168,0.7675354,0.76262945,0.7667802,0.76564586,0.7655647,0.76750416,0.7666016,0.7666812,0.7686726,0.7654939,0.7651009,0.7674938,0.7692721,0.76983845,0.7681792,0.7627685,0.76940495,0.7634313,0.7649901,0.76576346,0.7640757,0.7623033,0.7643028,0.7643336,0.76054037,0.7622499,0.7601497,0.75961477,0.7493642,0.7627341,0.76024085,0.7586198,0.7552621,0.7590956,0.7615286,0.75315255,0.75357187,0.7491787,0.74627954,0.743132,0.7442899,0.7408605,0.7425174,0.73636013,0.74079996,0.7344283,0.73328817,0.72970456,0.7313049,0.73197913,0.7318302,0.72680306,0.72651,0.7254787,0.72826606,0.73047256,0.72150415,0.71967393,0.72210664,0.72266513,0.7202178,0.719294,0.71826994,0.7205817,0.7187667,0.7159573,0.71823424,0.7159604,0.7176598,0.7161949,0.7182284,0.7159502,0.71619254,0.7161966,0.7159692,0.7139897,0.7162009,0.7162052,0.7187579,0.71429,0.7183768,0.7181639,0.71618587,0.7172072,0.71963453,0.7161952,0.715951,0.7201905,0.7180037,0.71622115,0.72527796,0.71819866,0.72264445,0.71886194,0.726172,0.7213047,0.7263226,0.72576034,0.7314397,0.73657066,0.73264647,0.7317711,0.735755,0.73644406,0.7375447,0.73557794,0.74073184,0.7362345,0.7402571,0.74657553,0.74354446,0.7490227,0.7440527,0.7489994,0.7463227,0.7458975,0.74454767,0.74316245,0.73913497,0.7464785,0.7413355,0.74018985,0.7359706,0.73764336,0.7381939,0.7311476,0.72804457,0.7266586,0.72989357,0.7250555,0.721207,0.7254616,0.7140407,0.711275,0.71273285,0.7084924,0.7109212,0.71151537,0.70606744,0.70710367,0.70332,0.70710343,0.70362294,0.7098891,0.70940924,0.71062094,0.7071601,0.71094334,0.71766263,0.7173999,0.7191967,0.72614175,0.72234267,0.7199788,0.7246251,0.7260232,0.7267114,0.7293485,0.73226005,0.73496646,0.7400646,0.7405441,0.7462311,0.74454415,0.74148923,0.7450587,0.7495368,0.74866974,0.7503268,0.7493881,0.747182,0.7535426,0.75305545,0.7575587,0.7640904,0.7561531,0.7530699,0.76183975,0.6019017,0.8460645,0.8529073,0.8521347,0.8337816,0.8395038,0.8436584,0.84353197,0.84509426,0.84428364,0.84974325,0.84694654,0.8455809,0.8475032,0.8442281,0.84861326,0.85227126,0.85365,0.84689265,0.85703015,0.8559933,0.8554869,0.8574843,0.85604966,0.8583318,0.85365194,0.85493827,0.8573652,0.8605542,0.8622178,0.8583233,0.85497046,0.85901904,0.8581905,0.85289717,0.86166245,0.8596879,0.8612912,0.8625134,0.8606281,0.8598054,0.8592677,0.86168015,0.85664743,0.8577184,0.8554315,0.85725445,0.85162675,0.85250366,0.8525576,0.85181564,0.837202,0.83551574,0.83250016,0.82664067,0.8279196,0.82618594,0.8204599,0.8220469,0.8148411,0.81587464,0.81239474,0.8154875,0.8175948,0.81890124,0.8147716,0.81519485,0.8142888,0.8115462,0.80689156,0.809431,0.8113202,0.80656457,0.8025076,0.80154467,0.79835737,0.80328476,0.801749,0.7956606,0.79566926,0.7941579,0.7864174,0.7835266,0.7853475,0.78263104,0.7838231,0.77979416,0.7771465,0.78212047,0.7772702,0.77583027,0.7750597,0.77486324,0.77062887,0.7737275,0.7736053,0.7689946,0.7727912,0.7725843,0.7699327,0.7766505,0.77941567,0.7714972,0.7676026,0.7673439,0.7662473,0.7692074,0.76779866,0.76840067,0.77185756,0.7661817,0.7683839,0.7683212,0.76845,0.76809454,0.76907206,0.7719447,0.7707572,0.7760758,0.7706303,0.7738288,0.7797631,0.7750486,0.77946854,0.77610606,0.78777635,0.7791702,0.7791229,0.7760435,0.7738735,0.7853587,0.7854894,0.7809084,0.78848386,,,,,,,,,,,,,,,,,,,,,,,,,,,,,,,,,,,,,,,,,,,,,,,,,,,,,,,,,,,,,,,,,,,,,,,,,,,,,,,,,,,,,,,,,,,,,,,,,,,,,,,,,,,,,,,t29
FS/40.png,right,0.1708286000011867,0.5511033,0.553695,0.5511792,0.55167615,0.55422366,0.5533819,0.55248237,0.5520807,0.5528193,0.5536861,0.55226576,0.5523958,0.5531845,0.5548092,0.552484,0.55474263,0.5541997,0.55468905,0.55529034,0.5545001,0.5553144,0.55742455,0.5563592,0.56027395,0.55815303,0.5591858,0.5576402,0.56016105,0.5608126,0.56006706,0.5625897,0.56475574,0.56195414,0.56173456,0.56233776,0.5640294,0.5622087,0.56438965,0.56459284,0.5649236,0.565357,0.5672145,0.56656057,0.5667696,0.5672758,0.5663079,0.566076,0.5667833,0.5679945,0.5676232,0.5674044,0.5665733,0.56968373,0.56814945,0.5660027,0.5670937,0.56511617,0.5630681,0.5598513,0.5597356,0.55973774,0.5563764,0.55701905,0.5556529,0.55381507,0.5535089,0.55259174,0.5535289,0.55277264,0.5517612,0.5498496,0.55051297,0.55154854,0.5492743,0.5475525,0.5503174,0.549649,0.54768986,0.54976135,0.5507105,0.55144715,0.549487,0.5506031,0.5503031,0.5496138,0.55178815,0.55075747,0.55165774,0.5501032,0.5528361,0.5530526,0.5528188,0.55449045,0.5549618,0.5574841,0.5608981,0.56258386,0.5607962,0.5651145,0.56225204,0.5674484,0.56651497,0.56561273,0.56820846,0.56982607,0.5726038,0.5682912,0.57032245,0.56885695,0.56820846,0.5658306,0.5648502,0.5640613,0.56469554,0.5609526,0.5609753,0.5573561,0.5569826,0.5544682,0.5524116,0.55087423,0.5499623,0.54985374,0.54648405,0.5455555,0.5447331,0.5450524,0.54204446,0.5427692,0.5430909,0.5434516,0.5419275,0.54152966,0.5419537,0.53998995,0.5407521,0.54151446,0.54095864,0.5434147,0.5407192,0.54252565,0.54326457,0.54168266,0.5434253,0.5441438,0.5435532,0.54507726,0.5439338,0.54366904,0.5432947,0.5458181,0.54485214,0.5436044,0.54744774,0.5463319,0.5449118,0.54708487,0.5455154,0.5488893,0.5497274,0.54998255,0.5513333,0.54743254,0.54660845,0.54982704,0.5500765,0.54706097,0.5497914,0.54817903,0.54731816,0.5488738,0.5534823,0.5529091,0.5528521,0.55049783,0.55071515,0.555447,0.55183566,0.5542414,0.5545695,0.5573834,0.5552633,0.55749744,0.55533457,0.55862033,0.55577695,0.56091803,0.55705774,0.557264,0.5603574,0.5617173,0.56023896,0.5611206,0.563429,0.5641165,0.5661646,0.56186116,0.5618538,0.43182322,0.4103373,0.40911892,0.5162546,0.4950564,0.5715631,0.5657142,0.5660143,0.56833225,0.5674618,0.5697502,0.56831396,0.5696746,0.5708451,0.5681657,0.56912935,0.5696657,0.5682307,0.57025564,0.56922084,0.5695133,0.5690708,0.56981146,0.56968284,0.56953937,0.57100505,0.5699396,0.57091266,0.57030183,0.57120275,0.57295805,0.57256985,0.5719957,0.572217,0.57380486,0.57384497,0.57635903,0.5750353,0.5770612,0.5780753,0.57618016,0.5765276,0.578903,0.5812625,0.58066684,0.580658,0.57826424,0.58057827,0.5808686,0.5830362,0.58403105,0.5822978,0.5826738,0.58514977,0.58229434,0.5817931,0.5839839,0.5825353,0.58331656,0.58221555,0.5844289,0.581656,0.58333683,0.5831639,0.583337,0.5785863,0.5845228,0.5854482,0.58412975,0.584163,0.5845765,0.5835678,0.58515173,0.5841041,0.58203655,0.5844154,0.5871953,0.58148456,0.5861886,0.5855277,0.5853528,0.582611,0.58434284,0.5836987,0.5833484,0.58292174,0.5824399,0.58622956,0.5815956,0.5377094,0.53848565,0.53855455,0.53850585,0.5370691,0.53745013,0.5388646,0.5376627,0.53648615,0.53456306,0.53610885,0.53392655,0.5345007,0.53423053,0.5336665,0.5342567,0.5341921,0.533592,0.53300536,0.53272235,0.5325482,0.53268224,0.533059,0.53189707,0.5325088,0.5324511,0.5325813,0.5327763,0.53268826,0.5316993,0.5318111,0.5320513,0.53110456,0.53108096,0.53316313,0.5301412,0.52897805,0.5326107,0.53135926,0.5328522,0.530112,0.53160834,0.53231275,0.530911,0.5301828,0.5337059,0.5310729,0.5309012,0.53060365,0.53270245,,,,,,,,,,,,,,,,,,,,,,,,,,,,,,,,,,,,,,,,,,,,,,,,,,,,,,,,,,,,,,,,,,,,,,,,,,,,,,,,,,,,,,,,,,,,,,,,,,,,,,,,,,,,t51
FS/40.png,right,0.1930779000003895,0.42413336,0.4244597,0.4243511,0.4242326,0.423979,0.42432338,0.42439526,0.4244124,0.42435887,0.42428005,0.42428353,0.42405945,0.42446744,0.42448634,0.42460144,0.4245517,0.42468616,0.42453682,0.4246506,0.42485777,0.42456204,0.4248306,0.4250587,0.4251572,0.42505622,0.4250929,0.42510203,0.42495018,0.42513466,0.4250082,0.425114,0.4250874,0.42494243,0.4251857,0.42541566,0.4250915,0.42538399,0.42531765,0.42503718,0.4253008,0.4253224,0.42509305,0.42515182,0.42498368,0.42511535,0.42489034,0.42480284,0.42478925,0.42472848,0.4247697,0.42456254,0.4245047,0.42466593,0.42495364,0.42485884,0.4245697,0.4244722,0.42462453,0.4242179,0.42399246,0.4238698,0.42375788,0.4237233,0.42322904,0.42312214,0.423213,0.42319226,0.42336506,0.42275602,0.42266533,0.4226393,0.4224474,0.42259634,0.42263108,0.42206034,0.4216933,0.421711,0.42160004,0.42129877,0.42116353,0.42128876,0.4211294,0.4212717,0.4211527,0.42097318,0.42084914,0.4209941,0.42118037,0.42128184,0.42096552,0.4208844,0.4212527,0.42096028,0.42068106,0.42058885,0.42076573,0.42026362,0.42034426,0.42013583,0.42013583,0.42013484,0.4201169,0.42003226,0.4155888,0.41556725,0.41561776,0.41551328,0.41547632,0.41532326,0.415244,0.41542858,0.415413,0.4154057,0.41518942,0.41538322,0.41532487,0.415446,0.4154371,0.41517642,0.41559592,0.41539848,0.41530064,0.41542557,0.415494,0.41563118,0.41508427,0.4153586,0.41556007,0.415449,0.415324,0.41522717,0.41532248,0.41511995,0.41526818,0.41534996,0.41533923,0.41490608,0.4151785,0.4148027,0.41501987,0.41480896,0.41460475,0.41472962,0.41463047,0.41446418,0.4141566,0.41396764,0.41413927,0.41389087,0.4138157,0.4136195,0.41353494,0.4136292,0.41337427,0.4133191,0.41318592,0.41314563,0.41309032,0.41311088,0.4130023,0.4131355,0.4130272,0.41323403,0.41275752,0.412678,0.41290888,0.41316193,0.41320112,0.41290382,0.4131987,0.41297892,0.41328263,0.41255602,0.41312858,0.41311538,0.41291952,0.4133561,0.41282865,0.4127683,0.41288248,0.41285127,0.41257513,0.41283262,0.4127859,0.41304615,0.41318116,0.41333,0.41326195,0.41314015,0.41330248,0.4136346,0.413755,0.41395316,0.41389075,0.41381907,0.4139384,0.4138183,0.41356027,0.4135587,0.41324884,0.41339648,0.41345125,0.41333002,0.413335,0.41343367,0.4134086,0.41342404,0.41335773,0.4145875,0.41481602,0.40915936,0.4056932,0.40881458,0.40323853,0.4081852,0.40384966,0.40872252,0.40836316,0.40498948,0.4171727,0.4206396,0.42202842,0.42207506,0.4222134,0.42219546,0.42186803,0.42185658,0.4201163,0.42025405,0.42061663,0.42062533,0.42074355,0.41934827,0.41892245,0.4193764,0.41923764,0.41721132,0.41799882,0.4179517,0.4180259,0.4180013,0.41786987,0.41887107,0.41864592,0.41841725,0.4181988,0.41779473,0.41767973,,,,,,,,,,,,,,,,,,,,,,,,,,,,,,,,,,,,,,,,,,,,,,,,,,,,,,,,,,,,,,,,,,,,,,,,,,,,,,,,,,,,,,,,,,,,,,,,,,,,,,,,,,,,,,,,,,,,,,,,,,,,,,,,,,,,,,,,,,,,,,,,,,,,,,,,,,,,,,,,,,,,,,,,,,,,,,,,,,,,,,,,,,,,,,,,,,,,,t107
FS/200.png,left,0.0732920000009471,0.5186136,0.5193775,0.5196211,0.52026004,0.51901937,0.51976955,0.5203208,0.52110606,0.5203891,0.5208078,0.5206498,0.5214586,0.52039677,0.5207018,0.5216068,0.52162236,0.52186275,0.52194625,0.5230917,0.52206576,0.52347225,0.5234169,0.5223443,0.5239366,0.5237504,0.5238057,0.52464527,0.52321243,0.52355444,0.52423936,0.52525103,0.5238275,0.52600646,0.5278289,0.5260058,0.527469,0.5290255,0.5290559,0.5307055,0.53446156,0.53579533,0.53437984,0.5366453,0.5370222,0.5375779,0.5358751,0.5347027,0.53704494,0.53703487,0.5375616,0.5392148,0.5379175,0.53918064,0.537589,0.5372562,0.5386696,0.5379482,0.53904283,0.53908163,0.5379208,0.5378309,0.53786564,0.53670985,0.53707755,0.53580517,0.5362258,0.5377209,0.53683704,0.5359468,0.53596556,0.53291667,0.53278357,0.53376544,0.53601146,0.53274745,0.5337955,0.5326915,0.53306496,0.533435,0.53393364,0.5313736,0.531197,0.53222775,0.53082407,0.53206915,0.5320507,0.53391063,0.53046465,0.53344965,0.5314822,0.53169346,0.5322651,0.5329207,0.5330459,0.5325729,0.5317315,0.5323833,0.5316797,0.5326418,0.5321168,0.53309894,0.53330153,0.5344712,0.5330252,0.53426987,0.53354305,0.5334517,0.5342893,0.53543746,0.5347035,0.53515035,0.53747255,0.5344308,0.5388631,0.5391818,0.5378154,0.5385414,0.5396975,0.54047805,0.5389934,0.5404808,0.5396547,0.53954816,0.5393625,0.54032725,0.5418076,0.5428225,0.54307365,0.5433517,0.54273283,0.5438723,0.5432449,0.5437918,0.54507285,0.5443527,0.5443125,0.5442512,0.54309267,0.5436287,0.5431959,0.5442265,0.5429583,0.54218805,0.53969556,0.53969264,0.5393517,0.53835505,0.5351381,0.53582036,0.5346932,0.5338788,0.5315011,0.5286526,0.5282323,0.5265652,0.5270887,0.5269898,0.52539474,0.52549976,0.52523124,0.52434134,0.5257445,0.52269804,0.5187419,0.520269,0.5184685,0.5188784,0.5180213,0.51826656,0.51847476,0.5183217,0.51949614,0.5181134,0.51789874,0.51821953,0.5176736,0.5193029,0.51820517,0.51836205,0.51852924,0.5193578,0.51787335,0.519549,0.519649,0.5207393,0.5196182,0.5200119,0.5220279,0.5217231,0.521387,0.52179986,0.522556,0.52127147,0.52227837,0.5222132,0.52178144,0.5233589,0.5249112,0.52496797,0.5250748,0.5247883,0.525405,0.52467674,0.52589816,0.5278278,0.52773374,0.527525,0.5292032,0.5286793,0.5287975,0.5306437,0.52989197,0.5319661,0.52973914,0.5319748,0.5312018,0.53229755,0.53369915,0.53381735,0.5338561,0.53476554,0.5356592,0.5354424,0.53500324,0.53701806,0.5374285,0.53821665,0.5378338,0.5376812,0.5363701,0.5378496,0.53978956,0.54375553,0.44651443,0.4299178,0.5521907,0.5515944,0.5484467,0.54850304,0.55004495,0.5501316,0.5485656,0.54944134,0.549151,0.5492724,0.5491725,0.54747117,0.54804784,0.5466247,0.5479453,0.54696107,0.5474328,0.5479047,0.54898614,0.5469696,0.546101,0.54859173,0.54935545,0.5481816,0.54826134,0.54742765,0.5472141,0.549739,0.5507808,0.5500154,0.5512798,0.54902035,0.55165833,0.55008185,0.5525527,0.55133015,0.5517781,0.5512661,0.55231154,0.5519378,0.55103827,0.55076176,0.5519225,0.550673,0.5502715,0.5504509,0.5504655,0.5508386,0.54941654,0.5504214,0.54903984,0.5478933,0.5499667,0.5487925,0.547566,0.54773504,0.54746085,0.54623985,0.54621047,0.54613554,0.5464689,0.54588217,0.5447891,0.54449517,0.54448074,0.545945,0.5458547,0.54548264,0.54501754,0.5444065,0.5447521,0.5434807,0.5437276,0.54486394,0.5450025,0.54169726,0.5425119,0.5421469,0.5423759,0.5409265,0.54123634,0.5419511,0.5429421,0.54195124,0.5400159,0.5415543,0.5403953,0.5406988,0.54061234,0.53974295,0.5406179,0.5396,0.53930557,0.5402196,0.53804857,0.53888243,0.5401073,0.54013795,0.54090893,0.53801095,0.53982174,0.5385848,0.5390503,0.53806865,0.53881234,0.5377289,0.53875875,0.5384455,0.5365776,0.5377541,0.5366519,0.53604054,0.53782874,0.5364224,0.53637266,0.537013,0.5358329,0.53780663,0.53692394,0.53624225,0.53647566,0.53671753,0.5366023,0.53671736,0.53647214,0.53667223,0.5370465,0.53747827,0.5370529,0.53692234,0.53753597,0.536517,0.53767174,0.5377371,0.5381822,0.53738093,,,,,,,,,,,,,,,,,,,,,,,,,,,,,,,,,,,,,,,,,,,,,,,,,,,,,,,,,,,,,,,,,,,,,,,,,,t53
FS/200.png,right,0.153650700000071,0.4636497,0.46379635,0.46408397,0.46389526,0.4637651,0.46407175,0.46421388,0.4643658,0.4641181,0.4640669,0.46405238,0.4641088,0.4645308,0.464285,0.4639736,0.4641605,0.46481973,0.46402282,0.4639127,0.46432087,0.46458384,0.46782503,0.46738508,0.46166998,0.46175483,0.46180755,0.4615794,0.46079013,0.4598936,0.46077505,0.45921886,0.4757659,0.47625437,0.47588298,0.4770589,,,,,,,,,,,,,,,,,,,,,,,,,,,,,,,,,,,,,,,,,,,,,,,,,,,,,,,,,,,,,,,,,,,,,,,,,,,,,,,,,,,,,,,,,,,,,,,,,,,,,,,,,,,,,,,,,,,,,,,,,,,,,,,,,,,,,,,,,,,,,,,,,,,,,,,,,,,,,,,,,,,,,,,,,,,,,,,,,,,,,,,,,,,,,,,,,,,,,,,,,,,,,,,,,,,,,,,,,,,,,,,,,,,,,,,,,,,,,,,,,,,,,,,,,,,,,,,,,,,,,,,,,,,,,,,,,,,,,,,,,,,,,,,,,,,,,,,,,,,,,,,,,,,,,,,,,,,,,,,,,,,,,,,,,,,,,,,,,,,,,,,,,,,,,,,,,,,,,,,,,,,,,,,,,,,,,,,,,,,,,,,,,,,,,,,,,,,,,,,,,,,,,,,,,,t99
FS/200.png,left,0.2058423000007678,0.4788817,0.4791025,0.47839683,0.4775892,0.47761327,0.47857207,0.47644717,0.4759433,0.47488743,0.47476885,0.47488722,0.47248164,0.4725161,0.47203705,0.47220862,0.4723844,0.47192836,0.47162974,0.47108817,0.47096303,0.4703398,0.47173092,0.46944335,0.47038943,0.4702138,0.47008675,0.4695071,0.46915922,0.47072572,0.47014877,0.46856552,0.4679475,0.46874627,0.46779716,0.46881974,0.46828765,0.46760598,0.46871784,0.46796605,0.4679897,0.4660159,0.46550623,0.46680203,0.46613815,0.46422386,0.4656728,0.4661598,0.46408468,0.46336198,0.46452427,0.46472389,0.4643526,0.46339107,0.46454844,0.4639658,0.46319866,0.46304825,0.46208945,0.46179512,0.46132532,0.46173906,0.46159658,0.46085843,0.46112964,0.4620679,0.4609427,0.4603854,0.45953003,0.4603048,0.46030146,0.45950308,0.45910552,0.4591266,0.45840386,0.45906025,0.45861614,0.4584533,0.45857158,0.4577693,0.4593049,0.45894516,0.45886385,0.45772904,0.45882204,0.45656475,0.4580648,0.45792723,0.4579402,0.45865816,0.4588608,0.4589052,0.45688987,0.45637792,0.45688254,0.4572892,0.45740288,0.45681956,0.45727652,0.45638034,0.45600998,0.45737708,0.45767403,0.4574907,0.45792133,0.45829785,0.45741,0.45734894,0.45698982,0.45806018,0.45699036,0.45772544,0.45772454,0.45607418,0.4579953,0.45696977,0.45770356,0.45744038,0.45757127,0.45656857,0.45744708,0.45526507,0.45596343,0.45426378,0.45376822,0.45357943,0.4524791,0.45210743,0.4509078,0.44862103,0.44900733,0.44885606,0.44774473,0.44774428,0.447881,0.44777185,0.4475913,0.44681764,0.4468829,0.44543245,0.44618422,0.44548082,0.44559807,0.4456596,0.44496208,0.4448885,0.44481847,0.4446734,0.4457911,0.44318578,0.4435354,0.44441575,0.44460097,0.44317314,0.4459196,0.44549513,0.44494423,0.44495195,0.4452045,0.44543785,0.4454934,0.44566944,0.4454967,0.4449623,0.44589832,0.4457774,0.44699037,0.4471734,0.44703534,0.44728312,0.44762528,0.4482796,0.44846556,0.44860488,0.45001894,0.4501734,0.44940186,0.44996968,0.45047745,0.45093697,0.45124528,0.45125812,0.44974738,0.45168394,0.45145094,0.45656928,0.42492786,0.4019851,0.40548992,0.44944656,0.46213582,0.47772452,0.46979162,0.47027636,0.47120264,0.46967462,0.47034577,0.47010884,0.47150669,0.47075745,0.47096917,0.4711491,0.47175026,0.47435996,0.47393778,0.4738176,0.471475,0.47175655,0.47226703,0.4723559,0.47252142,0.47274026,0.47274798,0.47259483,0.47359526,0.47289786,0.473954,0.47368458,0.47285947,0.47264412,0.47223777,0.47297332,0.47095862,0.46977735,0.46952575,0.46931005,0.4686785,0.47005853,0.46998838,0.47039035,0.4693591,0.4693097,0.46849385,0.46780732,0.46887985,0.46843684,0.4647965,0.4647835,0.46528178,0.4642304,0.46323463,0.46398205,0.4636575,0.46370223,0.46309075,0.46423516,0.46346718,0.464465,0.46228507,0.46193755,0.46360406,0.46256876,0.4617781,0.46200487,0.4619071,0.46179286,0.46097335,0.4625462,0.46181875,0.46121904,0.46193728,0.46245667,0.46139365,0.46230814,0.46204144,0.46255025,0.46097657,0.46301132,0.4628725,0.4623334,0.46227375,0.4626834,0.46223354,0.46241778,0.46129468,0.4612441,0.46121544,0.46027282,0.46122962,0.4607953,0.46168068,0.46168506,0.45916364,0.45868167,0.4605276,0.45904025,0.45961776,0.46050677,0.45918998,0.45857358,,,,,,,,,,,,,,,,,,,,,,,,,,,,,,,,,,,,,,,,,,,,,,,,,,,,,,,,,,,,,,,,,,,,,,,,,,,,,,,,,,,,,,,,,,,,,,,,,,,,,,,,,,,,,,,,,,,,,,,,,,,,,,,,,,,,,,,,,,,,,,,,,,,,,,,,,,,,t100
FS/50.png,right,0.1160588000011557,0.54300946,0.54498804,0.54485625,0.5448826,0.54340506,0.54379314,0.5453225,0.54564965,0.5441472,0.5448738,0.54510283,0.54414934,0.5433064,0.545212,0.54474044,0.5448041,0.54545814,0.5452315,0.54496855,0.546572,0.544867,0.54484373,0.5452764,0.5442422,0.5450065,0.5441814,0.54472536,0.54288274,0.5430602,0.54294395,0.5429605,0.5431008,0.54331386,0.5430705,0.54362535,0.54513484,0.54360014,0.54370576,0.5437418,0.5453088,0.54522055,0.54652405,0.5448906,0.54486054,0.54663956,0.5449129,0.54589266,0.5480255,0.5470284,0.5460781,0.54591733,0.5474841,0.5472476,0.54540646,0.547103,0.5470466,0.54853886,0.5485953,0.5482275,0.5472533,0.547953,0.54778653,0.5465436,0.5465126,0.5448853,0.5448632,0.5456802,0.54475135,0.5441939,0.5458411,0.54199374,0.5440656,0.5408589,0.54129297,0.54031134,0.5403381,0.53943706,0.53856003,0.53791964,0.53799736,0.5373153,0.53742105,0.5363324,0.53631914,0.5383194,0.5371937,0.53548014,0.5385123,0.536199,0.53558934,0.53536355,0.5366774,0.53659683,0.5358849,0.5360533,0.53699976,0.5362501,0.53810364,0.5355806,0.5362537,0.5351909,0.5353421,0.5362148,0.5359548,0.53581476,0.53510857,0.5362786,0.53779525,0.5382358,0.53848714,0.539522,0.5400659,0.53970563,0.5398316,0.5391113,0.5388374,0.5400023,0.53991985,0.5404439,0.5399355,0.5407009,0.5405927,0.5406713,0.54106474,0.5421112,0.5416668,0.54073095,0.5411175,0.5427213,0.54223126,0.5413876,0.54449356,0.54287905,0.5426529,0.543373,0.54351074,0.5435793,0.54405653,0.5421098,0.5421711,0.5420888,0.5406785,0.54113126,0.5391063,0.5367957,0.53816295,0.53513235,0.5317323,0.5298315,0.52907616,0.52867866,0.5283301,0.5110207,0.51063323,0.5111198,0.5103521,0.50899094,0.5095487,0.50789875,0.50695497,0.5069705,0.50650203,0.5072149,0.50585335,0.5064153,0.50569284,0.50498927,0.5037299,0.50449735,0.5046286,0.5031755,0.5055712,0.50592566,0.5047812,0.50523543,0.5057498,0.5062285,0.50601655,0.5066242,0.506539,0.5074345,0.5068947,0.5062073,0.50756687,0.5074555,0.5079529,0.5076794,0.50887024,0.50813353,0.5089003,0.5100141,0.50930876,0.5083871,0.50955266,0.51080924,0.51021504,0.509051,0.5104981,0.5088893,0.50981563,0.51083875,0.54475653,0.5467452,0.53607297,0.53384763,0.52968496,0.5308014,0.5318577,0.53293496,0.53567016,0.5340495,0.5335827,0.53380954,0.5329789,0.5343255,0.533672,0.5337585,0.5333337,0.53383696,0.5345084,0.5354177,0.53360057,0.53638315,0.5357551,0.5352747,0.53559464,0.53594923,0.53777415,0.5384408,0.5378527,0.5379661,0.53982437,0.538402,0.53991085,0.53018177,0.5306046,0.5294186,0.5301328,0.5304466,0.5323812,0.5314186,0.5310178,0.53069013,0.53249854,0.5320927,0.5304579,0.53109705,0.5315484,0.53075147,0.5302865,0.5304816,0.5314371,0.5317331,0.5319605,0.5320768,0.53177196,0.5313584,0.5308939,0.5295576,0.5303815,0.5301635,0.5305194,0.53022796,0.5303822,0.52815455,0.5288213,0.5295492,0.5297276,0.52902234,0.52784985,0.5281101,0.52754235,0.52770436,0.52771056,0.5276798,0.5280814,0.52749074,0.5279699,0.5257847,0.52645165,0.5265685,0.52808386,0.5263416,0.52566856,0.5254438,0.5248062,0.52542204,0.5251569,0.52496046,0.52604467,0.5250075,0.5247856,0.5250315,0.5253742,0.5242934,0.5232945,0.52334374,0.52339333,0.52438384,0.52354985,0.52200484,0.522144,0.5220151,0.5229057,0.52260876,0.5223479,0.5228081,0.52268076,0.52200335,0.52218825,0.5221284,0.5221625,0.52224976,0.52241004,0.5221408,0.5219865,0.5214774,0.521241,0.5216067,0.52214557,0.52122104,0.5219193,0.52168936,0.5214378,0.5221296,0.5217192,0.5213786,0.5215685,0.5225094,0.52242357,0.5236017,0.523121,0.5221864,0.5239489,0.52350384,0.52328837,0.5233018,0.5231675,0.52417797,0.5241525,0.52373236,0.52413756,0.5237064,0.5236013,0.52428406,0.5238322,0.52508223,0.52558506,0.5259292,0.524919,0.5268544,0.5266071,0.52579373,0.5259653,0.5266572,0.52683014,0.5269419,0.5274993,0.52693594,0.5416402,0.54089653,,,,,,,,,,,,,,,,,,,,,,,,,,,,,,,,,,,,,,,,,,,,,,,,,,,,,,,,,,,,,,,,,,,,,,,,,,,,,,,,,,,,t56
FS/50.png,left,0.1506717000002027,0.45751455,0.45725444,0.45601448,0.45631775,0.45608962,0.4569508,0.4572588,0.45658296,0.45728332,0.45695427,0.45687887,0.45650786,0.45635155,0.45753247,0.457328,0.45762426,0.45878023,0.4592103,0.45651317,0.45620823,0.45790005,0.45858014,0.45824826,0.4572724,0.45697233,0.45876294,0.45794582,0.45770067,0.45684728,0.4570364,0.45643225,0.45695296,0.4566572,0.4559445,0.45498046,0.4542216,0.45385778,0.4543093,0.45387003,0.453439,0.4536736,0.45283467,0.45232892,0.45242405,0.45181382,0.45081308,0.45136502,0.45174548,0.4526505,0.45191327,0.45054454,0.4505478,0.45077214,0.44845667,0.44778743,0.44857162,0.44719756,0.44812334,0.4471447,0.44749063,0.4478792,0.44767174,0.44783753,0.44763607,0.44831598,0.44713736,0.44614926,0.44645333,0.4460201,0.44648436,0.44537306,0.4449967,0.44499835,0.44520506,0.44558346,0.44621298,0.44555992,0.4464954,0.44635317,0.4464508,0.44680882,0.44633433,0.44697803,0.44680572,0.44726723,0.4474884,0.4470794,0.44718587,0.44770998,0.44757366,0.44792116,0.44686234,0.44772473,0.4477092,0.44766754,0.4474631,0.4468203,0.44609052,0.44692972,0.446579,0.44573542,0.44532457,0.4451953,0.44567093,0.44513062,0.4446659,0.44524264,0.44409755,0.44454506,0.44512504,0.44433272,0.44430777,0.44455773,0.4443617,0.44555703,0.44583055,0.44552445,0.4464853,0.44623494,0.44674787,0.4468307,0.44648466,0.4470465,0.44700655,0.44623378,0.44631487,0.44622973,0.44395542,0.44416612,0.44439277,0.44321638,0.4428934,0.44318393,0.4422015,0.4423812,0.44299474,0.44204557,0.44176936,0.44226265,0.44042623,0.44136244,0.44001248,0.43995175,0.43872753,0.43832216,0.4386167,0.43812987,0.4367926,0.43898314,0.43841523,0.43672925,0.4370763,0.43673465,0.4368378,0.43619445,0.43668607,0.43869147,0.43601173,0.40578458,0.45069024,0.40485018,0.41306615,0.40519658,0.43332613,0.4034208,0.41237888,0.422801,0.43473083,0.44054726,0.43832746,0.444723,0.44339713,0.4447812,0.44187102,0.4422608,0.44436654,0.4441289,0.44314498,0.44438457,0.44494984,0.4445147,0.44516242,0.44541702,0.44489378,0.4447384,0.44334078,0.44397143,0.4452408,0.44434804,0.44363397,0.44473207,0.4450705,0.44497335,0.44526175,0.44390985,0.44403827,0.4447507,0.44395489,0.44391146,0.4435383,0.4439666,0.44399095,0.44334373,0.44312635,0.44284683,0.443353,0.44379136,0.4434686,0.4439556,0.44336736,0.44356757,0.4431212,0.4419516,0.44222322,0.44224554,0.44151813,0.44268268,0.4413946,0.44168597,0.44237947,0.44250074,0.4419056,0.44226745,0.44323465,0.44271168,0.44192046,0.44203427,0.44221416,0.4425029,0.44187078,0.44136855,0.4407481,0.44168305,0.44073755,0.44199657,0.44092178,0.44151637,0.44165584,0.44098797,0.43989137,0.4407517,0.43962145,0.43958342,0.43925646,0.4393059,0.43975306,0.43954664,0.43924987,0.43935648,0.43942177,0.43933123,0.43976784,0.43907616,0.44045413,0.43929562,0.44029325,0.4385918,0.43857202,0.4380185,0.43914828,0.43886358,0.4396435,0.43983942,0.44028145,0.44017828,0.4396706,0.43928903,0.43871704,0.43983224,0.44007683,0.44029874,0.4400447,0.44042647,0.44041446,0.43953568,0.4393795,0.43971133,0.4398507,0.4398309,0.44085795,0.44047168,0.44014284,0.44015512,0.4399649,0.44074094,0.44098198,0.44118354,0.44086394,0.44132844,0.44192466,0.44124693,0.4408206,0.44221008,0.44149452,0.44180644,0.44189757,0.441436,0.44139668,0.4416277,0.4420612,0.44169518,0.44148812,0.44158497,0.44172344,0.44169703,0.4419965,0.44120482,0.44238183,0.44248167,0.44248554,0.44227993,0.4429518,0.4427341,0.44249114,0.4433984,0.44358793,0.44387802,0.4438512,0.44429892,0.44453228,0.44489893,0.44481042,0.4447414,0.44532725,0.44497338,0.44423172,0.4447315,0.44432056,0.4441066,0.44403833,0.44371337,0.44482464,0.44342843,0.44418812,0.445137,0.44389397,0.4438592,0.44442126,0.4445161,0.44490698,0.44413,0.44412923,0.4435585,0.4448558,0.44431987,0.44369817,0.4434685,0.44307703,0.44441247,0.44430172,0.44415358,0.44463363,0.44454026,0.44433573,0.44455555,0.4454705,0.44560948,0.4448192,0.4449233,0.44509473,0.44492066,0.44349796,,,,,,,,,,,,,,,,,,,,,,,,,,,,,,,,,,,,,,,,,,,,,,,,,,,,,,,,,,,,,,,,,,,,,,,,,,,,,,,,,,,t73
FS/50.png,right,0.1285924000003433,0.41779473,0.41767973,0.41768375,0.41777524,0.41778353,0.4169694,0.41675842,0.416939,0.41719148,0.4168648,0.4170864,0.41682968,0.41685686,0.4167585,0.4169601,0.41683137,0.4171966,0.416751,0.41725084,0.41703933,0.41708755,0.4169325,0.41826704,0.41888925,0.41891694,0.41983658,0.419688,0.41975313,0.4204331,0.41964367,0.41984534,0.41994065,0.42040458,0.41990647,0.41964272,0.41926473,0.41982344,0.41946074,0.4199743,0.41950932,0.41903254,0.41945592,0.41953963,0.41968736,0.41968784,0.4200731,0.41937533,0.4193212,0.41921955,0.41942364,0.41954118,0.4194002,0.4196203,0.4194507,0.42010728,0.41989142,0.4200654,0.41988304,0.42021608,0.42022273,0.419948,0.41955778,0.4199308,0.4197122,0.42006138,0.4200148,0.42010385,0.41995507,0.4198941,0.4197293,0.41970783,0.41986114,0.4196824,0.4195995,0.4197528,0.41957468,0.4195443,0.41974282,0.4196148,0.41973174,0.41936228,0.41944903,0.4194944,0.41959047,0.41987938,0.4195423,0.4197406,0.41949654,0.42001027,0.41953212,0.41996765,0.4202781,0.42018557,0.42063987,0.42035314,0.42033303,0.420645,0.42059037,0.4209795,0.4208093,0.4211339,0.42109492,0.42113167,0.42128286,0.42114133,0.42134285,0.4212611,0.4212342,0.42162567,0.42146024,0.42150372,0.42139506,0.4214473,0.42126,0.4211766,0.4212539,0.4211697,0.4213762,0.4208239,0.42085442,0.42034468,0.4200743,0.4200152,0.41983378,0.41953498,0.41923475,0.41879433,0.4191603,0.41908246,0.41854945,0.41819027,0.41834533,0.418414,0.417925,0.418381,0.4184827,0.41778165,0.4184989,0.41848296,0.41790736,0.41779527,0.41797104,0.41805965,0.41754773,0.4181118,0.41812268,0.4175209,0.4181319,0.41777086,0.41800112,0.41808742,0.41823456,0.4186838,0.41860512,0.41747224,0.417513,0.41780323,0.41798916,0.41821167,0.4184983,0.41810012,0.41849145,0.41875237,0.41857144,0.41842914,0.41881034,0.41858646,0.4185627,0.41886246,0.4185356,0.41857573,0.41885024,0.41876057,0.4183473,0.4183676,0.41815144,0.4184074,0.41876405,0.41859663,0.40482065,0.41590485,0.40648815,0.4048553,0.4020199,0.40448904,0.40204796,0.41177976,0.4183618,0.41789976,0.41886103,0.41886055,0.4185211,0.418523,0.418278,0.41903847,0.41935986,0.4192346,0.41911283,0.41898176,0.41895068,0.41902515,0.41934487,0.4192241,0.4195335,0.41941392,0.4193731,0.41917405,0.41930687,0.41912434,0.41911483,0.41930687,0.41974047,0.41929048,0.4191461,0.41887563,0.4192077,0.4193125,0.4191438,0.41892135,0.41906667,0.4193967,0.41920087,0.41930133,0.41927862,0.41963705,0.41940823,0.4196272,0.41951472,0.41998497,0.4199412,0.41970575,0.41971457,0.41960657,0.4194198,0.41982415,0.41936788,0.4189553,0.4190585,0.41894895,0.41905695,0.4188821,0.4188404,0.41906816,0.4188795,0.41890848,0.4189064,0.41890267,0.41902602,,,,,,,,,,,,,,,,,,,,,,,,,,,,,,,,,,,,,,,,,,,,,,,,,,,,,,,,,,,,,,,,,,,,,,,,,,,,,,,,,,,,,,,,,,,,,,,,,,,,,,,,,,,,,,,,,,,,,,,,,,,,,,,,,,,,,,,,,,,,,,,,,,,,,,,,,,,,,,,,,,,,,,,,,,,,,,,,,,,,,,,,,,,,,,,,,,,,,t108
FS/140.png,right,0.19935230000101,0.4844683,0.4856497,0.48655376,0.48600164,0.48691723,0.4861664,0.48528424,0.48563853,0.48475167,0.48793802,0.48688897,0.48613212,0.48566723,0.48608392,0.48585752,0.48716608,0.48496282,0.48547238,0.4850056,0.48419827,0.48437935,0.4862773,0.48699135,0.48534405,0.4861292,0.48723516,0.48629573,0.48597172,0.4863593,0.48550493,0.48546606,0.48710233,0.48483306,0.4876303,0.48560238,0.484517,0.4815809,0.4818149,0.4833911,0.481155,0.48530734,0.48506647,0.48493117,0.48517105,0.48613662,0.48618987,0.48452908,0.48470387,0.48273125,0.48284817,0.48627082,0.48496932,0.4848628,0.48504403,0.4852983,0.4850752,0.48428273,0.48534888,0.48430923,0.4855297,0.48468652,0.48208126,0.48034725,0.48265344,0.48142532,0.4807793,0.4816207,0.4839655,0.48262283,0.4818892,0.4826313,0.48350397,0.4844673,0.4840738,0.48237023,0.48144668,0.47957614,0.48069367,0.4809285,0.4802309,0.4785903,0.47906393,0.47828445,0.4795934,0.4785588,0.48072037,0.47825393,0.47867477,0.4774941,0.4788676,0.4774352,0.47787783,0.47855046,0.47791108,0.47867346,0.47752056,0.4786068,0.477927,0.47796813,0.47835407,0.4786333,0.47834757,0.478093,0.47714236,0.4784075,0.47834754,0.47822085,0.4799538,0.47820157,0.47787035,0.47767273,0.47760713,0.4792225,0.47809035,0.47791034,0.4781475,0.47735783,0.47782215,0.4784225,0.478076,0.4787926,0.47913572,0.47807488,0.4787743,0.4776235,0.47966057,0.47806418,0.47893003,0.4789629,0.4792774,0.47854254,0.4782704,0.47939232,0.4798921,0.4802779,0.47911093,0.4787426,0.47870693,0.47932273,0.47937438,0.4791588,0.47710377,0.47511497,0.47413868,0.47424862,0.475077,0.4756226,0.4751378,0.47142464,0.4710829,0.47234043,0.4719778,0.4693874,0.46890742,0.46995392,0.46779492,0.46817836,0.4647588,0.4665025,0.46662205,0.46697983,0.46507427,0.46664003,0.46642974,0.46667698,0.46722415,0.46884924,0.46638724,0.4670219,0.4692194,0.4710874,0.47023076,0.46870235,0.4707376,0.47344437,0.47208464,0.47452104,0.47514942,0.4755104,0.47475973,0.4750396,0.4770091,0.47646007,0.4782607,0.47738054,0.47771263,0.47908622,0.47961006,0.4797715,0.48143834,0.4807038,0.48282906,0.48421672,0.4842773,0.4839432,0.48482668,0.48305023,0.4877037,0.48313966,0.48582447,0.42156845,0.45154566,0.5082805,0.49914217,0.5031441,0.50266445,0.5040925,0.50423336,0.50587505,0.50590134,0.5036758,0.5042403,0.503876,0.50396544,0.50304145,0.5053372,0.506669,0.50560063,0.50582886,0.50601465,0.5032898,0.5038804,0.5034985,0.5037496,0.50404966,0.50409085,0.504137,0.5052325,0.5080505,0.5092757,0.50659776,0.5064172,0.50745624,0.50911456,0.5078977,0.5066566,0.508593,0.50940275,0.50981146,0.5103322,0.50850105,0.5090387,0.50856495,0.5085353,0.5095238,0.5090409,0.50810623,0.50739175,0.507515,0.50859225,0.5086895,0.508309,0.50807214,0.50681496,0.50558484,0.5045068,0.505786,0.5034254,0.5029468,0.5042881,0.5031583,0.5016743,0.50123453,0.5011433,0.49917415,0.5003623,0.5000818,0.5006601,0.49968076,0.500304,0.49793524,0.49869722,0.49677485,0.49629265,0.49622822,0.49610484,0.4964606,0.49586514,0.49711254,0.49568567,0.4933527,0.49127477,0.491839,0.4902328,0.49095762,0.48975992,0.48976478,0.4891788,0.4882978,0.4881255,0.48936605,0.49109742,0.48991087,0.48936775,0.48979077,0.48836637,0.4890918,0.48608834,0.48860657,0.4886226,0.4863997,0.48733836,0.48586988,0.4852412,0.48473972,0.48453712,0.48371086,0.48534584,0.4853065,0.48401675,0.4828436,0.48467353,0.4832618,0.48426625,0.4823077,0.48382035,0.48312253,0.4828946,0.48151854,0.48095027,0.4779918,0.4814444,0.47913304,0.47918984,0.4798132,0.47942752,0.47735915,0.47819588,0.47763592,0.47618577,0.47826156,0.47816694,0.4796253,0.48005116,0.47812015,0.4786789,0.47882104,0.47753415,0.47943133,0.47708943,0.4770336,0.4773951,0.47677076,0.4766255,0.47700885,0.47644362,0.47645324,,,,,,,,,,,,,,,,,,,,,,,,,,,,,,,,,,,,,,,,,,,,,,,,,,,,,,,,,,,,,,,,,,,,,,,,,,,,,,,,,,,,,,,,,,,,,,,,,,t64
FS/140.png,right,0.1375535000006493,0.454462,0.45444307,0.45510334,0.45519662,0.45445308,0.45514315,0.45463252,0.45535094,0.45480874,0.454945,0.45548442,0.45574847,0.45657077,0.45463276,0.45506367,0.45470232,0.45598483,0.45580316,0.45584124,0.45667773,0.4562738,0.45722145,0.45617646,0.4560456,0.45627117,0.45678976,0.45649433,0.4568253,0.45730475,0.45719162,0.45762637,0.4569354,0.45761523,0.45840728,0.45816815,0.45832238,0.45840415,0.45907497,0.45871013,0.45844924,0.45834526,0.45833254,0.45861703,0.45843565,0.45925555,0.4598435,0.4594963,0.45959827,0.45937684,0.4592574,0.45936936,0.45954603,0.4600078,0.45929766,0.45909098,0.45908743,0.45955735,0.45878875,0.45873427,0.45840904,0.4588833,0.45840394,0.4578447,0.4585355,0.457676,0.45802364,0.4574413,0.4552494,0.45689392,0.45411533,0.45565787,0.45563224,0.4552492,0.45521474,0.4551494,0.454902,0.45447844,0.4550445,0.45503548,0.4543357,0.4547828,0.45390394,0.45505208,0.45433462,0.45472363,0.45506194,0.45589674,0.45536605,0.45485803,0.4550929,0.45620757,0.45638725,0.45537683,0.4553682,0.45617324,0.455481,0.4564213,0.45716,0.45793548,0.45860404,0.45833495,0.45795196,0.45813882,0.45824707,0.45894772,0.45864815,0.4583803,0.45991245,0.4592756,0.45955917,0.4593958,0.45963597,0.45899555,0.45913693,0.4598618,0.45920998,0.45942268,0.459237,0.4592649,0.45926473,0.45940235,0.4605497,0.4598651,0.4612663,0.46241328,0.46300814,0.46291,0.46327946,0.46459207,0.464852,0.4638512,0.46486822,0.46572253,0.46566767,0.46563962,0.4658159,0.46530384,0.46519536,0.4650115,0.4642717,0.46018717,0.45983148,0.45904672,0.45882216,0.4599388,0.45833537,0.45742625,0.4573335,0.45672688,0.45404154,0.45438674,0.45310763,0.4527399,0.45242664,0.45219606,0.45113555,0.4495706,0.4499118,0.4491444,0.44987866,0.44936168,0.44832456,0.44724336,0.4470158,0.44704357,0.4477703,0.4472716,0.4483635,0.44826406,0.44804403,0.44799876,0.44752175,0.44777632,0.44833893,0.4483692,0.44856882,0.449104,0.44855633,0.4490732,0.449443,0.45039535,0.45021126,0.45056066,0.45014963,0.45086318,0.4506361,0.44997102,0.44963345,0.4502273,0.44988653,0.45037308,0.4516648,0.45119074,0.45154056,0.45056787,0.4511585,0.4473491,0.40674067,0.41273576,0.46701333,0.41110015,0.45817852,0.45839489,0.45944858,0.46335155,0.46183282,0.46337628,0.46313864,0.4644064,0.4631834,0.46377343,0.46292076,0.46248236,0.46420848,0.46178752,0.46356124,0.46287012,0.4626858,0.46307838,0.46230707,0.46367478,0.4638664,0.45776445,0.45823672,0.45776892,0.45746073,0.45797434,0.45711198,0.45723727,0.4583171,0.45757788,0.45654315,0.45675138,0.45629546,0.45578656,0.4551172,0.45612007,0.45544615,0.4554075,0.45547205,0.45479387,0.45478484,0.4548863,0.4548997,0.4547813,0.45579663,0.4568531,0.45545712,0.45696157,0.45752606,0.4568801,0.45666513,0.45690617,0.4577713,0.45751455,,,,,,,,,,,,,,,,,,,,,,,,,,,,,,,,,,,,,,,,,,,,,,,,,,,,,,,,,,,,,,,,,,,,,,,,,,,,,,,,,,,,,,,,,,,,,,,,,,,,,,,,,,,,,,,,,,,,,,,,,,,,,,,,,,,,,,,,,,,,,,,,,,,,,,,,,,,,,,,,,,,,,,,,,,,,,,,,,,,,,,,,,,,,,,t72
FS/310.png,right,0.1250500000005558,0.44492066,0.44349796,0.44397262,0.4446292,0.44397795,0.44451803,0.44382662,0.4433935,0.444446,0.44396323,0.44477612,0.44481948,0.44489542,0.44491526,0.44502333,0.44491547,0.44557896,0.4450654,0.44569412,0.44593105,0.44600034,0.44605312,0.4460252,0.44625077,0.4455892,0.44527468,0.44568565,0.44578397,0.44551054,0.44547132,0.44543424,0.44478863,0.44504628,0.44465372,0.44549373,0.44524723,0.44407305,0.4443833,0.44337952,0.4435192,0.4434161,0.44433323,0.443761,0.44391024,0.44353434,0.44250804,0.44369727,0.44388393,0.4438298,0.44432306,0.44452256,0.4445076,0.4445788,0.44548124,0.4459346,0.4451969,0.44598922,0.4471458,0.44622943,0.44521767,0.44476163,0.4447096,0.44519046,0.44452658,0.44519135,0.44492003,0.4449004,0.44465372,0.44486022,0.44423583,0.4439793,0.44430405,0.4439738,0.44496906,0.44425678,0.4450261,0.44514486,0.44459724,0.443938,0.44508085,0.4436499,0.4435897,0.44342574,0.44384867,0.44400576,0.44376093,0.4444028,0.44403264,0.44361246,0.44356075,0.44377863,0.44436148,0.44374403,0.44464058,0.44417265,0.4436774,0.44409004,0.44436055,0.445113,0.44586906,0.44569787,0.44502288,0.44473028,0.4457327,0.44633898,0.44599715,0.4462234,0.44651017,0.4461645,0.44655693,0.44654363,0.44658956,0.4463167,0.4463813,0.44569322,0.44629595,0.4460118,0.446609,0.44587883,0.44585392,0.4455256,0.4456523,0.44557682,0.44501272,0.4450023,0.44579703,0.44477737,0.4450378,0.4460641,0.44480821,0.4445643,0.44480303,0.44592747,0.44534832,0.44524306,0.44462088,0.44593346,0.44491735,0.44484663,0.44468236,0.44410482,0.4438921,0.44391838,0.44189093,0.44151875,0.44118467,0.43992883,0.43956038,0.4390742,0.43864816,0.43854782,0.43791392,0.43727347,0.43796584,0.4377095,0.43704212,0.43732652,0.43627596,0.43642583,0.43634018,0.43619952,0.43616188,0.43640128,0.43626526,0.43596223,0.4365239,0.43656796,0.43653435,0.43609267,0.43658137,0.4358598,0.43655977,0.4360136,0.43647963,0.43615067,0.4371098,0.43667725,0.43771532,0.43720615,0.4377361,0.43709394,0.43800297,0.43770087,0.43819147,0.43777838,0.43828872,0.4380155,0.4377047,0.43804434,0.4384017,0.43802848,0.43947554,0.43826854,0.4382126,0.44031352,0.439893,0.43980244,0.44003788,0.43975672,0.44000942,0.43973553,0.44016394,0.4400084,0.43988994,0.44051182,0.44239014,0.44198638,0.4372285,0.41430944,0.44094986,0.43244454,0.45693538,0.45303014,0.45169398,0.4519202,0.45246908,0.45227766,0.4531882,0.45223987,0.45293957,0.45317778,0.453321,0.45431605,0.45394355,0.4527341,0.45244107,0.4539714,0.4527266,0.45322126,0.45215145,0.4523067,0.4533038,0.45308763,0.45403773,0.45370698,0.45432508,0.45410067,0.4542535,0.4540813,0.45428482,0.45134977,0.45232132,0.45126143,0.45185047,0.45197386,0.45274886,0.45305908,0.4526259,0.4534131,0.45339334,0.4536839,0.45320445,0.45299768,0.4526961,0.45308197,0.45187312,0.4514247,0.4522119,0.452086,0.4519753,0.45146614,0.45122468,0.45097888,0.4519651,0.45158374,0.45137793,0.45135695,0.45196915,0.4519805,0.45180443,0.45189235,0.45204985,0.45235443,0.45134392,0.45196488,0.45020446,0.45153564,0.45141858,0.4506595,0.45114192,0.4510547,0.4509409,0.45139277,0.4510302,0.45110625,0.45127022,0.4509968,0.45127913,0.45055375,0.45069817,0.45055228,0.45018715,0.45052183,0.45020285,0.4507958,0.45077023,0.4512163,0.45109457,0.45067668,0.45073146,0.45070705,0.45061553,0.45013902,0.44885898,0.44912362,0.44989228,0.4491373,0.45003164,0.44936344,0.44985858,0.4491642,0.45017964,0.45043135,0.45076433,0.45080394,0.45073432,0.45092586,0.45057654,0.45057413,0.4503422,0.45094225,0.4509702,0.450529,0.45013863,0.4493718,0.45045856,0.45109537,0.4505033,0.44982904,0.45076787,0.45011744,0.45114142,0.45103127,0.44949833,0.44939613,0.44938633,0.449255,0.44868,0.44926795,0.44936904,0.4489563,0.44859803,0.4481753,,,,,,,,,,,,,,,,,,,,,,,,,,,,,,,,,,,,,,,,,,,,,,,,,,,,,,,,,,,,,,,,,,,,,,,,,,,,,,,,,,,,,,,,,,,,,,,,,,,,,,t74
FS/310.png,left,0.146687400000701,0.4872203,0.48684838,0.4573263,0.45826158,0.4585504,0.4584023,0.4590318,0.45912698,0.4594379,0.4601225,0.46027705,0.4601909,0.46024305,0.46027783,0.4601514,0.46030292,0.46014178,0.46044332,0.46045634,0.46068716,,,,,,,,,,,,,,,,,,,,,,,,,,,,,,,,,,,,,,,,,,,,,,,,,,,,,,,,,,,,,,,,,,,,,,,,,,,,,,,,,,,,,,,,,,,,,,,,,,,,,,,,,,,,,,,,,,,,,,,,,,,,,,,,,,,,,,,,,,,,,,,,,,,,,,,,,,,,,,,,,,,,,,,,,,,,,,,,,,,,,,,,,,,,,,,,,,,,,,,,,,,,,,,,,,,,,,,,,,,,,,,,,,,,,,,,,,,,,,,,,,,,,,,,,,,,,,,,,,,,,,,,,,,,,,,,,,,,,,,,,,,,,,,,,,,,,,,,,,,,,,,,,,,,,,,,,,,,,,,,,,,,,,,,,,,,,,,,,,,,,,,,,,,,,,,,,,,,,,,,,,,,,,,,,,,,,,,,,,,,,,,,,,,,,,,,,,,,,,,,,,,,,,,,,,,,,,,,,,,,,,,,,t80
FS/310.png,right,0.1623595000010027,0.41548103,0.4154801,0.41554412,0.4155877,0.4156263,0.4157022,0.4155863,0.41560227,0.41548938,0.4154662,0.41558957,0.4156417,0.41565362,0.41555625,0.41572085,0.41566992,0.41573828,0.4157953,0.41556695,0.4156748,0.41573974,0.4157377,0.41564426,0.41564456,0.41567394,0.4157193,0.41554487,0.41573614,0.4157323,0.41560146,0.41573015,0.41573772,0.4158121,0.4158599,0.415801,0.4158228,0.41575164,0.41574287,0.4158074,0.4158128,0.41588154,0.4158539,0.4158823,0.41588894,0.4158659,0.4158936,0.41586727,0.41586995,0.4158475,0.41593882,0.4157845,0.41595253,0.4158293,0.41579425,0.4157221,0.41573578,0.41555756,0.41568708,0.41548842,0.41543418,0.415216,0.41516143,0.41497046,0.41473657,0.41473207,0.41469526,0.41454706,0.41448048,0.41439793,0.41440606,0.41401267,0.41422674,0.4143979,0.4144691,0.41442308,0.41418436,0.41393143,0.41392767,0.413696,0.41351593,0.41362655,0.4135769,0.41364452,0.4134835,0.4135804,0.41377094,0.4138988,0.41380256,0.4140669,0.45669085,0.43058476,0.49358457,0.49132156,0.4914399,0.4901067,0.4928122,0.49322507,0.4909906,0.49131912,0.49347454,0.49316713,0.49283746,0.49320644,0.44197673,0.44170353,0.4415286,0.4415337,0.441733,0.4411774,0.4414097,0.4413903,0.44111377,0.44100413,0.44044545,0.44065833,0.44038835,0.44073611,0.44060674,0.44068983,0.44013518,0.44059855,0.44026724,0.44043893,0.44027382,0.44010714,0.4406779,0.44023514,0.4402084,0.44030687,0.43998268,0.43989608,0.44046888,0.44035727,0.44025907,0.44021824,0.44081193,0.44031203,0.4400682,0.44042215,0.44034427,0.4410839,0.44037378,0.44021222,0.44034925,0.44020274,0.4402193,0.44030738,0.44052562,0.44026265,0.4402905,0.44042838,0.44052893,0.44054914,0.44057682,0.4408664,0.44034773,0.4408506,0.44055322,0.44070557,0.4408703,0.4403594,0.441113,0.4413401,0.44136918,0.44132897,0.44145653,0.44129825,0.44168055,0.44168958,0.4419606,0.4424804,0.44241855,,,,,,,,,,,,,,,,,,,,,,,,,,,,,,,,,,,,,,,,,,,,,,,,,,,,,,,,,,,,,,,,,,,,,,,,,,,,,,,,,,,,,,,,,,,,,,,,,,,,,,,,,,,,,,,,,,,,,,,,,,,,,,,,,,,,,,,,,,,,,,,,,,,,,,,,,,,,,,,,,,,,,,,,,,,,,,,,,,,,,,,,,,,,,,,,,,,,,,,,,,,,,,,,,,,,,,,,,,,,,,,,,,,,,,,,,,,,,,,,,,,,,,,,,,,,,,,,,,,,,,,,,,,,,,,,,t94
FS/310.png,left,0.1636188000011316,0.47160226,0.47286814,0.4246107,0.39422163,0.476867,0.47735202,0.44348302,0.44409642,0.4433403,0.44397187,0.44387242,0.4440777,0.4439773,0.44450668,0.44440663,0.4444098,0.44499615,0.4445819,0.44556543,0.44459024,0.44487593,0.44433114,0.44472554,0.44456434,0.44442832,0.4446033,0.44439074,0.44456473,0.44423914,0.44465452,0.4448648,0.4445209,0.44447577,0.44494838,0.4445295,0.4448234,0.4443876,0.44429114,0.44489044,0.44442987,0.44501546,0.44495657,0.44443348,0.44484016,0.44439808,0.4446757,0.44490013,0.44487813,0.44497585,0.4444391,0.44446766,0.44445574,0.4443564,0.4445,0.44450578,0.44415116,0.44437763,0.4445537,0.44435745,0.44467023,0.4442355,0.44437286,0.44443253,0.44441733,0.44426075,0.44439828,0.4443874,0.4444167,0.44423312,0.4442738,0.4446479,0.44433093,0.44409028,0.4443935,0.44444448,0.44454774,0.4447191,0.444388,0.4444344,0.4444954,0.44476616,0.44453016,0.44461596,0.4447435,0.44439006,0.44459188,0.4445953,,,,,,,,,,,,,,,,,,,,,,,,,,,,,,,,,,,,,,,,,,,,,,,,,,,,,,,,,,,,,,,,,,,,,,,,,,,,,,,,,,,,,,,,,,,,,,,,,,,,,,,,,,,,,,,,,,,,,,,,,,,,,,,,,,,,,,,,,,,,,,,,,,,,,,,,,,,,,,,,,,,,,,,,,,,,,,,,,,,,,,,,,,,,,,,,,,,,,,,,,,,,,,,,,,,,,,,,,,,,,,,,,,,,,,,,,,,,,,,,,,,,,,,,,,,,,,,,,,,,,,,,,,,,,,,,,,,,,,,,,,,,,,,,,,,,,,,,,,,,,,,,,,,,,,,,,,,,,,,,,,,,,,,,,,,,,,,,,,,,,,,,,,,,,,,,,,,,,,t96
FS/260.png,right,0.1007881000004999,0.42943746,0.4296142,0.42935714,0.42994836,0.4296869,0.42964315,0.43085724,0.43099606,0.43102914,0.43096521,0.430613,0.43060476,0.43075672,0.43059665,0.43068907,0.43118382,0.43083927,0.43112886,0.4314377,0.43225396,0.4325643,0.4328478,0.4323299,0.431867,0.4320485,0.43211374,0.43214414,0.4327036,0.43282542,0.43166363,0.4315778,0.43120062,0.43154216,0.43164894,0.4313839,0.43197468,0.43176767,0.43214944,0.43236536,0.43220535,0.4325227,0.432384,0.43288612,0.43251553,0.43279687,0.4329129,0.43273294,0.43314523,0.43318015,0.43268725,0.43279076,0.43284774,0.43274894,0.4325524,0.4329279,0.43253446,0.4329256,0.43204546,0.433109,0.43253964,0.43324044,0.43346262,0.43317488,0.43333715,0.4333197,0.43305928,0.43314135,0.4328326,0.43334264,0.43287587,0.43333787,0.43295142,0.43301412,0.43294126,0.43312663,0.43275967,0.43314224,0.4330581,0.43302608,0.43291795,0.43283066,0.433122,0.4325713,0.43217272,0.432267,0.43233737,0.43236026,0.43196517,0.4315528,0.43127567,0.4316732,0.4313153,0.43120098,0.43111628,0.43116894,0.4312429,0.43142676,0.4313815,0.43065733,0.43098488,0.43122628,0.43134883,0.4312511,0.43071228,0.4314724,0.43158984,0.43133557,0.43154705,0.43091384,0.43106994,0.43167832,0.43168822,0.43150383,0.43140098,0.4315571,0.43146762,0.4315017,0.43093136,0.43126845,0.4314719,0.43144462,0.43150225,0.43135843,0.4315229,0.43138555,0.43206725,0.4314899,0.43127036,0.43147233,0.43126088,0.43139362,0.43155646,0.43193957,0.431812,0.43193924,0.4312749,0.43140206,0.43144765,0.43110958,0.43112528,0.43109033,0.43099537,0.43047583,0.43032998,0.43029734,0.43010423,0.4299133,0.42952338,0.4300266,0.42961603,0.42899236,0.42831653,0.4287635,0.4283502,0.42851764,0.4284018,0.4276233,0.4273396,0.42702135,0.42706004,0.42671502,0.42663562,0.42667177,0.42690113,0.4269361,0.42670158,0.4263348,0.4272928,0.42671728,0.42678055,0.42682016,0.42674255,0.42692855,0.4273241,0.42715254,0.42701724,0.42676583,0.4268355,0.42707977,0.42736083,0.42780596,0.42842162,0.4286087,0.42842484,0.42926747,0.42899105,0.42865705,0.4290342,0.42867118,0.42853618,0.42931986,0.42959094,0.42933568,0.42954674,0.4294134,0.42983392,0.43084157,0.40636897,0.4160531,0.41673574,0.40792105,0.43762985,0.43696308,0.43808058,0.4384083,0.4375524,0.43783137,0.43785793,0.43824655,0.43825766,0.43786788,0.43780166,0.43730897,0.4366739,0.43612838,0.43609193,0.43672132,0.43619356,0.4367023,0.43681923,0.43711624,0.43694147,0.43745598,0.4375104,0.43827653,0.4378415,0.4380329,0.4377008,0.43819878,0.4378766,0.43834686,0.4389729,0.4387522,0.43926713,0.43905076,0.41984668,0.4066807,0.43084937,0.3994813,0.43257618,0.4315976,0.4325568,0.43186373,,,,,,,,,,,,,,,,,,,,,,,,,,,,,,,,,,,,,,,,,,,,,,,,,,,,,,,,,,,,,,,,,,,,,,,,,,,,,,,,,,,,,,,,,,,,,,,,,,,,,,,,,,,,,,,,,,,,,,,,,,,,,,,,,,,,,,,,,,,,,,,,,,,,,,,,,,,,,,,,,,,,,,,,,,,,,,,,,,,,,,,,,,,,,,,,,,,,,,,,,,t86
FS/240.png,left,0.1603716000008717,0.45345205,0.45309323,0.45347667,0.45314014,0.453317,0.4511282,0.4511708,0.45035747,0.45020384,0.4502783,0.449958,0.449675,0.44750223,0.4476507,0.44718865,0.44737136,0.44733733,0.44777957,0.44729295,0.4474878,0.44739825,0.44708976,0.4475776,0.44704914,0.44774023,0.44732416,0.4475666,0.44707873,0.44751608,0.44738665,0.44743738,0.44787946,0.44766924,0.44780803,0.44774598,0.44802347,0.44791213,0.44814333,0.44802836,0.44845203,0.44811076,0.44830117,0.44365385,0.44336522,0.44376686,0.44393644,0.44400787,0.44415706,0.44443995,0.44450885,0.44413146,0.4446402,0.44393328,0.44411388,0.44436857,0.4442547,0.4445775,0.44449157,0.4448813,0.44452515,0.44456005,0.44536588,0.44540417,0.44567892,0.4454341,0.4457184,0.4456675,0.44573537,0.44624883,0.4461972,0.44557402,0.4459578,0.4456462,0.4455122,0.44537544,0.4449495,0.4445299,0.44408688,0.443914,0.4434561,0.4425821,0.44309118,0.44205865,0.44192782,0.4416103,0.44136438,0.44126078,0.44097227,0.44105247,0.44071275,0.44046006,0.43960294,0.43951654,0.43938798,0.43922555,0.43905818,0.43865857,0.43868935,0.43819484,0.43748754,0.43751466,0.4372081,0.43736672,0.43687174,0.4367469,0.4371053,0.436854,0.43672258,0.4364175,0.43668523,0.43683553,0.43649113,0.43686438,0.43673044,0.43678838,0.43680915,0.43700886,0.43681875,0.43691742,0.43685183,0.43674573,0.43708006,0.4371858,0.43733433,0.4371623,0.43715894,0.4372573,0.43741414,0.43746108,0.43735266,0.43716672,0.43730032,0.43725383,0.4374448,0.43744633,0.4373546,0.43703714,0.43681866,0.43711442,0.43700302,0.43738112,0.4370229,0.43715605,0.4370762,0.43700036,0.43688124,0.4033941,0.4044999,0.43389454,0.43405524,0.43386236,0.43392086,0.43525526,0.43529698,0.43538985,0.4359964,0.43513247,0.4351869,0.4352016,0.43511584,0.43533263,0.43527445,0.43530682,0.43557885,0.43525663,0.43586305,0.43559796,0.43585485,0.43583065,0.4358556,0.43605343,0.43600672,0.43613803,0.43625945,0.43613648,0.43610752,0.43625578,0.4361074,0.43632326,0.43633172,0.4365736,0.4368642,0.43672842,0.43672943,0.43658093,0.43691033,0.43662274,0.43705642,0.43682367,0.4369567,0.43708825,0.4375675,0.43705332,0.43710923,0.43682942,0.43721843,0.43675438,0.4370243,0.4368758,0.4373715,0.4374568,0.43724287,0.4369559,0.43693572,0.43695828,0.4373653,0.43716878,0.43716803,0.4373039,0.43723318,0.43740612,0.43719172,0.43729755,0.4375607,0.4376065,0.43770167,0.43749997,0.43760803,0.43741477,0.43749714,0.43729392,0.43748865,0.43749326,0.43724748,0.4375813,0.4376433,0.43758282,0.4374374,0.43761754,0.43723422,0.43741757,0.4375031,0.4373733,0.43783805,0.4369521,0.43751106,0.43737295,0.43743563,0.4370914,0.43727562,0.4373183,0.43674865,0.43719196,0.43730855,0.43710858,0.43664402,0.43698382,0.43694282,0.43683007,0.43689677,0.43688047,0.4368252,0.43669587,0.43635008,0.4367082,0.43618265,0.4356289,0.43604413,0.4357329,0.43573806,0.43612355,0.4356576,0.43605953,0.43595463,0.4360314,0.4360373,0.43599397,0.4360799,0.44546923,0.4453049,0.44599944,0.4456278,0.44518638,0.44499356,0.4451997,0.4457974,0.4450713,0.44513488,0.44600293,0.44588634,0.4455796,0.44550917,0.44561222,0.4454272,0.44538024,0.44576162,0.44581553,0.4457389,0.44563916,0.44545013,0.44558808,0.4452047,0.44573626,0.44559368,0.44567764,0.445658,0.4458613,0.44579577,0.44563812,0.44579652,0.44561216,0.4459494,0.44552088,0.44536796,0.44568047,0.4461288,0.44544825,0.44555256,0.44534394,0.4457549,0.44591695,0.4458981,0.44577023,0.44587559,0.44535986,0.44540194,0.44552067,0.44556978,,,,,,,,,,,,,,,,,,,,,,,,,,,,,,,,,,,,,,,,,,,,,,,,,,,,,,,,,,,,,,,,,,,,,,,,,,,,,,,,,,,,,,,,,,,,,,,,,,,,,,,,,,,,,,,,,,,,,,,,,,,,,,,t97
FS/10.png,right,0.1642193000006955,,,,,,,,,,,,,,,,,,,,,,,,,,,,,,,,,,,,,,,,,,,,,,,,,,,,,,,,,,,,,,,,,,,,,,,,,,,,,,,,,,,,,,,,,,,,,,,,,,,,,,,,,,,,,,,,,,,,,,,,,,,,,,,,,,,,,,,,,,,,,,,,,,,,,,,,,,,,,,,,,,,,,,,,,,,,,,,,,,,,,,,,,,,,,,,,,,,,,,,,,,,,,,,,,,,,,,,,,,,,,,,,,,,,,,,,,,,,,,,,,,,,,,,,,,,,,,,,,,,,,,,,,,,,,,,,,,,,,,,,,,,,,,,,,,,,,,,,,,,,,,,,,,,,,,,,,,,,,,,,,,,,,,,,,,,,,,,,,,,,,,,,,,,,,,,,,,,,,,,,,,,,,,,,,,,,,,,,,,,,,,,,,,,,,,,,,,,,,,,,,,,,,,,,,,,,,,,,,,,,,,,,,,,,,,,,,,,,,,,,,,,,,t114
