image_name,response_key,response_time,t1,t2,t3,t4,t5,t6,t7,t8,t9,t10,t11,t12,t13,t14,t15,t16,t17,t18,t19,t20,t21,t22,t23,t24,t25,t26,t27,t28,t29,t30,t31,t32,t33,t34,t35,t36,t37,t38,t39,t40,t41,t42,t43,t44,t45,t46,t47,t48,t49,t50,t51,t52,t53,t54,t55,t56,t57,t58,t59,t60,t61,t62,t63,t64,t65,t66,t67,t68,t69,t70,t71,t72,t73,t74,t75,t76,t77,t78,t79,t80,t81,t82,t83,t84,t85,t86,t87,t88,t89,t90,t91,t92,t93,t94,t95,t96,t97,t98,t99,t100,t101,t102,t103,t104,t105,t106,t107,t108,t109,t110,t111,t112,t113,t114,t115,t116,t117,t118,t119,t120,t121,t122,t123,t124,t125,t126,t127,t128,t129,t130,t131,t132,t133,t134,t135,t136,t137,t138,t139,t140,t141,t142,t143,t144,t145,t146,t147,t148,t149,t150,t151,t152,t153,t154,t155,t156,t157,t158,t159,t160,t161,t162,t163,t164,t165,t166,t167,t168,t169,t170,t171,t172,t173,t174,t175,t176,t177,t178,t179,t180,t181,t182,t183,t184,t185,t186,t187,t188,t189,t190,t191,t192,t193,t194,t195,t196,t197,t198,t199,t200,t201,t202,t203,t204,t205,t206,t207,t208,t209,t210,t211,t212,t213,t214,t215,t216,t217,t218,t219,t220,t221,t222,t223,t224,t225,t226,t227,t228,t229,t230,t231,t232,t233,t234,t235,t236,t237,t238,t239,t240,t241,t242,t243,t244,t245,t246,t247,t248,t249,t250,t251,t252,t253,t254,t255,t256,t257,t258,t259,t260,t261,t262,t263,t264,t265,t266,t267,t268,t269,t270,t271,t272,t273,t274,t275,t276,t277,t278,t279,t280,t281,t282,t283,t284,t285,t286,t287,t288,t289,t290,t291,t292,t293,t294,t295,t296,t297,t298,t299,t300,t301,t302,t303,t304,t305,t306,t307,t308,t309,t310,t311,t312,t313,t314,t315,t316,t317,t318,t319,t320,t321,t322,t323,t324,t325,t326,t327,t328,t329,t330,t331,t332,t333,t334,t335,t336,t337,t338,t339,t340,t341,t342,t343,t344,t345,t346,t347,t348,t349,t350,t351,t352,t353,t354,t355,t356,t357,t358,t359,t360,t361,t362,t363,t364,t365,t366,t367,t368,t369,t370,t371,t372,t373,t374,t375,t376,t377,t378,t379,t380,t381,t382,t383,t384,t385,t386,t387,t388,t389,t390,t391,t392,t393,t394,t395,t396,t397,t398,t399,t400,t401,t402,t403,t404,t405,t406,t407,t408,t409,t410,t411
FS/562.png,right,0.133564900024794,3.5832827,3.5908082,3.587699,3.5997443,3.6021564,3.5933156,3.6050336,3.6088471,3.6039011,3.6124024,3.6174786,3.6208732,3.6286855,3.6198719,3.6243422,3.6279457,3.6398375,3.6317358,3.6470122,3.6402724,3.6461103,3.6380274,3.665159,3.6563807,3.6480074,3.6640985,3.6756184,3.678411,3.6748564,3.6858048,3.6711373,3.6844144,3.68184,3.6931837,3.6898358,3.6766834,3.704208,3.6884103,3.6711602,3.675297,3.7130563,3.6848304,3.7105038,3.7013853,3.7122853,3.6966553,3.7258062,3.6986625,3.745857,3.7273219,3.7298825,3.7206385,3.7291298,3.7323337,3.7398624,3.7396872,3.7403164,3.741098,3.7526538,3.7410157,3.7366834,3.7456563,3.7393944,3.7518284,3.7252088,3.7424386,3.7501206,3.7498584,3.731764,3.758917,3.7483,3.7483947,3.758868,3.7614768,3.743454,3.7526133,3.7546308,3.7536426,3.753402,3.755353,3.7571929,3.7652657,3.7459176,3.7555053,3.7575889,3.7600453,3.7594402,3.7620559,3.7504196,3.7542984,3.76978,3.7521825,3.7572274,3.7468784,3.7691865,3.7518334,3.7835689,3.7644267,3.7593083,3.7747629,3.7831347,3.7781985,3.7761557,3.7761006,3.7730694,3.7897418,3.7828352,3.7906833,3.8098009,3.805396,3.7957969,3.797036,3.7840269,3.8074558,3.8048306,3.8101592,3.814064,3.8200173,3.811161,3.8101242,3.8169246,3.816054,3.8189092,3.8293726,3.8265994,3.8460822,3.8380778,3.8387318,3.857908,3.850211,3.8485172,3.8571537,3.8643954,3.8603454,3.8589864,3.8576102,3.8569667,3.8483005,3.8540416,3.8277822,3.7793334,3.7739244,3.7641776,3.7561204,3.7173173,3.704403,3.6462276,3.6289434,3.627406,3.5913966,3.5640771,3.532005,3.5226572,3.507404,3.4935036,3.4580057,3.4556124,3.4404895,3.4274,3.3912237,3.3767471,3.3404305,3.3399127,3.351356,3.3363838,3.3343897,3.3222425,3.3247354,3.3155906,3.3054345,3.3106997,3.3081825,3.2974322,3.2872758,3.2901666,3.3010724,3.2896621,3.3046837,3.2912648,3.2733452,3.272665,3.2950087,3.275254,3.2947268,3.2966368,3.2903445,3.2872932,3.2793696,3.2795362,3.268516,3.293625,3.3111863,3.3233464,3.334385,3.3606348,3.3648872,3.3770714,3.380226,3.3529298,3.366188,3.35574,3.3631058,3.3774102,3.3884382,3.387795,3.3698502,3.3809679,3.3694992,3.426292,3.5719981,3.6645262,3.5859132,3.5588293,3.5371165,3.579555,3.5668318,3.5561395,3.5765848,3.5430572,3.5551782,3.581331,3.58564,3.5664892,3.5755868,3.580737,3.5835445,3.5932329,3.618276,3.594079,3.5914972,3.5849423,3.599278,3.614907,3.601778,3.6148877,3.6091719,3.6206727,3.6077118,3.6161494,3.620891,3.651541,3.6103482,3.6285274,3.6303988,3.632035,3.64533,3.6448996,3.6307547,3.6345072,3.638356,3.6574876,3.6469774,3.6461215,3.6522348,3.6583114,3.6398764,3.6559644,3.632209,3.6524038,3.6528277,3.6351957,3.6434927,3.6475506,3.6495247,3.644887,3.657286,3.6471217,3.6402981,3.646967,3.6427207,3.6476915,3.646172,3.6527092,3.649995,3.6461935,3.6454647,3.6416888,3.6467688,3.6404092,3.6408925,3.646415,3.633489,3.64072,3.6418533,3.628106,3.6290586,3.6405492,3.638223,3.6268795,3.6312113,3.6361027,3.633063,3.6381636,3.6343143,3.6267333,3.6334312,3.6379895,3.61996,3.6225615,3.622405,3.6313548,3.6116886,3.619147,3.61746,3.6385627,3.6263986,3.6297135,3.6223016,3.6198761,3.6136532,3.614569,3.6179192,3.6145258,3.616204,3.6092532,3.606176,3.611519,3.6057715,3.6238341,3.620445,3.605125,3.6227198,3.6154554,3.616273,3.6262176,3.6108248,3.6131356,3.6134813,3.6059196,3.6130805,3.6183164,3.6070035,3.605496,3.6078272,3.622112,3.622183,3.6016936,3.6210303,3.6010308,3.6362152,3.6253555,3.6138096,3.6141946,3.6289375,3.6274066,3.6235914,3.6228578,3.6406817,3.6552835,3.6222951,3.649975,3.6271636,3.66137,3.6485362,3.6567318,3.6647117,3.6644616,3.6625686,3.656447,3.6620564,3.6667309,3.6604984,3.6623611,3.6636574,3.6660032,3.665613,3.6693444,3.673233,3.6815565,,,,,,,,,,,,,,,,,,,,,,,,,,,,,,,,,,,,,,,,,,t2
FS/562.png,right,0.156399900035467,3.2897735,3.2965677,3.2775676,3.2816424,3.290085,3.2842934,3.2808583,3.293388,3.2887776,3.3058484,3.3188138,3.316181,3.3111198,3.314941,3.3102062,3.3050594,3.3091881,3.323184,3.3234594,3.3246648,3.336615,3.3523815,3.343719,3.355055,3.3420835,3.331579,3.3670216,3.366746,3.3653905,3.3642447,3.351053,3.3637989,3.3818793,3.3829474,3.3865678,3.3852549,3.386977,3.3896527,3.3916655,3.382396,3.3889072,3.3957613,3.3840954,3.3975403,3.3986106,3.4282856,3.4220667,3.427389,3.419707,3.4280481,3.4289243,3.4245095,3.4289877,3.429614,3.4273899,3.436164,3.4296534,3.4332066,3.4332192,3.4346304,3.4367852,3.4330363,3.4510248,3.4396,3.4447024,3.461366,3.441803,3.4337797,3.435695,3.442048,3.4611459,3.4527724,3.4516819,3.4434433,3.442438,3.4524407,3.4506884,3.4480264,3.4766445,3.4585476,3.4575565,3.464106,3.454982,3.4828491,3.473324,3.4771938,3.4806616,3.463418,3.4836485,3.4745877,3.47485,3.4823484,3.4706967,3.4805915,3.4748602,3.4776106,3.4667196,3.4745677,3.478598,3.4768372,3.479378,3.461612,3.4629753,3.4772928,3.4786856,3.474863,3.4691663,3.4871945,3.47233,3.4871027,3.4831164,3.4793372,3.4597871,3.4683635,3.4788818,3.478552,3.4788506,3.4798338,3.4724362,3.4818308,3.484164,3.4842393,3.484869,3.4894958,3.4768496,3.5005107,3.4874244,3.5001767,3.4950745,3.4810715,3.4992585,3.4832952,3.4867735,3.4636745,3.4611459,3.4316916,3.4223652,3.3954642,3.3961062,3.3645067,3.3456676,3.2979555,3.2669797,3.2488234,3.225141,3.2097838,3.197076,3.1702073,3.1324253,3.091352,3.0857282,3.070528,3.0350735,3.013184,3.022027,2.986692,2.975465,2.9602358,2.9655213,2.949845,2.9188917,2.9018965,2.915019,2.9132848,2.9125698,2.8946095,2.8912213,2.8954513,2.8915498,2.8672152,2.8669214,2.8573391,2.860024,2.8483756,2.8600187,2.8604505,2.8595958,2.865501,2.8601322,2.866831,2.8521106,2.857631,2.859059,2.8464577,2.865304,2.8675683,2.8760068,2.8619967,2.8606944,2.875097,2.877087,2.9286444,3.2211432,3.1927524,3.2682073,3.1796906,3.1751688,3.2039993,3.1919775,3.2252991,3.233934,3.2509315,3.257176,3.256612,3.2701273,3.2860823,3.2890565,3.3019497,3.2907712,3.3045592,3.3035908,3.3276563,3.3432374,3.3463297,3.3392084,3.3480165,3.352613,3.3526993,3.3476887,3.3734472,3.3721597,3.3823142,3.3708928,3.370395,3.3715823,3.400573,3.4004228,3.389046,3.4020662,3.4200099,3.4208112,3.413877,3.407534,3.4333305,3.4181633,3.4299986,3.4407792,3.4461753,3.438963,3.439796,3.4241116,3.4542956,3.4502468,3.4535432,3.4370294,3.4530876,3.435163,3.4551256,3.4578724,3.4449768,3.457199,3.4570436,3.4481325,3.4575787,3.4604852,3.4553254,3.4521751,3.4632192,3.4524457,3.4707448,3.4572594,3.4761562,3.4776103,3.4772542,3.4454737,3.4637578,3.4979422,3.4821198,3.51007,3.4369662,3.4613788,3.4651272,3.4767356,3.4597352,3.4721901,3.4631672,3.474997,3.4752216,3.477811,3.4705756,3.4665208,3.4655821,3.480763,3.466755,3.476247,3.4732244,3.4666703,3.466849,3.474353,3.4802027,3.4710193,3.475789,3.4850051,3.4691107,3.472782,3.4539444,3.4778445,3.4442878,3.4516265,3.460047,3.448354,3.439476,3.4389012,3.440614,3.437637,3.4455733,3.4516213,3.4395826,3.4207263,3.4283566,3.429748,3.4218252,3.4350789,3.4287164,3.419148,3.4080446,3.4050696,3.4198744,3.424243,3.404543,3.4111893,3.4204168,3.4112437,3.4114633,3.40714,3.411368,3.405364,3.40477,3.4148788,3.4138398,3.404021,3.4072576,3.4184108,3.4244516,3.4269354,3.42141,3.4265316,3.4323287,3.4479752,3.451519,3.4608734,3.4479382,3.4568276,3.4662454,3.4559338,3.4745069,3.4817204,3.4854286,3.4835892,3.493778,3.4808493,3.5093803,3.5038054,3.5015445,3.501514,3.506648,3.525057,3.5268116,3.526239,3.5326893,3.5354614,3.5437849,3.553208,3.561712,3.5718875,3.5553331,3.575194,3.5708814,3.5787544,3.5732284,3.5951362,,,,,,,,,,,,,,,,,,,,,,,,,,,,,,,,,,,,,,,,t103
FS/42.png,right,0.1723430999554693,3.8789432,3.8869214,3.8917692,3.9253185,3.9174402,3.912693,3.929063,3.9052138,3.930918,3.93022,3.910816,3.9221027,3.9255326,3.9345791,3.9614305,3.9502673,3.932085,3.9621494,3.9439154,3.9476297,3.9552362,3.9668958,3.9634886,3.9645965,3.970638,3.9735706,3.9792893,3.9835958,3.9765255,3.9616904,3.9748483,3.9825826,3.9776857,3.992982,3.9635656,3.9840162,3.9834137,3.9775276,3.9949677,3.9703376,3.9856358,3.9818196,3.9899461,3.9830637,3.9944763,3.9834328,3.9869456,3.9861035,3.982583,3.9922266,3.9896426,3.9947202,3.9893677,4.0006337,3.9988358,4.004007,3.9994116,3.985449,3.9944055,4.005712,4.012027,3.9971585,3.9877167,3.9966595,3.9912193,4.000234,4.001042,3.9916258,3.9947388,3.9947178,3.9900315,3.9954736,3.9920266,3.9951262,3.969768,3.9813042,3.986764,3.993978,3.9924963,3.9992125,3.994028,3.9792082,3.9838345,3.9844432,3.9807014,3.993705,3.9827406,3.9871516,3.993001,3.992893,3.9652138,3.9684532,3.983134,3.9938397,3.9872544,3.976506,3.9919586,3.978042,3.982533,3.996602,3.9895892,3.995098,3.9760685,3.987568,3.98862,4.0010557,3.9871962,3.9957278,3.9759376,3.986012,3.9948008,3.9903958,3.9820719,3.9930687,3.999701,4.000388,3.9869678,3.9706988,3.9924033,3.9913478,4.0092854,3.9963076,4.013032,4.000379,4.016085,3.997185,4.017242,4.0053244,4.0271716,4.012844,4.0130877,4.0032015,4.004858,4.0050907,3.9989567,4.0074253,4.005792,3.985012,3.9737446,3.9313638,3.9394188,3.9094148,3.91396,3.8710995,3.855236,3.8448226,3.8168502,3.763416,3.7624547,3.7515335,3.7296994,3.6833735,3.6678479,3.6698859,3.650539,3.615943,3.616297,3.593015,3.565415,3.5836766,3.5582716,3.532812,3.541833,3.5339046,3.5242336,3.5204105,3.4900079,3.51103,3.5070126,3.5027509,3.4797673,3.4961586,3.4921794,3.4778094,3.4994524,3.4590166,3.4797046,3.4573045,3.481083,3.485834,3.4783986,3.5101511,3.5221238,3.5017493,3.5145307,3.5210135,3.5255759,3.5371208,3.5442226,3.534395,3.5305634,3.5432465,3.545139,3.5540512,3.5434542,3.5755093,3.571384,3.5944827,3.6125252,3.6141026,3.622,3.6408153,3.6753993,3.6582165,3.6616197,3.6683416,3.6766472,3.679902,3.688948,3.694236,3.7023804,3.695465,3.705479,3.730797,3.7331939,3.7591712,3.7744226,3.7858136,3.7964878,3.8191447,3.797076,3.8075194,3.8129547,3.8186817,3.8179934,3.833754,3.8368628,3.8249621,3.8337219,3.850918,3.8403575,3.878057,3.8829715,3.8867774,3.879567,3.9066749,3.871565,3.9072955,3.907671,3.908839,3.899037,3.9172473,3.9124293,3.8968441,3.9184833,3.8995163,3.887102,3.8913443,3.882698,3.862683,3.808089,4.0531526,1.207011,2.007452,3.8597493,3.8685815,3.9060688,3.875004,3.890014,3.8911617,3.8903985,3.892377,3.886071,3.8508356,3.8804429,3.8765154,3.8779945,3.8866765,3.8822906,3.900891,3.8979392,3.8831828,3.8769784,3.9006538,3.8944077,3.9021661,3.8986423,3.902031,3.906811,3.902054,3.8890395,3.9138377,3.9387867,3.9099538,3.9283442,3.930425,3.9201849,3.9370532,3.9324567,3.9386487,3.933262,3.9513936,3.9451294,3.9481196,3.936846,3.94728,3.9418838,3.946524,3.9472039,3.9499664,3.952593,3.9536293,3.9529085,3.954829,3.9456096,3.958548,3.965247,3.9458017,3.9486039,3.949019,3.9682014,3.9499207,3.9573538,3.9582584,3.9672484,3.954648,3.954978,3.9524357,3.9557476,3.9569209,3.9504788,3.9594958,3.9469206,3.952149,3.9471154,3.9483,3.9494948,3.9323573,3.959741,3.9501367,3.939999,3.9515305,3.9477642,3.945151,3.9401903,3.9422011,3.9558961,3.9357176,3.9439993,3.942883,3.9360468,3.938458,3.9342582,3.9423373,3.9289896,3.9335783,3.9289274,3.9398437,3.9239724,3.9274788,3.9228191,3.9189706,3.9310288,3.9129002,3.911776,3.9063716,3.8991694,3.896176,3.9247172,3.9019823,3.9106998,3.8924317,3.8914943,3.875908,3.8904026,3.8921652,3.8942535,3.8958044,3.8894162,3.8925278,3.8739939,3.8698115,3.8779743,3.8750606,,,,,,,,,,,,,,,,,,,,,,,,,,,,,,,,,,,,,t10
FS/202.png,left,0.1418026000028476,3.877512,3.8693457,3.8762097,3.8953054,3.8881798,3.8756616,3.8754852,3.8868423,3.893602,3.893762,3.8718076,3.874108,3.8865104,3.8764517,3.8882713,3.907332,3.9037986,3.8899076,3.9043083,3.902614,3.908017,3.9067545,3.9008963,3.9000747,3.918681,3.9121196,3.925747,3.9142025,3.9292424,3.9213443,3.9172885,3.9257064,3.9216862,3.9214828,3.912361,3.916593,3.9187644,3.9223862,3.9201,3.9264143,3.92667,3.9229028,3.9455395,3.935409,3.9360633,3.947069,3.9187484,3.9402087,3.926554,3.9366047,3.9324512,3.945658,3.9520004,3.9365146,3.9521356,3.9423084,3.945952,3.934441,3.937947,3.9575338,3.9452128,3.9378488,3.9339101,3.9182513,3.9367893,3.9310465,3.9212024,3.9286141,3.9287343,3.9261441,3.9222386,3.930779,3.9199772,3.9167337,3.9291866,3.9188578,3.9186485,3.9191897,3.9151692,3.9007683,3.9074035,3.898273,3.9032156,3.9158454,3.9179666,3.9068258,3.8943992,3.9045212,3.9074168,3.9127476,3.9063733,3.8872895,3.8986712,3.9055839,3.9038184,3.920229,3.912119,3.9012897,3.9106088,3.9119947,3.907961,3.9221132,3.9175987,3.9257355,3.9177682,3.9220793,3.9231658,3.9208088,3.9254222,3.9241955,3.9267347,3.9191463,3.912935,3.9240384,3.9422295,3.924606,3.9489863,3.9280026,3.9436288,3.9310498,3.9375157,3.9296196,3.9700572,3.9653182,3.939846,3.9436142,3.9299057,3.956663,3.9381723,3.939145,3.9363856,3.9477134,3.9439929,3.9507117,3.94449,3.9292107,3.9241676,3.9119842,3.9080129,3.885512,3.8574693,3.840326,3.822607,3.7931817,3.7697945,3.7219818,3.703657,3.6688173,3.6659472,3.6321974,3.6239812,3.6090994,3.5849931,3.5593736,3.526008,3.5134468,3.4818032,3.4652193,3.4832652,3.4593306,3.456733,3.4546487,3.4411654,3.4272916,3.4149044,3.423138,3.4077997,3.3868184,3.3819237,3.3920515,3.3878648,3.3882794,3.3827987,3.3804631,3.3804252,3.380336,3.3806334,3.3813794,3.3705924,3.385516,3.3852491,3.3983724,3.4061615,3.4057314,3.4099114,3.4144328,3.4163754,3.4358594,3.4212089,3.4327178,3.4385211,3.435309,3.4525368,3.4809146,3.4974787,3.4999766,3.50488,3.5149148,3.511391,3.510711,3.5345383,3.5282981,3.5302002,3.537453,3.5424917,3.5458193,3.544607,3.5751343,3.5889542,3.6110508,3.6315444,3.6264486,3.6327293,3.6353896,3.6380577,3.6442406,3.6325333,3.6635826,3.6709957,3.663202,3.6765108,3.6489115,3.648482,3.745106,3.6178465,2.109958,3.7597861,3.8953586,3.8146613,3.7799857,3.7751079,3.785705,3.788167,3.8083515,3.8064759,3.8120394,3.8246067,3.8167925,3.824911,3.8375568,3.8541849,3.854027,3.8526523,3.8669739,3.8591044,3.8407242,3.8661687,3.8763802,3.8618045,3.8435428,3.8708282,3.8559353,3.8660574,3.8698459,3.868737,3.8584702,3.8675027,3.8599017,3.8697517,3.8713644,3.8773582,3.8692434,3.8740096,3.875012,3.86555,3.8642979,3.8734136,3.8752704,3.8684828,3.8784194,3.882563,3.8756697,3.8868558,3.8666012,3.8757303,3.864684,3.8674526,3.8674839,3.8629122,3.8632605,3.8719707,3.8668437,3.8643594,3.8680232,3.853848,3.8636794,3.8560057,3.8396826,3.8379648,3.8375459,3.8377213,3.8339467,3.822957,3.8260844,3.822197,3.8109093,3.80588,3.8141873,3.7891157,3.7947462,3.8014553,3.7878196,3.7802024,3.7987597,3.7852259,3.784424,3.757862,3.7687285,3.7825572,3.7712996,3.7535498,3.7474132,3.7410529,3.7639148,3.7543721,3.7415354,3.7371716,3.7522483,3.7616968,3.7523248,3.7229943,3.738211,3.7467587,3.762081,3.761842,3.7356765,3.7426834,3.7420766,3.758745,3.7462718,3.7712872,3.7458565,3.7604733,3.7601533,3.7634952,3.7448106,3.7581332,3.7595692,3.7567344,3.7605276,3.7599301,3.7474766,3.7601745,3.7511997,3.7494366,3.7462568,3.74272,3.7504795,3.7456322,3.769163,3.7622862,3.7486005,3.7590048,3.7618499,3.771638,3.7564769,3.7562687,3.758352,3.7468379,3.7826414,3.7419896,3.7461548,3.7471106,3.7548654,,,,,,,,,,,,,,,,,,,,,,,,,,,,,,,,,,,,,,,,,,,,,,,t11
FS/382.png,left,0.2401400000089779,4.013541,4.0257306,4.0178127,4.0122256,4.016101,4.02228,4.006001,4.0289197,4.0091767,4.0179005,4.0238147,4.0099,4.035343,4.030787,4.030761,4.03092,4.0288982,4.0401087,4.032513,4.0276027,4.032421,4.026535,4.0454917,4.038677,4.032919,4.0320916,4.038014,4.047772,4.046744,4.051777,4.048485,4.038474,4.042616,4.0553083,4.054766,4.042413,4.056368,4.0526614,4.053302,4.0447936,4.0658784,4.067479,4.074995,4.0503483,4.0542593,4.063293,4.0631924,4.0587845,4.0676575,4.0594025,4.0686793,4.0669856,4.0723634,4.080513,4.068574,4.0735416,4.074994,4.0683126,4.071936,4.0734873,4.0713196,4.0690994,4.066393,4.0663567,4.08311,4.0885253,4.0798774,4.0712237,4.0965548,4.086225,4.084666,4.0780854,4.079929,4.0930357,4.0951543,4.1003227,4.115893,4.0806117,4.099034,4.085209,4.099937,4.098738,4.095703,4.0828724,4.0868187,4.0777593,4.094659,4.095722,4.108758,4.091342,4.118373,4.1064725,4.06767,4.120285,4.1078544,4.112901,4.1154523,4.1179724,4.130993,4.1363206,4.133107,4.1549354,4.162141,4.149603,4.150711,4.1522713,4.1401434,4.155972,4.172821,4.1395836,4.161619,4.165309,4.166743,4.1566873,4.1626115,4.169436,4.1803155,4.171442,4.16476,4.174429,4.176307,4.172796,4.17148,4.176049,4.17148,4.187899,4.1770988,4.182499,4.178733,4.198849,4.178668,4.201897,4.1700463,4.156565,4.182982,4.1354823,4.128962,4.0952473,4.089303,4.076761,4.0431266,4.0313115,4.0036025,3.9640098,3.917483,3.9025002,3.8912973,3.8560843,3.827013,3.8032277,3.776478,3.7454576,3.7288213,3.693412,3.6696494,3.6688523,3.6327386,3.639514,3.5833416,3.6050014,3.5606425,3.5523982,3.5436876,3.5401103,3.52049,3.4875262,3.4863174,3.4761925,3.4593716,3.4848993,3.4611876,3.4579432,3.4561286,3.4631991,3.448351,3.4524076,3.4468565,3.4544702,3.4467852,3.4426303,3.45209,3.4465992,3.432081,3.4394305,3.436504,3.4559016,3.4628997,3.4607563,3.4591541,3.4425044,3.4714735,3.4794273,3.4963694,3.4782736,3.5169675,3.5054035,3.5097,3.5197847,3.5377629,3.5522609,3.5516224,3.562919,3.5767837,3.5632153,3.5694685,3.591663,3.5826218,3.6024566,3.58957,3.5930767,3.6002462,3.522784,3.8240232,3.8787355,4.011449,3.8273594,3.7924252,3.8065295,3.827826,3.8310971,3.844807,3.8463593,3.8507113,3.8651152,3.888722,3.9067345,3.8891537,3.9122617,3.9159155,3.9091575,3.9095907,3.922829,3.9226515,3.9290273,3.9262102,3.9194896,3.921687,3.9337583,3.9195786,3.9251714,3.9348745,3.963225,3.9443724,3.9546154,3.9352658,3.9657984,3.9598703,3.9621966,3.9654958,3.9765444,3.9732752,3.9837263,3.9765673,3.9735622,3.9821599,3.9822817,3.9806864,3.9873066,3.9852877,3.9972658,3.9981065,3.9846048,3.9801104,3.9944444,3.9839087,3.9921987,3.9921489,3.9989703,3.9998918,3.984358,3.9894245,3.9754806,3.97098,3.9848568,3.9729402,3.9645393,3.9709315,3.966964,3.9531527,3.9427073,3.9485996,3.9251654,3.959748,3.933216,3.9469736,3.9449756,3.9364846,3.9461238,3.9477625,3.9309669,3.9584339,3.928592,3.9474123,3.9308894,3.924912,3.9286556,3.9281635,3.926838,3.9230835,3.9381082,3.9258049,3.943325,3.9322054,3.9481988,3.9368546,3.9168646,3.9318762,3.9220092,3.935752,3.9222665,3.9448335,3.9284184,3.944522,3.9403718,3.9249043,3.9341004,3.9224155,3.926884,3.9262416,3.9397905,3.9277115,3.9252439,3.9311109,3.9306989,3.9329476,3.9347284,3.9255135,3.947431,3.9333885,3.9198399,3.9237564,3.9303298,3.9288073,3.9418945,3.9357018,3.95631,3.9473171,3.964446,3.9491355,3.940171,3.941818,3.961271,3.9632888,3.9572425,3.933763,3.946851,3.9600918,3.9686687,3.963894,3.9610934,3.9692538,3.9535697,3.9736156,3.9766889,3.9855354,3.9653249,3.9579916,3.9661202,3.9650898,3.9805422,3.9630713,3.9892342,3.9606762,3.9724631,3.9667053,3.9833786,3.9667556,4.0137653,3.9706478,3.9793494,3.9948003,3.9749796,3.9862711,3.9966986,3.9911559,3.9915237,3.970073,3.97814,3.9824054,,,,,,,,,,,,,,,,,,,,,,,,,,,,,,,,t13
FS/382.png,left,0.115866600011941,3.3641927,3.366428,3.3612695,3.3872948,3.3744135,3.3875144,3.3997128,3.3739572,3.39717,3.393017,3.378355,3.3844652,3.3943365,3.3912761,3.3986003,3.3895562,3.3954813,3.3948193,3.4010115,3.4037485,3.3889153,3.3990843,3.3993373,3.4072702,3.3940873,3.3989506,3.4056659,3.398571,3.4039178,3.4071095,3.40738,3.4033973,3.4041972,3.4091153,3.405108,3.4030912,3.4001546,3.3973002,3.391278,3.3945892,3.3916407,3.3946974,3.3970256,3.3973942,3.4010775,3.404831,3.3925972,3.3970184,3.398789,3.4016073,3.405959,3.4027557,3.3998044,3.399013,3.3951118,3.4014597,3.4070318,3.400771,3.390986,3.4096718,3.4095917,3.4047375,3.3981102,3.4178822,3.4119759,3.400116,3.4208798,3.3911338,3.3946512,3.4069624,3.39832,3.3771188,3.4145317,3.3850923,3.3961415,3.4069915,3.3954678,3.3991916,3.3961425,3.3970268,3.4008834,3.3844862,3.4007497,3.4044473,3.4011178,3.4144003,3.4016445,3.3988276,3.3979669,3.406453,3.416413,3.4083836,3.4060814,3.4115314,3.4091663,3.413696,3.4131477,3.4041102,3.4001675,3.4100542,3.4106605,3.4026892,3.4190316,3.4122498,3.4080257,3.4198098,3.4126952,3.4078655,3.418917,3.4113433,3.4154968,3.4189947,3.4114437,3.4201782,3.4196303,3.420197,3.4164598,3.4249363,3.4088988,3.41539,3.4195063,3.4184484,3.418724,3.4207897,3.4130337,3.4288101,3.4274945,3.4311218,3.4310384,3.4314399,3.4295042,3.4370043,3.4352686,3.4326332,3.4335368,3.4149656,3.4149354,3.3917642,3.390763,3.350506,3.330081,3.2912645,3.2717693,3.2494395,3.2230566,3.1962051,3.1802456,3.155134,3.1263747,3.0970376,3.0320287,3.055372,3.0284367,3.0169268,2.994156,2.9833555,2.9619539,2.9427345,2.9405386,2.922015,2.8894165,2.8910384,2.881959,2.8817089,2.8783176,2.8768237,2.877365,2.871428,2.849717,2.8561096,2.8487012,2.830285,2.8192677,2.8213086,2.828881,2.8240514,2.815914,2.8191743,2.8147724,2.827811,2.8278468,2.8426409,2.834647,2.8331392,2.859632,2.8445237,2.8399348,2.8526292,2.8590398,2.8402297,2.859452,2.8774214,2.8853323,2.8874376,2.8966422,2.9003582,2.9130363,2.940422,2.9240324,2.9434168,2.9252229,2.9541276,2.9742424,2.9617846,2.9833257,2.9897175,3.0279586,3.0378778,3.0391262,3.0451365,3.0351794,3.0446873,3.062136,3.077713,3.101876,3.0919275,3.0851002,3.0832293,3.0955417,3.0800905,3.1061609,3.087167,3.1099613,3.1469805,3.123516,0.9731709,3.2102253,3.2812579,3.3701344,3.2687156,3.2442977,3.232786,3.2584655,3.2582111,3.2586622,3.2596748,3.2580993,3.235438,3.243357,3.2836912,3.2733812,3.2763379,3.2964175,3.285973,3.2952201,3.3195899,3.3128216,3.3205855,3.3232744,3.3261976,3.316676,3.3135164,3.3312142,3.3197253,3.317813,3.356336,3.3274999,3.3332357,3.3436708,3.3509095,3.3497195,3.3529208,3.3333356,3.3333414,3.3547356,3.3588617,3.356363,3.3496685,3.3544307,3.3574617,3.351068,3.3526082,3.3504715,3.358471,3.3587377,3.3558662,3.351329,3.3601701,3.359603,3.3526485,3.3485582,3.3280537,3.343674,3.340624,3.33819,3.3262966,3.3138936,3.3273005,3.318782,3.3185196,3.2976148,3.306012,3.2983444,3.2950165,3.2909844,3.2790399,3.296743,3.2644167,3.2705328,3.2685921,3.249936,3.2868435,3.255541,3.2471433,3.2555137,3.2488859,3.25633,3.2432225,3.2438076,3.2357478,3.2333803,3.2326522,3.2462478,3.213894,3.2131822,3.2219353,3.2153525,3.2127948,3.2119267,3.2050672,3.2038481,3.1891677,3.1845179,3.18395,3.170874,3.1780844,3.1596148,3.168787,3.1747875,3.1725934,3.1618595,3.1685169,3.157458,3.156292,3.1531115,3.1565778,3.1554463,3.1091654,3.1360064,3.137782,3.142491,3.1277213,3.1316004,3.1189027,3.1280565,3.13002,3.127808,3.13006,3.1399493,3.14283,3.131954,3.1315818,3.1432989,3.146093,3.1467886,3.1379216,3.158933,3.1523008,3.1651487,,,,,,,,,,,,,,,,,,,,,,,,,,,,,,,,,,,,,,,,,,,,,,,,,,,,t95
FS/72.png,left,0.2006205999641679,3.8708806,3.8769078,3.856297,3.8597074,3.8541322,3.8649821,3.8684976,3.860594,3.8692276,3.8786955,3.8652277,3.8705454,3.8837159,3.8755937,3.8783083,3.8758547,3.88262,3.8831596,3.889217,3.8797276,3.8664708,3.8902435,3.8848426,3.88709,3.8858063,3.8771248,3.8797064,3.8806026,3.8736212,3.8725905,3.880954,3.8637304,3.8793988,3.8849812,3.884661,3.8708735,3.863615,3.8597212,3.858097,3.8889422,3.8603652,3.8585896,3.8771415,3.8685582,3.8683712,3.8561077,3.8683708,3.8677075,3.8596554,3.8512259,3.8586476,3.8580105,3.855751,3.860025,3.8581812,3.8474448,3.8130953,3.8382633,3.8484952,3.837709,3.837972,3.827979,3.8195221,3.8127832,3.8078005,3.814778,3.8073294,3.8024726,3.8078063,3.807971,3.7871892,3.7927382,3.789462,3.7786636,3.7842917,3.776996,3.7663348,3.7762504,3.7555816,3.7593703,3.7802465,3.7530916,3.7671988,3.746078,3.7677882,3.7714534,3.7711275,3.7575245,3.7669191,3.753334,3.7758625,3.7668717,3.7681243,3.7694054,3.77255,3.7804348,3.7693546,3.762413,3.7749562,3.783438,3.777921,3.777497,3.7739613,3.7823226,3.7788885,3.7944798,3.7827938,3.7840092,3.801096,3.785922,3.8166108,3.794823,3.78689,3.7974422,3.8126137,3.8248146,3.817535,3.8322713,3.8180792,3.8099098,3.8229818,3.8114467,3.8232737,3.8224874,3.8208199,3.8303163,3.7957985,3.8367074,3.848496,3.8329563,3.8399892,3.839188,3.8304913,3.8382905,3.8219995,3.8270352,3.8140306,3.815171,3.7788997,3.7771018,3.7349746,3.720763,3.7268384,3.6870725,3.669656,3.6277134,3.6211607,3.6086786,3.5638568,3.5338356,3.5234241,3.508131,3.5104444,3.484845,3.446685,3.4195557,3.4132135,3.4149451,3.4030583,3.3975785,3.378891,3.379992,3.3572059,3.330057,3.318475,3.3011768,3.2940047,3.3138871,3.2852297,3.2869115,3.286158,3.2649632,3.291914,3.2741423,3.277928,3.2616024,3.2872083,3.2829137,3.276818,3.2711663,3.2794266,3.2909484,3.3040593,3.2950618,3.3028982,3.3208776,3.312982,3.3299742,3.341952,3.330344,3.340886,3.3576577,3.372397,3.3550234,3.3661833,3.3557649,3.3615398,3.389791,3.3482876,3.3917415,3.3613112,3.437613,3.6220522,3.8069637,3.6973479,3.7289,3.7238743,3.7238903,3.7174065,3.7390447,3.7307074,3.746732,3.7425056,3.75049,3.7748718,3.7716098,3.7695088,3.7824397,3.792886,3.7880967,3.7754655,3.797655,3.803381,3.802933,3.8440433,3.8206742,3.792315,3.8353207,3.8128052,3.8295193,3.8252082,3.831461,3.8297758,3.8592734,3.8564003,3.8568358,3.858785,3.8469982,3.8684819,3.8565795,3.855774,3.8645887,3.8482552,3.8731775,3.8791258,3.850464,3.8685577,3.880838,3.8800693,3.843362,3.85059,3.848728,3.840056,3.8403792,3.836736,3.8348374,3.8330572,3.818606,3.8184288,3.8327258,3.810234,3.788517,3.8124456,3.7995074,3.7847376,3.7968373,3.7880232,3.8007805,3.7932427,3.7985923,3.795989,3.7712264,3.7594054,3.778264,3.7854097,3.775947,3.7726073,3.7785096,3.775339,3.7929206,3.7877703,3.772178,3.784688,3.8038113,3.778351,3.7641516,3.803599,3.7746437,3.7921472,3.7922504,3.770693,3.795691,3.7943618,3.7925897,3.7906866,3.7934182,3.8206632,3.8116152,3.8057826,3.8064172,3.7890255,3.7993186,3.81569,3.7988594,3.7963593,3.8060615,3.8165202,3.8283849,3.8083737,3.829944,3.8165214,3.8173645,3.8044968,3.816657,3.832482,3.8194904,3.8184564,3.8238919,3.8090637,3.8095107,3.8267214,3.8336296,3.8162181,3.8400283,3.8346968,3.8419998,3.8309212,3.8243628,3.8351963,3.8291955,3.8579113,3.8300424,3.8437488,3.8410919,3.8466175,3.861575,3.8606415,3.8541346,3.850394,3.8513932,3.8461957,3.8544292,3.8503594,3.8499372,3.852881,3.857411,3.8521957,3.8645005,3.8533757,3.8578272,3.8651047,3.8725495,3.8788567,3.8750966,3.8690765,3.8979943,3.8938138,3.882884,3.8902848,3.9035196,3.8933887,3.8897867,3.8984764,3.8994424,3.8914053,3.9033728,3.9019754,3.8998537,,,,,,,,,,,,,,,,,,,,,,,,,,,,,,,,,,,,,,,,,,,t21
FS/72.png,right,0.2238994999788701,3.7498484,3.7333932,3.7258873,3.7660112,3.7377636,3.7417924,3.7594795,3.7486799,3.7569876,3.7483969,3.758348,3.760704,3.7688203,3.7862954,3.7801967,3.7749789,3.772575,3.7798176,3.7838042,3.7804866,3.795863,3.7924364,3.7897222,3.7875018,3.8025289,3.808583,3.7933812,3.7982223,3.7939837,3.840259,3.8409061,3.834106,3.835949,3.8339984,3.8232803,3.8565736,3.8303509,3.8520052,3.8671288,3.8746805,3.8675995,3.8711588,3.8566687,3.8843312,3.876823,3.8787177,3.8873324,3.8851793,3.8890445,3.8559384,3.8942893,3.8927922,3.8771083,3.8886414,3.8973424,3.8789914,3.8856137,3.877538,3.886911,3.8854022,3.8695347,3.8921301,3.858229,3.8554556,3.8453374,3.8577657,3.8301191,3.8411074,3.8070474,3.8200629,3.7856522,3.805905,3.798249,3.8161037,3.7744555,3.8037357,3.7959247,3.7983618,3.7969391,3.7957463,3.7820904,3.7598593,3.7719433,3.7650466,3.7594664,3.7751226,3.766323,3.7766595,3.7486584,3.7711809,3.7559712,3.7563481,3.787137,3.7831955,3.7632382,3.7494652,3.78201,3.752848,3.7694013,3.7766933,3.7843673,3.7758377,3.7981417,3.7930102,3.797759,3.822933,3.7920268,3.8147705,3.8160408,3.828954,3.8255131,3.822879,3.8384047,3.8384695,3.8289785,3.837047,3.828601,3.8339539,3.8405826,3.839606,3.8464384,3.8674307,3.8631053,3.879548,3.8604424,3.8790216,3.888132,3.879509,3.8850121,3.8857083,3.8896492,3.887076,3.8880618,3.861436,3.8765519,3.8590949,3.8565516,3.8139012,3.800474,3.775667,3.7533932,3.747222,3.7212296,3.6687934,3.634565,3.6377778,3.6008947,3.588071,3.5625124,3.5151982,3.491942,3.4620006,3.45776,3.4283595,3.4196053,3.4008274,3.3648894,3.3634584,3.334303,3.3472216,3.3048234,3.3114715,3.2774196,3.2540665,3.2426057,3.2407842,3.2547843,3.2301595,3.2254565,3.2234151,3.2223496,3.230836,3.2319663,3.2300625,3.226684,3.2279086,3.2283666,3.2153158,3.225725,3.2241435,3.2333026,3.2200253,3.219113,3.2328894,3.2374427,3.2304213,3.2520962,3.230344,3.2343535,3.2810526,3.2796044,3.286442,3.2703223,3.2893567,3.2830343,3.2956557,3.3072274,3.2840655,3.2924826,3.303403,3.314997,3.3538542,3.3106818,3.3652117,1.7534354,3.602139,3.7299588,3.6446636,3.6273096,3.6579602,3.6388724,3.6527605,3.646388,3.6497478,3.652102,3.6918967,3.6622543,3.6587577,3.6651952,3.670243,3.691465,3.6932511,3.6889696,3.6992662,3.6873457,3.7026446,3.7082884,3.6926668,3.7389085,3.729756,3.7449734,3.7422106,3.7345366,3.748833,3.7299454,3.733719,3.7451308,3.7523978,3.7433243,3.7634797,3.7484012,3.7465549,3.7653122,3.770369,3.7764368,3.7591188,3.766727,3.7662685,3.7552032,3.7700179,3.7698221,3.770429,3.7652495,3.7659035,3.7684085,3.77733,3.771223,3.7697623,3.7697732,3.7637162,3.771169,3.7677374,3.7642105,3.7674735,3.7652998,3.7669835,3.7612135,3.766567,3.767336,3.7606936,3.7594795,3.7635822,3.772289,3.760414,3.7763605,3.7879884,3.75756,3.763983,3.7809672,3.789231,3.7753055,3.7704594,3.7684019,3.7734053,3.780089,3.7659612,3.774356,3.754287,3.7595246,3.771832,3.7553353,3.7472937,3.7911136,3.7982996,3.7814326,3.759084,3.7415833,3.7465293,3.7585516,3.771205,3.7290878,3.734729,3.7602224,3.784531,3.7578611,3.7631779,3.7626817,3.7660072,3.7676373,3.764951,3.7718909,3.750826,3.7729812,3.746687,3.7765858,3.752444,3.7728093,3.7496927,3.742748,3.7590163,3.7409537,3.778151,3.749811,3.7512379,3.7653797,3.7678971,3.7582424,3.775937,3.7705836,3.7708964,3.7569447,3.7731466,3.7680585,3.7666922,3.7656734,3.761897,3.771279,3.7673573,3.7742891,3.7783988,3.7712612,3.7791417,3.7657697,3.774618,3.7772565,3.77875,3.7715209,3.7716615,3.7799606,3.773432,3.78257,3.7824206,3.7766569,3.7743094,3.7934961,3.7969768,3.7943797,3.7888756,3.782051,3.787114,3.7926538,3.790804,3.8028529,3.7982008,3.799546,3.8051002,3.807347,3.8086753,3.807394,3.7985792,3.7889395,3.7904272,3.7900014,,,,,,,,,,,,,,,,,,,,,,,,,,,,,,,,,,,,,,t33
FS/72.png,left,0.2952556000091135,3.8389552,3.8535182,3.834374,3.8490758,3.846572,3.8391373,3.8283687,3.8281329,3.8278587,3.827411,3.8157818,3.83292,3.8148258,3.8267937,3.825516,3.8020368,3.79276,3.796788,3.7804537,3.7923768,3.7776809,3.805632,3.762518,3.7659645,3.7793927,3.7665954,3.7789974,3.7639158,3.7672443,3.7504964,3.7667747,3.7524316,3.7816224,3.7586234,3.7634568,3.7470295,3.7513266,3.7469587,3.7558913,3.7758641,3.7588875,3.7686975,3.763302,3.7475588,3.7632809,3.7536461,3.7720783,3.7540152,3.756512,3.770322,3.764366,3.7592564,3.7561395,3.7784321,3.7703314,3.7697759,3.7538054,3.7418818,3.75828,3.7582958,3.735359,3.7491455,3.7280264,3.7607772,3.7514634,3.7461405,3.7354589,3.7295525,3.7412,3.7288926,3.7272127,3.7199628,3.7262762,3.721151,3.7168422,3.7185788,3.7043073,3.6908252,3.700254,3.6813545,3.6978033,3.6933572,3.7000449,3.679146,3.6884604,3.6827552,3.6825738,3.6865048,3.679544,3.6858857,3.6684904,3.671401,3.667433,3.6512508,3.6682422,3.6602843,3.655626,3.6477997,3.6126826,3.6393094,3.6382945,3.6320128,3.6425316,3.6294959,3.6373208,3.6072197,3.6145966,3.6172993,3.6410506,3.6123111,3.6162913,3.6271348,3.640237,3.6252842,3.6174119,3.633207,3.6423311,3.6342502,3.6362684,3.630523,3.6256855,3.6376646,3.6395383,3.6392884,3.6343958,3.6412587,3.634169,3.6432781,3.6414936,3.6410594,3.6373649,3.6406686,3.6171677,3.6518586,3.6316626,3.6296632,3.6390529,3.6093845,3.5966668,3.589957,3.5621161,3.553625,3.5099106,3.4706578,3.4599001,3.450324,3.4281275,3.4035518,3.381119,3.3616529,3.3401845,3.3032496,3.2679968,3.2602863,3.2506897,3.2120216,3.2008624,3.2017465,3.200677,3.1774852,3.1684723,3.1816695,3.168018,3.1467574,3.1421766,3.1315312,3.1334658,3.1049325,3.0909693,3.0699294,3.075909,3.0709352,3.0644207,3.070746,3.0546002,3.0553029,3.072054,3.0657616,3.0620706,3.057103,3.0898175,3.0908494,3.0911958,3.0737329,3.1097858,3.0827622,3.1306882,3.1232543,3.1261284,3.156984,3.132982,3.1360836,3.1393313,3.1528332,3.134928,3.1585898,3.2048864,3.191875,3.1931863,3.1956809,3.1909716,3.2224545,3.2022903,3.2233987,3.2538674,3.3257012,3.283405,3.173332,1.9474783,3.546275,3.4918194,3.4892373,3.5410986,3.5678937,3.5778408,3.5855658,3.6097288,3.5938325,3.5886467,3.5890648,3.601649,3.6367433,3.6527128,3.6484861,3.6580002,3.6558816,3.6556325,3.6702702,3.6599636,3.6539114,3.6630313,3.6760006,3.6825352,3.6715662,3.6770802,3.6683414,3.674346,3.6763418,3.6933446,3.7270513,3.7067482,3.7118888,3.7106683,3.7208111,3.7307494,3.7148085,3.7432466,3.7288697,3.7105205,3.7492862,3.7495697,3.7545433,3.741754,3.7532737,3.7623324,3.7661397,3.7789366,3.772358,3.759645,3.7689211,3.7547865,3.764347,3.7549016,3.740341,3.7441366,3.7617648,3.7552607,3.7554133,3.7596133,3.7496858,3.7384682,3.7414253,3.729278,3.7320638,3.724944,3.726322,3.7299693,3.7293434,3.6992455,3.7024438,3.7063487,3.712963,3.7159388,3.7135231,3.705004,3.7039487,3.7109666,3.6992192,3.6921625,3.684005,3.692992,3.6878471,3.678632,3.6737185,3.6788974,3.6941137,3.6798685,3.6796834,3.6747446,3.6586316,3.6743374,3.6595368,3.6813977,3.685717,3.6610467,3.672994,3.69116,3.6725247,3.6649697,3.6782088,3.677032,3.671352,3.6794925,3.6731784,3.679677,3.658884,3.6819065,3.6764095,3.6845276,3.6828258,3.665753,3.690873,3.6603372,3.674394,3.681284,3.6575782,3.693497,3.66947,3.679658,3.659807,3.6584828,3.692949,3.694039,3.697455,3.6915655,3.6995938,3.6905167,3.725899,3.7024927,3.6956124,3.7020087,3.698035,3.7224543,3.6938746,3.715177,3.7199414,3.7042732,3.7139163,3.6959655,3.7227724,3.7195332,3.728075,3.7164965,3.7271655,3.7210336,3.7347252,3.7298787,3.7247722,3.7242222,3.7255156,3.7375326,3.725224,3.7251935,3.729985,3.7326303,3.739932,3.7421112,3.7365372,3.7366145,3.7412775,3.7365515,3.7562625,3.74125,3.7642632,3.7560227,3.759122,,,,,,,,,,,,,,,,,,,,,,,,,,,,,,,,,,,t49
FS/272.png,right,0.1245891000144183,3.8554294,3.8445485,3.8583598,3.8484979,3.8369124,3.8446515,3.826626,3.8430316,3.8143864,3.820154,3.8441434,3.8396678,3.8333228,3.8283086,3.819917,3.8287094,3.8163285,3.82306,3.7911055,3.8182855,3.8166084,3.8099005,3.8047273,3.799141,3.8216827,3.7959268,3.793007,3.7898502,3.791674,3.7920861,3.7879326,3.7863257,3.7660885,3.790465,3.779625,3.7811894,3.783962,3.7935572,3.7841809,3.7958457,3.7706409,3.7868407,3.7805426,3.7996385,3.7888463,3.7961407,3.796647,3.7947624,3.7932565,3.7913268,3.7911463,3.8039804,3.792295,3.7887084,3.7965813,3.7699726,3.7679565,3.7892685,3.79217,3.792092,3.797344,3.7977605,3.7857711,3.7794857,3.7866755,3.7658224,3.7619607,3.7869124,3.7783465,3.7470899,3.7522097,3.7749138,3.780099,3.7693894,3.7740667,3.75474,3.7863233,3.740198,3.7549362,3.7369113,3.7681143,3.7546403,3.7311766,3.7870002,3.7737763,3.76379,3.7497761,3.7841284,3.7571278,3.762918,3.7881446,3.7938867,3.7934086,3.797976,3.788098,3.7992342,3.7933323,3.7937086,3.799835,3.7890623,3.7943425,3.7910094,3.7909873,3.8118002,3.7877564,3.8110437,3.8018367,3.80128,3.7963057,3.8089774,3.8011053,3.8184836,3.815648,3.8241818,3.8210533,3.8120105,3.830579,3.8249164,3.8257723,3.8215127,3.8288422,3.824286,3.8216486,3.828218,3.8308494,3.8312616,3.830824,3.8290884,3.83316,3.820619,3.8329034,3.8327909,3.8168228,3.812906,3.8091104,3.7952812,3.7773893,3.7319787,3.7179537,3.6844766,3.6460001,3.6064866,3.5631351,3.550323,3.5246933,3.5042136,3.4689605,3.402512,3.402529,3.3739705,3.3446848,3.3207207,3.292944,3.282586,3.255327,3.239475,3.2139847,3.1771505,3.190015,3.194687,3.1667047,3.1292195,3.1259491,3.1081069,3.1040597,3.0660815,3.0698986,3.0395474,3.0508616,3.037075,3.0353284,3.0262713,3.0392814,3.0230405,3.0351453,3.0212178,3.0232327,3.0271263,3.0383403,3.0265155,3.024894,3.0241024,3.035664,3.0274253,3.0410492,3.0390174,3.0504086,3.065276,3.079128,3.0978446,3.0910394,3.0808308,3.1010911,3.0995183,3.1230783,3.123345,3.1295023,3.1265035,3.1594815,3.1697984,3.1710644,3.1721108,3.2002053,3.2227938,3.2136247,3.2301693,3.2457392,3.2508023,3.2633038,3.2678478,3.2920036,3.2998743,3.31727,3.3329003,3.3293023,3.3853657,3.3799076,3.3876247,3.3991098,3.3888123,3.4010565,3.3999891,3.407871,3.4326162,3.4298658,3.4498785,3.445195,3.4669974,3.4793017,3.5009034,3.4984539,3.5201392,3.5102434,3.5150104,3.5397131,3.5363712,3.5398347,3.543186,3.540602,3.5591724,3.5399153,3.5554945,3.575015,3.5732632,3.5948994,3.592472,3.616125,3.6126134,3.6024184,3.602996,3.6105292,3.6223075,3.615638,3.6164243,3.6313472,3.6169724,3.6206186,3.6274056,3.6268466,3.6219754,3.657681,3.6423702,3.6488042,3.6548104,3.6447895,3.6206076,3.6599207,3.657282,3.6513524,3.6783018,3.6628919,3.6519508,3.62394,3.6233194,3.6186028,3.5906591,3.6577387,3.704157,3.642516,3.7678323,3.7368891,3.6622527,3.652265,3.6416574,3.6206965,3.6314588,3.6512828,3.6607497,3.6406887,3.6336467,3.6686716,3.6512384,3.6442657,3.645662,3.6393151,3.6570146,3.6530552,3.6495907,3.6519978,3.6522548,3.6519182,3.649035,3.6538582,3.6560278,3.6479948,3.6604483,3.6673563,3.6766198,3.6793494,3.6818962,3.6807418,3.6749349,3.683523,3.682104,3.6737094,3.6992679,3.6939855,3.6917655,3.6954963,3.692178,3.6821315,3.697189,3.7043505,3.7104464,3.704007,3.7205448,3.7064798,3.7097003,3.711012,3.7161965,3.7258418,3.72213,3.7380974,3.714024,3.7112713,3.740359,3.7162797,3.7059953,3.7028627,3.7124946,3.7227387,3.697554,3.7062395,3.7133539,3.7015135,3.721387,3.7336438,3.693811,3.6956944,3.7257853,3.715509,3.7137024,3.718151,3.6999,3.7207744,3.710724,3.6986077,3.6810696,3.6738749,3.6995454,3.6864138,3.6841574,3.6996222,3.688355,3.684678,3.693069,3.684775,3.6707845,3.6870415,3.6761487,3.6714993,,,,,,,,,,,,,,,,,,,,,,,,,,,,,,,,,,,,,,,,t29
FS/272.png,left,0.1723640999989584,3.7904272,3.7900014,3.793991,3.7869904,3.785171,3.7827482,3.7760746,3.7790675,3.7795248,3.77541,3.7718573,3.7822192,3.760734,3.7552705,3.779505,3.7690864,3.7779937,3.7715294,3.758096,3.7530057,3.7475505,3.7644587,3.7480228,3.7436745,3.7637908,3.7357094,3.7361326,3.735969,3.7504086,3.7326968,3.733941,3.7419074,3.7346919,3.737266,3.7388465,3.745929,3.7322853,3.7440126,3.7555618,3.743655,3.7363777,3.7362578,3.7415633,3.7361867,3.7448385,3.7410207,3.7491007,3.7470386,3.7416258,3.7545655,3.75474,3.7563245,3.7598426,3.7673721,3.750594,3.755792,3.75315,3.7481816,3.7378378,3.7341466,3.733638,3.7308924,3.7338939,3.729018,3.721677,3.7043202,3.7156594,3.6859596,3.6877754,3.670893,3.6713269,3.6664479,3.648799,3.637738,3.6563218,3.6629086,3.6588633,3.6520305,3.6605978,3.646283,3.646026,3.644425,3.6306746,3.6226723,3.6303225,3.6454945,3.6355522,3.6251264,3.6442552,3.6283205,3.6327422,3.6237147,3.6520276,3.6262147,3.6287873,3.645371,3.6395786,3.6534534,3.6597364,3.6503813,3.661063,3.6530406,3.665634,3.654861,3.663493,3.6720755,3.6768923,3.6739845,3.7002513,3.6787443,3.6870592,3.7018623,3.6906445,3.6938136,3.7044141,3.6972618,3.703476,3.7187443,3.714337,3.727123,3.7204025,3.731267,3.7343152,3.7225206,3.6981344,3.7275245,3.723393,3.7268982,3.7329466,3.7397761,3.737477,3.7414455,3.7422607,3.7378263,3.7409182,3.7387755,3.7225118,3.7135189,3.6812046,3.6613328,3.6447518,3.6088388,3.5869625,3.5581787,3.5598016,3.5153415,3.4783347,3.4509828,3.4463909,3.4395325,3.417716,3.3661582,3.355314,3.3320792,3.3160655,3.2920363,3.2864406,3.2689097,3.2480676,3.2425585,3.2390733,3.2188706,3.2151294,3.204307,3.19995,3.1890578,3.1835582,3.1921887,3.1893337,3.1838849,3.1769724,3.1800654,3.173521,3.177228,3.1694279,3.1750097,3.1680954,3.173403,3.1612623,3.1673667,3.1773436,3.1844258,3.17622,3.191209,3.1928155,3.1946707,3.1992438,3.2026978,3.2017071,3.1963837,3.1909816,3.214576,3.210623,3.2145212,3.2352717,3.2471886,3.241826,3.23654,3.255158,2.3934584,2.1528506,3.5398865,3.5188074,3.7773116,3.537389,3.5390646,3.5594702,3.5766919,3.571417,3.5745082,3.5856092,3.544546,3.59816,3.603367,3.601885,3.6111388,3.6309867,3.6268005,3.6278787,3.628667,3.6517148,3.634456,3.6471686,3.6633272,3.6600606,3.6674607,3.6786523,3.6948678,3.6847982,3.691639,3.704061,3.696192,3.7062402,3.694014,3.6952167,3.7101715,3.7177494,3.724113,3.7077787,3.7175465,3.7111773,3.720115,3.72087,3.71757,3.722565,3.7261019,3.732999,3.7308452,3.729395,3.7480502,3.727912,3.7449856,3.722482,3.7332418,3.717585,3.7397823,3.7451348,3.7451909,3.7441163,3.7491372,3.7654855,3.7295287,3.7266834,3.7630727,3.7445648,3.753739,3.7234921,3.75139,3.7282848,3.7327232,3.7418187,3.7307713,3.743798,3.735894,3.7200575,3.7237082,3.7157063,3.7213476,3.7211874,3.7222784,3.7131917,3.7126138,3.6937304,3.7166846,3.7031004,3.6809762,3.6891577,3.7125788,3.6890512,3.6996624,3.7226768,3.7028663,3.726173,3.716919,3.7160096,3.7116635,3.7033296,3.7249126,3.706128,3.7056773,3.7171123,3.692456,3.7122393,3.6899598,3.6982968,3.7088404,3.7049103,3.7104983,3.7105057,3.7148046,3.705472,3.7065625,3.69928,3.7325113,3.712365,3.7124977,3.7123156,3.7110364,3.7136748,3.7094972,3.714802,3.707096,3.7289548,3.7135642,3.7182055,3.7317216,3.760265,3.735721,3.7325246,3.7208712,3.7426174,3.728746,3.755386,3.735533,3.7623873,3.7604873,3.776827,3.7638052,3.7734773,3.7685745,3.7615333,3.779809,3.7906907,3.7907672,3.7926357,3.7819066,3.783517,3.799094,3.809127,3.8001914,3.8090863,3.8160183,3.8137531,3.8192325,3.8323972,3.8429856,3.828558,3.833493,3.8295233,3.8447318,3.8469207,3.8539689,3.8514674,3.8461494,3.8490179,3.8623166,,,,,,,,,,,,,,,,,,,,,,,,,,,,,,,,,,,,,,,,,,,,,t34
FS/572.png,right,0.2699358999961987,3.6683505,3.6704342,3.6628613,3.6710534,3.6835272,3.6760476,3.6820178,3.6701303,3.6681936,3.6853082,3.6791122,3.6774902,3.6742582,3.6801825,3.6810653,3.6834273,3.6794193,3.6721761,3.670235,3.6811962,3.683002,3.6725328,3.6734793,3.6711218,3.668666,3.6908371,3.6766474,3.6722631,3.6800919,3.6820107,3.6713667,3.6684783,3.6709437,3.6937165,3.6744194,3.6797652,3.6703503,3.6723783,3.6807745,3.6790493,3.68302,3.6838675,3.6788268,3.6777525,3.6862192,3.679355,3.6727037,3.6766937,3.6902544,3.6759374,3.6801174,3.682774,3.6989207,3.676347,3.673132,3.6735165,3.6777081,3.6759143,3.680281,3.6770682,3.6819859,3.6759815,3.670472,3.6808453,3.6818995,3.6841085,3.678305,3.6890473,3.6706069,3.6629283,3.6754804,3.6665473,3.6663072,3.6737456,3.6785157,3.6678681,3.6722429,3.6776206,3.66476,3.68346,3.6630132,3.6731262,3.677064,3.678727,3.6605422,3.6942408,3.6703873,3.6804874,3.6919022,3.6935308,3.7084246,3.703942,3.7023263,3.6952155,3.7103655,3.7026863,3.716406,3.7200544,3.7196398,3.700972,3.7214139,3.7152934,3.7226086,3.7232103,3.7171593,3.7286327,3.7307606,3.7134955,3.746858,3.737945,3.7419682,3.742921,3.7327192,3.7479393,3.749571,3.7483912,3.7474535,3.7670276,3.7614167,3.7463408,3.759766,3.7596617,3.76732,3.7834945,3.764406,3.7703426,3.758625,3.7704678,3.7653196,3.7701316,3.7652292,3.7605708,3.7733166,3.758576,3.7567735,3.7494617,3.7384236,3.7228496,3.7086232,3.6872241,3.6706493,3.6252031,3.6191194,3.5881217,3.564758,3.5177345,3.477188,3.4564836,3.4470701,3.429412,3.4132295,3.3578105,3.3169081,3.3036757,3.2979906,3.25749,3.2450242,3.2511892,3.228386,3.202777,3.2038035,3.1893713,3.1824102,3.1671937,3.1433105,3.147786,3.1406767,3.1178207,3.11647,3.1152751,3.1090386,3.1030443,3.119441,3.0893972,3.0986123,3.0925457,3.0937047,3.0930827,3.0933294,3.1109295,3.0846963,3.0906916,3.0967367,3.0893326,3.111569,3.1129699,3.1143777,3.1294708,3.1451647,3.147891,3.1706514,3.1586356,3.1903095,3.1825166,3.2047153,3.2141232,3.2093706,3.2236032,3.2286448,3.2415397,3.2430937,3.2619452,3.2702403,3.2542238,3.2878826,3.3021073,3.3253307,3.3205163,3.324022,3.3309674,3.3349156,3.3665848,3.3663857,3.3635538,3.3865051,3.394102,3.3965154,3.3898406,3.4017272,3.3937404,3.4192483,3.4401302,3.4332314,3.4440992,3.452292,3.447891,3.4808204,3.4652965,3.5068088,3.4807665,3.4898057,3.490605,3.4833615,3.496731,3.4882736,3.4798799,3.5019512,3.4994276,3.5509028,3.50248,1.749017,3.601367,3.572473,3.629644,3.6043284,3.5845428,3.5926597,3.609322,3.6132104,3.6013567,3.587984,3.5940015,3.5944636,3.6054363,3.6283545,3.6324084,3.5984888,3.6286204,3.6334486,3.6244972,3.6271224,3.6293275,3.650564,3.6342988,3.6405544,3.6414728,3.6324804,3.6376538,3.6549377,3.6619308,3.6404893,3.6735754,3.651844,3.6697533,3.6693761,3.6930916,3.6577907,3.6891394,3.6922204,3.6890733,3.6912467,3.6746533,3.6955376,3.7108738,3.7049432,3.7184637,3.7265954,3.704904,3.7193248,3.7310123,3.7135093,3.7358217,3.736,3.7295506,3.7255876,3.723132,3.7229004,3.7217793,3.7280903,3.7260277,3.7365632,3.7714124,3.7601247,3.7433496,3.738548,3.7279532,3.7523172,3.7558641,3.7406216,3.7481863,3.746303,3.7647452,3.7476091,3.7346447,3.7456393,3.7522953,3.7444313,3.7349067,3.7599075,3.7497604,3.7488046,3.7563136,3.7537076,3.7548513,3.7513127,3.7415037,3.7427723,3.739878,3.737929,3.7541232,3.7429793,3.729789,3.7212732,3.7277875,3.744548,3.7413971,3.697362,3.7245429,3.722591,3.7280328,3.7145915,3.7113156,3.7124348,3.7048488,3.7182806,3.715087,3.694339,3.6843326,3.7128055,3.699203,3.704579,3.709074,3.696023,3.6979246,3.703646,3.71835,3.7108672,3.7112534,3.7131264,3.7165349,3.7035728,3.7183542,3.7061605,3.7049634,3.7074797,3.7311497,3.7186458,3.698206,3.7361255,3.7249851,3.7237778,3.7092223,3.7311969,3.7235878,3.7297082,3.7210164,3.7248766,3.734977,3.7316287,3.728273,3.7338407,3.733646,3.7264,3.7320027,3.7349865,3.724846,,,,,,,,,,,,,,,,,,,,,,,,,t32
FS/12.png,right,0.2020932000013999,4.0433164,4.019088,4.0359383,4.037435,4.037848,4.0518265,4.061795,4.0418363,4.055085,4.051795,4.0461273,4.047382,4.045102,4.061773,4.058466,4.056538,4.063805,4.0665545,4.074261,4.0417643,4.069386,4.051463,4.060844,4.0480127,4.0535784,4.05891,4.0698366,4.046857,4.046396,4.045566,4.0463967,4.042248,4.0497427,4.035438,4.0469666,4.0353346,4.0383816,4.0495424,4.028876,4.0385695,4.015793,4.0222607,4.010169,4.0132647,4.024061,3.9998646,4.0029798,4.023145,4.0235043,4.0380583,4.0202227,4.0223126,3.9962287,4.0190964,4.000394,4.0089126,4.003921,3.9850547,3.9980075,3.9871986,3.9680789,3.9715557,3.9736445,3.9768357,3.9629881,3.957409,3.9513123,3.9510496,3.9240706,3.9310684,3.9001534,3.8959692,3.882044,3.8882554,3.874412,3.859513,3.8717334,3.8808103,3.8458793,3.8615394,3.863562,3.8676846,3.8635113,3.8520374,3.852089,3.8516328,3.8545249,3.8400476,3.8443696,3.8323028,3.8527598,3.8407156,3.854833,3.860638,3.8479106,3.8633523,3.8563538,3.883171,3.8628988,3.8511913,3.873913,3.908569,3.8847792,3.8898351,3.9090335,3.9128976,3.91576,3.9133875,3.9298482,3.9127915,3.9116924,3.948417,3.9493985,3.945126,3.957777,3.9357686,3.9759567,3.9663563,3.970051,3.9743688,3.9717908,3.9843247,3.9961445,3.9842424,3.9798017,4.0114565,4.010324,4.018619,4.0100594,4.021314,4.0224295,4.023093,4.0261445,4.011122,4.029359,4.0314126,4.0174446,4.0111437,3.986704,3.9808123,3.972179,3.9223733,3.913853,3.9011443,3.8777332,3.8640985,3.8121662,3.7899034,3.7671585,3.7446773,3.7142262,3.6910849,3.664754,3.641353,3.6172051,3.6028073,3.581593,3.5458164,3.525506,3.5204237,3.5008168,3.4846466,3.47614,3.467295,3.4335449,3.411383,3.4177592,3.4242594,3.3980718,3.415552,3.3987114,3.399634,3.3811374,3.384685,3.3580186,3.3628242,3.35121,3.3604589,3.3432271,3.386685,3.3513288,3.3568282,3.3700716,3.3817546,3.3811197,3.3780115,3.386001,3.3786952,3.3847446,3.3873706,3.4035516,3.393575,3.3853722,3.3756425,3.3714395,3.3923774,3.3718824,3.3766253,3.374451,3.3958597,3.3858702,3.4781115,2.1236923,3.808638,3.609658,3.6443906,3.6531293,3.6750278,3.6768796,3.6752036,3.7059264,3.7070436,3.6935835,3.7351356,3.748786,3.7627947,3.7707155,3.7481718,3.7975454,3.7883055,3.796408,3.7824893,3.7795331,3.780404,3.7884765,3.7901304,3.7966383,3.7961648,3.8093853,3.8152564,3.8381033,3.7901697,3.8278975,3.801112,3.817202,3.8232732,3.8404586,3.8362908,3.8360808,3.8318095,3.8277962,3.8378778,3.8488262,3.836802,3.8376613,3.8418233,3.8367724,3.8490884,3.8377795,3.83327,3.8392837,3.8196294,3.8516886,3.8447158,3.8440254,3.8444974,3.8577802,3.8374827,3.82425,3.818464,3.8272448,3.8201382,3.8038673,3.812341,3.798692,2.1148663,3.8999298,3.8305154,3.9091754,3.8274376,3.8113234,3.8176272,3.8083138,3.8094785,3.8132846,3.796627,3.794034,3.8024738,3.8128633,3.8159885,3.809966,3.8179176,3.807851,3.8145595,3.8226812,3.8110867,3.835757,3.8096838,3.8258038,3.8338084,3.8314369,3.8316782,3.8103435,3.8266096,3.849181,3.8349342,3.8426278,3.8262136,3.8247888,3.8308384,3.8277695,3.8424425,3.8384483,3.8382788,3.8146017,3.8393197,3.8241858,3.8308573,3.8365679,3.7999957,3.8212714,3.831139,3.7524207,3.8224413,3.814285,4.033832,3.8341506,3.8176894,3.8253946,3.8514087,3.8516548,3.8571715,3.8657286,3.8618,3.8503819,3.8594372,3.863379,3.8714788,3.8583798,3.8734863,3.8733315,3.8535392,3.8580637,3.8804042,,,,,,,,,,,,,,,,,,,,,,,,,,,,,,,,,,,,,,,,,,,,,,,,,,,,,,,,,,,,,,,,,,,,,,,,,,,,,t36
FS/472.png,right,0.1766253000241704,3.9003327,3.921077,3.9203534,3.9171007,3.9173226,3.9188683,3.924534,3.9188285,3.9173217,3.9357092,3.9500585,3.919021,3.954392,3.9672215,3.9576766,3.9703887,3.9723418,3.972607,3.9811153,3.9759636,3.978016,3.9842458,3.9651513,3.9773602,3.9846706,3.9837778,3.980927,3.9780447,3.9895732,3.9959803,3.9949794,3.994946,3.9987574,3.9851184,3.991524,4.003637,3.9792747,3.9930415,3.9963624,3.9927826,3.9746377,3.9846964,3.9648917,3.9748776,3.960538,3.9621665,3.9642544,3.9659405,3.9537034,3.9844935,3.9729383,3.9684367,3.9547994,3.955661,3.9586196,3.9601312,3.9509234,3.9336495,3.9320505,3.9433875,3.9232986,3.9252539,3.9355915,3.9154973,3.9152377,3.9006083,3.9120617,3.9039748,3.9048948,3.8733087,3.8831236,3.8694248,3.8639712,3.839779,3.838352,3.847435,3.847928,3.8328462,3.8455503,3.8281682,3.8445017,3.8499174,3.840164,3.830019,3.8564706,3.8454905,3.8480723,3.8731258,3.858409,3.869442,3.8471496,3.8664796,3.8765342,3.866532,3.8710663,3.872539,3.8704927,3.8689156,3.8679223,3.8804798,3.885176,3.8761435,3.87404,3.8807554,3.8883374,3.883772,3.8871405,3.9279935,3.917157,3.9123032,3.9045343,3.897064,3.9351406,3.9211733,3.9237866,3.913096,3.9243755,3.9490056,3.9538996,3.9363136,3.9299,3.9416173,3.9504035,3.9607077,3.971808,3.961843,3.9528027,3.96341,3.9508352,3.9602349,3.9653697,3.9710076,3.9514892,3.9641585,3.9578047,3.9526868,3.9266145,3.9124684,3.883232,3.8421345,3.825738,3.8138437,3.7900307,3.7524364,3.7140672,3.6780005,3.6614876,3.6289175,3.61069,3.6046402,3.5351894,3.5161593,3.505444,3.4480143,3.4447527,3.4228685,3.4026277,3.3718965,3.3582876,3.3459055,3.3299346,3.318114,3.3112926,3.2748656,3.2750385,3.28252,3.2698426,3.2657058,3.2462778,3.2218616,3.2201724,3.2235897,3.202035,3.2224183,3.2043412,3.2044191,3.194778,3.1849177,3.1881056,3.183164,3.1794345,3.196877,3.2045734,3.1870878,3.1828701,3.2075613,3.186079,3.186116,3.1869392,3.1527033,3.1545396,3.1675158,3.1464796,2.428858,3.4968207,3.5465677,3.511339,3.6221395,3.502241,3.5235085,3.5332456,3.5670314,3.583368,3.598353,3.5957906,3.6284409,3.6326878,3.6518948,3.6640034,3.6613555,3.661712,3.6974428,3.7115812,3.6981905,3.7144845,3.7374332,3.7142742,3.7161589,3.7293327,3.731294,3.7308629,3.750978,3.7572167,3.7513263,3.7614803,3.7686608,3.7586615,3.779906,3.790118,3.7824085,3.7682385,3.7848983,3.7772498,3.8101747,3.8039293,3.8111656,3.811251,3.8144197,3.8205802,3.8053422,3.8245564,3.82637,3.8171387,3.8212597,3.8297977,3.858679,3.8560445,3.8573291,3.86627,3.8514585,3.846864,3.8505833,3.8530004,3.8454401,3.8196032,3.8532927,3.8906984,3.8549042,3.8387346,3.8301344,3.8378897,3.8438408,3.862327,3.8517454,3.8576524,3.8447373,3.8466861,3.8531063,3.8535354,3.8527763,3.843233,3.8527446,3.8542883,3.8538027,3.846228,3.853653,3.8501081,3.8439448,3.8579118,3.8504653,3.8459196,3.858949,3.8522055,3.8469048,3.8531592,3.8504162,3.8588188,3.8552496,3.8544824,3.8496885,3.8488722,3.8558762,3.8475,3.8479214,3.856595,3.8520076,3.856165,3.8514788,3.8548594,3.8534644,3.851048,3.853327,3.8543692,3.843502,3.8524928,3.8547533,3.8539162,3.8509002,3.8471148,3.8533614,3.8537781,3.8559117,3.8490682,3.8575354,3.8501978,3.857788,3.8602278,3.8497787,3.8584547,3.8586528,3.860066,3.8605433,3.8636394,3.8591423,3.8670404,3.8696086,3.8632975,3.8711553,3.8692725,3.8773615,3.8820908,3.8723893,3.8709595,3.8820183,3.8849206,3.8674808,3.891817,3.9088805,3.9001913,3.9066644,3.8853748,3.915485,3.8931227,3.8991354,3.896264,3.9178882,3.928086,3.931815,3.925209,3.9337955,3.9166028,3.9427705,3.9237726,3.9394991,3.9368072,3.936752,3.9543302,3.9411743,3.939483,3.9524453,3.9459407,3.939105,3.9809604,3.965281,,,,,,,,,,,,,,,,,,,,,,,,,,,,,,,,,,,,,,,,,,,,,,,t38
FS/472.png,left,0.1552117000101134,3.812535,3.818039,3.8216267,3.813626,3.8263972,3.8380234,3.8232927,3.8387384,3.837613,3.8348703,3.8525095,3.837488,3.8343341,3.8343742,3.8551185,3.8491695,3.8541977,3.8563025,3.86896,3.8646593,3.8621905,3.8568492,3.874131,3.8674707,3.8846998,3.8752015,3.8586297,3.8726532,3.900097,3.8693895,3.8972404,3.8887413,3.8751686,3.8978589,3.8828332,3.887125,3.8886278,3.8812954,3.8759215,3.8927276,3.888105,3.8957634,3.873001,3.8806977,3.894836,3.9043844,3.886539,3.8779526,3.8661647,3.8863616,3.8700638,3.8639147,3.8731155,3.8701081,3.870457,3.8520932,3.8519263,3.846365,3.8418174,3.831444,3.8244607,3.8177176,3.793075,3.7859974,3.7702124,3.7830882,3.7674377,3.7411258,3.7352831,3.734736,3.7291265,3.705587,3.6926644,3.6971889,3.7010283,3.6955879,3.6858234,3.6825893,3.6917799,3.67867,3.679241,3.6985793,3.6944754,3.6867895,3.6807806,3.6836228,3.6836998,3.6866796,3.6948886,3.6930084,3.6960242,3.6979294,3.6948512,3.736648,3.6956346,3.7223155,3.750746,3.7335722,3.7419267,3.7410395,3.7407124,3.7709978,3.7540493,3.7629433,3.7712023,3.7873523,3.7731242,3.792945,3.7967052,3.79124,3.789797,3.8083503,3.8005612,3.8001416,3.791061,3.811861,3.8069177,3.8119779,3.8065748,3.8071806,3.8287034,3.8226917,3.8222897,3.8273952,3.8182118,3.8272138,3.8212018,3.8248575,3.8237023,3.825069,3.8459787,3.8341517,3.8258095,3.8154035,3.8421938,3.8142574,3.8073606,3.7877374,3.7753854,3.736945,3.704913,3.681739,3.6656644,3.6434186,3.621844,3.6028304,3.5933056,3.5530434,3.4990242,3.486912,3.4591956,3.4492097,3.412518,3.4147089,3.4145389,3.3778927,3.3543615,3.3543127,3.3254335,3.3213015,3.308311,3.312495,3.3053927,3.2803957,3.2851727,3.2547126,3.2324314,3.230403,3.2449641,3.242131,3.2184906,3.206824,3.212998,3.2070503,3.1965733,3.4406052,3.7079399,3.4506645,3.4610355,3.4876525,3.4985547,3.4979868,3.5308766,3.5421932,3.5464604,3.555285,3.5653756,3.5739896,3.592683,3.5994759,3.6016285,3.6123466,3.6251173,3.6216476,3.6318383,3.656023,3.6402752,3.6524715,3.6604953,3.6825516,3.6796322,3.700925,3.6790369,3.6877327,3.7028096,3.691933,3.7227278,3.711513,3.699207,3.7085264,3.761369,3.7105644,3.7576637,3.7580338,3.732104,3.7663655,3.753781,3.7626839,3.7620168,3.7794404,3.7751722,3.7857535,3.7699094,3.76624,3.7884414,3.781192,3.7889683,3.7917721,3.795457,3.7858865,3.7807105,3.7887814,3.7863958,3.8000898,3.786986,3.7933676,3.7896748,3.7871578,3.799788,3.7927947,3.8007078,3.7959352,3.7892618,3.7991977,3.7966235,3.7976058,3.794816,3.7983487,3.7974546,3.8023474,3.8039336,3.801023,3.7965672,3.786728,3.7927353,3.8502252,3.8063006,3.774673,3.778889,3.7737386,3.7828934,3.783178,3.7798405,3.7790165,3.780101,3.7793753,3.7818005,3.7799337,3.7780216,3.7851727,3.7809112,3.7798252,3.7828743,3.7856297,3.7749178,3.782202,3.785169,3.7750075,3.7777295,3.7792501,3.7799704,3.7818484,3.786348,3.7806163,3.777016,3.7836342,3.774789,3.770374,3.779742,3.7904544,3.7784412,3.7807164,3.7821329,3.782845,3.7959588,3.7977629,3.7986171,3.7978358,3.7952685,3.7992008,3.8043945,3.8004391,3.8099895,3.8026187,3.8095608,3.8067799,3.826353,3.8125067,3.8219023,3.822911,3.8328686,3.8291886,3.8164754,3.8360124,3.8559642,3.8580792,3.8556545,3.8467054,3.857866,3.8540242,3.8577197,3.8603432,3.8565125,3.849387,3.8615625,3.8691218,3.86799,3.8668494,3.8708105,3.8752995,3.8631525,3.893665,3.8772612,3.907969,3.9126205,3.9273252,3.9291103,3.9135742,3.9339464,3.9238513,3.9115777,3.928145,3.9323556,3.9350162,3.9229639,3.9351795,3.931409,3.9331517,3.9428325,3.949566,3.9340096,3.9462974,3.9500387,3.930859,3.9443216,3.9513311,,,,,,,,,,,,,,,,,,,,,,,,,,,,,,,,,,,,,,,,,,,,,,,,,,,,,,,t51
FS/192.png,left,0.1769181999843567,3.9627843,3.9432135,3.95127,3.9600496,3.95975,3.976089,3.9641001,3.980132,3.9692192,3.9937384,3.98655,3.9986637,4.005159,3.9964201,4.0097046,3.9930816,3.993614,3.9921262,3.9919293,4.000411,4.013665,4.001888,4.004408,4.0143995,4.012767,4.014444,4.008012,4.019689,4.00639,3.9943073,4.002675,4.0210104,4.0295887,4.018044,4.004077,4.009944,4.030052,4.009984,4.0250015,4.009512,4.0123425,4.0066133,4.029374,4.0074363,4.002848,4.0115685,4.018462,4.0186496,4.0123706,4.019008,4.0141745,4.004432,4.0220656,4.00382,4.018444,4.004316,4.0135455,4.0103517,4.0036983,4.024234,4.0010405,4.0011344,3.9833407,3.9852598,3.9786444,3.977353,3.9861841,3.9570732,3.9765306,3.949094,3.9742029,3.9508264,3.9500647,3.9186783,3.914201,3.9055886,3.9219248,3.9192224,3.9159267,3.9323897,3.9125776,3.908333,3.8995745,3.909493,3.9102426,3.9162972,3.907199,3.9030192,3.8969862,3.909896,3.8943226,3.904432,3.9051967,3.925588,3.9028416,3.9112613,3.9057295,3.9049594,3.9190936,3.921521,3.9283254,3.9353242,3.9178808,3.9271183,3.9415596,3.9272547,3.938307,3.9201074,3.9411907,3.9442084,3.9500668,3.9594648,3.9628608,3.9627209,3.9726734,3.9646075,3.9602406,3.9811862,3.9894617,3.9860303,3.990739,4.005818,4.0194407,3.9974,3.9936008,3.985839,3.9894679,3.9900026,3.9947925,4.0277705,4.003049,3.9990902,3.9934592,3.980295,3.9674156,3.956645,3.9505734,3.902054,3.8989055,3.851066,3.833805,3.8139067,3.8017213,3.7481725,3.7079313,3.6907847,3.6702487,3.645979,3.6394353,3.5806043,3.550699,3.5322616,3.5261736,3.4976108,3.46819,3.4425135,3.4321034,3.4058976,3.3984087,3.3790889,3.363939,3.3563285,3.3440566,3.3490438,3.3314505,3.3169546,3.3143113,3.3098307,3.3032124,3.3101673,3.2871916,3.2513535,3.2509522,3.2886498,3.2447455,3.2364733,3.2496653,3.2344208,3.2271314,3.238329,3.2407067,3.242034,3.2430162,3.2328205,3.249761,3.2453573,3.2433336,3.2337842,3.2293577,3.2364705,3.2179987,3.2354012,1.9529301,1.6363419,3.584856,3.6059165,3.7592552,3.559666,3.5962195,3.6137576,3.6002896,3.5933993,3.6101081,3.6253676,3.620144,3.637208,3.675069,3.6812599,3.6992295,3.6914904,3.708536,3.7057986,3.7127924,3.7164629,3.7013454,3.7162955,3.7325177,3.7419264,3.746147,3.7677953,3.7691517,3.743798,3.7551613,3.732594,3.7601025,3.780182,3.7792094,3.7781043,3.7770052,3.7826242,3.7887225,3.7796361,3.7886798,3.8072512,3.7926643,3.814355,3.8080637,3.8076913,3.8119605,3.8144994,3.801592,3.8091664,3.8151357,3.8108737,3.798337,3.8149939,3.8112264,3.816788,3.8146834,3.8082314,3.8120854,3.8201916,3.8098483,3.8100948,3.809805,3.8357544,3.811169,3.8345795,3.833714,3.8172529,3.812314,3.8063245,3.8151567,3.8211217,3.826361,3.8281884,3.8210807,3.8283486,3.8265293,3.817989,3.823382,3.8166184,3.8233988,3.822642,3.8129125,3.8226643,3.8199306,3.8291714,3.828732,3.822219,3.8262703,3.8203125,3.8135448,3.814145,3.8242357,3.8199983,3.8168452,3.8151157,3.80345,3.799984,3.8517842,3.8236742,3.7969503,3.7850032,3.7988536,3.7891102,3.7913442,3.8114672,3.7970889,3.8015301,3.8335257,3.8198106,3.8242726,3.8275936,3.7968516,3.830502,3.8166983,3.817216,3.830044,3.842173,3.8360367,3.8338146,3.845157,3.8270948,3.8549829,3.8445306,3.835775,3.845601,3.866326,3.8431249,3.877494,3.8584776,3.8896563,3.8858953,3.8789449,3.8833807,3.8887942,3.8777106,3.8846276,3.9008672,3.8903081,3.8885393,3.8897521,3.8940673,3.8976758,3.9034092,3.9078958,3.9239058,3.942758,3.938761,3.9376028,3.9475741,3.9294112,3.9337504,3.9533756,3.9644017,3.9444468,3.9494145,3.9578352,3.955526,3.9587698,3.9687295,3.9779649,3.9588587,3.9710329,3.974023,3.9739294,3.9850059,3.9908931,3.9991784,3.9674087,3.9898124,,,,,,,,,,,,,,,,,,,,,,,,,,,,,,,,,,,,,,,,,,,,,,,,,t39
FS/192.png,right,0.2269875000347383,3.9454336,3.9515526,3.9437728,3.9512956,3.9480572,3.9639254,3.9504802,3.9558494,3.960918,3.9539695,3.95049,3.954632,3.959161,3.9585786,3.962388,3.9685907,3.9571378,3.9553864,3.972474,3.9785376,3.9575968,3.9685407,3.9798503,3.9689295,3.9722786,3.9706342,3.972644,3.985057,3.9824445,3.982116,3.975718,3.969709,3.990032,3.961196,3.9527993,3.9573233,3.9846237,3.9777994,3.9659786,3.967853,3.9691718,3.9499347,3.9673946,3.9845417,3.9536896,3.9710324,3.9637685,3.9816191,3.9646506,3.966149,3.9724975,3.9733217,3.979133,3.9558175,3.9704525,3.9729848,3.9650528,3.9646149,3.9733,3.948134,3.9534557,3.9674187,3.9724288,3.972139,3.9755747,3.9634237,3.9619558,3.969256,3.9521258,3.9533167,3.9538665,3.9527018,3.9542153,3.952189,3.9576378,3.9557607,3.940178,3.9422295,3.9563806,3.944003,3.9456782,3.9343436,3.9499288,3.9532819,3.925897,3.951308,3.9381955,3.931987,3.9409728,3.9399488,3.9329367,3.950119,3.9479802,3.950574,3.936764,3.9358897,3.9378455,3.9558399,3.9463196,3.965531,3.9728177,3.97067,3.9772933,3.9739034,3.9687371,3.9838154,3.976012,3.9958682,3.977937,3.988966,3.982886,3.9804335,4.0012193,3.9989228,4.0046988,3.9961746,4.016765,4.030563,4.0130796,3.9932787,4.0407352,4.0489364,4.039385,4.032926,4.048545,4.040845,4.059227,4.0480742,4.0511603,4.0313144,4.049355,4.037833,4.0605993,4.0405593,4.0358534,4.0248947,4.0341988,4.007588,3.977712,3.9704776,3.969369,3.9137428,3.8998582,3.881258,3.8502724,3.8286023,3.805116,3.766645,3.7422185,3.719463,3.7044976,3.6775312,3.6429636,3.6226466,3.6077375,3.5934174,3.546295,3.5384884,3.5164645,3.5304632,3.5085266,3.5267162,3.4937146,3.4525099,3.475756,3.432541,3.431355,3.432039,3.4144974,3.42562,3.3987167,3.4060152,3.4156241,3.3904665,3.398593,3.3966792,3.3981102,3.3907351,3.3927445,3.3856912,3.3567584,3.3470848,3.3871708,3.3664594,3.3787763,3.3660057,3.380816,3.3691154,3.355354,3.388698,3.7718189,3.7854466,3.669876,3.741091,3.741435,3.7301636,3.742191,3.7729173,3.772743,3.782918,3.7679582,3.8044612,3.82055,3.807567,3.808148,3.8379004,3.8376956,3.8419828,3.8442848,3.850181,3.8586366,3.8567533,3.8555243,3.848617,3.876268,3.8719695,3.874664,3.8856673,3.8866682,3.8825111,3.883671,3.8828123,3.8873937,3.8981957,3.915828,3.9064581,3.9018528,3.9057417,3.9007792,3.929964,3.9199517,3.911468,3.9062896,3.901567,3.89443,3.8848622,3.893833,3.8841696,3.891989,3.9042802,3.8895996,3.8843527,3.8865554,3.8756683,3.8871574,3.8778481,3.8782399,3.8776934,3.8591902,3.8671741,3.8479154,3.842272,3.8449976,3.8468907,3.8274102,3.8350558,3.842548,3.8341248,3.8134117,3.7961953,3.8097694,3.7909822,3.7723587,3.7569337,3.7461605,3.7465453,3.742599,3.740064,3.740164,3.739963,3.7261102,3.7396843,3.7347355,3.7372015,3.729708,3.716957,3.7204669,3.7203295,3.7282507,3.6927571,3.6823237,3.690741,3.7014072,3.7053485,3.6954584,3.700159,3.6978095,3.7027617,3.7057374,3.7087626,3.7055075,3.6796303,3.7063842,3.7005024,3.7148807,3.7033713,3.697687,3.6950169,3.6994936,3.6896136,3.7091625,3.6913068,3.6999032,3.7101912,3.6991017,3.709992,3.71727,3.711222,3.7190323,3.715189,3.722994,3.711998,3.715316,3.705084,3.7163599,3.7123516,3.7115633,3.7017293,3.7188647,3.715574,3.7146163,3.7225468,3.708309,3.7194426,3.7299333,3.7221355,3.7368436,3.7283304,3.6942518,3.698259,3.7272744,3.715079,3.7377052,3.7359226,3.7244732,3.727703,3.7524374,3.718424,3.7432296,3.7436485,3.7268736,3.7130885,3.7352872,3.7437766,3.7452574,3.7606053,3.7341008,3.7563796,3.7412055,3.7445624,3.7426445,3.738831,3.760622,3.7607465,3.7725756,3.7562628,3.7539048,3.7539277,3.7483296,3.7620876,3.763179,3.7633383,3.7630453,3.765914,3.7554452,3.7634778,,,,,,,,,,,,,,,,,,,,,,,,,,,,,,,,,,,,,,,,,,,,,t54
FS/192.png,left,0.1676478000008501,3.330267,3.3371787,3.332314,3.3408337,3.3257859,3.3253946,3.3208563,3.3253996,3.3279657,3.3187497,3.3252096,3.287268,3.3066764,3.298146,3.310145,3.3130865,3.2967067,3.2889216,3.2852678,3.2905898,3.2889583,3.2900133,3.2964888,3.2878635,3.295442,3.2930202,3.290404,3.2778807,3.2929914,3.283262,3.286684,3.2928748,3.299352,3.2877238,3.285271,3.2865243,3.297689,3.263454,3.2769516,3.2867846,3.279605,3.2586787,3.2815826,3.2663772,3.2844963,3.2951107,3.2804623,3.2744312,3.292287,3.282234,3.2841196,3.3095572,3.312074,3.308773,3.3082278,3.3211825,3.311831,3.316714,3.3042903,3.3084462,3.3229392,3.325682,3.3281317,3.3198555,3.323225,3.3173532,3.3151202,3.3244731,3.3313143,3.3406246,3.330258,3.3617234,3.363454,3.3550415,3.3591359,3.3571947,3.345622,3.363407,3.3538146,3.3636146,3.3715358,3.3700025,3.3660214,3.3743727,3.3753252,3.384178,3.3767416,3.3860896,3.3779936,3.3923252,3.3820958,3.38227,3.3836644,3.3877022,3.390137,3.3846438,3.3870013,3.4011574,3.3985562,3.402748,3.397485,3.3987513,3.4042044,3.3996873,3.4000027,3.3925722,3.4081612,3.401585,3.4046178,3.4221804,3.4206676,3.4205074,3.4222782,3.4361227,3.424384,3.4311147,3.438469,3.4396667,3.4507122,3.4462373,3.4351215,3.441617,3.455608,3.4390006,3.445586,3.4554036,3.4412665,3.445988,3.4503002,3.455861,3.4612377,3.4683495,3.451704,3.4488258,3.4441152,3.4249697,3.4284503,3.4174242,3.39295,3.366437,3.3492565,3.3301172,3.298029,3.2414885,3.2435973,3.1965568,3.1849341,3.167834,3.1374838,3.084455,3.0523431,3.0541003,3.036453,2.996437,2.9866192,2.9609869,2.9354968,2.917932,2.9076116,2.8835099,2.8809016,2.8571892,2.8180964,2.8069344,2.8096058,2.780005,2.7870338,2.7740963,2.765737,2.7666306,2.7589076,2.7587023,2.7517881,2.7328436,2.7486663,2.750439,2.7565937,2.751494,2.7469437,2.745434,2.7428231,2.7496452,2.7494748,2.7463338,2.748092,2.7441552,2.7483573,2.7535143,2.7455232,2.7442715,2.7555501,2.7631967,2.7478778,2.7736125,2.7676601,2.7922547,2.8034163,2.8101974,2.7895753,2.8177962,2.8204937,2.831933,2.8352304,2.835943,2.8395834,2.8410163,2.8569543,2.8640249,2.8858492,2.8864288,2.9026117,2.9038093,2.923311,2.9208515,2.9313798,2.9449232,2.9459827,2.955966,2.966932,2.9712658,3.0067873,2.9967692,3.0319831,3.0205774,3.0272458,3.0242732,3.0375776,3.0329168,3.0531166,3.0615666,3.0529757,3.0693111,3.091049,3.0799997,3.0804608,3.100348,3.1045706,3.1179874,3.115024,3.109855,3.1248674,3.1275628,3.1347306,3.1419847,3.1464033,3.1676252,3.1628838,3.1739757,3.1723099,3.1720874,3.1847079,3.186565,3.1834881,3.196309,3.1939154,3.1880877,3.182055,3.1927671,3.1993442,3.205909,3.199654,3.2104478,3.200064,3.1990995,3.206876,3.2142377,3.197359,3.2153094,3.203443,3.2259176,3.2263134,3.2198048,3.1991508,3.2126908,3.209865,3.2153234,3.2072003,3.2034616,3.2093394,3.1939085,3.2053833,3.2102952,3.2031715,3.1873922,3.1820006,3.1862226,3.1935778,3.1901662,3.1626687,3.2048872,3.1763513,3.1799767,3.1594424,3.163809,3.1512413,3.1539154,3.1640697,3.1570802,3.1499119,3.1556451,3.1520727,3.1413932,3.121519,3.1440573,3.1275995,3.1292558,3.1262245,3.1400416,3.1633756,3.1257029,3.1563475,3.1231914,3.113524,3.1275136,3.1194558,3.1102548,3.1229134,3.1017606,3.1128418,3.1217313,3.1071527,3.0999718,3.1105487,3.0894434,3.098252,3.0875957,3.0873127,3.0879583,3.092838,3.088997,3.0730019,3.0917017,3.0953248,3.0765405,3.0943222,3.0961602,3.1091912,3.086524,3.0909925,3.1013978,3.0953605,3.1143708,3.090725,3.1006958,3.0916867,3.0755327,3.0935137,3.0813603,3.0972283,3.0719793,3.0767903,3.0817704,3.0896163,3.085833,3.0759346,3.0621967,3.0543728,3.06285,3.0812824,3.061984,3.0604937,3.0547495,3.077987,3.0692384,3.067043,3.0558536,3.085053,3.05637,3.0958302,3.0632777,3.0712967,3.085167,3.0503747,3.0675201,3.0644395,3.072533,3.087998,3.0652308,3.0809608,3.0615032,3.07037,3.0790515,3.0669234,3.0864403,3.0621755,3.0712945,3.0834312,3.0940776,3.0949304,3.0929685,3.0875282,3.0872936,3.0870583,3.0998495,3.1060205,3.0996447,3.0992925,3.0968168,,,,,,,,,,,,,t98
FS/612.png,left,0.2636518999934196,3.9040365,3.8961287,3.8863518,3.9089625,3.9084728,3.9066117,3.9035733,3.9065523,3.9195948,3.9128318,3.9131808,3.9199252,3.9003386,3.9061325,3.9191742,3.9223094,3.921724,3.9330306,3.9150076,3.9411066,3.9441495,3.951735,3.9527786,3.961878,3.9705107,3.9466333,3.97121,3.9799018,3.9981585,3.9958239,3.9982731,3.9898515,4.0023785,4.0185966,4.0157475,3.993883,4.0101695,4.0008225,4.016545,4.025679,4.012373,4.032414,4.01284,4.011085,4.0266595,4.0181117,4.0188475,4.0129647,4.003701,4.0129404,4.0273542,4.018915,4.036328,4.026549,4.013617,4.0493546,4.0567546,4.0366864,4.04724,4.038589,4.057179,4.0384064,4.036869,4.0418506,4.0355854,4.044433,4.024633,4.0350437,4.045319,4.0564637,4.0317016,4.045359,4.036541,4.0395117,4.0463085,4.027051,4.047589,4.039705,4.0430665,4.0506845,4.062049,4.054048,4.0349054,4.0491104,4.051947,4.0507817,4.05369,4.0621343,4.046755,4.056018,4.0508275,4.0528526,4.0412607,4.058763,4.0547404,4.053319,4.052795,4.0575414,4.060599,4.05908,4.057177,4.0537705,4.0628533,4.0611415,4.065229,4.0570736,4.059054,4.0650167,4.0762033,4.0597014,4.0571227,4.068792,4.073596,4.059199,4.0679035,4.0686874,4.0781217,4.0719404,4.084682,4.0722804,4.072568,4.0664525,4.0816245,4.0704103,4.08249,4.0648875,4.0718355,4.078691,4.0945206,4.0913115,4.0767307,4.0840025,4.079598,4.081476,4.075402,4.0859475,4.0629907,4.057918,4.071934,4.055863,4.034552,4.0115967,3.9752648,3.9257698,3.89957,3.8721402,3.8650978,3.8650265,3.800981,3.7847543,3.7505052,3.714815,3.694303,3.6818209,3.6584642,3.624917,3.6080685,3.5807223,3.5741706,3.5410998,3.522752,3.502373,3.4972262,3.4683156,3.4826627,3.4536383,3.451626,3.4167702,3.430004,3.4268184,3.3936815,3.401021,3.3842316,3.3800025,3.3657832,3.3714607,3.3676882,3.3600953,3.3622508,3.3473947,3.3608646,3.368627,3.3555274,3.3632984,3.3587565,3.3501353,3.359944,3.3550274,3.3604083,3.3498418,3.365978,3.3802714,3.3885512,3.39453,3.4043536,3.3969855,3.3954287,3.4219024,3.4287043,3.4474885,3.44838,3.440296,3.4395688,3.4566247,3.4582696,3.4439864,3.4753973,3.4767187,3.4827461,3.4936917,3.6656933,3.5271156,3.7162385,3.9407258,3.7868989,3.7730193,3.7797046,3.7792323,3.8065755,3.7864358,3.825146,3.8143644,3.829268,3.831399,3.835326,3.824317,3.8366525,3.845856,3.848377,3.8671377,3.8749535,3.8834107,3.8807247,3.8831947,3.8802743,3.8864548,3.8877294,3.8863814,3.8887084,3.8871152,3.8858218,3.9123912,3.8939912,3.9047773,3.909977,3.914214,3.9082851,3.9064758,3.917688,3.9211755,3.9022985,3.9280531,3.931213,3.9058795,3.922734,3.9384406,3.9413984,3.9422061,3.9429824,3.9270406,3.948762,3.9411666,3.947968,3.9487772,3.9482048,3.9396963,3.9530926,3.9377227,3.958573,3.9468203,3.9476469,3.962934,3.939613,3.9466555,3.9558678,3.9567137,3.950899,3.9502537,3.9379704,3.9511342,3.9484332,3.9481328,3.9497144,3.9441876,3.950685,3.9275231,3.9428484,3.9194567,3.9312062,3.9459085,3.91258,3.9514222,3.9284706,3.9029615,3.9224434,3.891083,3.9006202,3.871108,3.8885074,3.8959396,3.8992414,3.873601,3.896598,3.883446,3.9025836,3.8726354,3.8761628,3.869854,3.866338,3.8547904,3.852735,3.8463213,3.856547,3.8423343,3.8479729,3.8335514,3.844987,3.852229,3.8372517,3.8257787,3.833175,3.8376713,3.832526,3.838671,3.8376853,3.8216524,3.8265758,3.8221858,3.8172786,3.8205628,3.8185441,3.8103495,3.8241045,3.8098288,3.8214338,3.8038318,3.804439,3.8084545,3.8082948,3.7940023,3.7763345,3.7501972,3.7948298,3.768071,3.7966208,3.779946,3.7818308,3.7699459,3.7817454,3.7588975,3.7705054,3.7906787,3.7723577,3.7555776,3.7594836,3.7652576,3.7788284,3.7598367,3.762624,3.7441404,3.7443047,3.7649891,3.7530117,3.771989,3.7729425,3.75775,3.7912257,3.766785,3.7663295,3.7591832,3.7833755,3.787119,3.7887297,3.8078873,3.7930882,3.797325,3.810762,3.8127062,3.8262541,3.8261187,3.7938473,3.7849483,3.7784631,3.7877696,3.779822,3.7808757,,,,,,,,,,,,,,,,,,,,,,,,,t41
FS/612.png,right,0.2126402000430971,3.1556063,3.1539228,3.135026,3.1450167,3.1273274,3.123871,3.1264865,3.1207821,3.1309407,3.1326563,3.163386,3.142043,3.1509397,3.1420186,3.1479268,3.1513748,3.1508503,3.1536398,3.1522264,3.1628737,3.1423495,3.1723177,3.1530056,3.1685264,3.1737666,3.1616275,3.1784844,3.1724174,3.16623,3.201951,3.188618,3.213088,3.2038403,3.2036107,3.2188773,3.22755,3.2464254,3.2231312,3.234001,3.2477083,3.2481997,3.2533033,3.244307,3.2517526,3.2471495,3.2585125,3.2493865,3.2539656,3.2392333,3.2579322,3.2485626,3.2554495,3.2534728,3.2583926,3.2543359,3.2521508,3.256203,3.252403,3.27197,3.2390437,3.2753077,3.26894,3.2574346,3.2548296,3.2606137,3.2552214,3.2611973,3.2585206,3.2676053,3.262291,3.2658381,3.2652771,3.259842,3.2623703,3.264893,3.2625418,3.2628837,3.2645411,3.2651536,3.2674322,3.2695942,3.2680378,3.2687612,3.2696772,3.2734632,3.2709408,3.2776637,3.2725754,3.274033,3.2912364,3.3086948,3.313844,3.319577,3.315245,3.3115966,3.3142939,3.3243341,3.3268046,3.3286686,3.3129687,3.3321555,3.3404262,3.333458,3.3386664,3.3348792,3.341747,3.344885,3.334845,3.3423839,3.3515627,3.3480453,3.3538027,3.358283,3.3691955,3.3566988,3.3594174,3.3774369,3.3439665,3.3608422,3.378269,3.366933,3.3929408,3.3872323,3.38466,3.3857586,3.3813548,3.3880386,3.3965616,3.400537,3.4019094,3.413128,3.3952823,3.4037519,3.404046,3.3914008,3.3809419,3.4015305,3.3730223,3.3555033,3.3367426,3.2962513,3.2784922,3.2692266,3.239173,3.2189474,3.1738727,3.1509328,3.129977,3.102574,3.0594738,3.0539544,3.0120304,2.9783916,2.957164,2.953196,2.9368074,2.9117792,2.9045644,2.8454313,2.8293424,2.8175976,2.8049998,2.7927582,2.7926168,2.7791412,2.7296963,2.7453923,2.7230864,2.7304714,2.7014687,2.7078648,2.7110844,2.6852713,2.671889,2.6554074,2.6649826,2.6734426,2.658745,2.6704314,2.6463022,2.6515665,2.6580522,2.6400514,2.6498928,2.6572695,2.6527932,2.677961,2.6621008,2.667323,2.676354,2.6678843,2.6565843,2.6691942,2.6880639,2.755004,3.1642234,3.1788843,3.1678374,3.1540325,3.154831,3.1553283,3.1488936,3.1666012,3.1859624,3.1567538,3.1629221,3.1741953,3.1626575,3.1661975,3.1718848,3.1798422,3.1801915,3.1800728,3.1785133,3.2040122,3.1902463,3.2003517,3.1983597,3.2089252,3.1931798,3.2135675,3.2185273,3.2165515,3.2066696,3.2064157,3.224381,3.2197034,,,,,,,,,,,,,,,,,,,,,,,,,,,,,,,,,,,,,,,,,,,,,,,,,,,,,,,,,,,,,,,,,,,,,,,,,,,,,,,,,,,,,,,,,,,,,,,,,,,,,,,,,,,,,,,,,,,,,,,,,,,,,,,,,,,,,,,,,,,,,,,,,,,,,,,,,,,,,,,,,,,,,,,,,,,,,,,,,,,,,,,,t114
FS/52.png,left,0.295664100034628,3.779822,3.7808757,3.782875,3.8004217,3.7860796,3.7815173,3.7812996,3.7818518,3.781958,3.7771037,3.7887099,3.7952538,3.783058,3.8013299,3.783875,3.7838488,3.7877803,3.7862244,3.7828946,3.78915,3.7943382,3.7930048,3.7859077,3.793515,3.7885678,3.7833803,3.7757504,3.7818966,3.7858818,3.7839077,3.7822282,3.7889915,3.7796853,3.7906547,3.7871895,3.7843719,3.7817132,3.8167694,3.7992797,3.8263779,3.8064358,3.8156676,3.7955031,3.8051865,3.827603,3.8156462,3.8437054,3.825935,3.8431199,3.8323522,3.8211029,3.828341,3.8371644,3.8304543,3.8134646,3.838169,3.8369393,3.8236096,3.819632,3.826158,3.8394496,3.8274925,3.8104916,3.8076797,3.8235826,3.8052163,3.7899106,3.8103404,3.793783,3.7805696,3.7826092,3.784921,3.7776468,3.776641,3.7678647,3.7733736,3.782094,3.7713928,3.762314,3.7620218,3.7645342,3.7543519,3.7634811,3.766645,3.7571106,3.7586713,3.757244,3.7642193,3.7650588,3.767187,3.7579858,3.7548258,3.7657745,3.7470505,3.7613232,3.7609286,3.7641249,3.758201,3.7559283,3.7676892,3.7557006,3.762484,3.7561393,3.7487006,3.7710414,3.7617865,3.7501636,3.766615,3.749232,3.7632968,3.7635133,3.74615,3.768425,3.7638388,3.7650347,3.7503433,3.7610607,3.7705123,3.781265,3.765735,3.7615514,3.7608776,3.77054,3.7741327,3.7734368,3.7911575,3.7870848,3.791599,3.8002753,3.821909,3.7991974,3.8018804,3.7862208,3.7985654,3.798064,3.801431,3.7903736,3.7794259,3.7762523,3.7659895,3.747648,3.7465496,3.7155461,3.6943061,3.6641898,3.6601512,3.6378105,3.6068542,3.6027558,3.553214,3.5264053,3.5214856,3.5007784,3.4892716,3.4569738,3.4346154,3.4281156,3.4013598,3.3859572,3.3623393,3.3481615,3.3195198,3.3218849,3.325496,3.331162,3.325108,3.300461,3.309393,3.3017519,3.284,3.2779753,3.2915497,3.2834089,3.2675831,3.2658854,3.2580316,3.2762578,3.2672327,3.2705622,3.272456,3.2697961,3.2634702,3.2700496,3.2588952,3.2821164,3.2653096,3.2671425,3.2634113,3.2840424,3.2641027,3.288306,3.3020303,3.3028595,3.324682,3.3205538,3.3286233,3.315799,3.322787,3.333412,3.3519104,3.371306,3.3701713,3.3884556,3.4218225,3.4093647,3.417236,3.4250073,3.4499867,3.4510884,3.448346,3.4450705,3.4906344,3.4582832,3.4533231,3.4545622,3.4717262,3.4752166,3.460707,3.4562435,3.460549,3.7145586,3.6303248,3.7054675,3.626809,3.7459342,3.6743956,3.6658065,3.6758304,3.6705782,3.6701531,3.6993685,3.6766872,3.6877844,3.6890085,3.7028286,3.7205594,3.7218673,3.7247498,3.7305076,3.7444751,3.7239645,3.747888,3.745703,3.7356322,3.7516353,3.7480717,3.7422802,3.7671366,3.7610857,3.7811394,3.7494617,3.7855778,3.7818084,3.7763283,3.7803285,3.7849102,3.7936077,3.7963963,3.8047173,3.810153,3.7956827,3.8217914,3.8094664,3.8163278,3.8105724,3.8110716,3.8321767,3.8252797,3.8088448,3.797816,3.8065677,3.8001606,3.7948885,3.8094425,3.789499,3.7615144,3.7757947,3.7471967,3.778285,3.7570963,3.736415,3.7404864,3.7415211,3.747746,3.7360373,3.732737,3.720082,3.7251756,3.7209165,3.7202492,3.723464,3.7144952,3.7158582,3.7234468,3.6993194,3.7158074,3.664381,3.6782932,3.6802583,3.6684754,3.6417189,3.630817,3.6238222,3.627431,3.6356688,3.629345,3.6383228,3.6326058,3.6179595,3.6181219,3.604878,3.600332,3.6106179,3.599476,3.5911102,3.5799005,3.6051424,3.5855157,3.577047,3.561372,3.5784729,3.580013,3.568983,3.5567632,3.562956,3.5533571,3.5646656,3.5601852,3.5403423,3.5546699,3.5500698,3.5714462,3.5608547,3.556268,3.5701783,3.5508118,3.5437055,3.5664847,3.5647247,3.5635626,3.5434275,3.5390873,3.5528777,3.5441155,3.5381126,3.5494585,3.549166,3.5533423,3.55649,3.543111,3.5469022,3.5559304,3.549441,3.5742068,3.5376933,3.5578706,3.5535078,3.5628147,3.5525281,3.5603268,3.5701618,3.5386176,3.5666287,3.5672822,3.5622654,3.574861,3.5711226,3.5652385,3.5924873,3.5781212,3.5794342,3.574127,3.572509,3.5857248,3.5899642,3.582995,3.587618,3.5964372,3.569048,,,,,,,,,,,,,,,,,,,,,,,,,,,,,,,,t42
FS/52.png,right,0.2517032999894582,3.3870566,3.4022388,3.397103,3.3938305,3.383514,3.3827915,3.3900476,3.392919,3.4040065,3.4002085,3.3997924,3.401226,3.4066348,3.3931856,3.403694,3.3957868,3.3957927,3.4000578,3.416602,3.4058735,3.4097738,3.4077075,3.4164486,3.4120018,3.4030852,3.4121797,3.4122965,3.4236321,3.4224408,3.41803,3.4223592,3.4138937,3.4251528,3.426267,3.4301803,3.4407508,3.4266922,3.4159684,3.44314,3.420472,3.4379015,3.4261074,3.455721,3.4305189,3.4336529,3.447379,3.4445724,3.468218,3.43508,3.4429245,3.4471812,3.437006,3.4460337,3.438287,3.4359083,3.4427645,3.4101408,3.4182105,3.4228044,3.4090836,3.4003854,3.396541,3.4140496,3.4103336,3.395193,3.397541,3.4029584,3.4079564,3.3792899,3.3937862,3.3920083,3.3773766,3.3779798,3.375339,3.3727381,3.384715,3.3751519,3.3801255,3.3756173,3.382592,3.379559,3.372688,3.379595,3.381547,3.3754199,3.3671584,3.37658,3.399871,3.3770967,3.3775427,3.40135,3.4007182,3.3880086,3.4089644,3.412508,3.41375,3.4215548,3.422222,3.4222429,3.4286041,3.4282067,3.4357264,3.4288495,3.4325683,3.4360552,3.4250052,3.4593868,3.4337978,3.4561749,3.4611247,3.4742112,3.4776824,3.4840484,3.4992,3.4936535,3.4812295,3.5002515,3.4965913,3.4909906,3.5086713,3.5011728,3.5114775,3.5201097,3.5219262,3.5042007,3.5145268,3.5236197,3.5332785,3.5280085,3.544365,3.5153778,3.5216796,3.5167522,3.5077732,3.498644,3.4868808,3.4643497,3.4378932,3.4178252,3.4172244,3.3855796,3.3745801,3.3400612,3.2979698,3.2916985,3.2755556,3.2374709,3.2451725,3.2094288,3.199419,3.1710076,3.1596472,3.1471045,3.135521,3.1298623,3.1310287,3.1105213,3.0987592,3.0883515,3.0639853,3.0723293,3.038594,3.032281,3.0453784,3.0110326,3.0231724,3.0236504,3.033173,3.0208004,3.0133448,3.0197048,3.0256586,3.0180817,3.0297856,3.0179887,3.016597,3.0114157,3.0261505,3.0235794,3.0336325,3.036887,3.0315435,3.0409305,3.0482247,3.0718458,3.0603995,3.0781577,3.0831237,3.0950394,3.0971355,3.0908084,3.1011474,3.1380918,3.1238751,3.1401615,3.1482878,3.1724334,3.1677704,3.1672907,3.1787562,3.204978,3.205785,3.230302,3.2425108,3.2273145,3.2508173,3.2585557,3.2321177,3.2637684,3.252677,3.2820134,3.269063,3.2995613,3.2902763,3.3005793,3.3114908,3.3100455,3.321919,3.3316016,3.3411312,3.353733,3.3567607,3.3518262,3.3598938,3.3694172,3.3691413,3.3625813,3.3478007,3.3523762,3.375112,3.3637307,3.349727,3.376043,3.3615153,3.3319955,3.4339805,3.4638042,3.4206033,3.4589975,3.3634307,3.4479644,3.4551094,3.4273517,3.438918,3.4272807,3.4172204,3.4332325,3.420812,3.4070053,3.4203167,3.4130502,3.4320664,3.4349673,3.42627,3.4355297,3.4365413,3.4491525,3.4325862,3.4339166,3.4589021,3.434898,3.4364638,3.4523437,3.4531002,3.4426844,3.4553921,3.4533236,3.4474528,3.456476,3.4627995,3.4689167,3.4595559,3.467906,3.4701698,3.4703097,3.4697516,3.4570408,3.475319,3.4768636,3.4739425,3.4762948,3.4718177,3.4801302,3.4539378,3.4767973,3.4783204,3.4738576,3.4617257,3.4773679,3.4637933,3.4634426,3.4531612,3.4586852,3.455878,3.4604251,3.4219096,3.4307516,3.4293098,3.414336,3.4212615,3.420312,3.418582,3.4371877,3.4157965,3.4118087,3.4280026,3.3963292,3.404419,3.4176147,3.4154038,3.4088109,3.4080136,3.4035788,3.412327,3.401107,3.3999584,3.4033766,3.3962758,3.3968608,3.3911042,3.3957846,3.3871565,3.3957455,3.383653,3.3815475,3.386241,3.3808239,3.3785393,3.3681242,3.3754435,3.3817663,3.3749678,3.3809373,3.3761897,3.3763118,3.3616002,3.3720846,3.3738961,3.3497448,3.3487623,3.3540332,3.3446636,3.3529446,3.3467295,3.363053,3.3508575,3.3466263,3.3507104,3.3515556,3.3462381,3.3536456,3.3409367,3.3467844,3.3460293,3.3533413,3.3628004,3.3437269,3.34789,3.3780024,3.3546052,3.3543217,3.3533988,3.35795,3.3517308,3.3432086,3.3589144,3.3495054,3.3670273,3.3491495,3.3783615,3.3597836,,,,,,,,,,,,,,,,,,,,,,,,,,,,,,,,,,,,,,,,t75
FS/902.png,left,0.1363875999813899,3.8286815,3.8261025,3.8203328,3.8266788,3.8137517,3.8161623,3.8405042,3.8290145,3.8412597,3.8326397,3.8637102,3.8592424,3.8472931,3.8432496,3.8564196,3.8460498,3.8459508,3.8383923,3.863054,3.856285,3.8765168,3.8956697,3.8837154,3.8796937,3.873795,3.9062994,3.8877463,3.8805566,3.898706,3.8931274,3.9032884,3.901227,3.9103184,3.9019022,3.8858428,3.8966427,3.9124455,3.9089885,3.8993592,3.9131107,3.9124982,3.9110916,3.9070818,3.9151073,3.9003155,3.9024644,3.9046874,3.8798773,3.9071507,3.89292,3.8720107,3.8875487,3.905376,3.8905902,3.8766408,3.8886828,3.8765903,3.8375235,3.860571,3.8621438,3.8176103,3.8235862,3.8420587,3.8295276,3.8195033,3.8213243,3.8144214,3.7894,3.7954967,3.8027234,3.7904007,3.7844772,3.7890277,3.7910078,3.7697158,3.782002,3.772699,3.7902408,3.8025396,3.7878006,3.7828062,3.7720623,3.7759366,3.8161564,3.7870798,3.7997527,3.8019693,3.8068917,3.8074088,3.819837,3.8292143,3.8273506,3.8357728,3.8332448,3.85259,3.8506637,3.8395472,3.847053,3.8447266,3.8423946,3.8364651,3.857297,3.8626072,3.883185,3.8786762,3.9063017,3.896248,3.8762045,3.9070666,3.914547,3.9136035,3.925174,3.9138932,3.9225984,3.932459,3.942947,3.9413323,3.9467056,3.9540737,3.9443312,3.9565701,3.9669569,3.9565227,3.9534051,3.9568057,3.9577327,3.973713,3.95669,3.9858224,3.9721978,3.9786255,3.96574,3.9817598,3.9884956,3.9945555,3.9902735,3.9958632,3.9934587,3.962466,3.9637961,3.9508367,3.9442263,3.9492664,3.896296,3.8651278,3.8623376,3.8508945,3.8215606,3.8050807,3.7543054,3.7332382,3.6991816,3.6888402,3.678509,3.6559556,3.6381216,3.612882,3.616741,3.584126,3.5519583,3.5561192,3.5240436,3.5138755,3.5184364,3.4955592,3.4853423,3.4933805,3.4794118,3.4921496,3.4400563,3.4305608,3.4474363,3.4224415,3.426086,3.4162152,3.4255931,3.4280713,3.4175892,3.4126666,3.4163194,3.4249651,3.409991,3.404538,3.3918023,3.4026675,3.3647046,3.3684309,3.615879,3.5567322,3.6245043,3.6310453,3.651787,3.6713276,3.6591275,3.6813161,3.6819167,3.6950467,3.7013803,3.7122035,3.6965404,3.736257,3.7493138,3.7535706,3.752861,3.7628849,3.7832034,3.7688482,3.7665539,3.7726853,3.7741096,3.7952013,3.7843115,3.8023963,3.79179,3.8090997,3.8318162,3.8169188,3.8320384,3.8308055,3.8466644,3.839797,3.872253,3.8649764,3.8814337,3.8743138,3.8800366,3.8819547,3.894603,3.8733215,3.8789468,3.882511,3.8896506,3.8883958,3.8845859,3.8844268,3.8982441,3.8892496,3.8868418,3.8946464,3.8869858,3.8908858,3.8778405,3.8822916,3.8843937,3.8856976,3.8927884,3.8788407,3.8779764,3.8786047,3.8779361,3.866866,3.8712907,3.871562,3.8694513,3.8668923,3.8670552,3.8470402,3.833039,3.848382,3.8407083,3.843626,3.8386405,3.8207488,3.822876,3.8119147,3.832139,3.8277876,3.8376195,3.8032815,3.8137844,3.7933726,3.8052492,3.813499,3.799134,3.819953,3.8071072,3.8091962,3.8090632,3.7995696,3.808441,3.816525,3.798218,3.797516,3.8012006,3.799609,3.8064268,3.7993379,3.7986379,3.7985528,3.793225,3.8046386,3.8235345,3.825755,3.7903812,3.8004658,3.8019187,3.8081934,3.8081641,3.797516,3.7900865,3.8267353,3.8084736,3.82439,3.7962875,3.8108733,3.783543,3.8151383,3.7912173,3.7910933,3.7908332,3.7870772,3.794263,3.7860541,3.7913654,3.7955327,3.806583,3.7954698,3.8052585,3.799117,3.7915018,3.795771,3.8167818,3.782507,3.8070774,3.7893739,3.804851,3.7878695,3.8063488,3.8126085,3.8079102,3.8127258,3.7998576,3.8106422,3.8199599,3.8183012,3.8005333,3.8114626,3.8238,3.815564,3.8209755,3.8235772,3.8302302,3.826934,3.8301716,3.8373969,3.845579,3.8342042,3.8218646,3.8377485,3.8285103,3.8437762,3.8386729,3.8464973,3.8529642,3.8441253,3.8540542,3.849544,3.8534846,3.8664284,3.8645835,3.8714952,3.8611293,3.882299,3.850688,3.8650444,3.8848448,3.8765855,3.8790748,3.8761656,,,,,,,,,,,,,,,,,,,,,,,,,,,,,,,,,,,,,,,,,,t45
FS/902.png,right,0.2034648000262677,3.680222,3.6714368,3.6561618,3.6890604,3.6837852,3.68398,3.699619,3.691124,3.6895068,3.689456,3.6940114,3.7046347,3.6984441,3.6968372,3.7009542,3.7091756,3.6828284,3.7026606,3.7070448,3.7073197,3.7157109,3.7033687,3.7162905,3.7039227,3.7161837,3.7153697,3.705906,3.7087262,3.7118204,3.7218356,3.7199082,3.7143178,3.7224674,3.73608,3.725008,3.7463174,3.720474,3.7303743,3.7305248,3.7197006,3.7197378,3.7146065,3.7145996,3.7210467,3.7180746,3.7217152,3.714866,3.7227972,3.7245429,3.720219,3.7413855,3.7220218,3.7230065,3.7292094,3.7354097,3.730233,3.7311819,3.728869,3.7448912,3.720395,3.7406836,3.726674,3.7305503,3.7336495,3.7348897,3.7107763,3.7148714,3.732519,3.7101688,3.722881,3.7132814,3.7000592,3.7336612,3.7182884,3.7290838,3.7066617,3.7121649,3.7232833,3.7186804,3.7192683,3.7210586,3.7310164,3.73437,3.729227,3.7218106,3.7195868,3.7219167,3.7353542,3.7191808,3.7390902,3.7408714,3.7248218,3.7514155,3.7203293,3.736937,3.7434082,3.7420125,3.7488737,3.7389545,3.7422903,3.749345,3.7463164,3.7580967,3.7474978,3.765449,3.7605908,3.7706873,3.7791107,3.7784421,3.7902331,3.7855139,3.7816763,3.7863843,3.7982192,3.7744758,3.7837033,3.7865167,3.8108006,3.8111258,3.8006296,3.8221772,3.8137245,3.8288138,3.8292692,3.8291612,3.8311405,3.8261468,3.8364735,3.8348694,3.8357487,3.8570206,3.836305,3.8447092,3.8565774,3.8495233,3.8442962,3.8369234,3.8329923,3.8264904,3.8206406,3.8184998,3.787144,3.772813,3.751344,3.7316663,3.7257102,3.6824324,3.6450505,3.6417367,3.6189528,3.5839112,3.5745115,3.541351,3.536727,3.5203645,3.5272589,3.4907749,3.4872541,3.4750323,3.4616454,3.4320223,3.3951428,3.4030757,3.3736095,3.3661695,3.3764496,3.3689356,3.373849,3.33016,3.3386922,3.340837,3.3336792,3.3385313,3.3291907,3.3454664,3.3421438,3.3582866,3.364766,3.358204,3.349125,3.3336935,3.327926,3.3402677,3.3633556,3.6141715,3.6467097,3.589603,3.587284,3.6010683,3.5857441,3.6183655,3.6202586,3.655154,3.661351,3.659363,3.6710446,3.6721318,3.6885207,3.6814833,3.7159028,3.7209494,3.7043135,3.715529,3.71699,3.72181,3.7201393,3.7357473,3.74366,3.7407033,3.7503607,3.7672055,3.7606857,3.7512376,3.7593162,3.757573,3.7718575,3.768033,3.7924929,3.7691214,3.799372,3.8086507,3.7870798,3.8046908,3.7958844,3.8067853,3.8070748,3.798245,3.7947953,3.8144374,3.8765254,3.836523,3.8210862,3.8156009,3.8248813,3.821143,3.8356574,3.806791,3.8010733,3.8213785,3.8269083,3.8275216,3.832073,3.827049,3.8097332,3.8170674,3.8147469,3.8123684,3.82762,3.7993171,3.8006363,3.8076031,3.78966,3.7960358,3.781074,3.778314,3.784197,3.7701697,3.7834187,3.7795227,3.7641678,3.7684011,3.7601528,3.7406378,3.7501223,3.7456303,3.7467012,3.768242,3.7414317,3.735021,3.7498395,3.7054284,3.734561,3.7369025,3.7429407,3.722708,3.7271738,3.7331414,3.746318,3.7230794,3.735333,3.6993697,3.7112632,3.7070217,3.7156396,3.7024152,3.6848028,3.703865,3.7164834,3.7021513,3.689799,3.7047184,3.6744752,3.6993482,3.6961675,3.6610723,3.6735659,3.677193,3.6794047,3.6747477,3.6614382,3.6576946,3.670502,3.6579509,3.6690416,3.6642818,3.6637776,3.6523252,3.660067,3.6421802,3.6376991,3.6596248,3.6271152,3.629875,3.631239,3.63309,3.613417,3.6294463,3.620329,3.612283,3.6117558,3.6084635,3.6214185,3.6113966,3.608222,3.604771,3.6104305,3.6116066,3.6091597,3.6054168,3.6164954,3.5946388,3.6012251,3.61028,3.6161044,3.6031048,3.6019409,3.615279,3.6132405,3.6223536,3.6167843,3.6148858,3.6186688,3.616229,3.609376,3.6167028,3.6292975,3.5980706,3.6325734,3.6380293,3.6281173,3.6302824,3.6224513,3.645921,3.6439283,3.6504858,3.661469,3.6549516,3.6363912,3.6784637,3.64126,3.6434448,3.640239,3.6427302,3.6747437,3.6686532,3.640465,,,,,,,,,,,,,,,,,,,,,,,,,,,,,,,,,,,,,,,,,,,,,t60
FS/32.png,right,0.1599084999761544,3.9512262,3.9558806,3.9679515,3.9602282,3.9405065,3.9614313,3.9643207,3.9550037,3.9773355,3.9652977,3.9681733,3.962889,3.9724238,3.978142,3.9698055,3.9575655,3.952869,3.956766,3.9648943,3.9793463,3.9659028,3.9572022,3.969022,3.9568865,3.9600887,3.9646225,3.9735734,3.9635565,3.9732468,3.9653904,3.9523644,3.9612985,3.9616704,3.9711356,3.9702082,3.9780807,3.9740045,3.9715037,3.9693341,3.95405,3.9698713,3.990016,3.9670162,3.9723043,3.963166,3.9833615,3.9713879,3.9730954,3.9771285,3.955482,3.970538,3.9648817,3.972366,3.9572735,3.9642649,3.9653869,3.9691112,3.949915,3.9545178,3.968462,3.9667711,3.971039,3.9505522,3.9610605,3.9552734,3.9580665,3.951194,3.9514816,3.9562435,3.9539094,3.9373221,3.9357169,3.9311388,3.9289691,3.9344382,3.9432964,3.9358659,3.9348645,3.9317787,3.93717,3.926329,3.9272366,3.9362226,3.9320626,3.9241846,3.9241688,3.938605,3.9411995,3.9291272,3.9437313,3.9348385,3.937213,3.9389195,3.9411578,3.937081,3.9333172,3.9414215,3.950826,3.9441838,3.9348817,3.941318,3.9538403,3.9570575,3.9419415,3.9642282,3.957075,3.97895,3.9667442,3.9761422,3.9679615,3.9741619,3.9755254,3.9887655,3.968577,3.9845676,3.9840615,3.9727123,3.9729571,4.001841,3.9905908,3.9968863,3.988834,3.9884293,3.9931421,3.9933622,3.9991422,4.0049157,3.9821005,4.017164,4.0145664,4.0141525,4.0314245,4.0034037,3.9890969,3.996648,3.9906702,3.98312,3.9578075,3.9335363,3.93491,3.908608,3.8798208,3.8783114,3.8241773,3.7837734,3.7555473,3.7370684,3.7237995,3.687718,3.6627855,3.6255236,3.595149,3.5784185,3.5423665,3.5366266,3.5035014,3.4908447,3.470445,3.4685938,3.4556124,3.4214325,3.4046757,3.405944,3.3646166,3.3418245,3.3418515,3.341372,3.3378682,3.315691,3.318915,3.3184485,3.3078563,3.3157768,3.3091073,3.2728062,3.2710874,3.275771,3.2749722,3.2394495,3.2599044,3.2558448,3.2433195,3.2303226,3.5743432,3.5111063,3.5924218,3.6029208,3.6254919,3.6324089,3.6390367,3.6341405,3.6382754,3.682033,3.672601,3.671902,3.6892593,3.7124908,3.6893651,3.6897178,3.7284694,3.7261949,3.7435515,3.7486827,3.7740488,3.76382,3.7774756,3.7902842,3.796845,3.7998421,3.7970676,3.807315,3.814635,3.8211694,3.825016,3.8234472,3.8225088,3.8411992,3.8337727,3.8419225,3.839486,3.8493052,3.8350458,3.8474913,3.8611498,3.8517907,3.8486044,3.8561947,3.8553462,3.854598,3.8744648,3.865614,3.8580427,3.872854,3.8731248,3.9068751,3.8942125,3.8969703,3.9202728,3.9140892,3.911978,3.913631,3.8994644,3.9143052,3.8969145,3.9134336,3.92804,3.9323213,3.9136117,3.9305437,3.917175,3.9328597,3.9240355,3.931184,3.9283214,3.9271562,3.9287052,3.912976,3.9325612,3.9441712,3.9306014,3.929413,3.929186,3.928889,3.9345434,3.9321058,3.9231489,3.926641,3.9312267,3.9360447,3.9176157,3.925107,3.9093883,3.9172187,3.9189177,3.9142504,3.919014,3.9223702,3.911088,3.9024427,3.9182794,3.9013808,3.914352,3.904047,3.894783,3.9034183,3.8985965,3.9445941,3.8959103,3.9002159,3.8978195,3.900551,3.897724,3.9195373,3.909468,3.8989246,3.918662,3.9072113,3.8982422,3.9119482,3.905464,3.9045243,3.908403,3.919383,3.9121268,3.921167,3.9174,3.895505,3.9187865,3.918004,3.9170475,3.9268064,3.9194324,3.9123707,3.9120371,3.9117355,3.931384,3.9311044,3.933797,3.9359348,3.939257,3.9527187,3.9464972,3.9613185,3.9462547,3.9588263,3.9564426,3.9641826,3.9776459,3.975059,3.971906,3.9764328,3.979132,3.9761937,3.977802,3.9658418,3.9657915,3.9825406,3.974192,4.002604,3.9778368,3.9656947,3.9887874,4.001993,3.9584222,3.9931173,3.9907799,3.9947832,3.9844463,3.9906087,4.008772,3.9972973,4.019056,4.0040255,4.0220675,4.0041556,4.0134635,4.0063596,3.9985194,4.0081286,4.0035124,4.014905,4.0061245,4.0073442,4.0219336,4.0292935,4.018704,,,,,,,,,,,,,,,,,,,,,,,,,,,,,,,,,,,,,,,,,,,,,t52
FS/32.png,right,0.1846696999855339,3.4177725,3.4383194,3.424752,3.429016,3.4394908,3.4439042,3.4469187,3.4439745,3.4572759,3.4640248,3.4594555,3.4535928,3.4623551,3.4640875,3.4617443,3.4642868,3.4750428,3.465121,3.4712167,3.4672427,3.4701748,3.469512,3.4912603,3.4766145,3.4765189,3.473102,3.4843478,3.4891875,3.497519,3.4794257,3.4904773,3.498153,3.493717,3.500457,3.497734,3.4892528,3.4969826,3.4964948,3.4940276,3.492877,3.4887745,3.4918115,3.482603,3.4932384,3.4952693,3.4960175,3.4968483,3.4957714,3.4821723,3.492129,3.49515,3.497139,3.4946442,3.4879136,3.4822278,3.473106,3.461364,3.4589717,3.4338708,3.4190152,3.4265199,3.4029946,3.3955965,3.388162,3.3742688,3.3609617,3.3660553,3.3531468,3.3547523,3.3372693,3.336877,3.3312194,3.33103,3.3219347,3.3159103,3.2970848,3.3070326,3.2979414,3.2968032,3.2902906,3.2983894,3.2858388,3.2913456,3.2752655,3.2958953,3.2761593,3.285761,3.2945797,3.2818563,3.2947018,3.2802105,3.2810009,3.2811127,3.2859418,3.291549,3.2850769,3.2863593,3.2867405,3.2884119,3.2900844,3.3032665,3.2882638,3.3021295,3.2984102,3.3064632,3.297837,3.2997355,3.3071227,3.3043432,3.2957804,3.3153062,3.307768,3.313706,3.320548,3.3251348,3.3247063,3.3260317,3.3636127,3.327624,3.3283052,3.3679051,3.3444583,3.3377428,3.3464043,3.3668785,3.3743086,3.3493192,3.360407,3.3882499,3.3671465,3.3659277,3.3874862,3.3810792,3.3858812,3.3766532,3.3547423,3.3396811,3.323099,3.3102317,3.3009603,3.2785065,3.251647,3.2474947,3.1987638,3.1750941,3.1558459,3.1327848,3.114162,3.064895,3.041332,3.0315845,3.0198689,2.99601,2.980376,2.9441772,2.9227018,2.888647,2.8708804,2.8738894,2.8557103,2.8457341,2.83842,2.8149161,2.7887645,2.7867029,2.7866037,2.781532,2.7696762,2.7648711,2.7560267,2.7278202,2.7308972,2.7248776,2.7279859,2.7209802,2.7375548,2.7258623,2.7221022,2.7331195,2.738789,2.7453656,2.7418602,2.7343388,2.7445958,2.7523267,2.7302296,2.7332098,2.7274508,2.7204368,2.7398834,2.7460468,2.7418842,2.7514544,2.7356322,2.801419,3.0751402,3.0990222,3.1294649,3.1420157,3.1288831,3.1392424,3.1611655,3.1364746,3.1744332,3.1848013,3.1753407,3.16396,3.1958423,3.1859353,3.2070615,3.2084858,3.2214348,3.221005,3.2364085,3.243872,3.2236183,3.2470853,3.2455387,3.2372856,3.2454853,3.2404585,3.2542284,3.2686856,3.2688463,3.2630498,3.2737312,3.2802122,3.283934,3.278516,3.2919662,3.2919483,3.2970653,3.2859478,3.292979,3.287545,3.298778,3.3065073,3.2939253,3.296564,3.3016236,3.292469,3.314209,3.2904968,3.3057747,3.3160448,3.3123085,3.309558,3.2965252,3.312909,3.2997255,3.3040614,3.2880135,3.295806,3.2973013,3.2984986,3.2916107,3.2717474,3.2824018,3.278194,3.2781086,3.2717345,3.2804472,3.2661977,3.258452,3.2490573,3.232118,3.226756,3.2322683,3.2240837,3.2230628,3.2191904,3.2316031,3.2275624,3.2187936,3.2166152,3.2082715,3.2113152,3.2159097,3.1899853,3.2077405,3.1955726,3.1980295,3.2043316,3.2055533,3.1967297,3.1905277,3.200023,3.2066064,3.221546,3.2097168,3.2067158,3.186509,3.1914291,3.1848276,3.184342,3.1865997,3.185502,3.2025259,3.1879642,3.1829147,3.188822,3.1917408,3.1893673,3.1843538,3.190844,3.2072089,3.1953516,3.200251,3.1991982,3.199624,3.2058182,3.1984878,3.1997256,3.223712,3.221972,3.2123003,3.2082012,3.211386,3.2283607,3.214274,3.2254684,3.2239456,3.2272336,3.2179186,3.2254999,3.2213373,3.2289362,3.2309241,3.2247543,3.2330878,3.231073,3.2302012,3.2321353,3.229659,3.2333481,3.2598896,3.2447183,3.252479,3.2428954,3.2584507,3.2688415,3.258129,3.2621949,3.2550077,3.2574368,3.2731354,3.2643514,3.2580519,3.2690535,3.2741137,3.2605023,3.2780209,3.2756145,3.2796602,3.2855084,3.283205,3.2948985,3.271369,3.2882366,3.2801278,3.2773356,3.287557,3.2913597,3.2773879,3.286284,3.2862158,3.3037496,3.2911117,,,,,,,,,,,,,,,,,,,,,,,,,,,,,,,,,,,,,,,,,,,t78
FS/372.png,right,0.2220886999857612,4.017994,4.010127,4.003767,4.0268707,4.03534,4.02437,4.0267296,4.04739,4.0419626,4.04379,4.0435076,4.0446324,4.053065,4.05548,4.042603,4.0638576,4.0697455,4.0526443,4.056662,4.0507865,4.0624285,4.037804,4.051043,4.0578113,4.062825,4.051556,4.0393763,4.063608,4.075283,4.087716,4.0424695,4.0706773,4.0478215,4.065192,4.057509,4.0615287,4.060922,4.069318,4.070063,4.071723,4.0496645,4.060229,4.075071,4.072782,4.0599475,4.063972,4.0525455,4.068152,4.0555882,4.061183,4.063691,4.0680766,4.0726447,4.067155,4.0561194,4.0569367,4.058817,4.052102,4.053559,4.056949,4.0563326,4.0499105,4.030636,4.0579457,4.0377235,4.0286484,4.0335183,4.030919,4.0366783,4.0243263,4.0367866,4.0237265,4.026741,4.022725,4.021904,4.0129876,4.0264854,4.0095143,4.0055766,4.0018153,3.9952037,4.0086045,3.9993963,3.9952207,4.0015845,4.005868,3.9934835,4.000087,3.9926755,3.990897,3.9964273,3.9858966,3.9920194,3.9782495,4.0088325,3.9799676,3.9874575,4.000688,3.9859204,3.9780734,3.978,3.9845243,3.9788034,3.9906125,3.9790404,3.9798028,3.9732683,3.9816701,3.9740329,3.9764864,3.9682724,3.9772332,3.960624,3.9633439,3.9678586,3.9555907,3.9536142,3.9489982,3.9483736,3.970543,3.9491599,3.9693563,3.9675767,3.952815,3.962175,3.9546099,3.9692328,3.947019,3.9543056,3.9571435,3.9636068,3.9620192,3.9596665,3.9523225,3.9699788,3.949667,3.9394617,3.944267,3.9016676,3.882883,3.867833,3.850146,3.823902,3.821276,3.7629542,3.7546527,3.7364905,3.6858258,3.6702979,3.6545029,3.612282,3.6080017,3.5831268,3.5677512,3.520757,3.493015,3.4713337,3.4652414,3.446239,3.4415662,3.42242,3.4212878,3.3997567,3.402902,3.4005926,3.3797596,3.3666723,3.3664255,3.352532,3.3362477,3.3614206,3.3233533,3.338616,3.3238,3.3424082,3.3067007,3.3414648,3.3203642,3.3243296,3.3348632,3.2856977,3.300903,3.2838635,3.304845,3.2833607,3.2769587,3.2964146,3.6363134,3.598215,3.6455305,3.6594799,3.659814,3.6795256,3.690576,3.7152514,3.709403,3.7043712,3.7166672,3.7205002,3.7211256,3.7377284,3.7427907,3.7785444,3.7526593,3.7466052,3.7720191,3.7775536,3.7860355,3.7800171,3.7965558,3.7847018,3.8126483,3.801946,3.8303018,3.8252897,3.81285,3.8179917,3.843291,3.82301,3.8455737,3.839247,3.8597472,3.8565996,3.8781052,3.897462,3.8896663,3.8801217,3.9012072,3.9102561,3.8924768,3.8939366,3.9113755,3.8913355,3.9150624,3.9052536,3.911265,3.8837435,3.8988185,3.9077804,3.9069479,3.9095957,3.9013932,3.9093585,3.89132,3.9022806,3.9247382,3.9207213,3.9003336,3.9041085,3.894236,3.8995216,3.9258091,3.919533,3.8972945,3.8979366,3.892827,3.9256942,3.9155128,3.9181647,3.9044564,3.9178512,3.8988948,3.8978732,3.9166107,3.8995628,3.8863304,3.8828518,3.909359,3.8804896,3.8863647,3.8987854,3.912041,3.8864892,3.8805451,3.8963947,3.8952684,3.8765368,3.8758311,3.8834567,3.8809557,3.8732686,3.8868508,3.883086,3.897402,3.896983,3.8663557,3.8729186,3.8772585,3.885133,3.8746798,3.8756852,3.8814278,3.906503,3.9026854,3.8716393,3.8863997,3.8824239,3.8805845,3.8712149,3.870261,3.8876262,3.8799825,3.8670318,3.8789053,3.8660038,3.881725,3.8493776,3.8698068,3.8831646,3.847488,3.8866045,3.8514848,3.8642337,3.8702261,3.8504322,3.8821752,3.857923,3.8516579,3.852786,3.8500547,3.865899,3.852253,3.8726985,3.8990643,3.8957353,3.8512092,3.8574681,3.8744264,3.8456933,3.8695674,3.861924,3.8754811,3.8676636,3.8832297,3.8954341,3.900055,3.8863835,3.8819187,3.9005828,3.8838658,3.893047,3.920904,3.913775,3.8939514,3.915787,3.9135776,3.9195328,3.9123805,3.9228485,3.9228396,3.9158864,3.923449,3.9236507,3.9231899,3.9264038,3.918786,3.9320276,3.9167864,3.9314978,3.9238079,3.9246457,3.941422,3.9521923,3.9443028,3.9408493,3.9388335,3.9433458,3.9340146,,,,,,,,,,,,,,,,,,,,,,,,,,,,,,,,,,,,,,,,,,,t53
FS/252.png,left,0.1894423000048846,3.5901504,3.5788844,3.5890756,3.5718834,3.5940518,3.6009858,3.5919454,3.590151,3.618217,3.5969908,3.5954142,3.618422,3.600542,3.5915983,3.6054773,3.6129792,3.598308,3.611032,3.5852857,3.601595,3.5883663,3.6042013,3.604375,3.6207237,3.610652,3.6050978,3.6139052,3.6145108,3.6204348,3.6126013,3.6295164,3.6189609,3.6228218,3.6112165,3.623611,3.626545,3.611205,3.627604,3.632449,3.623736,3.618291,3.601637,3.623119,3.6334443,3.6100774,3.6143563,3.6167893,3.6299446,3.6144302,3.6264513,3.6207585,3.620157,3.6056125,3.6228971,3.624572,3.6304898,3.6137376,3.6374564,3.6292338,3.5968204,3.5753746,3.5709596,3.5629902,3.5555494,3.5611541,3.5561962,3.5591717,3.55718,3.5495412,3.5536642,3.5459852,3.5426095,3.5277169,3.5244572,3.523354,3.5275795,3.5046105,3.5268366,3.5274472,3.4962366,3.5050547,3.4990447,3.50351,3.5061316,3.5106091,3.5212243,3.518718,3.513553,3.4960845,3.5015883,3.4967875,3.4944942,3.5095916,3.5085309,3.5058005,3.5127347,3.4811697,3.4961019,3.508119,3.5155573,3.4979277,3.4978838,3.5199666,3.5044622,3.5137243,3.5204804,3.4986105,3.5204685,3.515474,3.5257492,3.5241876,3.5237832,3.509979,3.5157106,3.5248346,3.5283554,3.5264888,3.5337453,3.531579,3.5335221,3.5419014,3.5380566,3.5418406,3.5404847,3.5439079,3.5440342,3.5370302,3.5485928,3.540811,3.5562663,3.565418,3.5505056,3.5603805,3.5492961,3.5429373,3.5452085,3.5374131,3.5353515,3.5261023,3.5064652,3.4840128,3.4641018,3.455556,3.427522,3.417997,3.3697226,3.3653913,3.3200393,3.3055148,3.2808821,3.2654593,3.2567282,3.2084556,3.2004137,3.1673844,3.1325896,3.128612,3.1216836,3.1230807,3.1146953,3.1094663,3.0911937,3.0783832,3.080956,3.088227,3.0623696,3.0493708,3.0653265,3.0496705,3.056819,3.0543919,3.0217965,3.011795,3.029379,2.984585,3.007728,2.983056,3.0000458,2.98669,2.9800417,2.9800398,3.075755,3.2457879,3.3262415,3.2676332,3.3122509,3.2939284,3.3237464,3.3361735,3.3361268,3.3340566,3.354628,3.3730662,3.400534,3.404434,3.3981829,3.3915713,3.4106178,3.4073982,3.428037,3.437625,3.4476948,3.453874,3.453445,3.4554255,3.4524038,3.4725037,3.4639153,3.482971,3.477553,3.481959,3.4714134,3.4825037,3.4921932,3.497123,3.519006,3.5105486,3.5198135,3.528561,3.519855,3.5528088,3.5683887,3.5734124,3.5640628,3.5459409,3.5824573,3.5785587,3.569855,3.580988,3.575018,3.5629063,3.5776198,3.5849745,3.575493,3.573044,3.57877,3.5537627,3.5748746,3.5610228,3.53296,3.5598612,3.5404098,3.571934,3.5330584,3.529153,3.5593648,3.5354893,3.519377,3.5274882,3.5282063,3.534355,3.537467,3.554706,3.547191,3.5369382,3.535499,3.5319514,3.524168,3.511377,3.4997516,3.500444,3.5099807,3.5014608,3.4913938,3.489539,3.4918978,3.4861128,3.493855,3.4648337,3.4541278,3.4670696,3.479108,3.4673505,3.4411366,3.4714756,3.455089,3.435506,3.4652483,3.44626,3.4351573,3.4203148,3.4316132,3.421961,3.4377594,3.4266202,3.4312677,3.4143367,3.423081,3.427814,3.425484,3.410884,3.4131298,3.42195,3.4132411,3.4044178,3.4245613,3.4172091,3.408516,3.4129484,3.4321647,3.4168684,3.4450345,3.4335752,3.4328027,3.4388375,3.4314175,3.4327517,3.4271653,3.4340584,3.4396434,3.4143867,3.4432375,3.4334462,3.438957,3.442818,3.4428902,3.4351254,3.4355319,3.459391,3.4460213,3.4457011,3.4436533,3.4503305,3.432561,3.4305537,3.4317493,3.4444535,3.4125216,3.4410732,3.4362004,3.422145,3.4284463,3.4169989,3.4198787,3.4190927,3.425083,3.4117332,3.417677,3.3957162,3.4110923,3.3959544,3.4125164,3.40608,3.4130204,3.4127133,3.4303846,3.4057436,3.414255,3.401898,3.3982604,3.4207428,3.4122574,3.4147294,3.4080203,3.4317915,3.4181476,3.4122078,3.422296,3.4166238,3.4158335,3.4146955,3.4222524,3.4295886,,,,,,,,,,,,,,,,,,,,,,,,,,,,,,,,,,,,,,,,,,,,,,,,t62
FS/22.png,right,0.1286040000268258,3.7381403,3.743681,3.754604,3.7529352,3.778377,3.7683153,3.7749908,3.7629483,3.7874613,3.7798047,3.7880297,3.7850406,3.8001099,3.78638,3.8038406,3.8071938,3.8229272,3.8081784,3.7708194,3.814313,3.8252585,3.8266616,3.8209894,3.8192766,3.8228798,3.8086877,3.8342426,3.828482,3.824885,3.8168015,3.8221436,3.8143125,3.8150928,3.802121,3.8029768,3.8029742,3.8036935,3.779788,3.7749088,3.7676544,3.7485945,3.7535129,3.7487996,3.7534313,3.734904,3.7448893,3.7512326,3.7360146,3.719991,3.7252748,3.7137966,3.7268667,3.7282438,3.7187347,3.7156308,3.7182963,3.7106183,3.7150087,3.7172098,3.7035542,3.715799,3.7096922,3.7106025,3.6931205,3.7014637,3.705786,3.7058396,3.6995294,3.717058,3.698732,3.7022247,3.718938,3.7099924,3.7140827,3.7095826,3.7024558,3.7081485,3.7193198,3.7174904,3.7010639,3.726975,3.7240915,3.7208924,3.7200766,3.7189982,3.748141,3.7349646,3.7481625,3.7270596,3.7359538,3.7390983,3.737729,3.746905,3.7409534,3.7619328,3.7597365,3.7661593,3.762572,3.7767692,3.7918649,3.7805638,3.790823,3.7820792,3.7976155,3.8050785,3.8153014,3.797537,3.8398662,3.8256469,3.8189156,3.8191369,3.8180625,3.8392022,3.8426197,3.8516414,3.8404512,3.870761,3.8678837,3.8731828,3.870896,3.867344,3.8997524,3.9126658,3.9054072,3.899278,3.891968,3.888377,3.9019136,3.9156394,3.9136906,3.920645,3.923357,3.922998,3.9269836,3.9195385,3.92648,3.9164522,3.9232857,3.8766167,3.8514555,3.823453,3.8091636,3.8041666,3.7777781,3.7388546,3.7151108,3.664791,3.6417594,3.639771,3.5771785,3.5539281,3.53011,3.5172994,3.5050619,3.4769504,3.4512327,3.42408,3.4126754,3.392288,3.3421776,3.34264,3.325046,3.3135557,3.3055465,3.2890685,3.2586684,3.2605426,3.2159421,3.2105684,3.1998265,2.8973246,3.253144,3.2367015,3.234251,3.2249339,3.275917,3.250932,3.2762563,3.2978046,3.2857463,3.3105402,3.3139918,3.3507721,3.3547456,3.372417,3.3919966,3.4217587,3.4160342,3.4360166,3.4366121,3.4439785,3.4651434,3.486597,3.5083535,3.5189314,3.5171676,3.5194721,3.5255609,3.5370035,3.5383606,3.5627217,3.5821612,3.59637,3.5924919,3.6130717,3.6130283,3.6445153,3.619682,3.6167984,3.6436498,3.637869,3.6551774,3.6427968,3.6563005,3.629973,2.9117382,3.1638052,3.427998,3.7592046,3.627964,3.6637306,3.6563993,3.6587777,3.6912532,3.703605,3.727131,3.7712379,3.7987204,3.7836688,3.7815344,3.766666,3.7659316,3.7594476,3.737284,3.7450485,3.7423007,3.7537434,3.7936327,3.783498,3.7735503,3.7588003,3.7388892,3.7615793,3.7748098,3.808024,3.7849553,3.7904956,3.7959995,3.7900007,3.8126235,3.807824,3.7965193,3.7986753,3.8206778,3.787753,3.8220642,3.745844,3.7533407,3.7449791,3.7493646,3.7307816,3.7550602,3.7597423,3.7442274,3.7526424,3.7407296,3.761777,3.763891,3.7537537,3.757624,3.7602873,3.7780993,3.7773848,3.7646914,3.7503624,3.7422702,3.7420099,3.7625735,3.7633762,3.774795,3.756283,3.7633436,3.743229,3.756877,3.7645087,3.7645822,3.757511,3.7725697,3.7635527,3.7636807,3.7396417,3.7271695,3.750083,3.7315369,3.7618294,3.73163,3.7278109,3.7275314,3.7363944,3.7340531,3.7392125,3.7235036,3.7214017,3.7232664,3.724595,3.7354646,3.7303727,3.7151966,3.7079911,3.6877842,3.6995723,3.708125,3.7158525,3.7158175,3.707764,3.6782146,3.6791768,3.6839085,3.7083924,3.688613,3.6776228,3.6841102,3.6904685,3.6849098,3.6757028,3.6590917,3.6905751,3.6610315,3.6799517,3.67457,3.6685305,3.6751134,3.6824324,3.6722462,3.6697218,3.677497,3.6793764,3.6955738,3.6662362,3.685008,3.6776085,3.6666553,3.661579,3.675424,3.63973,3.686292,3.676179,3.6520267,3.6563675,3.6558986,3.6553261,3.663638,3.6489136,3.634165,3.6515946,3.651552,,,,,,,,,,,,,,,,,,,,,,,,,,,,,,,,,,,,,,,,,,,,,,,,,,,,,,,t65
FS/22.png,right,0.1852717000292614,3.270966,3.2720478,3.2602994,3.2730298,3.272221,3.2822123,3.2717726,3.2639692,3.2698066,3.2813659,3.2576413,3.283604,3.2749276,3.2727253,3.2793512,3.2803504,3.280089,3.270757,3.2743735,3.2734897,3.26566,3.2763078,3.2744837,3.2744381,3.2771256,3.274461,3.2743154,3.2726357,3.2718334,3.257351,3.26483,3.266219,3.2645552,3.2614722,3.2653089,3.2715566,3.2644076,3.2587762,3.2785618,3.2564995,3.262281,3.2600825,3.2753823,3.2671082,3.268556,3.2622771,3.2680507,3.2658834,3.26809,3.2672877,3.275801,3.2784514,3.2685988,3.2810266,3.2774165,3.277516,3.268735,3.2793286,3.280319,3.283741,3.2801232,3.272864,3.2673557,3.268912,3.2653465,3.263316,3.2426302,3.2573395,3.2715337,3.2517698,3.267238,3.2597806,3.2538662,3.275365,3.2620268,3.2469923,3.2441866,3.2339537,3.2548707,3.2492347,3.240281,3.237354,3.2294352,3.2316763,3.236782,3.235232,3.21351,3.1978884,3.200645,3.2094378,3.2031012,3.2035213,3.209706,3.202009,3.1893344,3.2050252,3.1917527,3.1909413,3.1873093,3.1850705,3.1778882,3.1872516,3.1825173,3.181807,3.1823514,3.1673875,3.1725428,3.1821158,3.1825657,3.1834488,3.1737185,3.1904526,3.1853464,3.1853323,3.1983354,3.1831322,3.188427,3.188938,3.1830485,3.191162,3.2213748,3.1979473,3.19461,3.228974,3.2257729,3.2199602,3.2553186,3.2314534,3.2473242,3.2477324,3.2674472,3.2684066,3.236667,3.2625875,3.2072601,3.2139494,3.1879308,3.1847565,3.17139,3.132833,3.127048,3.1090205,3.0835145,3.0572345,3.0287445,3.0298762,2.9752653,2.9675329,2.9372675,2.9026196,2.8974698,2.8749666,2.840554,2.829071,2.7827427,2.7926867,2.7922482,2.7728963,2.7655466,2.747395,2.7624645,2.7134063,2.7130475,2.7023866,2.7090573,2.6891065,2.7123678,2.6880884,2.7061095,2.6926553,2.6876917,2.692357,2.6721416,2.6530058,2.6679838,2.6537044,2.6467035,2.6448877,2.6350064,2.6436079,2.6481187,2.6437788,2.6164055,2.6636693,2.9786606,3.0235698,3.0040426,3.0035746,2.9910822,3.025741,3.043066,3.0464685,3.0463953,3.0359201,3.0574696,3.0759664,3.0539389,3.090899,3.0867622,3.087086,3.1079135,3.0938942,3.097254,3.1194963,3.1211293,3.12198,3.1291797,3.1289752,3.1372592,3.1278849,3.1267111,3.1373909,3.1454244,3.1573095,3.1556897,3.1549852,3.1599627,3.1598027,3.1590009,3.172893,3.178114,3.1856163,3.1816676,3.1696494,3.1866326,3.1809316,3.1751852,3.1804082,3.1788564,3.1844115,3.1886237,3.1872678,3.1700082,3.1630418,3.1514513,3.171279,3.1611638,3.157688,3.1566024,3.1458573,3.158126,3.150062,3.1406722,3.1385477,3.1329734,3.1351597,3.1328473,3.1358418,3.1354346,3.1341848,3.1322916,3.1330714,3.1163127,3.1066551,3.1145105,3.1266448,3.115433,3.114752,3.1300182,3.1226513,3.1157866,3.124731,3.1126103,3.1005452,3.1018689,3.106323,3.1159973,3.1002274,3.11061,3.1059365,3.1172931,3.1025054,3.1036124,3.099127,3.100118,3.1079938,3.090456,3.0857468,3.0971792,3.082752,3.0899749,3.0819626,3.083015,3.0919163,3.0954611,3.089431,3.0910113,3.096815,3.0905209,3.0796647,3.101026,3.0777428,3.0936599,3.107368,3.0987806,3.1013994,3.092696,3.0974317,3.0857348,3.0960443,3.0948248,3.0926745,3.1021745,3.0871818,3.1097834,3.1055553,3.094489,3.1051362,3.0970862,3.0881479,3.0914981,3.0979023,3.1024544,3.0899453,3.0995195,3.0850134,3.104574,3.0992806,3.0839248,3.0905375,3.0899246,3.0943625,3.072913,3.095176,3.0913854,3.092749,3.102892,3.0809827,3.0879843,3.087869,3.0875962,3.0814304,3.0988545,3.0939753,3.0792487,3.0963597,3.086206,3.0829685,3.0880096,3.076517,3.0902457,3.085709,3.0868547,3.081067,3.1134849,3.1027622,3.1109872,3.1187868,3.1206038,3.1235836,3.113381,3.1274607,3.1308148,3.1252353,3.1499107,3.131975,,,,,,,,,,,,,,,,,,,,,,,,,,,,,,,,,,,,,,,,,,,,,,,,,,,,,,,t105
FS/232.png,left,0.2393051999970339,3.631415,3.6242697,3.6374514,3.6312587,3.668181,3.639716,3.6496935,3.6232538,3.6166086,3.6194043,3.62535,3.6206632,3.6276684,3.6371608,3.6247156,3.6128628,3.612516,3.6283138,3.6273,3.6217997,3.6318684,3.6317031,3.6218333,3.6186068,3.6305678,3.610453,3.6139553,3.6231215,3.617978,3.6304483,3.6045403,3.6201222,3.594942,3.6102974,3.6037138,3.592154,3.5844386,3.5818427,3.5773559,3.5809922,3.5940623,3.5845993,3.578058,3.5829902,3.5827606,3.570837,3.5798619,3.5846226,3.5858614,3.5893333,3.5794954,3.5642207,3.5877638,3.578191,3.5849211,3.5772493,3.5766382,3.5859482,3.5844367,3.5823092,3.5856028,3.5886636,3.591684,3.5843835,3.580813,3.5878549,3.5762146,3.5801098,3.572958,3.575073,3.5714314,3.5887914,3.5833905,3.5754373,3.5588496,3.5767314,3.5697086,3.574535,3.5573921,3.574662,3.566958,3.5454128,3.5659194,3.5587385,3.561797,3.5712366,3.570838,3.5572574,3.5525181,3.5746722,3.5606933,3.579807,3.5685198,3.5817344,3.5691686,3.5767925,3.5740874,3.5602856,3.5630317,3.5706854,3.573047,3.576608,3.5736494,3.583928,3.569708,3.5700054,3.5815654,3.5971007,3.5857084,3.5735703,3.5863302,3.5890534,3.6003997,3.599175,3.5884016,3.6075358,3.6107376,3.6065788,3.607248,3.6176558,3.6205788,3.6245408,3.6162977,3.628186,3.627829,3.6293364,3.6384494,3.6193578,3.6306307,3.6331456,3.6322608,3.6454055,3.652196,3.6416895,3.6349287,3.6364954,3.6327765,3.6430142,3.6107779,3.5977073,3.5997205,3.568059,3.5403547,3.5074165,3.4966617,3.4677896,3.44975,3.4103014,3.4010444,3.3699358,3.3397517,3.328247,3.276321,3.255987,3.2430694,3.2376282,3.2211037,3.1797812,3.1740775,3.152049,3.133916,3.1161485,3.0851626,3.0808961,3.0593963,3.072546,3.0620682,3.0614226,3.033775,3.0265663,3.016429,3.00929,3.0059905,2.9943008,3.007251,2.9973583,3.0000722,2.98513,2.9872885,2.976284,2.9762695,2.9878626,2.9840052,2.968891,2.9780836,2.9766002,2.9807045,2.976313,2.9813027,2.9861665,2.989543,2.9918861,2.9932349,3.0079546,2.9910686,3.0127425,3.0126588,3.0368164,3.0393991,3.0416763,3.0494916,3.069931,3.066097,3.0763888,3.0885596,3.0992734,3.1128654,3.1184986,3.1182399,3.1283686,3.153868,3.1711652,3.1675706,3.1746938,3.1800365,3.181241,3.207878,3.1916618,3.227246,3.2351289,3.2302184,3.283174,3.2506037,3.2424884,3.2813284,3.509752,3.6371663,3.4866195,3.490057,3.4832969,3.519047,3.514537,3.5125906,3.513361,3.528293,3.5497015,3.5285614,3.530079,3.510937,3.532175,3.5476384,3.5334315,3.5519087,3.5521214,3.554375,3.568543,3.557906,3.5608413,3.5665472,3.5676498,3.5568397,3.579888,3.564445,3.5638642,3.582499,3.5720336,3.5791144,3.5731654,3.579379,3.5817287,3.5822854,3.5747294,3.581341,3.5788746,3.590424,3.583473,3.5862796,3.568806,3.5847836,3.5905714,3.5786943,3.578542,3.571763,3.5687366,3.5800624,3.5789464,3.575462,3.5544324,3.5539515,3.5395446,3.5374985,3.5536323,3.5324929,3.5322855,3.5258002,3.5158107,3.5189402,3.5322902,3.5120478,3.5099478,3.5062087,3.5059826,3.4920053,3.4985464,3.4954534,3.4929311,3.4937656,3.4720552,3.4741051,3.479534,3.4663348,3.476408,3.4757462,3.4639535,3.4415464,3.4331954,3.445437,3.4450934,3.4301438,3.4385238,3.4148853,3.4199185,3.4170682,3.4227054,3.4148788,3.4175467,3.4131293,3.386766,3.3852704,3.3758717,3.3735833,3.421164,3.3973634,3.411199,3.4204836,3.4046695,3.402559,3.4082212,3.3951013,3.3935974,3.3787448,3.3914568,3.3824887,3.391905,3.4127934,3.433351,3.431412,3.433976,3.4371703,3.4346678,3.4372978,3.4392614,3.4352562,3.442162,3.4587305,3.44885,3.4487407,3.4470968,3.4581983,3.4564426,3.4653049,3.458599,3.4607754,3.458617,3.4666703,3.468289,3.4631298,3.463079,3.4709945,3.4611964,3.4748347,3.4579365,3.4630213,3.4614213,3.4644663,3.468528,3.4836473,3.4805055,3.471713,3.4725244,3.4656353,3.486761,3.4733288,3.4700718,,,,,,,,,,,,,,,,,,,,,,,,,,,,,,,,,,,,,t68
FS/232.png,right,0.2265762999886647,3.2549253,3.2728438,3.2632442,3.2613268,3.2694445,3.2672937,3.2727842,3.2653701,3.2739275,3.26315,3.2629433,3.2563446,3.2547586,3.261647,3.2441607,3.25995,3.2556264,3.256947,3.258646,3.2623796,3.262093,3.2605305,3.2521229,3.245416,3.2538145,3.2687876,3.25956,3.2690413,3.2590199,3.2582946,3.29087,3.268397,3.286145,3.278131,3.277131,3.2752101,3.2833385,3.2840457,3.2803664,3.2953477,3.2910345,3.287107,3.2877443,3.3012617,3.2873313,3.2938285,3.2939742,3.3020866,3.3084161,3.3103337,3.3146524,3.3137877,3.3096535,3.307764,3.313584,3.3179479,3.3247633,3.326104,3.329813,3.3300552,3.3340883,3.3263037,3.335085,3.3329506,3.3440182,3.3310714,3.3375309,3.3315637,3.3372607,3.3524249,3.3317592,3.3578312,3.3618176,3.34684,3.3549094,3.3418548,3.3584187,3.3424103,3.3395686,3.3296144,3.340722,3.3170688,3.3321066,3.3309925,3.3227782,3.3090115,3.3217766,3.3237062,3.3206208,3.3196194,3.3103867,3.3209534,3.3176448,3.313387,3.3139071,3.3160815,3.3116553,3.2866654,3.2850592,3.2786624,3.2990599,3.2830796,3.2869172,3.2798765,3.281299,3.2989652,3.2830856,3.2981367,3.284242,3.2999735,3.272701,3.2793624,3.2809012,3.2844746,3.2715652,3.2664397,3.2816715,3.2750578,3.2834785,3.2693758,3.2901366,3.295659,3.2857115,3.2780058,3.289565,3.271641,3.2926786,3.284494,3.2908635,3.2949753,3.2819893,3.319196,3.3027344,3.2849102,3.292974,3.2789054,3.2664938,3.2657688,3.2582707,3.2364025,3.2328784,3.223142,3.1831617,3.1649444,3.131523,3.1084304,3.1099958,3.0877616,3.0519044,3.023565,3.0245647,3.0007267,2.9616694,2.9602125,2.9299424,2.9187458,2.886626,2.8603008,2.8554747,2.8478746,2.8355792,2.829604,2.8084106,2.815869,2.7824082,2.7866302,2.7828908,2.770981,2.7654767,2.7392218,2.7461116,2.722333,2.7356408,2.7169003,2.7037876,2.725947,2.7174997,2.7293034,2.7148776,2.7188191,2.7181869,2.7156663,2.7397432,2.730037,2.7157378,2.7306163,2.7457798,2.7236397,2.711257,2.7176423,2.7406511,2.7388344,2.770958,2.7451553,2.758213,2.7590048,2.7358284,2.7901883,2.7440338,3.1097782,3.097754,3.140097,3.0153255,3.075523,3.0989583,3.082615,3.0818565,3.0827568,3.1021202,3.1188567,3.1289978,3.1496103,3.1581252,3.1596224,3.164406,3.157125,3.1631758,3.1635096,3.1705012,3.1672935,3.1757545,3.1924267,3.1796997,3.180379,3.1980531,3.2050717,3.209557,3.2009006,3.2125812,3.213994,3.1907842,3.187809,3.2124264,3.2311375,3.2053168,3.2347345,3.2395031,3.2277482,3.2355149,3.2409778,3.2383034,3.242059,3.254007,3.2453182,3.252397,3.2452114,3.2437923,3.2550957,3.244855,3.2360337,3.246293,3.256659,3.2437372,3.2359867,3.2420552,3.2137892,3.218181,3.2059598,3.187807,3.1852937,3.1927722,3.1876771,3.1711826,3.169637,3.1629913,3.1549642,3.1316478,3.1497126,3.1355908,3.1360102,3.1286156,3.1351376,3.1148953,3.1117196,3.1086624,3.1037204,3.0991333,3.08716,3.075508,3.0748978,3.0679917,3.0446782,3.0640492,3.0512757,3.040019,3.0248237,3.0227811,3.0224273,3.0154672,3.016727,3.009036,3.001169,3.0003247,2.9790204,2.9903846,2.9818208,2.9466016,2.949764,2.949237,2.951831,2.9447033,2.9520767,2.95114,2.9490528,2.9560568,2.93953,2.933598,2.919427,2.932941,2.9300165,2.930941,2.9368136,2.9319103,2.9282033,2.9350595,2.9355586,2.9286246,2.940646,2.9369898,2.931559,2.933496,2.9373214,2.9392726,2.9207718,2.9356086,2.9390025,2.9411516,2.9513967,2.9448855,2.9570365,2.9478283,2.961398,2.955191,2.95986,2.969054,2.9578085,2.9600346,2.9588199,2.957886,2.9844346,2.9539912,2.9678338,2.9937775,2.98723,2.9873261,2.995446,2.9900632,3.0088477,2.995647,3.016038,3.0150616,3.040927,3.0564911,3.0574453,3.0343058,3.03397,3.0199203,3.0270655,3.025497,3.032295,3.0361633,3.026081,3.032979,3.0141726,3.0571141,3.0308678,3.0353932,3.0434897,,,,,,,,,,,,,,,,,,,,,,,,,,,,,,,,,,,,,,,,,,,t101
FS/492.png,right,0.1829190999851562,3.2266862,3.2407634,3.2306027,3.239312,3.2456527,3.2566702,3.245133,3.2614992,3.2329526,3.245867,3.2566013,3.2444203,3.2428288,3.2511551,3.2573915,3.2662024,3.267729,3.2661767,3.25635,3.2679098,3.2466636,3.2777133,3.2760842,3.280729,3.2561924,3.2614036,3.2727475,3.2658,3.264911,3.272375,3.2639782,3.2721536,3.2651093,3.276786,3.2702293,3.282021,3.2692509,3.2710419,3.275435,3.288664,3.2773395,3.2732627,3.2815661,3.2996423,3.271951,3.2846296,3.3021204,3.2978299,3.300305,3.2984886,3.3082342,3.289857,3.3015335,3.3246918,3.3181598,3.3167381,3.317697,3.324456,3.3305504,3.3350177,3.3431332,3.349316,3.346773,3.3427455,3.3371685,3.3528025,3.3477845,3.3496869,3.3507981,3.3525856,3.3472393,3.3505423,3.3556762,3.3540485,3.3513784,3.3462825,3.3567772,3.3711917,3.366851,3.37871,3.3797765,3.3828754,3.3790452,3.3801637,3.3750062,3.3802269,3.3728318,3.3898895,3.386953,3.3863904,3.3858945,3.4040902,3.3990045,3.4028618,3.4084008,3.4040525,3.3978207,3.4133525,3.4137857,3.4185874,3.4285066,3.4189765,3.4312537,3.4160457,3.4264557,3.4259434,3.4266624,3.432189,3.4263756,3.425922,3.4329834,3.4467728,3.4436586,3.4371414,3.439225,3.4339893,3.4443886,3.4440968,3.4399018,3.433022,3.4409611,3.4683423,3.456011,3.4748108,3.4498708,3.4649749,3.4710376,3.448878,3.4676034,3.4811485,3.4673722,3.4700046,3.4725547,3.4518926,3.452532,3.4354503,3.4396899,3.4287884,3.4268591,3.407218,3.3579504,3.3314283,3.313242,3.273033,3.2517507,3.2087414,3.1860425,3.1701033,3.1447394,3.1373835,3.1113312,3.0816808,3.0587788,3.017862,2.9889991,2.9871697,2.955257,2.9376044,2.9378836,2.9150233,2.8756385,2.8569734,2.8483937,2.8324783,2.8376548,2.8050673,2.799001,2.7931662,2.7648404,2.7121992,2.810046,2.8274763,2.8278785,2.8410683,2.8737438,2.8997054,2.9010825,2.9036183,2.9227414,2.9396439,2.945939,2.962499,2.964438,2.971931,2.984595,2.9966118,3.0010264,3.037758,3.054993,3.0744843,3.0832303,3.094389,3.0978131,3.1056101,3.1203122,3.1085927,3.1366045,3.1313465,3.133683,3.1405945,3.1471643,3.1436744,3.1708884,3.173374,3.1836565,3.2035208,3.212115,3.235324,3.2359643,3.2211623,3.2528663,3.2421556,3.2513964,3.2493286,3.2654812,3.2719507,3.2504766,3.2766266,3.2828808,3.2829778,3.2932417,3.2970054,3.281985,3.307298,3.2861996,3.2978659,3.3101974,3.2957253,3.3112485,3.2992752,3.2874613,3.3102458,3.3063476,3.3043098,3.331641,3.33198,3.341195,3.3210592,3.3264325,3.3055418,3.3166542,3.3321047,3.3233418,1.0349097,3.3034189,3.3124876,3.3175235,3.3193517,3.309995,3.3227892,3.3093567,3.2915847,3.2893097,3.3084798,3.3157015,3.3225935,3.3274403,3.3179443,3.318317,3.3312976,3.3365529,3.3326523,3.3459237,3.3503149,3.3310483,3.3371003,3.3518739,3.3561454,3.3549452,3.3468707,3.3500214,3.3606246,3.341396,3.3618906,3.3374593,3.3444216,3.3388429,3.3267431,3.3639636,3.3405182,3.3415542,3.3565388,3.3373961,3.3552701,3.3644528,3.3482053,3.3365617,3.3599052,3.3647969,3.37215,3.362486,3.3368847,3.3587828,3.3755443,3.3687763,3.380208,3.378695,3.3780987,3.3779464,3.3773117,3.3687546,3.3820846,3.3843892,3.3824372,3.375855,3.3793614,3.374991,3.3940787,3.3895903,3.395385,3.3618073,3.3791492,3.378015,3.391185,3.3772745,3.3758545,3.401351,3.394532,3.3878193,3.3958323,3.3998594,3.388764,3.3934333,3.3946645,3.3966174,3.402551,3.4013143,3.389712,3.4063506,3.3967552,3.4056816,3.4075134,3.4094944,3.4056435,3.4050667,3.414784,3.4078188,3.4237213,3.4140027,3.425525,3.4231508,3.4173262,3.4253929,3.4143734,3.4352717,3.4268315,3.424508,3.4391603,3.4481332,3.4436774,,,,,,,,,,,,,,,,,,,,,,,,,,,,,,,,,,,,,,,,,,,,,,,,,,,,,,,,,,,,,t73
FS/462.png,right,0.2077076999703422,3.3596618,3.3468103,3.3538482,3.334158,3.350336,3.3310192,3.3353703,3.3498614,3.333635,3.3537452,3.3442442,3.3549113,3.3554962,3.3608558,3.3471572,3.3542564,3.3774965,3.3747416,3.3704066,3.3648748,3.3618414,3.3683984,3.3772078,3.3793893,3.3880897,3.3847666,3.3801885,3.401876,3.3917413,3.421771,3.3963048,3.4037883,3.3973975,3.4067938,3.4311388,3.4191868,3.410559,3.419096,3.435118,3.4296381,3.4308815,3.4266393,3.4314625,3.4263754,3.4266102,3.437185,3.4386818,3.4391737,3.4336455,3.4379041,3.454797,3.4421732,3.4404404,3.4292102,3.4382896,3.4326856,3.436706,3.428746,3.4370043,3.4300053,3.4327505,3.4203508,3.4132085,3.4187672,3.4076777,3.4079154,3.4067657,3.3999538,3.3905685,3.3903606,3.4050558,3.3977602,3.3847828,3.3982902,3.384316,3.3828664,3.3858938,3.381452,3.386681,3.3846056,3.383179,3.3892248,3.3973875,3.394158,3.3926823,3.3973255,3.3974068,3.4008229,3.3940895,3.3967874,3.394193,3.3955023,3.401194,3.4007835,3.408785,3.4093008,3.4075606,3.4106708,3.4233112,3.4102125,3.4331684,3.4038737,3.42018,3.4373991,3.4319944,3.4281695,3.4280295,3.4437635,3.439852,3.4446154,3.4423738,3.4471958,3.4530804,3.4513817,3.451578,3.45028,3.4816868,3.4688785,3.4716241,3.4835227,3.4983757,3.4871097,3.5046296,3.4840639,3.4929826,3.4958305,3.5027592,3.5083153,3.5141687,3.503737,3.5048761,3.5122063,3.508063,3.4943974,3.4921978,3.4913285,3.4795623,3.4607158,3.4457974,3.4337044,3.4019043,3.38596,3.3551424,3.3082008,3.2953162,3.288133,3.253549,3.22898,3.1937244,3.1890779,3.1705813,3.1300795,3.1231656,3.075061,3.0662394,3.0427363,3.0297768,3.0325446,3.003192,2.9891734,2.9953012,2.94866,2.946597,2.924693,2.9197197,2.9048603,2.9077797,2.903724,2.8997421,2.897635,2.8914292,2.8753552,2.8915021,2.8785849,2.873902,2.8733413,2.8723469,2.8538766,2.8738074,2.866471,2.8770978,2.8716602,2.8564823,2.8930395,2.90517,2.891394,2.9113252,2.9033034,2.8958626,2.9104543,2.9197097,2.9180317,2.927391,2.9438217,2.9532654,2.9721048,2.9768672,2.9865434,2.9828265,2.9999337,3.006456,3.0052273,3.0013762,3.006662,3.028229,3.0381718,3.0649137,3.0750875,3.1054003,3.1070113,3.1250992,3.152727,3.1603034,3.155547,3.17014,3.1474068,3.137664,3.158802,3.1641386,3.172893,3.1725233,3.2440495,3.386599,3.3850615,3.4116113,3.3691177,3.3435245,3.3647182,3.3830383,3.3675673,3.3690028,3.3708658,3.3769574,3.3719435,3.3916261,3.3881845,3.3919647,3.4109728,3.4018693,3.406019,3.4169164,3.4111688,3.418751,3.4234369,3.4290347,3.4234514,3.4252837,3.4182036,3.4180233,3.4138277,3.423275,3.4222307,3.4261274,3.4169066,3.4167843,3.4145985,3.4182942,3.4280202,3.4291475,3.42655,3.4279885,3.4400146,3.4202302,3.4290962,3.4401875,3.429112,3.4341757,3.433228,3.4334567,3.437547,3.4405267,3.432701,3.4360738,3.4390624,3.436605,3.431029,3.445741,3.4374063,3.4383156,3.4278426,3.4298143,3.451687,3.429213,3.4469776,3.457294,3.4495816,3.4423964,3.451945,3.4485345,3.4310048,3.4293728,3.4350748,3.4384742,3.4401467,3.436915,3.4295769,3.4342072,3.438777,3.43046,3.439985,3.4240835,3.4397695,3.415357,3.4385784,3.4283025,3.4354174,3.3998399,3.4303946,3.419148,3.4159584,3.41623,3.4176111,3.413695,3.4128978,3.4041202,3.4131355,3.4079125,3.3943677,3.4117136,3.403222,3.4110687,3.3888466,3.390573,3.3947837,3.39753,3.3899782,3.3937967,3.394502,3.3958278,3.3972614,3.3881907,3.3784957,3.3768275,3.3800569,3.3833816,3.3795798,3.3850915,3.3840806,3.372879,3.3732278,3.370441,3.3642447,3.3593104,3.3486378,3.351148,3.341437,3.354571,3.3700292,3.3671062,3.369227,3.366959,3.3569448,3.3630729,3.3743982,3.352317,3.3581254,3.3848941,3.3777514,3.3689046,3.365972,3.3739707,3.371059,3.36645,3.3802776,3.3918304,3.389586,3.3673313,3.4181416,3.4171453,3.3983243,3.3914838,3.3900282,3.4113262,3.4104328,3.4086533,3.4095685,3.3976781,,,,,,,,,,,,,,,,,,,,,,,,,,,,,,,,,,t77
FS/312.png,left,0.1648182999924756,3.2911117,3.2842417,3.2827446,3.2648954,3.2985594,3.282245,3.2832818,3.2823822,3.287085,3.2636406,3.2764375,3.282629,3.2540748,3.2463648,3.2428942,3.2564473,3.256721,3.2283661,3.2292733,3.235206,3.236358,3.2262914,3.2186007,3.2049656,3.2096322,3.1835418,3.1874626,3.174512,3.1945574,3.1840024,3.1828277,3.171501,3.1642878,3.1676538,3.1591637,3.1817582,3.1706762,3.1842442,3.20076,3.16961,3.179031,3.1658053,3.1695654,3.1856587,3.1472235,3.1596634,3.167672,3.1576188,3.155268,3.1444764,3.153629,3.150405,3.1584523,3.1334014,3.1616673,3.1568801,3.1494238,3.143558,3.1307294,3.1258466,3.1227026,3.127627,3.103864,3.100248,3.1067684,3.1023734,3.0877845,3.0996773,3.092895,3.071208,3.079575,3.0600417,3.0489078,3.0311184,3.029838,3.024094,3.0002968,2.9970143,3.0111775,2.9923987,3.0131378,2.9844308,2.968352,2.9732883,2.971892,2.9822702,2.968782,2.9669588,2.9696138,2.969286,2.974062,2.9782383,2.9710062,2.9732008,2.9839356,2.9792433,2.9762075,2.989175,2.9686813,2.9819207,3.010911,3.0178087,3.0013387,3.0217805,3.0108826,3.0320318,3.039488,3.0604675,3.0444295,3.054249,3.052137,3.0672894,3.0560575,3.076097,3.084899,3.0836973,3.0881112,3.0924346,3.0853631,3.0924225,3.0978239,3.10031,3.0907807,3.1054087,3.120654,3.1228938,3.1056337,3.1383564,3.1317332,3.1190622,3.1396732,3.1464252,3.148435,3.1491737,3.1443396,3.1437938,3.1407297,3.138146,3.1524892,3.1116953,3.119025,3.0875194,3.0819464,3.0547254,3.0277338,3.0238,2.9621408,2.9736269,2.953133,2.9325716,2.9364724,2.901898,2.8942077,2.8866954,2.8774402,2.8452072,2.8277764,2.8017964,2.7913163,2.7876022,2.7592537,2.7596593,2.7567353,2.7484617,2.7492678,2.7441278,2.7340267,2.744848,2.7460303,2.7474985,2.7279792,2.7363524,2.722682,2.7187743,2.7345672,2.7253504,2.712064,2.7377427,2.7315874,2.7113535,2.72167,2.7356997,2.743041,2.7322807,2.7276678,2.7518198,2.7532153,2.758183,2.7487864,2.7666488,2.760657,2.7514563,2.777403,2.784543,2.7702973,1.1536142,3.1023638,3.0068433,3.0769446,3.0263653,3.0505188,3.0497239,3.093971,3.1098635,3.1061308,3.1017065,3.1024938,3.13302,3.1540337,3.1406767,3.1616986,3.1782656,3.1580007,3.180474,3.181067,3.1988091,3.1921592,3.1897037,3.2165775,3.2041469,3.219529,3.222718,3.2349916,3.2277899,3.226946,3.2403681,3.2230246,3.2310948,3.2434397,3.2379854,3.24372,3.2556655,3.2571683,3.2584095,3.2455618,3.2538185,3.2557333,3.2588506,3.2486227,3.269715,3.2606952,3.279615,3.2703135,3.2585223,3.2597873,3.255947,3.25957,3.2564046,3.241599,3.2354026,3.2566524,3.2308147,3.2283187,3.2407708,3.2297196,3.219391,3.2145326,3.2000136,3.1934607,3.1965733,3.1899066,3.1724758,3.1698573,3.167269,3.16512,3.1680388,3.1545153,3.1525993,3.1166356,3.1196048,3.1174963,3.1105332,3.1022816,3.0868027,3.0739908,3.0806782,3.0694537,3.074806,3.079321,3.0735872,3.0677598,3.0685527,3.0538232,3.0787976,3.049064,3.041433,3.0443192,3.0558474,3.0550387,3.039102,3.0487595,3.024075,3.040154,3.0251076,3.011573,3.0251443,3.0055673,3.0168166,2.9974627,3.0080884,2.9987469,3.0064042,3.0055132,2.9943464,3.021108,3.0012853,3.0030534,3.0159218,2.982058,2.9968476,3.0015323,2.9995165,2.9826913,3.0208824,3.0162764,3.0136878,3.002564,3.0061777,2.9984171,2.9880536,3.0013971,3.0069866,2.9977129,3.0074887,3.0055413,3.00429,3.0035832,3.0073495,3.0023127,3.0218825,3.0182838,3.0029514,3.0089896,3.0068676,3.013709,3.0089474,3.0085037,3.0262837,3.0043924,3.006971,3.0210907,3.0236297,3.029073,3.0356538,3.0347228,3.031639,3.027424,3.0424337,3.012519,3.0376334,3.0365357,3.0273015,3.0285606,3.0336006,3.0532272,3.0549157,3.0632915,3.0437176,3.0629401,3.078927,3.0655746,3.073975,,,,,,,,,,,,,,,,,,,,,,,,,,,,,,,,,,,,,,,,,,,,,,,,,t79
FS/92.png,right,0.2126046000048518,3.1452553,3.1589665,3.1308303,3.132938,3.1296303,3.1378274,3.1428943,3.1250725,3.1306663,3.145541,3.1209981,3.130878,3.140249,3.12694,3.1308196,3.1360023,3.1278443,3.1376894,3.1319883,3.1419241,3.1373281,3.1344774,3.1362257,3.1296442,3.1411374,3.131546,3.139006,3.1491508,3.1327112,3.1418574,3.1487124,3.1517732,3.1519237,3.1317034,3.133544,3.143721,3.1435785,3.152185,3.155042,3.1402884,3.160432,3.203789,3.1918452,3.1693072,3.1776943,3.1719277,3.2020316,3.1906998,3.205257,3.1997337,3.1982927,3.1894732,3.191575,3.19305,3.2179594,3.2179163,3.2054331,3.2153504,3.2065582,3.2208304,3.2273424,3.2309797,3.230969,3.226436,3.2268054,3.2321033,3.2277253,3.23372,3.2242966,3.2314298,3.2430348,3.226389,3.2411406,3.2358012,3.2314312,3.2633538,3.256272,3.2601175,3.240174,3.2449367,3.2585886,3.2584505,3.2561913,3.2551634,3.256533,3.2737434,3.2528598,3.2676387,3.2865186,3.2724018,3.2966905,3.279677,3.286402,3.294728,3.2971513,3.30029,3.2910352,3.295076,3.3058226,3.3090937,3.3025558,3.2990975,3.3042283,3.2936394,3.3073275,3.3025792,3.2983546,3.3138454,3.311176,3.3146946,3.3120165,3.3304381,3.3319607,3.3185048,3.3247175,3.3386252,3.3365057,3.3192601,3.3152015,3.3383932,3.340656,3.3638954,3.3384202,3.3440685,3.3429286,3.3435168,3.352032,3.3561745,3.360722,3.3471098,3.339472,3.3427658,3.335637,3.3474104,3.3354743,3.3252528,3.2906022,3.2895849,3.254674,3.2508855,3.2109299,3.1562834,3.1382477,3.13167,3.1119328,3.0945811,3.0607727,3.023693,2.9904327,2.9824905,2.968449,2.9589393,2.9308462,2.9243908,2.8997858,2.8913133,2.8880725,2.8649876,2.8377688,2.822517,2.8176317,2.8085053,2.8208675,2.7988796,2.7730038,2.7629542,2.764468,2.7733731,2.7488687,2.7554488,2.7315526,2.746893,2.7458367,2.7363765,2.7573001,2.7347138,2.735179,2.750447,2.7478683,2.7587419,2.7729187,2.7725294,2.7760544,2.7906427,2.7771122,2.7951083,2.7968233,2.8205311,2.842579,2.8266249,2.8205686,2.8388133,2.8426614,2.8678145,2.8693805,2.8817878,2.8717875,2.892646,2.9084723,2.9083638,2.920144,2.9319057,2.9380329,2.9556487,2.968375,2.9817426,2.9872537,3.006891,2.987377,3.0224564,3.0268753,3.0332696,3.0612583,3.058912,3.0601773,3.0876951,3.0955255,3.0956497,3.0969346,3.0997589,3.129526,3.1483998,3.1225092,3.1442432,3.1461318,3.1399682,3.148277,3.1509705,3.1573348,3.1610262,3.1738532,3.1794097,3.1808963,3.191892,3.1795774,3.1881976,3.186071,3.1921372,3.1902342,3.2125442,3.2188466,3.2210214,3.2087924,3.2076917,3.2189574,3.2084136,3.2010233,3.20417,3.2133927,3.2703993,1.2746401,3.265943,3.2395716,3.2331612,3.2449872,3.2550118,3.2367551,3.2345328,3.2519262,3.2332907,3.2242079,3.227825,3.2322772,3.232767,3.2388825,3.2341285,3.2393196,3.2548823,3.2456005,3.241634,3.2374167,3.2402418,3.2418416,3.2477171,3.2451093,3.244335,3.243331,3.248303,3.2521853,3.265891,3.2712452,3.2605436,3.2782345,3.2791831,3.2883198,3.2570872,3.2862258,3.2866454,3.2781649,3.274051,3.2807415,3.2954507,3.2891195,3.253457,3.271703,3.2758217,3.2944121,3.2963383,3.2635574,3.2751145,3.2767658,3.2832282,3.2645595,3.2750099,3.281812,3.261979,3.2789338,3.2627797,3.2614138,3.2766085,3.2896304,3.2809565,3.2871444,3.2937596,3.2874486,3.2703795,3.273185,3.2669785,3.2608118,3.268583,3.3054605,3.26568,3.270912,3.283245,3.3024826,3.2785008,3.269715,3.2840843,3.298868,3.2837698,3.2820048,3.2820811,3.2879808,3.2786329,3.2871656,3.2731586,3.2680547,3.2840955,3.2690318,3.2656684,3.2875624,3.2709084,3.2689993,3.2832582,3.264793,3.2784364,3.2777781,3.2823195,3.2776,3.274316,3.2788973,3.267209,3.2692096,3.2766914,3.2790167,3.2719462,3.2763588,3.2765756,3.2686212,3.2689505,3.2732213,3.2776237,3.2680843,3.2744925,3.2611954,3.2730117,3.2713723,3.26307,3.2596269,3.265532,3.2660663,3.25907,3.2549253,3.2728438,,,,,,,,,,,,,,,,,,,,,,,,,,,,,,,,,,,,,t100
