t87,t88,t89,t90,t91,t92,t93,t94,t95,t96,t97,t98,t99,t100,t101,t102,t103,t104,t105,t106,t107,t108,t109,t110,t111,t112,t113,t114,t115,t116,t117,t118,t119,t120,t121,t122,t123,t124,t125,t126,t127,t128,t129,t130,t131,t132,t133,t134,t135,t136,t137,t138,t139,t140,t141,t142,t143,t144,t145,t146,t147,t148,t149,t150,t151,t152,t153,t154,t155,t156,t157,t158,t159,t160,t161,t162,t163,t164,t165,t166,t167,t168,t169,t170,t171,t172,t173,t174,t175,t176,t177,t178,t179,t180,t181,t182,t183,t184,t185,t186,t187,t188,t189,t190,t191,t192,t193,t194,t195,t196,t197,t198,t199,t200,t201,t202,t203,t204,t205,t206,t207,t208,t209,t210,t211,t212,t213,t214,t215,t216,t217,t218,t219,t220,t221,t222,t223,t224,t225,t226,t227,t228,t229,t230,t231,t232,t233,t234,t235,t236,t237,t238,t239,t240,t241,t242,t243,t244,t245,t246,t247,t248,t249,t250,t251,t252,t253,t254,t255,t256,t257,t258,t259,t260,t261,t262,t263,t264,t265,t266,t267,t268,t269,t270,t271,t272,t273,t274,t275,t276,t277,t278,t279,t280,t281,t282,t283,t284,t285,t286,t287,t288,t289,t290,t291,t292,t293,t294,t295,t296,t297,t298,t299,t300,t301,t302,t303,t304,t305,t306,t307,t308,t309,t310,t311,t312,t313,t314,t315,t316,t317,t318,t319,t320,t321,t322,t323,t324,t325,t326,t327,t328,t329,t330,t331,t332,t333,t334,t335,t336,t337,t338,t339,t340,t341,t342,t343,t344,t345,t346,t347,t348,t349,t350,t351,t352,t353,t354,t355,t356,t357,t358,t359,t360,t361,t362,t363,t364,t365,t366,t367,t368,t369,t370,t371,t372,t373,t374,t375,t376,t377,t378,t379,t380,t381,t382,t383,t384,t385,t386,t387,t388,t389,t390,t391,t392,t393,t394,t395,t396,t397,t398,t399,t400,t401,t402,t403,t404,t405,t406,t407,t408,t409,t410,t411,t412,t413,t414,t415,t416,t417,t418,t419,t420,t421,t422,t423,t424,t425,t426,t427,t428,t429,t430,t431,t432,t433,t434,t435,t436,t437,t438,t439,t440,t441,t442,t443,t444
1.1884851,1.1896272,1.1862873,1.1894406,1.180984,1.1873692,1.1848496,1.1853478,1.1762065,1.1702937,1.172094,1.1701248,1.169,1.1739808,1.1729088,1.1757191,1.1692779,1.1724795,1.170714,1.1694244,1.1690818,1.171604,1.1739932,1.169542,1.1735964,1.1730562,1.1814774,1.1746079,1.1745379,1.1758207,1.1739073,1.1788995,1.1755244,1.1792182,1.1838962,1.1797189,1.1791401,1.1740279,1.1775796,1.1805954,1.1802126,1.1825771,1.1818292,1.1892694,1.2011925,1.1970897,1.1959739,1.2103369,1.2087348,1.2141794,1.2040563,1.2076218,1.2067772,1.2056897,1.2024939,1.1954758,1.1841948,1.192014,1.1853396,1.1727251,1.1791842,1.1639125,1.1624663,1.1595411,1.1527526,1.1475466,1.1509118,1.1435921,1.1325147,1.1305397,1.1362952,1.1295066,1.114725,1.125307,1.123565,1.115566,1.1127036,1.111702,1.1141478,1.0984921,1.1003458,1.0987893,1.0973749,1.0935647,1.0938224,1.0882856,1.0969329,1.1000003,1.1060143,1.107031,1.112606,1.1013277,1.112179,1.1184666,1.1167353,1.1345105,1.1361914,1.137475,1.1322073,1.1426681,1.1396197,1.1415066,1.137761,1.1450425,1.1352764,1.1404254,1.1344504,1.1442777,1.1421589,1.1438401,1.1383275,1.1347812,1.1350645,1.1248007,1.1298614,1.1269914,1.1231828,1.1331269,1.1296705,1.126233,1.1152601,1.1138256,1.1140928,1.1061273,1.1041212,1.1130122,1.109315,1.1252018,1.1034517,1.1109065,1.1147693,1.1180978,1.1220589,1.1022494,1.0962268,1.1002784,1.104051,1.1065553,1.1124293,1.1185185,1.1272547,1.1195158,1.130455,1.1239226,1.1287806,1.1233389,1.1256143,1.1302543,1.1405493,1.1339555,1.1350646,1.1366135,1.1442039,1.1486553,1.1506823,1.1491998,1.1534992,1.1565777,1.1606263,1.1611391,1.1697638,1.164318,1.1703403,1.170675,1.1771933,1.175071,1.1731167,1.1683394,1.1798413,1.1814841,1.1853045,1.1823918,1.1811717,1.183246,1.1925745,1.1932441,1.200531,1.1952795,1.1956707,1.1892098,1.2095041,1.2022653,1.2048573,1.2116569,1.2152599,1.2180264,1.2083154,1.2188296,1.2257067,1.2243779,1.222692,1.2317001,1.2207296,1.2257947,1.22602,1.2292265,1.229595,1.2349366,1.2405837,1.2311724,1.2357708,1.2425531,1.244263,1.2433034,1.2401069,1.237741,1.2473636,1.2416514,1.2416205,1.2512454,1.2377367,1.2395511,1.2369823,1.2416646,1.2511525,1.2408491,1.2462173,1.2468427,1.2479159,1.2518368,1.2534164,1.2498082,1.2546006,1.24372,1.2483608,1.2563218,1.2540746,1.2465833,1.2477368,1.2443348,1.2479167,1.2480992,1.2445614,1.246934,1.256916,1.2546217,1.2583964,1.2517588,1.2533402,1.2483557,1.2569952,1.2533088,1.2513777,1.2497585,1.2557456,1.25544,1.2472826,1.2533029,1.2491577,1.2543497,1.2557473,1.2461036,1.2503453,1.25482,1.2449836,1.2491568,1.2487851,1.2557696,1.2550573,1.2555003,1.261208,1.259355,1.2494872,1.2529685,1.2538407,1.2515491,1.2550433,1.2525107,1.2532606,1.2560741,1.2507502,1.2514449,1.2542164,1.2522378,1.2548448,1.2588754,1.2613938,1.2677413,1.2684805,1.2717497,1.267016,1.2663395,1.2670006,1.278621,1.275736,1.2895279,1.2721831,1.277448,1.2855831,1.2787037,1.290805,1.2924846,1.2879958,1.2936925,1.2937701,1.2961634,1.2922585,1.2931571,1.2926024,1.2966708,1.2962604,1.2966602,1.3005003,1.3065388,1.3069495,1.3041936,1.2995573,1.3011922,1.3054675,1.304087,1.3027633,1.3067346,1.3057226,1.3070956,1.3086716,1.3107911,1.3033127,1.3042089,1.3110591,1.3128465,1.3102119,1.3122002,1.3146561,1.3165694,1.3206354,1.3136932,1.3201394,1.3160846,1.3220247,1.3230909,1.3196936,1.3310723,1.3294226,1.3234397,1.3233389,1.319634,1.3170918,1.3079033,1.3117645,1.3179432,1.3249648,1.3246465,1.3220185,1.3181818,1.3096997,1.3245862,1.3167363,1.3252726,1.3283372,1.3284993,1.3266854,1.3335977,1.3366796,1.3358229,1.3327951,1.3358377,1.3320373,1.3316894
0.88178116,0.88362336,0.8866386,0.88650054,0.8815712,0.880946,0.88048345,0.8852375,0.8852785,0.88193023,0.8838639,0.88542414,0.880263,0.8843975,0.88470024,0.88523614,0.88504493,0.88574445,0.88507,0.88782734,0.88641644,0.88818336,0.8895914,0.894152,0.89521635,0.8969844,0.8968481,0.90487164,0.90539134,0.9075283,0.90348864,0.9058463,0.8865582,0.8906236,0.8885858,0.89218146,0.8906334,0.8944835,0.894696,0.89627606,0.891902,0.8952355,0.89607793,0.89660054,0.89930075,0.8974282,0.89590853,0.8922795,0.89510584,0.8950184,0.8929834,0.8917401,0.8876613,0.8800496,0.87393504,0.8698795,0.8682505,0.85956585,0.8531157,0.8554303,0.85087454,0.846198,0.8441904,0.84373724,0.837238,0.8387576,0.83542514,0.83345294,0.8335096,0.8254274,0.8309486,0.82972866,0.82529724,0.8249204,0.8198428,0.8215259,0.81812364,0.8220547,0.81949824,0.8230115,0.8199333,0.81320506,0.8172732,0.8145798,0.81383383,0.813495,0.81140137,0.8135849,0.80911094,0.8099665,0.81286734,0.8205071,0.80400336,0.81422234,0.8089505,0.8115304,0.8136284,0.8175342,0.81433105,0.8109685,0.81498057,0.81017596,0.8133014,0.8117825,0.81201,0.8103384,0.8190222,0.81263936,0.8147626,0.8166421,0.81801176,0.82744944,0.8166247,0.8202811,0.8217174,0.82433206,0.8290369,0.83030546,0.535927,0.5450795,0.6378771,0.88107544,0.8930281,0.8891604,0.8912888,0.89229304,0.8952642,0.89348125,0.89495224,0.90214324,0.8956479,0.8987643,0.8915159,0.89841574,0.90237314,0.9042207,0.90028584,0.9051782,0.90576893,0.9050936,0.9061706,0.90478784,0.90459937,0.90535176,0.90601003,0.90457726,0.90445787,0.9020724,0.90542966,0.9016176,0.90177006,0.9039631,0.90821934,0.90037394,0.9023832,0.90191,0.90195495,0.9086989,0.90921,0.9006261,0.8991434,0.8982588,0.901657,0.8939978,0.8972205,0.8972673,0.8991897,0.89192337,0.9001908,0.89753413,0.89025605,0.89500105,0.8909244,0.8956215,0.8897294,0.8921448,0.8877144,0.8848674,0.8867687,0.88599414,0.8860276,0.8838055,0.8856506,0.8844551,0.8839688,0.88079315,0.8812576,0.87678367,0.8762274,0.8720082,0.8682674,0.86529887,0.868569,0.86222863,0.8622348,0.8623627,0.860894,0.8609441,0.85759693,0.863093,0.85817856,0.8614425,0.8597693,0.8578563,0.85661227,0.85611624,0.8561872,0.8580767,0.8552616,0.8603356,0.86672044,0.86415464,0.8639764,0.8637059,0.8486768,0.858853,0.8583796,0.851756,0.8548871,0.85904855,0.84968007,0.84951967,0.85745764,0.85562366,0.85506636,0.8554082,0.8603736,0.8615348,0.8531618,0.85685474,0.85540485,0.8515938,0.8530308,0.8550873,0.8646524,0.85559857,0.8602773,0.86109203,0.85582036,0.861686,0.8608823,0.8679902,0.85829306,0.8623033,0.86234033,,,,,,,,,,,,,,,,,,,,,,,,,,,,,,,,,,,,,,,,,,,,,,,,,,,,,,,,,,,,,,,,,,,,,,,,,,,,,,,,,,,,,,,,,,,,,,,,,,,,,,,,,,,,,,,,,
1.2158597,1.2137626,1.2122,1.2082655,1.21333,1.2113771,1.218605,1.2101688,1.2169605,1.2235211,1.216988,1.2244579,1.222878,1.221312,1.2216339,1.2183888,1.219346,1.2228457,1.2187408,1.2195657,1.2266245,1.241081,1.2349262,1.2384835,1.2437043,1.2431858,1.2465239,1.2498853,1.2517445,1.2471893,1.2518911,1.263835,1.2657906,1.2589023,1.2672095,1.2663509,1.2765654,1.2627404,1.2807779,1.2703617,1.2670865,1.2809057,1.2750025,1.2914891,1.2825087,1.2812768,1.2841136,1.2842796,1.2835572,1.287896,1.2808652,1.2614065,1.2658746,1.2528914,1.2488327,1.2324743,1.232868,1.2202463,1.2118491,1.203513,1.2052181,1.1947012,1.194777,1.1786815,1.1791956,1.1695665,1.174609,1.1670693,1.1638087,1.1525831,1.1604519,1.1544989,1.1354151,1.1375525,1.1383153,1.1228906,1.1242521,1.121121,1.1225777,1.1182351,1.1169004,1.1170558,1.1195633,1.1158024,1.1138229,1.1115278,1.1190706,1.1161317,1.1196872,1.1212873,1.1190478,1.1172045,1.1152508,1.1141591,1.1238989,1.1175841,1.1176635,1.122486,1.1164223,1.128513,1.1202878,1.1349123,1.1397663,1.1401428,1.1460806,1.1447701,1.1525578,1.141534,1.1453512,1.158291,1.1546924,1.1547155,1.1501857,1.1574075,1.1508553,1.1454681,1.1557438,1.1469073,1.1512007,1.1488074,1.154104,1.1479905,1.1614264,1.1575402,1.1573057,0.6148878,1.3832426,1.3166962,1.2902945,1.3111827,1.3115599,1.3210976,1.3098538,1.3071969,1.3213288,1.3144672,1.3277887,1.3283575,1.3203976,1.3354479,1.3365071,1.3244476,1.3340408,1.3335811,1.3391969,1.3393302,1.3364373,1.3295993,1.3399314,1.3457013,1.3468449,1.3320771,1.3329957,1.3384413,1.3377854,1.3404535,1.3361751,1.3357873,1.3391287,1.3370156,1.3354573,1.3384205,1.3349878,1.3349167,1.3426094,1.340303,1.3340601,1.3379093,1.3330381,1.3352567,1.333937,1.3322212,1.3337259,1.3324836,1.3300661,1.3311219,1.3317237,1.3282931,1.3275359,1.3199968,1.3160355,1.3108137,1.3101026,1.3150408,1.31064,1.3134135,1.3009309,1.296893,1.2934792,1.288183,1.2791517,1.2824914,1.2813692,1.2728317,1.2780335,1.2717105,1.2745051,1.2675426,1.2682418,1.2555029,1.2481602,1.2482324,1.263564,1.2423812,1.2415944,1.2358932,1.2462322,1.2348183,1.213608,1.2218776,1.2243264,1.2093186,1.2103357,1.2128348,1.2089577,1.207485,1.2015485,1.2077096,1.2048292,1.204224,1.20203,1.1987383,1.203539,1.2047918,1.2134839,1.2046089,1.2005268,1.1983654,1.2039984,1.2054745,1.20072,1.239264,1.235534,1.2406918,1.2424389,1.2407191,1.2425671,1.2413285,1.2374796,1.238985,1.2454644,1.2548037,1.2521677,1.2532283,1.2520066,1.2526501,1.2591202,1.249172,1.258945,1.249737,1.2595452,1.2606181,1.2680012,1.264202,1.263318,1.2666272,1.2681415,1.2710749,1.2739145,1.2741082,1.2727231,,,,,,,,,,,,,,,,,,,,,,,,,,,,,,,,,,,,,,,,,,,,,,,,,,,,,,,,,,,,,,,,,,,,,,,,,,,,,,,,,,,,,,,,,,,,,,,,,
1.2764678,1.2871004,1.2776123,1.2880367,1.2874135,1.283499,1.2912537,1.2835517,1.2801464,1.2855705,1.2828802,1.2853055,1.2803779,1.2835778,1.2867864,1.2894162,1.2877368,1.2915417,1.2924126,1.2943587,1.2872417,1.3102106,1.3062112,1.3096883,1.3166896,1.3155597,1.3147397,1.3204916,1.3150718,1.3176163,1.3209516,1.3295377,1.3191835,1.3248322,1.3231621,1.3350388,1.3342726,1.326448,1.3369412,1.3332555,1.3416516,1.3426965,1.349732,1.3449869,1.3447351,1.3507073,1.3536364,1.3468527,1.3547542,1.3543353,1.3517464,1.3526894,1.349934,1.3494687,1.3285918,1.3230288,1.3215503,1.3230529,1.3139759,1.2965715,1.2864062,1.2915329,1.2876078,1.2829316,1.27977,1.2682266,1.264998,1.2570151,1.2501268,1.2362013,1.2273867,1.2213458,1.2214584,1.2187256,1.2173332,1.2093215,1.2056541,1.2120308,1.2071066,1.205973,1.1947422,1.1874043,1.1925071,1.1854337,1.199145,1.1903944,1.1842626,1.1854182,1.1861484,1.1912258,1.1932921,1.1871649,1.1883185,1.1837535,1.1905208,1.1883452,1.1918619,1.1842115,1.192216,1.1914573,1.1910433,1.1842719,1.1939077,1.1900754,1.1907336,1.1925476,1.1888517,1.1924864,1.2016894,1.1991978,1.2052273,1.2023361,1.2164779,1.2211726,1.220653,1.2280515,1.2313638,1.236189,1.232279,1.2378157,1.2395018,1.2463112,1.2479277,1.2534055,1.2543917,1.2525288,1.2592082,1.2492675,1.2512121,1.2532159,1.2487446,1.2464385,1.266597,1.4107606,1.3468267,1.3432164,1.3426709,1.3379008,1.3331413,1.337246,1.3384906,1.3476857,1.3453635,1.3553491,1.3484943,1.3549323,1.3511488,1.3590696,1.3635803,1.3683093,1.3712115,1.3664241,1.3667803,1.3727373,1.3736825,1.3603718,1.3630044,1.362323,1.350895,1.3087898,1.3201681,1.3198713,1.3048372,1.2956618,1.299806,1.304185,1.3053749,1.3113513,1.3055203,1.3001868,1.2999823,1.3065518,1.3010538,1.3101984,1.3074298,1.3000083,1.300709,1.3027512,1.3029883,1.3103722,1.3042634,1.2976054,1.3109831,1.3124875,1.3151691,1.3122296,1.3150386,1.3127015,1.3227876,1.3228798,1.3208743,1.3293664,1.3134588,1.3204336,1.3146644,1.3146752,1.3268853,1.3196619,1.3300287,1.3312993,1.3265524,1.3246318,1.3242781,1.3267702,1.3277663,1.2839553,1.2843833,1.2868321,1.2916656,1.2912098,1.2984747,1.2894685,1.2899677,1.2910619,1.2945956,1.2951099,1.2977892,1.2859335,1.2910178,1.2979474,,,,,,,,,,,,,,,,,,,,,,,,,,,,,,,,,,,,,,,,,,,,,,,,,,,,,,,,,,,,,,,,,,,,,,,,,,,,,,,,,,,,,,,,,,,,,,,,,,,,,,,,,,,,,,,,,,,,,,,,,,,,,,,,,,,,,,,,,,
0.670679,0.6707645,0.6713824,0.6688499,0.6734095,0.67374283,0.6746593,0.67588323,0.6743454,0.6728735,0.6754412,0.675361,0.6756321,0.6748307,0.67713743,0.6767586,0.6753838,0.6765561,0.6772491,0.6761458,0.6776749,0.67743415,0.67979556,0.68026036,0.6781805,0.6812321,0.6808055,0.6804777,0.6815305,0.6849252,0.6855388,0.69142514,0.6906264,0.69380563,0.6943762,0.6927531,0.69377255,0.6971375,0.6979098,0.6956233,0.6981721,0.6983926,0.6973806,0.70369625,0.7027054,0.70508176,0.70343035,0.7057938,0.70589423,0.7046364,0.7011096,0.7058635,0.7040213,0.7016623,0.6970706,0.69880855,0.6945456,0.69244754,0.68325776,0.6780185,0.6752559,0.67526305,0.674661,0.6713828,0.6692377,0.66361886,0.6610051,0.6587835,0.65762854,0.65841943,0.65387607,0.6579252,0.6528581,0.64998996,0.65498453,0.64852536,0.6494615,0.6462494,0.64257514,0.6469479,0.6491155,0.641742,0.63881826,0.63828444,0.64202285,0.64071274,0.6401008,0.64070207,0.6347921,0.6383293,0.640685,0.64024466,0.6416135,0.6461681,0.6449634,0.64672476,0.6389447,0.6488317,0.6445584,0.65201515,0.65071857,0.64956063,0.65192443,0.6515363,0.65192384,0.65489435,0.6529415,0.65320945,0.6518598,0.65459955,0.6558492,0.6544326,0.65550774,0.6624099,0.6588398,0.663076,0.6648323,0.6686568,0.6659536,0.66606236,0.66527635,0.66083616,0.66290236,0.66872656,0.6692341,0.6668121,0.52692133,0.51735103,0.7421367,0.7411371,0.7358827,0.7272016,0.7227418,0.72232425,0.71866983,0.72108483,0.7253032,0.7301081,0.730103,0.72485936,0.7227225,0.72377884,0.72611576,0.72816473,0.72778547,0.7303337,0.7272445,0.7295399,0.7319429,0.7325857,0.7309296,0.7278289,0.73167664,0.7292355,0.7330936,0.7317796,0.72860926,0.73188967,0.73214835,0.72357583,0.574944,0.50148714,0.45355254,0.67859805,0.6405524,0.6409555,0.6450273,0.6391507,0.6374236,0.639717,0.6392155,0.63924694,0.6415131,0.6433123,0.64373904,0.6423786,0.63903004,0.6413699,0.6402923,0.63930726,0.64093137,0.6383806,0.6393064,0.64001685,0.63986486,0.63709784,0.6389641,0.6356265,0.63955486,0.63953334,0.6417897,0.63897914,0.64276797,0.6433563,0.6432509,,,,,,,,,,,,,,,,,,,,,,,,,,,,,,,,,,,,,,,,,,,,,,,,,,,,,,,,,,,,,,,,,,,,,,,,,,,,,,,,,,,,,,,,,,,,,,,,,,,,,,,,,,,,,,,,,,,,,,,,,,,,,,,,,,,,,,,,,,,,,,,,,,,,,,,,,,,,,,,,,,,
0.57653856,0.5740912,0.57284665,0.5721053,0.5707007,0.56912464,0.5690713,0.56897485,0.5683075,0.5688281,0.56840837,0.56723166,0.5663638,0.5664641,0.5669376,0.56727177,0.56404746,0.5633633,0.56707466,0.5644786,0.56400067,0.56541055,0.5665796,0.56519413,0.5631735,0.56397,0.5618851,0.5628656,0.56442624,0.56186324,0.56381637,0.56302136,0.56464005,0.56269854,0.5632379,0.56586105,0.5659768,0.5684263,0.5659898,0.5671263,0.5666489,0.56795,0.5702862,0.5722593,0.56967586,0.57110703,0.572726,0.57363695,0.5737396,0.5744244,0.57501143,0.57166564,0.5700008,0.57140076,0.5681723,0.56790423,0.56467694,0.5622423,0.5626115,0.5622384,0.56174,0.5612692,0.56217545,0.55926055,0.5577636,0.5583285,0.55474555,0.55428547,0.552008,0.5452799,0.5479849,0.5462179,0.5457809,0.54346615,0.5424361,0.5471911,0.54621124,0.549448,0.54627365,0.54025227,0.54371655,0.5422621,0.54097104,0.542293,0.5415767,0.5432967,0.5448943,0.5419933,0.5478071,0.54391474,0.5415844,0.5502642,0.54781806,0.5479924,0.54924214,0.5505069,0.5505153,0.5538811,0.5561108,0.5556473,0.5547231,0.5538824,0.55503905,0.5592518,0.5620084,0.55404323,0.55563706,0.56020993,0.5584409,0.5599552,0.55764747,0.5571001,0.5599223,0.5617506,0.56982034,0.5572928,0.48940107,0.5758873,0.44543135,0.45281556,0.5155358,0.6283924,0.5906237,0.59784466,0.5849654,0.58238214,0.588316,0.5863936,0.58845055,0.5875348,0.58980227,0.58642274,0.5885653,0.589536,0.59153026,0.5906949,0.5910299,0.58981866,0.58991367,0.5865608,0.590565,0.59120965,0.5912811,0.587607,0.5905039,0.5880527,0.5908183,0.58823556,0.58772904,0.5877351,0.5862776,0.5857463,0.586806,0.58678776,0.58517677,0.5825539,0.58395016,0.5854246,0.58621603,0.5835258,0.5864186,0.58477813,0.58564174,0.5810864,0.581364,0.5819523,0.5809265,0.5800433,0.57452416,0.57509005,0.5764333,0.57115275,0.5720689,0.5718228,0.57271904,0.5733141,0.57259387,0.569128,0.5701868,0.5704938,0.57041764,0.5691238,0.56693316,0.5649417,0.56291234,0.56401765,0.5644287,0.56171113,0.56304514,0.56014663,0.56193614,0.5601863,0.5575169,0.5606895,0.5620086,0.5633459,0.56455046,0.56362647,0.5644297,0.56064457,0.5574857,0.55798984,0.55516726,0.5500103,0.5496181,0.5488011,,,,,,,,,,,,,,,,,,,,,,,,,,,,,,,,,,,,,,,,,,,,,,,,,,,,,,,,,,,,,,,,,,,,,,,,,,,,,,,,,,,,,,,,,,,,,,,,,,,,,,,,,,,,,,,,,,,,,,,,,,,,,,,,,,,,,,,,,,,,,,,,,,,,,,,,
0.96931803,0.96146095,0.9668997,0.95623636,0.95931387,0.9711155,0.966702,0.9670161,0.96890223,0.97267246,0.9716665,0.9730811,0.97175676,0.98048717,0.97284037,0.9720305,0.97811455,0.9761083,0.98244923,0.98829246,0.98201907,0.98708,0.99501157,0.9882275,0.99483836,0.9950841,1.0001382,0.99677384,1.001518,0.9970217,0.99599916,1.0076966,1.0047859,1.0035138,1.0069236,1.0084546,1.00483,1.0036536,1.0073351,1.0102786,1.0132264,1.0196296,1.0136907,1.0183104,1.0117198,1.0210339,1.010862,1.0139897,1.008327,1.0202271,1.0120598,1.0109817,1.017335,1.0162946,1.0021871,1.0052966,1.0044997,1.0043766,0.99743825,0.99443775,0.98915726,0.98163754,0.9772366,0.9776049,0.9684103,0.96923107,0.96381867,0.96191645,0.959409,0.9550017,0.9531475,0.9540812,0.946173,0.9423504,0.9423087,0.94165105,0.9410371,0.9351153,0.9381694,0.93703455,0.93394583,0.9369299,0.9364853,0.94052213,0.9398919,0.9387436,0.93144184,0.9380928,0.942325,0.93787926,0.9372921,0.9395636,0.94376487,0.944722,0.94896376,0.95019454,0.9586094,0.95473737,0.9565581,0.9646968,0.9634818,0.960632,0.97614855,0.97350377,0.9826409,0.9840847,0.9907738,0.9862853,0.9912242,1.0002154,1.0063412,0.9947349,1.0025442,1.0042317,1.0051732,1.0046736,1.0080705,1.0109138,1.0169035,1.0184058,1.0146992,1.0234888,1.030757,1.0276461,1.0295047,1.0337667,1.0329677,1.0362285,1.040391,1.0441308,1.0423435,1.0450805,1.0476149,1.0449731,1.0509834,1.0525697,1.0546929,1.0468911,1.0536194,1.0591748,1.0621786,1.0518543,1.0646721,1.0612216,1.0637431,1.0632243,1.0666829,1.0639781,1.068663,1.0763476,1.077503,1.0854415,1.0836915,1.0873405,1.0814234,1.0858755,1.083616,1.0867872,1.0880272,1.0858269,1.0910429,1.0906976,1.0881661,1.0915751,1.0869277,1.0936241,1.1007144,1.095575,1.099803,1.1033802,1.1035025,1.1022733,1.0991176,1.1019403,1.1043503,1.1026105,1.1060199,1.1021498,1.1087927,1.1025525,1.1100942,1.1092626,1.1174313,1.1130893,1.1090806,1.1121632,1.1240001,1.117572,1.1224291,1.1256559,1.122701,1.1191186,1.1266016,1.1290865,0.7036964,1.1290132,1.1404947,1.1317494,1.1248728,1.1323029,1.1341745,1.143919,1.1370496,1.129275,1.1344953,1.1386076,1.1439996,1.1428233,1.145935,1.1480052,1.1454577,1.1460568,1.153087,1.1506923,1.1495101,1.1447676,1.1471283,1.1542329,1.1451458,1.1504307,1.1447152,1.1504107,1.1532576,1.1537002,1.155799,1.155953,1.148554,1.1543249,1.1529197,1.1596712,1.1586283,1.1650496,1.1580603,1.1616873,1.1656753,1.16611,1.1601739,1.1647747,1.16117,1.1689364,1.1652327,1.1656833,1.2258418,1.2310398,1.237641,1.233669,1.2273206,1.2318944,1.2396139,1.2347738,1.2244767,1.2401367,1.2324173,1.2300698,1.2392771,1.2372087,1.23795,1.2423494,1.2343106,1.2388463,1.238215,1.2344793,1.2317524,1.2415571,1.2348534,1.2380177,1.2465317,1.2299799,1.2271885,1.2355263,1.233507,1.236403,1.2326828,1.2346483,1.2303824,1.2358451,1.2381437,1.2343509,1.2351165,1.2215861,1.2375197,1.2320863,1.2326473,1.2292708,1.2328136,1.2359434,1.2310747,1.240047,1.2294195,1.2284714,1.228167,1.239579,1.2356263,1.232353,1.2265688,1.2277879,1.2325541,,,,,,,,,,,,,,,,,,,,,,,,,,,,,,,,,,,,,,,,,,,,,,,,,,,,,,,,,,,,,
0.66849005,0.66394866,0.6647674,0.6675621,0.66612417,0.66300774,0.6673758,0.6643961,0.66667753,0.6681546,0.6623831,0.6653842,0.66585296,0.66250277,0.66263074,0.6618792,0.663391,0.66370624,0.66250414,0.66106194,0.6625052,0.66438305,0.6623374,0.66062474,0.6623668,0.6633812,0.6605887,0.66065913,0.66235274,0.6604457,0.6618727,0.662809,0.66014415,0.6611542,0.66182613,0.6618159,0.6623883,0.66390896,0.6618727,0.66241807,0.66484755,0.66491526,0.663678,0.6624145,0.665747,0.66251266,0.6655724,0.6665707,0.6652644,0.663383,0.66299987,0.66539246,0.6618199,0.6603075,0.6620659,0.65977687,0.65774375,0.65104294,0.65063506,0.64932936,0.6410166,0.63923466,0.6360723,0.6343955,0.629377,0.63185346,0.63030136,0.6267612,0.62500894,0.62655365,0.6212627,0.6224413,0.62115496,0.6221914,0.6184851,0.6170988,0.6168178,0.61134684,0.60794,0.60646886,0.61410177,0.6096819,0.6035291,0.6042086,0.60503423,0.6021622,0.6044759,0.6055897,0.60142004,0.604459,0.60884625,0.6111097,0.6045123,0.6019222,0.6098466,0.60816383,0.6158279,0.6176216,0.6152007,0.6167326,0.6172951,0.6211617,0.61928964,0.6215024,0.6207708,0.6205201,0.62353355,0.62838185,0.6311507,0.6354494,0.6367324,0.633169,0.6353439,0.63129413,0.63608456,0.6392142,0.63659185,0.6378297,0.6437591,0.6456516,0.64858127,0.64948916,0.65126634,0.65363663,0.6488731,0.65685886,0.6541885,0.654464,0.65386605,0.6568166,0.6550103,0.65885705,0.65589905,0.6570129,0.6550145,0.6589948,0.66098577,0.6613169,0.6595536,0.6585245,0.66052735,0.6645587,0.66366273,0.6662262,0.66656995,0.6654901,0.6652474,0.66564214,0.6668442,0.6648643,0.66671175,0.6634255,0.6660637,0.66519165,0.6705108,0.665433,0.67082894,0.6720423,0.67697704,0.679582,0.67878544,0.6822559,0.6847183,0.680539,0.6837802,0.6881753,0.6885761,0.684834,0.6888225,0.6900821,0.6904242,0.692117,0.6915817,0.6935734,0.69348276,0.6947231,0.6975196,0.69556916,0.6954906,0.6973271,0.6961049,0.69780886,0.7011408,0.69849336,0.69691086,0.70167893,0.70261633,0.7058341,0.70437175,0.705627,0.7102343,0.70891434,0.71216714,0.70895815,0.7109983,0.71061033,0.713474,0.7089928,0.71169174,0.71218264,0.7135269,0.7133971,0.71211696,0.7123733,0.71210104,0.71503663,0.71232283,0.71304923,0.71412927,0.7139565,0.7135337,0.71417445,0.7145995,0.7162369,0.7142288,0.715001,0.7142918,0.7161811,0.71546656,0.7117793,0.7148829,0.7139273,0.7137403,0.71389455,0.7145744,0.7149013,0.7138628,0.71463436,0.7132926,0.7139029,0.71395075,0.7140209,0.71339405,0.71472085,0.71488535,0.71456707,0.7155686,0.7155041,0.71687084,0.71529216,0.7186967,0.72436017,0.7195372,0.7206576,0.7201819,0.7162439,0.7131073,0.7149448,0.7190465,0.7166921,0.7170263,0.7208269,0.7173057,0.7225944,0.7179488,0.7216453,0.7199115,0.7194372,0.7166436,0.7213471,0.7198271,0.7198549,0.7151706,0.72209656,0.71784085,0.71558344,0.71588093,0.7184375,0.71872336,0.71803606,0.7177826,0.7176136,0.7199354,0.72249585,0.71666366,0.7203863,0.715447,0.7193175,0.7202169,0.7183744,0.71943945,0.71890616,0.7200387,0.7189318,0.71636635,0.71813273,0.71647763,0.71856195,0.71577114,0.7163822,0.71599764,0.7191602,0.7179786,0.713075,0.7150743,0.7124689,0.716467,0.7083073,0.7048229,0.71166825,0.70501554,0.7074228,0.7093077,0.7091614,0.7100756,0.7053323,0.7016813,0.7035083,0.70030737,0.7062838,0.7025605,0.7003015,0.6993558,0.70334804,0.7035682,0.7010699,0.69982576,0.6993925,0.69684154,0.69643444,0.6969744,0.69909644,0.6964707,0.6981498,0.6964079,0.69843346,0.69888586,0.69852716,0.7022304,0.6978312,0.70564175,0.7004934,0.7056198,0.70491505,0.70736855,0.70883834,0.7071725,0.7091002,,,,,,,,,,,,,,,,,,,,
0.5729445,0.57364666,0.57220536,0.5719964,0.5742531,0.5734375,0.573671,0.5740458,0.57303405,0.57126063,0.5695703,0.57269216,0.5718527,0.57349163,0.57326835,0.57290566,0.56748855,0.5727708,0.5714926,0.57057685,0.5712484,0.5707031,0.5684553,0.57212883,0.57115805,0.5706476,0.5696723,0.5698342,0.5687849,0.57106835,0.5692268,0.5679614,0.5693023,0.5681563,0.5676546,0.5706607,0.56743723,0.5660956,0.56910795,0.5692052,0.567157,0.56746125,0.5676341,0.5703497,0.5678464,0.56439537,0.56683135,0.56839776,0.5657842,0.5670019,0.5664386,0.5664484,0.5617586,0.5630664,0.5629905,0.5598966,0.55876815,0.558817,0.55693614,0.5555538,0.5574837,0.5519461,0.5543453,0.5530178,0.54881364,0.5459621,0.5459354,0.54004246,0.5407723,0.53988284,0.5413167,0.53901964,0.53952193,0.5393526,0.5387641,0.5387641,0.53631806,0.53552985,0.5350878,0.5371979,0.5364973,0.53674895,0.5365389,0.535402,0.5358475,0.53721535,0.5368712,0.53718364,0.53860486,0.53979313,0.5368967,0.5402031,0.53573483,0.5407259,0.53846014,0.54045206,0.53800625,0.53860193,0.544232,0.5454661,0.54527533,0.5459897,0.5491418,0.55027485,0.54798913,0.54752594,0.54744726,0.5495912,0.55432427,0.5490984,0.5483329,0.5509517,0.5516095,0.55068004,0.5505348,0.5511559,0.49805984,0.40675637,0.4474265,0.45929253,0.60429156,0.5969327,0.5995052,0.597131,0.6000198,0.5982342,0.59974235,0.59767365,0.6013588,0.59956974,0.60010487,0.6018533,0.6020578,0.6007897,0.6022353,0.5992915,0.5999503,0.60301644,0.59967905,0.6016103,0.59941113,0.60068977,0.6005296,0.60005635,0.59995466,0.60249275,0.6020035,0.6038169,0.6020981,0.6008369,0.6027239,0.604856,0.6022802,0.5989379,0.6006425,0.5997663,0.5984371,0.60121864,0.60106903,0.6011964,0.60009897,0.60240686,0.600587,0.60169697,0.5994091,0.6016877,0.5994816,0.6007057,0.6031534,0.5979741,0.5991924,0.5997266,0.5988281,0.5986214,0.60072076,0.59946513,0.6001245,0.59961075,0.60140187,0.601967,0.59859216,0.599657,0.5985826,0.5968638,0.5959448,0.59898025,0.5958808,0.59829164,0.59780943,0.5972218,0.59629214,0.5996978,0.59699833,0.5966495,0.59352434,0.59776396,0.5969546,0.59839284,0.59653574,0.59764135,0.5986024,0.59414166,0.5917556,0.5936317,0.5926438,0.5923619,0.5937038,0.5943658,0.5959218,0.59251815,0.5918472,0.5960411,0.5941009,0.59462243,0.59356385,0.5927637,0.5949514,0.59186953,0.5912565,0.59192073,0.59149194,0.5910493,0.58995837,,,,,,,,,,,,,,,,,,,,,,,,,,,,,,,,,,,,,,,,,,,,,,,,,,,,,,,,,,,,,,,,,,,,,,,,,,,,,,,,,,,,,,,,,,,,,,,,,,,,,,,,,,,,,,,,,,,,,,,,,,,,,,,,,,,,,,,
0.6251187,0.6238682,0.623597,0.6235053,0.6250333,0.62492996,0.6251244,0.6248471,0.6257052,0.6273394,0.6254711,0.6263783,0.6252656,0.62673885,0.6285209,0.628072,0.6279369,0.62951463,0.62890667,0.63111174,0.63061374,0.62968457,0.63066185,0.63349295,0.63561624,0.6337445,0.6366962,0.63639295,0.6374812,0.63735265,0.63811463,0.637722,0.6368925,0.63887477,0.63882595,0.63956356,0.64091957,0.63968915,0.6401758,0.6394349,0.64114726,0.64102864,0.6308958,0.6322433,0.63290656,0.63447183,0.6309716,0.6317712,0.63312787,0.630241,0.6288577,0.62584543,0.6235163,0.6229708,0.62180984,0.6192927,0.61478907,0.6141673,0.61432815,0.6118256,0.6109582,0.6107843,0.6078237,0.6058636,0.60696214,0.6031808,0.60126305,0.60120755,0.60119027,0.6015016,0.5990521,0.59770364,0.5964872,0.59803903,0.5947354,0.5936032,0.5935782,0.59357876,0.5929982,0.59401244,0.59273356,0.5954145,0.5937172,0.5967452,0.59366786,0.595531,0.59472436,0.59561026,0.59569263,0.5955009,0.59632313,0.5963703,0.59608334,0.59468037,0.59694827,0.5953509,0.59600097,0.59694165,0.5967943,0.59610915,0.59741855,0.5959125,0.5958093,0.5942613,0.5934884,0.5946101,0.5939513,0.59439373,0.50075436,0.50140727,0.6618506,0.6675407,0.6632082,0.66426575,0.66688025,0.6651643,0.6629189,0.6670174,0.6672105,0.66626686,0.66493696,0.6693256,0.6678211,0.66756034,0.6682719,0.6674608,0.66808474,0.6657278,0.6690002,0.67129964,0.66951615,0.6647249,0.671318,0.66941494,0.66563284,0.6661764,0.66826785,0.6642747,0.6418113,0.63775843,0.6395111,0.63768065,0.635945,0.6361679,0.63627046,0.6351613,0.63359326,0.632638,0.63157105,0.63247263,0.6311459,0.6313864,0.6286062,0.62891734,0.6282808,0.62690127,0.62716854,0.62890434,0.62781245,0.6261534,0.62606025,0.626414,0.6259564,0.6251491,0.6234884,0.6259019,0.6248119,0.62434375,0.6243149,0.6260912,0.62465525,0.6234679,0.6253848,0.6247883,0.6148479,0.61454946,0.6153253,0.6145704,0.6153837,0.6150174,0.6148814,0.6140825,0.6158004,0.6152517,0.6195026,0.6205151,0.6195959,0.61874783,0.618992,0.6172809,0.617543,0.61782384,0.6167721,0.61928827,0.6166744,,,,,,,,,,,,,,,,,,,,,,,,,,,,,,,,,,,,,,,,,,,,,,,,,,,,,,,,,,,,,,,,,,,,,,,,,,,,,,,,,,,,,,,,,,,,,,,,,,,,,,,,,,,,,,,,,,,,,,,,,,,,,,,,,,,,,,,,,,,,,,,,,,,,,,,,,,,,,,,,,,,
1.025557,1.020662,1.0142486,1.016986,1.0155013,1.0157237,1.0166663,1.0159544,1.0133331,1.0053558,1.0087068,1.0033355,1.0008239,1.0013884,0.99121577,0.99210376,0.9997898,0.99464434,0.99469525,0.98875725,0.9864606,0.99263436,0.986914,0.9918659,0.97506547,0.9866087,0.97361344,0.9748228,0.98016953,0.9785916,0.9789194,0.9868976,0.976451,0.98408633,0.9765186,0.98425645,0.9823979,0.9722688,0.98217446,0.97536796,0.97859806,0.9819026,0.9940134,0.99296534,0.9823219,0.9850589,0.98417026,0.9822319,0.9684045,0.96610606,0.9592945,0.9583756,0.96002513,0.95530456,0.95157826,0.945186,0.9457071,0.93579614,0.9288707,0.9351394,0.92121416,0.928115,0.9216101,0.92318654,0.9270608,0.9260838,0.9209121,0.9144975,0.91570073,0.90984297,0.91663426,0.90200835,0.9078905,0.9044443,0.901462,0.9012568,0.9049064,0.90112424,0.89874625,0.8971797,0.9065442,0.8997954,0.9030542,0.9060304,0.9049408,0.9039545,0.901535,0.90494984,0.908282,0.9168198,0.9047739,0.91399336,0.9150859,0.9219092,0.91799676,0.9216806,0.91628677,0.9216383,0.92709917,0.9207474,0.92433333,0.9237492,0.9280306,0.9313987,0.9365547,0.9369048,0.93853533,0.9389366,0.9357644,0.9373634,0.9375197,0.95257413,0.95952785,0.9601393,1.1357223,1.0455414,1.047612,1.0278498,1.0365218,1.0352688,1.0415545,1.0455095,1.0476823,1.0515051,1.0533204,1.0565796,1.0547221,1.055608,1.0570922,1.0599508,1.0563579,1.0596548,1.0622665,1.059431,1.0599825,1.056538,1.0621101,1.0648425,1.0628728,1.0660728,1.0616359,1.0625541,1.060572,1.0694985,1.065443,1.0660594,1.063448,1.0661478,1.0664674,1.0699929,1.0649813,1.0671504,1.0705354,1.0715549,1.0783994,1.0737402,1.0630808,1.0672183,1.0632418,1.0673693,1.0596966,1.0582565,1.0620346,1.0581756,1.0630429,1.0640757,1.0582201,1.0551286,1.0585364,1.0527503,1.0525132,1.0545045,1.0593249,1.0452946,1.0442975,1.0426396,1.0458448,1.0427469,1.0432873,1.0416625,1.0368994,1.0430608,1.0390844,1.0403831,1.034442,1.0319803,1.0314815,1.0311259,1.0372953,1.0218941,1.0266724,1.0248873,1.0243952,1.0234772,1.0210148,1.0190428,1.0173873,1.0263608,1.0244464,1.0160029,1.0178187,1.0158668,1.0147346,1.0157571,1.0147238,1.0187856,1.0131462,1.0090718,1.0142936,1.0159223,1.0143316,1.0166012,1.019536,1.0151005,1.0145015,1.0147457,1.0159647,1.0171402,1.0096195,1.0086279,1.0073544,1.0142058,1.0132278,1.0072442,1.0081265,1.0059887,1.0096834,1.0083888,1.0047084,1.0086912,1.0081754,1.0047112,1.0149854,1.0154198,1.0132532,1.0005219,1.0082018,1.0045054,1.0112035,1.0120814,1.0095295,1.0115212,1.0165107,1.0067054,1.0104412,1.0069007,1.0087483,1.0039551,1.0200121,,,,,,,,,,,,,,,,,,,,,,,,,,,,,,,,,,,,,,,,,,,,,,,,,,,,,,,,,,,,,,,,,,,,,,,,,,,,,,,,,,,,,,,,,,,,,,,,,,,,,,,,,,,,,
0.9705781,0.96868324,0.967131,0.9709041,0.97092545,0.9718127,0.9699141,0.970424,0.9720692,0.97083366,0.9693866,0.972558,0.9669909,0.97212225,0.97256035,0.9685518,0.9715316,0.97758615,0.97493595,0.9785933,0.9735243,0.9759239,0.97692764,0.9725795,0.9740655,0.97548896,0.97773015,0.97873646,0.9804543,0.9772171,0.98454815,0.97935575,0.9855902,0.98175585,0.98611116,0.97837466,0.98886734,0.97859186,0.9839208,0.9948703,0.9964011,1.0046031,1.0054402,1.0048279,1.0081714,1.0154171,1.0155909,1.0095023,1.014367,1.01544,1.0100577,1.0053812,0.9979672,0.9995286,0.9901709,0.9850863,0.9821905,0.98056084,0.9803581,0.9745564,0.96781427,0.96722925,0.96427304,0.9596705,0.95108885,0.95179474,0.9521565,0.9442794,0.9405111,0.939948,0.93244994,0.9339326,0.9320532,0.92996013,0.92977583,0.93045235,0.93071,0.92842954,0.9262907,0.93068206,0.92305285,0.9208825,0.9203173,0.9198759,0.9281776,0.9304802,0.9268698,0.9271218,0.9263313,0.92883664,0.9284119,0.9288851,0.93258494,0.9302107,0.9391564,0.93582624,0.9409097,0.9413723,0.946166,0.9450188,0.9528294,0.94675165,0.95799,0.95307255,0.9506178,0.95258075,0.953828,0.95739883,0.9579386,0.9620641,0.9566573,0.96536636,0.96969783,0.96305823,0.9508942,0.963376,0.9634209,0.9548104,0.95745844,0.9542771,0.96034294,0.94067353,0.63724184,0.67466956,0.44155902,0.46905908,0.9084442,0.93504715,0.94070864,0.9354442,0.92993206,0.93020064,0.93439704,0.92986596,0.93675876,0.93431085,0.9374626,0.9385474,0.94047225,0.94243044,0.93937063,0.94251907,0.9385078,0.9385911,0.9403936,0.93886167,0.93954355,0.93951344,0.93882906,0.9431743,0.94481677,0.9388768,0.9409314,0.9441778,0.9460584,0.9446805,0.94538075,0.94988555,0.9449303,0.9487867,0.945325,0.94717735,0.95171946,0.94654083,0.9495812,0.94786984,0.9468739,0.94504017,0.94792914,0.94484866,0.943779,0.944434,0.94686663,0.9389379,0.9405813,0.9421858,0.9451182,0.9392416,0.9438291,0.941055,0.94246596,0.9405375,,,,,,,,,,,,,,,,,,,,,,,,,,,,,,,,,,,,,,,,,,,,,,,,,,,,,,,,,,,,,,,,,,,,,,,,,,,,,,,,,,,,,,,,,,,,,,,,,,,,,,,,,,,,,,,,,,,,,,,,,,,,,,,,,,,,,,,,,,,,,,,,,,,,,,,,,,,,,,,,,,,,,,,,,,,,,,,,
0.8057745,0.8061973,0.804633,0.80697155,0.8099447,0.808992,0.80265236,0.8074673,0.80691403,0.80898577,0.8104292,0.8054593,0.80703455,0.80733234,0.80855316,0.8091939,0.80769324,0.80784094,0.8099532,0.80838346,0.8090005,0.80749065,0.80771863,0.80588716,0.80971307,0.81043583,0.80724573,0.80769014,0.81074303,0.81015235,0.8096341,0.80695146,0.81129813,0.8110483,0.81156564,0.8117905,0.81166065,0.81160843,0.8118615,0.81334835,0.81227005,0.8153653,0.8141517,0.81532896,0.81621796,0.815991,0.8149915,0.81630164,0.8138806,0.81330144,0.81224024,0.8140667,0.813108,0.8117509,0.8131715,0.8111294,0.8084108,0.80669683,0.80424815,0.79890424,0.79639393,0.79555416,0.79356575,0.78935367,0.78480923,0.7798789,0.7760525,0.7712322,0.76705873,0.76424044,0.7661034,0.76333666,0.76505476,0.7600238,0.75619644,0.7599115,0.75687855,0.7609883,0.7581584,0.7561874,0.7558939,0.7561531,0.7612091,0.7557306,0.75580925,0.7604763,0.75867647,0.76049477,0.75760627,0.76043427,0.75930303,0.76190615,0.7602002,0.7550123,0.72350174,0.5622588,0.59241843,0.5206079,0.5234947,0.6840862,0.76279414,0.74271774,0.74104327,0.7328086,0.73463213,0.7372941,0.74296147,0.7364389,0.7365384,0.733809,0.7408544,0.74530077,0.74702865,0.74540067,0.7166483,0.7167522,0.7152285,0.7110629,0.7182893,0.7143131,0.7142021,0.71340156,0.7163801,0.7052028,0.7161707,0.71894693,0.71240723,0.709547,0.7081233,0.7169346,0.71325916,0.70995706,0.7099564,0.7079263,0.7116419,0.71099097,0.70961267,0.71912694,0.71747977,0.7126466,0.72060055,0.7208972,0.72013444,0.7222437,0.72462493,0.7221421,0.7266247,0.7230956,0.7267062,0.72827566,0.72835046,0.7325627,0.7285731,0.7289456,0.72843945,0.7311092,0.7324586,0.73334956,0.7382374,0.7400809,0.73863107,0.738394,0.73788834,0.7419983,0.74501574,0.7481001,0.74707663,0.74690455,0.7494856,0.75342464,0.7512157,0.7599593,0.75713545,0.7567612,0.75516886,0.75666517,0.7589225,0.75618184,0.75717235,0.76059175,0.761829,0.7562818,0.76196206,0.7573969,0.75916046,0.7604143,0.76445234,0.75881845,0.7641074,0.76101345,0.7585234,0.7617303,0.7613196,0.76287806,0.76263726,0.75836116,0.7631257,0.761209,0.7619653,0.75527227,0.7535767,0.7572458,0.75336105,0.75211716,0.7563618,0.7519449,0.75416857,0.751075,0.7560555,0.75212616,0.7525427,0.74849653,0.7569405,0.75814205,0.7592922,0.7591662,0.75206304,0.7482709,0.75047106,0.7517995,0.7489022,0.75634426,0.7555395,0.75274175,0.7557721,0.7521522,0.75650513,0.75333494,0.75191784,0.75102836,0.7515735,,,,,,,,,,,,,,,,,,,,,,,,,,,,,,,,,,,,,,,,,,,,,,,,,,,,,,,,,,,,,,,,,,,,,,,,,,,,,,,,,,,,,,,,,,,,,,,,,,,,,,,,,,,,,,,,,,,,,,,,,,,,,,,
0.46292284,0.46279627,0.4626845,0.4624536,0.46254855,0.46259716,0.46197107,0.46238336,0.46246025,0.46275574,0.46291482,0.46327016,0.4627367,0.46250552,0.46250173,0.46246344,0.4628229,0.4621339,0.46269086,0.46250525,0.46257406,0.4631919,0.46349996,0.4642383,0.4642135,0.46386334,0.46456704,0.4642535,0.46541876,0.46637294,0.46650738,0.4665834,0.4665402,0.46656898,0.46691582,0.46803576,0.46895528,0.46770328,0.47042,0.4683124,0.47095403,0.4713499,0.47056317,0.47118023,0.47152257,0.47014204,0.47137192,0.4708192,0.47165403,0.47105375,0.47066647,0.47067964,0.47110268,0.47159985,0.4706793,0.47073096,0.46984753,0.4707716,0.47071657,0.46971613,0.47049043,0.4698431,0.46886003,0.46692252,0.46687827,0.46495098,0.46456593,0.4660087,0.46353495,0.46356595,0.46326265,0.46378285,0.46478623,0.46439743,0.4644819,0.46465662,0.46418595,0.46464816,0.46496865,0.46367547,0.4645848,0.4649614,0.46514177,0.4651917,0.4640087,0.46377882,0.46450227,0.46466693,0.46524405,0.46614364,0.46503294,0.46741456,0.4661274,0.46511415,0.46688512,0.4667545,0.46587723,0.46711528,0.4703518,0.47087854,0.47174004,0.47161302,0.47161594,0.4721526,0.47268876,0.4733578,0.4730727,0.47249252,0.47407445,0.4736729,0.47464532,0.47427714,0.4740329,0.47511825,0.47436672,0.47413,0.4743721,0.4747011,0.47422147,0.47365803,0.4735045,0.47395977,0.47602272,0.47476193,0.44230995,0.48800054,0.48841253,0.48736012,0.4894771,0.48809358,0.4886109,0.48906758,0.48867992,0.48861906,0.4900513,0.48903275,0.49026087,0.4907216,0.4908179,0.4903387,0.49054182,0.4893722,0.4889775,0.4879204,0.48812944,0.4876761,0.4871029,0.4865631,0.48745623,0.4866834,0.48854795,0.49107802,0.48809648,0.48858517,0.4893592,0.49034202,0.48970708,0.4906529,0.49199384,0.49106303,0.49167258,0.491536,0.49165803,0.4914238,0.492296,0.4913549,0.4916431,0.49131992,0.49159348,0.49197638,0.49033827,0.49222374,0.49057752,0.49065056,0.49039945,0.49089387,0.49008211,0.49104035,0.4905112,0.48983353,0.4903638,0.48983622,0.48978013,0.49024916,0.48949382,0.49032664,0.489562,0.48905876,0.48968974,0.48820916,0.48767063,0.48910502,0.48915035,0.48901275,0.48903862,0.48812118,0.4896683,0.48800704,0.48876417,0.4877528,0.48754817,0.48771194,0.48605835,0.48674804,0.48631656,0.48631942,0.48568937,0.4850601,0.48507512,0.4856239,0.48470777,0.48506087,0.48498058,0.4849003,0.48504806,0.48501188,0.48389566,0.48379242,0.48376393,0.48311934,0.483479,0.4824384,0.48121616,0.4823607,0.48231408,0.4826532,0.48310608,0.48194256,0.48253536,0.4824089,0.48256174,0.48123387,0.48154128,0.48160768,0.48091736,0.48024267,0.48133856,0.48179686,0.48039427,0.4798376,0.48054317,0.4804617,0.47941417,0.48014945,0.4794835,0.47952044,0.47911963,0.4797972,0.479502,0.47939003,0.47961935,0.47918928,0.47943282,0.4789729,0.47913024,0.47976324,0.4790399,0.4794103,0.47976828,0.47900295,0.47938496,0.47863492,0.47799033,0.47734505,0.47781828,0.4775487,0.47840014,0.47767118,0.47790667,0.4780062,0.4772411,0.4779023,0.47751814,0.48166034,0.48102212,0.48027548,0.48164883,0.4802606,0.48044875,0.48075947,,,,,,,,,,,,,,,,,,,,,,,,,,,,,,,,,,,,,,,,,,,,,,,,,,,,,,,,,,,,,,,,,,,,,,,,,,,,,,
0.4538185,0.4533008,0.45375133,0.45366034,0.45410523,0.4542957,0.45485923,0.45390347,0.45345628,0.45433626,0.45415503,0.45343143,0.4537225,0.45417207,0.4544482,0.45412877,0.45368373,0.45368913,0.45346028,0.45360014,0.45390248,0.45403898,0.45352882,0.45367488,0.4536964,0.454024,0.4545159,0.4546735,0.4544501,0.45425314,0.45426068,0.45438966,0.45479783,0.45523366,0.45556802,0.45578054,0.4558845,0.45531517,0.45663986,0.45677015,0.4557748,0.45612445,0.45682028,0.45693716,0.45688325,0.45719153,0.457332,0.45781592,0.45747548,0.45712966,0.45741066,0.4576002,0.45742792,0.45767447,0.45691592,0.45649397,0.45585927,0.45515972,0.45407555,0.45450088,0.45357147,0.4534101,0.45347282,0.45290807,0.45190138,0.45144424,0.45077127,0.45094365,0.4502164,0.45021814,0.44985506,0.45017132,0.44938824,0.44927752,0.4489995,0.4487507,0.4488033,0.4470567,0.44814,0.4478085,0.4476126,0.44756296,0.44723055,0.44699183,0.44697416,0.44713268,0.4472039,0.4472492,0.44833466,0.4474372,0.44714922,0.44812843,0.44782326,0.44810605,0.4482296,0.44940695,0.44989216,0.44989538,0.45054328,0.4505049,0.45130408,0.4523128,0.45286882,0.45386052,0.45314035,0.45406485,0.4540355,0.45473734,0.45473334,0.4542293,0.45458728,0.45432293,0.45517564,0.45589733,0.45675617,0.45688593,0.45708665,0.45759454,0.45722437,0.45823565,0.45829535,0.4581506,0.4579097,0.4578642,0.45911634,0.45868334,0.4587476,0.45898166,0.45857704,0.46041244,0.45401877,0.41310582,0.46823418,0.46574724,0.46402422,0.46522537,0.4661109,0.46680808,0.46581182,0.46608913,0.46666557,0.46623188,0.46749717,0.46745434,0.4674501,0.46783912,0.4684442,0.46758035,0.46706972,0.4681555,0.40161687,0.4050659,0.47315273,0.47222978,0.47084633,0.4707959,0.47165674,0.47166216,0.47202945,0.47263217,0.47272873,0.4722979,0.47186986,0.4725494,0.4724011,0.47284812,0.4726879,0.47261932,0.4728974,0.47258893,0.4723855,0.47266966,0.47271448,0.47306752,0.4727421,0.47287154,0.47227323,0.47360012,0.47322816,,,,,,,,,,,,,,,,,,,,,,,,,,,,,,,,,,,,,,,,,,,,,,,,,,,,,,,,,,,,,,,,,,,,,,,,,,,,,,,,,,,,,,,,,,,,,,,,,,,,,,,,,,,,,,,,,,,,,,,,,,,,,,,,,,,,,,,,,,,,,,,,,,,,,,,,,,,,,,,,,,,,,,,,,,,,,,,,,,,
1.0403218,1.0322869,1.0311885,1.0310757,1.0303733,1.0249234,1.0248998,1.0296596,1.0218685,1.0158031,1.0161884,1.0202732,1.0196954,1.0123743,1.0129777,1.0151454,1.0127195,1.0089656,1.0105371,1.0102025,1.0045594,1.0107195,1.0032985,1.004891,1.0027163,1.0039915,1.001853,0.99557287,0.99879384,1.002991,0.9902373,0.9897751,0.9846375,0.98447114,0.97719395,0.98047,0.98353344,0.9729518,0.96436393,0.9675226,0.96383744,0.95312214,0.94692516,0.9484005,0.9469141,0.9448584,0.94672924,0.9405263,0.9298335,0.93032306,0.9315945,0.9204479,0.9217761,0.9245541,0.920106,0.9177155,0.920736,0.92011964,0.9176299,0.9198733,0.91853577,0.92134863,0.9194812,0.9156044,0.91715693,0.8812943,0.8796702,0.88523805,0.8817679,0.8854215,0.88756794,0.88613117,0.8866071,0.89215094,0.8959483,0.8960023,0.9074757,0.9047183,0.9105735,0.9088381,0.9132018,0.90759856,0.91215616,0.9222271,0.9240386,0.92306274,0.9270142,0.9231562,0.9333034,0.93143946,0.9342966,0.9336603,0.9403463,0.93890244,0.941373,0.9312923,0.94272286,0.94088185,0.82308733,0.64037645,0.67524827,0.6284723,0.5117105,0.5898896,0.85598373,0.8599384,0.8562217,0.85870755,0.8541631,0.8520213,0.8584214,0.85851437,0.8542606,0.8603837,0.8624394,0.8570033,0.8583305,0.8581537,0.8622961,0.85171247,0.8478964,0.82887334,0.86238635,0.83727795,0.818402,0.82369465,0.8192287,0.8206159,0.8225977,0.81933343,0.81832767,0.8182999,0.8213169,0.8192224,0.81912696,0.8234517,0.8231241,0.82204795,0.8221675,0.8208441,0.818356,0.8250396,0.82298785,0.8215179,0.8240075,0.8225916,0.8308796,0.8230835,0.82671225,0.8292866,0.8304424,0.8404929,0.8347562,0.8376474,0.83261794,0.8431939,0.8427073,0.84092814,0.8764446,0.8699488,0.87796164,0.87813216,0.87572724,0.88041484,0.8842833,0.88418835,0.88450795,0.8828941,0.88128406,0.88507456,0.8839441,0.88817674,0.8850416,0.8907099,0.8887569,0.89284647,0.8912839,0.8940362,0.88931024,0.90181106,0.89967525,0.8943073,0.8992584,0.8999346,0.8955082,0.89961237,0.8976114,0.8978211,0.9023252,0.90151983,0.9018188,0.89892155,0.9080326,0.90426004,0.8993783,0.90278906,0.9042751,0.89937574,0.9061428,0.8968692,0.89761037,0.9032454,0.9083335,0.90485525,0.9025144,0.9143875,0.9098996,0.90564704,0.9067697,0.90893614,0.9103606,0.9018905,0.90882325,0.9088282,0.9127356,0.9092605,0.9049128,0.9069623,0.9049153,0.9037617,0.8998021,0.90209883,0.9036501,0.8987264,0.90766454,0.89998436,0.905865,0.90983623,0.9051254,0.90390295,0.9060165,0.9098101,0.90849894,0.9141296,0.9108157,0.9078324,0.91163677,,,,,,,,,,,,,,,,,,,,,,,,,,,,,,,,,,,,,,,,,,,,,,,,,,,,,,,,,,,,,,,,,,,,,,,,,,,,,,,,,,,,,,,,,,,,,,,,,,,,,,,,,,,,,,,,,,,,,,,,,
0.76114756,0.7578956,0.75885695,0.7537467,0.7386806,0.7400976,0.7394169,0.736325,0.73626745,0.73401445,0.732325,0.7331916,0.731903,0.73005855,0.7292476,0.7310095,0.7286804,0.73041314,0.7321854,0.7277243,0.72780925,0.72510016,0.7291055,0.7273568,0.7291255,0.7291615,0.72830766,0.72909856,0.72948664,0.72887135,0.73271817,0.73627126,0.7322539,0.7341451,0.73225915,0.7324732,0.73273546,0.7325327,0.7356347,0.7341296,0.73292726,0.73365194,0.73225766,0.7342236,0.7338965,0.73006356,0.72897077,0.7266173,0.7241167,0.7240792,0.7181258,0.7164103,0.7148642,0.7126423,0.7097442,0.7140084,0.7096962,0.7078662,0.70516115,0.70515877,0.698872,0.701729,0.6971289,0.69641054,0.6980145,0.6961151,0.6974239,0.6970638,0.6979934,0.69202787,0.69048476,0.693789,0.6921102,0.69499975,0.69632536,0.69703746,0.69312584,0.6927567,0.6937126,0.69768476,0.6979392,0.70382667,0.70254296,0.7001818,0.7039756,0.70397687,0.7045423,0.70683396,0.71158385,0.70681345,0.71584517,0.7146079,0.7155959,0.7153183,0.7166811,0.7159335,0.71575,0.7159601,0.7172529,0.7208262,0.7157694,0.71456295,0.72065437,0.72508734,0.720775,0.7271185,0.7255057,0.7328071,0.7336495,0.7306034,0.73414457,0.733979,0.73447937,0.7299736,0.7316694,0.73710406,0.7338028,0.73836565,0.7381509,0.7422565,0.7410544,0.7443288,0.74478096,0.7458823,0.7447264,0.7477684,0.7472409,0.75191545,0.75545186,0.75951666,0.7602689,0.75627357,0.756264,0.7564282,0.7629272,0.75973445,0.76054657,0.7695828,0.52352005,0.79155594,0.7818837,0.7810859,0.7857168,0.78558904,0.79100484,0.79022926,0.7926524,0.7863337,0.79060197,0.79004806,0.79129624,0.7921018,0.79534394,0.8000611,0.7947573,0.79799604,0.7960451,0.79561013,0.8016016,0.79735583,0.7987992,0.79929507,0.79583627,0.797669,0.7991264,0.8000216,0.8011918,0.7998054,0.8001647,0.7972855,0.80047596,0.800944,0.80045635,0.80054617,0.80471057,0.80253524,0.80288714,0.80159223,0.802421,0.80474496,0.8027987,0.8029781,0.80402565,0.8016214,0.7999725,0.80405235,0.801909,0.8016432,0.8038482,0.8011401,0.8059334,0.80423015,0.7993851,0.7975939,0.8020559,0.8033518,0.798235,0.8020004,0.8004393,0.80233335,0.80171084,0.8006909,0.7998354,0.8007974,0.8023315,0.80059314,0.8009644,0.80046976,0.8008988,0.80228436,0.80247235,0.80032605,0.80126023,0.800211,0.7996014,0.8003093,0.80014396,0.7962102,0.80227786,0.8001917,0.80219775,0.79993945,0.7987195,0.8003229,0.79848117,0.7981876,0.80170596,0.79647446,0.8010336,0.8017554,0.80137116,0.79829645,0.75371885,0.7536174,0.7536017,0.75348145,0.7536018,0.7545261,0.7527525,0.7523231,0.7549324,0.7512594,0.74995464,0.7529109,0.7526822,0.74992657,0.7489287,0.74924445,0.74757123,0.74830663,0.7447315,0.74527216,0.74451715,0.74019194,0.7448584,0.73874766,0.7428132,0.74284446,0.7416979,0.7383786,0.73877865,0.740331,0.73962754,0.73925036,0.73657864,0.7356001,0.7351664,0.7386098,0.7363052,0.7349085,0.7283663,0.7311212,0.7306143,0.73298705,0.73221,0.7335744,0.73058265,0.7329419,0.7313006,0.73200554,0.73193806,0.73055375,0.7306485,0.729808,0.7317281,0.7314564,,,,,,,,,,,,,,,,,,,,,,,,,,,,,,,,,,,,,,,,,,,,,,,,,,,,,,,,,,,,,,,,,,,,,,,,
0.8562945,0.85028446,0.84814453,0.8546684,0.84820944,0.8514917,0.8523514,0.8517652,0.8496489,0.84936726,0.8459366,0.8459689,0.8484842,0.8475381,0.84763366,0.84930754,0.8447925,0.84715706,0.8500838,0.850984,0.84814054,0.85380703,0.8524172,0.8502398,0.8465119,0.85134304,0.8505267,0.8526123,0.85020983,0.8514735,0.8525359,0.8514772,0.85231894,0.8517377,0.8570637,0.85578257,0.85386264,0.8559516,0.8561205,0.85920125,0.85817146,0.8611432,0.8664964,0.87112737,0.87302196,0.87187076,0.8760619,0.87916577,0.8863643,0.8837855,0.8799267,0.8836835,0.88112044,0.8874602,0.88412774,0.87687707,0.8767707,0.8737276,0.8741002,0.86366266,0.86386085,0.8623457,0.8583047,0.85656965,0.8564299,0.8543438,0.84978455,0.8532482,0.84654677,0.84311926,0.8462427,0.84454495,0.84443784,0.84139,0.8426085,0.83709425,0.84259194,0.8343524,0.8370949,0.8372789,0.83769244,0.8388015,0.8381805,0.83231866,0.83880395,0.8363202,0.8365965,0.83707124,0.83574635,0.8357487,0.83764046,0.84032774,0.84068257,0.84312683,0.8417476,0.84725994,0.84480643,0.84660316,0.848165,0.84839433,0.8493723,0.850675,0.8625916,0.8636386,0.86764354,0.8606874,0.86634135,0.87216586,0.8694612,0.8692881,0.8723697,0.8748388,0.8740952,0.8766334,0.8778176,0.87626266,0.8820281,0.8845807,0.88606375,0.8851854,0.88689446,0.8869318,0.8853722,0.8938046,0.89044404,0.8973486,0.90004075,0.9122161,0.90998834,0.9116892,0.9064533,0.91096514,0.9149019,0.9095172,0.91232777,0.91718686,0.9192424,0.92138094,0.9242933,0.921836,0.9220722,0.92873275,0.93105614,0.93022317,0.93351513,0.9345991,0.9356363,0.93717647,0.93120193,0.93462974,0.93359643,0.9342847,0.937043,0.9424252,0.9429787,0.94244474,0.9433945,0.9482113,0.95022976,0.95193076,0.954394,0.9509809,0.96245503,0.95616496,0.9573541,0.96722823,0.95595807,0.9649595,0.96509,0.95878845,0.96354765,0.9637219,0.96932304,0.96368736,0.9554388,0.92842436,0.95537597,0.973703,0.97302085,0.9763844,0.9852493,0.98001564,0.98003805,0.98605865,0.98436356,0.9959141,0.9924238,0.99500555,0.9928098,0.99653596,0.99899685,0.9964049,0.993565,0.9941133,0.9859917,0.9902002,0.99067175,0.99269485,0.99316764,0.9946342,0.9954715,0.9955742,0.9933892,0.9952599,0.99467134,0.9920369,0.99637395,0.99906516,0.9969294,1.0019798,0.9946194,1.0003195,0.99706745,0.99966383,0.99512964,1.0000411,0.9990993,1.0090344,1.0029621,1.0096812,1.0036076,1.0020349,1.0055203,1.0094998,1.0070164,1.0037712,1.0144166,1.0064174,1.006405,1.0074563,1.0060875,1.0073615,1.0081564,1.0147549,1.0106102,1.0085125,1.016181,1.0107983,1.0081251,1.0097749,1.0106943,1.0126507,1.0188396,1.0144763,1.015402,1.0143517,1.0158515,1.0195042,1.0111965,1.0135841,1.0185038,1.0203475,1.0156227,1.0195572,1.0196508,1.0225867,1.0177482,1.0201617,1.0238806,1.0204047,1.0142831,1.0222661,1.0184109,1.025926,1.0245993,1.0174767,1.0234152,1.0231661,1.0228486,1.025054,1.0235047,1.0226719,1.0229751,1.0218247,1.0222983,1.0227208,1.0185707,1.0223479,1.0234818,1.0217761,1.0232415,1.020609,1.0237535,1.0278763,1.023992,1.0206344,1.0223912,1.0254565,1.0254298,1.0278924,1.0275567,1.0243956,1.0159812,1.0228552,,,,,,,,,,,,,,,,,,,,,,,,,,,,,,,,,,,,,,,,,,,,,,,,,,,,,,,,,,,,,,,,
0.49167386,0.49130487,0.49136558,0.49068668,0.4899014,0.49063307,0.49046883,0.4895337,0.4896568,0.49056295,0.49009976,0.49036175,0.4912053,0.4905533,0.49079525,0.49081677,0.490655,0.4910058,0.49165657,0.49097386,0.49103656,0.49115932,0.4917306,0.49136877,0.49274477,0.4940116,0.49327683,0.4933412,0.4935758,0.49499327,0.49419975,0.49454495,0.4943128,0.49534714,0.49566546,0.49498692,0.49538052,0.4961183,0.4972194,0.49836266,0.49775276,0.49714166,0.5008205,0.5003329,0.5016905,0.5002128,0.5016629,0.50439906,0.5029016,0.5040069,0.5016925,0.50179577,0.502811,0.50301176,0.5022647,0.5019778,0.49933496,0.49865848,0.5004105,0.49941102,0.49910748,0.49824548,0.49632367,0.49695948,0.49517658,0.4956524,0.49420014,0.4932738,0.49303243,0.49207556,0.4930273,0.49031404,0.48937902,0.48926696,0.48951796,0.4890972,0.48900548,0.48822296,0.48775116,0.48796043,0.4877134,0.48866612,0.48616865,0.4880832,0.48918656,0.48918697,0.48859146,0.4903674,0.48953488,0.48934266,0.4898939,0.49016505,0.4906875,0.49018264,0.4913287,0.49116898,0.49184382,0.49242315,0.49248603,0.4932838,0.49353844,0.49442017,0.49484265,0.49461377,0.49412286,0.49596393,0.49566066,0.49489558,0.4949888,0.49483603,0.49552372,0.49757552,0.49528995,0.49983823,0.4993506,0.4980443,0.43247294,0.3969763,0.39858964,0.43609908,0.47420582,0.48806188,0.52230006,0.5184322,0.51954764,0.5230537,0.5187226,0.51968795,0.5175965,0.5185168,0.5182841,0.5221182,0.5221339,0.521714,0.5232068,0.5237836,0.5234897,0.52346325,0.52284765,0.5226294,0.5246634,0.5245426,0.52513295,0.5253715,0.52456105,0.52486897,0.52418125,0.526252,0.5232761,0.5230121,0.5246998,0.5227832,0.5205192,0.52251077,0.5232221,0.52477807,0.52656126,0.5258019,0.5274786,0.5270367,0.52668166,0.5247232,0.52322346,0.52521473,0.5241781,0.5222129,0.5224121,0.52271056,0.5228118,0.52351063,0.5246161,0.5241478,0.5241535,0.52402616,0.5251857,0.5240123,0.5231755,0.52390176,0.52523386,0.52434343,0.52523166,0.52446014,0.52247655,0.52248925,0.5244316,0.52148664,0.52503765,0.5244565,0.5252024,0.52389103,0.5234222,0.5239969,0.52372366,0.521153,0.52529794,0.523435,0.523976,0.52397454,0.5234072,0.52279055,0.5229318,0.52274734,0.52375233,0.5223415,,,,,,,,,,,,,,,,,,,,,,,,,,,,,,,,,,,,,,,,,,,,,,,,,,,,,,,,,,,,,,,,,,,,,,,,,,,,,,,,,,,,,,,,,,,,,,,,,,,,,,,,,,,,,,,,,,,,,,,,,,,,,,,,,,,,,,,,,,,,,,,,,,,,,,,,,,
0.4689375,0.46894777,0.46822447,0.469836,0.46836933,0.46913666,0.4696952,0.46916854,0.4694865,0.46983427,0.46837896,0.46831298,0.46999776,0.4611026,0.46142903,0.46128273,0.46101958,0.46054724,0.4611795,0.4613579,0.4609652,0.46069956,0.45982727,0.46043387,0.46071416,0.4603424,0.4608807,0.46081766,0.46084997,0.4617011,0.4607044,0.4601978,0.46023494,0.45940858,0.4591887,0.45986181,0.4604579,0.45972332,0.4605668,0.46226346,0.45596564,0.40243396,0.39892864,0.41674903,0.4133033,0.46583563,0.4659922,0.46635276,0.4701661,0.46938053,0.46986976,0.47044945,0.4637076,0.46417153,0.46390468,0.4641537,0.46514457,0.46486887,0.46482468,0.46482083,0.46536678,0.464543,0.46603814,0.4648875,0.46484318,0.4656457,0.46497875,0.46458378,0.46418756,0.4641838,0.4648136,0.46444857,0.46447217,0.4643949,0.46424538,0.46483484,0.46431598,0.46426767,0.46441042,0.46408397,0.46418652,0.46425182,0.46447065,0.4640968,0.46425667,0.4641629,0.4640781,0.46258205,0.46257478,0.46180156,0.4617723,0.4618882,0.46186033,0.46189928,0.4614918,0.46141943,0.4613239,0.4610156,0.46167728,0.46237314,0.46334535,0.46320805,0.46349743,0.46394956,0.46374792,0.4636497,,,,,,,,,,,,,,,,,,,,,,,,,,,,,,,,,,,,,,,,,,,,,,,,,,,,,,,,,,,,,,,,,,,,,,,,,,,,,,,,,,,,,,,,,,,,,,,,,,,,,,,,,,,,,,,,,,,,,,,,,,,,,,,,,,,,,,,,,,,,,,,,,,,,,,,,,,,,,,,,,,,,,,,,,,,,,,,,,,,,,,,,,,,,,,,,,,,,,,,,,,,,,,,,,,,,,,,,,,,,,,,,,,,,,,,,,,,,,,,,,,,,,,,,,,,,
0.8370601,0.84027946,0.8319215,0.83735,0.8343657,0.83429676,0.823193,0.82157725,0.82510275,0.8243883,0.821168,0.82552457,0.8235493,0.8241925,0.82117337,0.8226216,0.8243353,0.8288997,0.82218844,0.8294318,0.82464606,0.8338004,0.8364043,0.83651346,0.8300259,0.8346509,0.84091914,0.83751464,0.8364955,0.8390698,0.8373955,0.84212995,0.8415318,0.8426272,0.84567827,0.8469837,0.8479995,0.85217696,0.8521538,0.85241175,0.85401475,0.85503346,0.85350084,0.85366255,0.8610504,0.8626196,0.8604002,0.8634304,0.86598355,0.8660616,0.86806065,0.8625387,0.8639623,0.86257964,0.8610045,0.8535969,0.8526814,0.85354185,0.84565544,0.8409483,0.84370434,0.83843887,0.8306877,0.82201207,0.822928,0.819106,0.8121811,0.8099502,0.8101428,0.8114264,0.8066181,0.80407023,0.80199647,0.80034155,0.7985519,0.7968274,0.79818887,0.7895666,0.79244703,0.79413354,0.7857617,0.78524137,0.77795726,0.7828736,0.7863857,0.7809704,0.78001255,0.7761202,0.78830224,0.7817789,0.77769303,0.7817135,0.7833113,0.78141516,0.78562057,0.7893037,0.7890134,0.7843938,0.79709864,0.79148114,0.7950545,0.79797405,0.8012259,0.8005542,0.80172276,0.8020214,0.8029982,0.80632097,0.8061247,0.80436015,0.8090261,0.8042251,0.8082035,0.8147662,0.81415343,0.81736314,0.81203383,0.8202175,0.8148695,0.8189578,0.81576645,0.82363695,0.82264435,0.82491446,0.8191775,0.8228605,0.82682854,0.8251733,0.830522,0.8297688,0.8377203,0.8445547,0.84386003,0.84375954,0.8461785,0.8539378,0.85067445,0.8548154,0.860072,0.8562473,0.85543114,0.85928077,0.8660265,0.8635845,0.86441433,0.865796,0.86524624,0.8689973,0.8676892,0.87133604,0.87545353,0.8774157,0.87796634,0.8738397,0.87700737,0.8828391,0.8830189,0.8793654,0.88560915,0.8898351,0.8875876,0.89202523,0.8900371,0.8955971,0.88719034,0.8907893,0.88939404,0.88552344,0.88077605,0.88060737,0.8990219,0.9054367,0.8857575,0.44342104,0.5435418,0.902018,0.9103235,0.9063873,0.89849895,0.8951573,0.8940162,0.89493334,0.8956422,0.89534175,0.8972951,0.89369446,0.89916295,0.89757943,0.8965351,0.8958603,0.8952686,0.89162874,0.89386046,0.89462566,0.89479893,0.89734817,0.89258105,0.89319247,0.89336675,0.8917796,0.89443046,0.89665586,0.8935836,0.8938869,0.89188653,0.89403814,0.8905881,0.8993853,0.8953602,0.89734393,0.8968048,0.897892,0.89795667,0.9018336,0.8990159,0.89701885,0.9000126,0.898799,0.898448,0.9001415,0.89939004,0.9034071,0.89462334,0.9062536,0.9012595,0.90372586,0.9024432,0.9061495,0.90420085,0.90428007,0.9044051,0.901123,0.9025081,0.90490395,0.90337235,0.9035675,0.90513664,0.9031671,0.9028649,0.9029801,0.8985445,0.90145236,0.89895153,0.89963025,0.89722615,0.89838266,0.896581,0.89823467,0.89329284,0.893044,0.8925501,0.8942623,0.89232427,0.89598274,0.8874299,0.89441085,0.89442605,0.88937086,0.8921123,0.8913754,0.88743293,0.88754064,0.88355327,0.8835268,0.8834736,0.87972283,0.8736293,0.874787,0.8764394,0.8742646,0.871961,0.8714213,0.86897373,0.869884,0.86738473,0.8678196,0.86742073,0.86556584,0.86775607,0.8631129,0.8614825,0.8622925,0.86249954,0.8646354,0.8633036,,,,,,,,,,,,,,,,,,,,,,,,,,,,,,,,,,,,,,,,,,,,,,,,,,,,,,,,,,,,,,,,,,,,,,,,,
0.58133423,0.5763171,0.5817483,0.5800157,0.5750331,0.57817835,0.5801849,0.57993656,0.58214676,0.58135587,0.5796577,0.58069795,0.5796994,0.5817902,0.5799802,0.57843715,0.5782244,0.5794703,0.5799998,0.58029795,0.5807559,0.582392,0.57787216,0.5815702,0.57619697,0.57919085,0.58080345,0.580583,0.58080757,0.5800256,0.58385694,0.5820318,0.5850771,0.58434117,0.58416206,0.5804179,0.58739,0.5860078,0.5905864,0.589874,0.58629286,0.59228915,0.59116757,0.59065026,0.5899137,0.5876616,0.5916314,0.5854326,0.58490115,0.5814769,0.58402663,0.579469,0.5784834,0.57961714,0.57744277,0.57629,0.5777092,0.5749129,0.57431304,0.572807,0.5683226,0.5683224,0.56913155,0.5703484,0.56799114,0.5648399,0.56521153,0.5631645,0.5663743,0.5645985,0.56051034,0.563058,0.5627365,0.55972314,0.56264067,0.55970293,0.5629297,0.56213236,0.5625781,0.5647444,0.56123006,0.56717974,0.56664336,0.5648788,0.5639364,0.5658386,0.56736153,0.56935173,0.56906813,0.56828177,0.5678985,0.5701989,0.5703154,0.5693792,0.57051736,0.5714235,0.57051367,0.569129,0.5720999,0.56901526,0.5718838,0.57293767,0.5749837,0.5716647,0.57606524,0.5759825,0.57487553,0.5768811,0.5768923,0.57423466,0.5769191,0.5788028,0.5832674,0.58144397,0.58329743,0.5848215,0.589149,0.5860761,0.58941764,0.5868393,0.5914796,0.59615254,0.595738,0.5986449,0.59519005,0.60009205,0.59959686,0.6003872,0.6007727,0.60086477,0.59963286,0.6026008,0.6034832,0.60389656,0.6081462,0.60465556,0.60885954,0.61168313,0.61484295,0.618665,0.6191442,0.620856,0.6225479,0.6217189,0.6226321,0.6263939,0.6255949,0.6272578,0.62747025,0.6275762,0.6282691,0.6295795,0.6279209,0.6297492,0.6286905,0.63230926,0.6297918,0.63337296,0.63000166,0.5028799,0.64059275,0.4574126,0.46667796,0.49088445,0.4787823,0.6357716,0.6220988,0.62520444,0.6253456,0.62220097,0.6225953,0.6237205,0.62539977,0.63058764,0.6256098,0.62965137,0.6249662,0.6278727,0.6312648,0.631932,0.6278024,0.63126546,0.6291884,0.6294005,0.62629956,0.6295339,0.6249935,0.62912256,0.6297399,0.62933654,0.63082194,0.6276747,0.63235396,0.63151425,0.6341353,0.63252395,0.63138574,0.6348259,0.6345967,0.6337103,0.63279074,0.63411856,0.6347836,0.6305648,0.6318459,0.6323611,0.63024217,0.63038397,0.6298208,0.6298313,0.6282407,0.62923175,0.6252832,0.6243311,0.625427,0.6255903,0.62183404,0.621929,0.62116784,0.61982346,0.6194094,0.62055916,0.6188352,0.61876863,0.61642486,0.6173447,0.61979824,0.61420643,0.6146252,0.6166259,0.6162002,0.61362195,0.61702454,0.6152704,0.61066204,0.6126272,0.6144257,0.61515343,0.6133129,0.61446846,,,,,,,,,,,,,,,,,,,,,,,,,,,,,,,,,,,,,,,,,,,,,,,,,,,,,,,,,,,,,,,,,,,,,,,,,,,,,,,,,,,,,,,,,,,,,,,,,,,,,,,,,,,,,,,,,,,,,,
0.5330371,0.53483564,0.5353809,0.5325964,0.5344654,0.5343632,0.53698206,0.53322643,0.5323181,0.5359826,0.5346396,0.5312264,0.53472304,0.5335821,0.53662765,0.53427,0.536926,0.5352503,0.5325258,0.5313931,0.52947074,0.5319607,0.5354917,0.5390628,0.5335539,0.5385221,0.5359868,0.53621775,0.5366197,0.5368608,0.5383029,0.53600866,0.5398216,0.53933525,0.5386578,0.5374777,0.5432459,0.5394651,0.53975993,0.54203135,0.54283726,0.54294217,0.54265696,0.54440963,0.5460594,0.54673535,0.5471761,0.5477742,0.54557806,0.54879576,0.54770756,0.54805887,0.5467528,0.54545295,0.5446208,0.54518056,0.5435556,0.5440011,0.5419226,0.54014546,0.5422104,0.53939366,0.53772056,0.53617,0.53710604,0.53479254,0.53370225,0.5350491,0.5351542,0.5333464,0.5339846,0.53408533,0.533576,0.53341687,0.52409697,0.53117853,0.529025,0.52838194,0.52833986,0.52596444,0.53117204,0.53095883,0.52773076,0.5266491,0.5295544,0.52638793,0.5287191,0.53191555,0.53058696,0.52735436,0.53385156,0.5308036,0.5335952,0.5367999,0.5379901,0.5329073,0.5346761,0.5336224,0.53481734,0.5378726,0.5395066,0.53991205,0.5403767,0.5429236,0.54190755,0.5443119,0.5433721,0.5464397,0.5466261,0.5475956,0.54754734,0.5495336,0.5512851,0.55254173,0.5564508,0.55786145,0.5594265,0.5576884,0.5541038,0.5617669,0.48909187,0.45243797,0.44720823,0.5078055,0.5289546,0.5493816,0.60724306,0.59496415,0.5938151,0.5975238,0.5928176,0.5935118,0.591086,0.5987713,0.598404,0.59860253,0.591967,0.594739,0.5968626,0.5973897,0.60015714,0.60274154,0.6005062,0.60201544,0.6017007,0.60329133,0.6041754,0.6024788,0.6023888,0.60381645,0.6023368,0.6037457,0.6039654,0.6064969,0.6058305,0.60538733,0.6058652,0.6071263,0.60634077,0.60673183,0.6071594,0.6061824,0.6079836,0.60641146,0.6079448,0.6093301,0.609141,0.6081459,0.6087691,0.6100598,0.6067311,0.6100762,0.60869914,0.60567874,0.607414,0.60172266,0.60346586,0.6027829,0.6013965,0.59972626,0.5944133,0.5952402,0.5925899,0.59159636,0.5917919,0.59322554,0.5917226,0.589491,0.58972543,0.59049356,0.5883582,0.58568674,0.5839118,0.5830109,0.5845491,0.5854883,0.58626723,0.5811902,0.5793542,0.5795015,0.57856095,0.57797587,0.5796505,0.5794356,0.5779748,0.57945746,0.5777205,0.5750557,0.5739465,0.57456636,0.5749568,0.5671937,0.5721811,0.57286465,0.57074255,0.5715505,0.5699125,0.56515104,0.56777674,0.56734484,0.56619555,0.5673649,0.5677722,0.5664382,0.5636356,0.5639785,0.5626106,0.5621217,0.56181204,0.5618968,0.5607487,0.56315994,0.5590878,0.5597759,0.56166005,0.5590837,0.55878305,0.55857766,0.5584192,0.5578446,0.5578884,0.55582976,0.5590966,0.5568679,0.55390877,0.55476224,0.55451775,0.5540805,0.55414915,0.5556212,0.5568017,0.560055,0.56023383,0.55713445,0.55485314,0.550295,0.55145633,0.5535412,0.55451894,0.55263346,0.55335355,0.5530639,0.55319905,0.55186635,0.5501419,,,,,,,,,,,,,,,,,,,,,,,,,,,,,,,,,,,,,,,,,,,,,,,,,,,,,,,,,,,,,,,,,,,,,,,,,,,,,,,,,,,,,,,,,,,,,
0.54040015,0.5404946,0.53789514,0.53831965,0.5370148,0.53656286,0.538177,0.5373491,0.537283,0.53751725,0.5366289,0.5393411,0.53699106,0.53659576,0.53701705,0.53590083,0.5384439,0.53687847,0.53566843,0.53834,0.5359761,0.5388672,0.5399412,0.5372972,0.53721577,0.5371317,0.5394554,0.53852296,0.5382459,0.5383512,0.5377692,0.53670806,0.5396939,0.537372,0.54059345,0.53761077,0.5392884,0.5369979,0.5389806,0.53656685,0.53511214,0.5375913,0.5401302,0.5390163,0.53671336,0.53809583,0.5310228,0.5361226,0.5369455,0.5312236,0.5335721,0.5333496,0.5318228,0.53149027,0.52975804,0.5265798,0.5281178,0.526868,0.5256599,0.52349406,0.52188975,0.52450055,0.521895,0.52165884,0.5209048,0.5203397,0.5217605,0.521456,0.5217704,0.51996243,0.5166883,0.5174169,0.515885,0.51424515,0.5170241,0.51768696,0.5150223,0.51481503,0.51584184,0.5154932,0.51479393,0.51624185,0.51795816,0.5142919,0.51700693,0.51658124,0.5176175,0.5175104,0.5177785,0.51770175,0.5187384,0.52035326,0.5211619,0.5175295,0.52117366,0.52069664,0.52047056,0.52359056,0.52189165,0.5237984,0.52467465,0.5241533,0.5245636,0.52819407,0.5270449,0.5290321,0.52917784,0.52783006,0.53153336,0.52982527,0.5329523,0.5337663,0.5338833,0.53633934,0.534859,0.53445095,0.53825617,0.5393823,0.5408345,0.5395119,0.54093647,0.5424259,0.54306936,0.5452844,0.544169,0.54776293,0.5448102,0.5463264,0.54433715,0.5502895,0.54959196,0.5506252,0.55120414,0.5526173,0.55225027,0.5527016,0.5530861,0.55224365,0.5529592,0.5537135,0.5531359,0.5559819,0.5601407,0.55703515,0.5606026,0.55752844,0.5576372,0.55891895,0.5592109,0.5598608,0.5612731,0.5621042,0.5632876,0.5622917,0.56970817,0.5682742,0.5694063,0.5700392,0.57114345,0.5724929,0.5722892,0.57232034,0.5752763,0.5750317,0.5751208,0.57257205,0.57274526,0.450127,0.5281316,0.5047397,0.5784628,0.62519616,0.59417474,0.6007384,0.59377843,0.59055656,0.59318763,0.59364307,0.59495467,0.59278804,0.5945444,0.5959564,0.59904164,0.59840673,0.59972984,0.5976325,0.60472256,0.603476,0.5990392,0.6017593,0.60140073,0.6020959,0.60353357,0.60495603,0.6052906,0.6015771,0.6031889,0.602559,0.6025068,0.6028104,0.6049894,0.60449696,0.6033403,0.6037119,0.6036508,0.6038655,0.6040348,0.6037496,0.6037972,0.60341305,0.60406655,0.6038398,0.60354346,0.6033994,0.60524577,0.6049139,0.60524744,0.6053125,0.6034717,0.6067662,0.610509,0.60485035,0.6079905,0.60673255,0.60834765,0.60626066,0.60606843,0.6077524,0.6068002,0.6079193,0.6076168,0.61003864,0.607846,0.60785806,0.60884273,0.6076601,0.6092767,0.60987425,0.6098835,0.6068202,0.6105079,0.60996014,0.6092591,0.60785043,0.6084045,0.6080054,0.60927945,0.6090456,0.6068951,0.6092465,0.60969675,0.61042684,0.60700816,0.6044601,0.60448396,0.60834575,0.6059881,0.6073667,0.6055505,0.60358906,0.60445964,0.602543,0.6041805,0.603178,0.60352975,0.60493994,0.60337704,0.6012705,0.6014286,0.6002977,0.60302466,0.59750986,0.5991754,0.59991217,0.6002646,0.599508,0.6001513,0.59783345,0.6004538,0.5995411,0.5966623,0.59808046,0.5953141,0.5945897,0.59537774,0.5973808,0.5921165,0.594595,0.5922532,0.59304565,0.5933204,0.59306294,0.59309083,0.5908174,0.59066725,0.5902132,0.5892324,0.58935815,0.59002554,0.5900447,0.5893265,0.58966553,0.59070486,0.5851995,0.5866753,0.5877549,0.58539325,0.58652496,0.5847068,0.58294004,0.5826964,0.5832156,0.58146805,0.58061194,0.57974166,0.58038914,0.5831489,0.5802996,0.5814942,0.583815,0.5849187,0.5847816,0.57990706,0.5801172,0.58060485,0.5797102,0.579699,0.5792278,,,,,,,,,,,,,,,,,,,,,,,,,,,,,,
0.59014696,0.586776,0.58902955,0.58699113,0.58766884,0.5889027,0.58792186,0.5882521,0.58684385,0.5871326,0.5863924,0.5874468,0.58807254,0.58588475,0.5870293,0.58604264,0.58710194,0.5872374,0.5868469,0.5879008,0.5876798,0.5872795,0.5881134,0.58763534,0.58819467,0.58669657,0.587002,0.5874259,0.58877546,0.58676666,0.58792496,0.5870176,0.5873883,0.58806735,0.5854177,0.58763504,0.587287,0.5870914,0.5880888,0.5887618,0.5895044,0.5901825,0.5920365,0.5913722,0.5941819,0.59725654,0.59569263,0.6013042,0.5996984,0.5971072,0.5998391,0.60041696,0.60050434,0.5930105,0.59473294,0.59013134,0.5909654,0.5912073,0.588008,0.5903977,0.58539975,0.58244574,0.58187944,0.5798405,0.5791589,0.57913494,0.5798944,0.5785744,0.57764727,0.5746232,0.5755669,0.572723,0.5698787,0.5702614,0.5673732,0.5672193,0.56740123,0.56566477,0.5668849,0.5663133,0.56704634,0.5673032,0.56557703,0.5658147,0.5650121,0.56570256,0.5663572,0.56621426,0.5676085,0.56633955,0.5720863,0.5734196,0.5725484,0.57188183,0.57429177,0.5737691,0.57426304,0.5766176,0.57477254,0.5756712,0.5750417,0.5827955,0.4293989,0.5376824,0.4451168,0.5651585,0.44611046,0.53378594,0.49955592,0.47454193,0.47654217,0.5148323,0.46007478,0.42366636,0.52097964,0.52375674,0.52353966,0.5233321,0.5222692,0.52328956,0.5230623,0.5208975,0.5221408,0.522258,0.5221623,0.5215377,0.5209305,0.52012485,0.5193573,0.51685256,0.51564956,0.5150796,0.5136421,0.5153705,0.5144479,0.5141728,0.5122022,0.511731,0.5128617,0.50787026,0.5082407,0.5071008,0.506683,0.5054594,0.50578475,0.50181,0.5020964,0.5004421,0.5007409,0.50123924,0.5010182,0.4998819,0.46973062,0.42746907,0.5052511,0.50724643,0.5099355,0.50751954,0.507512,0.50740325,0.5089319,0.50724924,0.5087651,0.5092158,0.5096901,0.50936586,0.50910634,0.50748825,0.50907403,0.5111238,0.5092711,0.50987905,0.5121044,0.51374936,0.51321685,0.5135521,0.5178881,0.51453406,0.5155263,0.5178302,0.518388,0.51838666,0.5189143,0.51852226,0.51928484,0.52024233,0.5212565,0.52067196,0.5214383,0.5211206,0.5249307,0.5265021,0.525516,0.52500486,0.53749627,0.5282223,0.53168905,0.5292797,0.52975446,0.5306706,0.53295,0.53394884,0.5351818,0.53569794,0.536746,0.53597,0.5361044,0.536725,0.5382439,0.53695285,0.53831744,0.5378803,0.5395545,0.5418623,0.54358387,0.54207385,0.54383194,0.54403377,0.54399925,0.5429914,0.54422504,0.54485923,0.54561967,0.54587954,0.54724544,0.54754275,0.546767,0.5477735,0.54886013,0.54647684,0.5461032,0.5496089,0.54957235,0.5478456,0.5499974,0.55020195,0.55214185,0.55035514,0.5516631,0.55120736,0.55226785,0.5519749,0.5514914,0.5536006,0.5538152,0.5526184,0.55445766,0.55511606,0.55509096,0.55473876,0.55500406,0.55463207,0.55628145,0.5568917,0.5568786,0.5562745,0.5566497,0.5575859,0.55854,0.55854094,0.5592747,0.56536424,0.5649534,0.56763345,0.5645325,0.5664401,0.5667818,0.56920123,0.5662915,0.5671531,0.5674488,0.5679018,0.56916744,0.56668705,0.57252574,0.5710306,0.5704322,0.57042444,0.5709527,0.5708553,0.5717272,0.5720094,0.56905365,0.5715477,0.5711885,0.5733346,0.5720536,0.5716775,0.57021767,0.5726787,0.5732506,0.5718745,0.5714064,0.5712156,0.57108897,0.5735423,0.57283294,0.5747177,0.5750694,0.5757923,0.5757972,0.5760455,0.57550836,0.57445204,0.5765918,0.57678485,0.5760636,0.57596576,0.57654387,0.5785613,0.5772195,0.5777122,0.5792564,0.5782819,0.5772274,0.5782692,,,,,,,,,,,,,,,,,,,,,,,,,,,,,,,,,,,,,,,,,,
0.5904861,0.5874894,0.58928967,0.5911137,0.58834374,0.58969045,0.59028214,0.5905624,0.5914233,0.58986884,0.5893564,0.5903584,0.59096974,0.5925349,0.5911245,0.5940674,0.5940766,0.5957503,0.59549236,0.59501696,0.5954429,0.594871,0.5946342,0.5960658,0.59797066,0.5965173,0.5969321,0.599998,0.5972563,0.5995119,0.60149574,0.5998191,0.6008329,0.600349,0.60107183,0.60260963,0.6046473,0.60512,0.6054828,0.60624427,0.60484254,0.60506254,0.6059036,0.6067498,0.6058403,0.605711,0.60588694,0.60586673,0.60563385,0.6047296,0.60502374,0.6031894,0.60393614,0.6028576,0.59696525,0.5973099,0.5954932,0.5953561,0.5917333,0.5905445,0.58913136,0.5850182,0.58439296,0.5824877,0.58260095,0.58200115,0.58158803,0.57775426,0.57599807,0.57288665,0.550283,0.5493032,0.5495687,0.5466407,0.5453214,0.544878,0.5440772,0.545477,0.5440489,0.5438883,0.5424329,0.5441464,0.5431138,0.5418309,0.5427021,0.54281485,0.5429803,0.5408246,0.5428318,0.5425996,0.54239166,0.5425832,0.54299736,0.5423418,0.54355705,0.54314554,0.54278123,0.54420877,0.542673,0.54394263,0.5469766,0.5465333,0.5491786,0.54786444,0.5482197,0.5485123,0.5467564,0.5501805,0.5509916,0.54933023,0.5505814,0.55048895,0.54816985,0.549544,0.54721576,0.5454438,0.5446746,0.54608256,0.5465178,0.5430177,0.48660967,0.49628392,0.5751657,0.56919783,0.5710433,0.56832016,0.56985915,0.5712604,0.5718043,0.5703384,0.57157683,0.5751991,0.57584655,0.5771654,0.57682586,0.57571083,0.5760989,0.5765899,0.57622004,0.5766198,0.5753151,0.57668775,0.5733594,0.5749297,0.57516146,0.5738994,0.573809,0.5747477,0.57526994,0.57508844,0.5766096,0.57373494,0.5752505,0.5733344,0.5753189,0.57281554,0.57289964,0.5711436,0.57160056,0.56909364,0.5703001,0.56858134,0.5665952,0.5644849,0.5653105,0.56310576,0.5654799,0.562376,0.5620805,0.5635348,0.5603291,0.5602361,0.56079775,0.5607875,0.5605423,0.5585813,0.55748403,0.55803454,0.55788434,0.5574386,0.5555919,0.5579038,0.5556,0.5541852,0.55210584,0.5506597,0.5489644,0.55040306,0.54943043,0.54808366,0.54727,0.54757196,0.5482505,0.5457002,0.5459855,0.54534006,0.5450745,0.5433775,0.54342663,0.54321456,0.5436087,0.5432454,0.54213107,0.5435102,0.5409278,0.54052275,0.5400563,0.5399281,0.5393042,0.5385875,0.5396412,0.54034615,0.5378875,0.5363186,0.538096,0.5353894,0.5346387,0.53427327,0.53574383,0.5356807,0.5339076,0.53363985,0.5347623,0.53309315,0.533621,0.53244793,0.53354686,0.53123075,0.53153,0.53206384,0.55243886,0.55364245,0.5523641,0.5526735,0.55367446,0.55311793,0.5525156,,,,,,,,,,,,,,,,,,,,,,,,,,,,,,,,,,,,,,,,,,,,,,,,,,,,,,,,,,,,,,,,,,,,,,,,,,,,,,,,,,,,,,,,,,,,,,,,,,,,,,,,,,,,,,,,,,,,,,,,,
0.5157012,0.5132862,0.51447755,0.51386553,0.5139525,0.51386493,0.5121273,0.51005876,0.5104308,0.5094174,0.5098062,0.50820017,0.50874394,0.50786215,0.5072144,0.5065839,0.50651103,0.507124,0.50613767,0.5043267,0.50586003,0.5064707,0.50514823,0.50604457,0.506,0.5059497,0.5063965,0.50668716,0.50493574,0.50793797,0.5078271,0.5076029,0.5074294,0.50780684,0.50851643,0.50812817,0.5097529,0.50924873,0.5096772,0.51072913,0.51050496,0.5119256,0.51250035,0.51224035,0.51252484,0.5119372,0.5145499,0.51608074,0.51554185,0.5158664,0.5146289,0.5154988,0.5147456,0.51495475,0.5139798,0.51506275,0.5137148,0.51417315,0.5115224,0.5096896,0.5099915,0.5081628,0.50611734,0.5056088,0.5041793,0.50457233,0.503883,0.50277454,0.5033711,0.50159806,0.5027542,0.5019156,0.50242144,0.5019481,0.4994167,0.50120115,0.5004897,0.50032234,0.5000735,0.5013788,0.5004603,0.5013826,0.50055265,0.50178444,0.5002451,0.49944535,0.49942946,0.49913418,0.4997781,0.5005933,0.4992886,0.5002195,0.5003811,0.50059783,0.5007654,0.5015699,0.50314116,0.5013028,0.5016585,0.5031114,0.49942467,0.50129133,0.50050664,0.49982116,0.50422317,0.5025127,0.48325413,0.40997803,0.41430753,0.42387253,0.45428956,0.41928032,0.4341821,0.47526228,0.52635276,0.5243451,0.5236026,0.5236362,0.52281576,0.52419084,0.52209514,0.5218875,0.5241201,0.5243173,0.5237921,0.523208,0.5244718,0.5242141,0.5246785,0.52314496,0.52503264,0.5246662,0.52573365,0.52435935,0.5247148,0.5249136,0.5250957,0.52625644,0.5245956,0.5261438,0.5263527,0.5263413,0.5259237,0.52809197,0.52652335,0.52705777,0.5256306,0.5235851,0.52455014,0.5238261,0.5236875,0.52299166,0.5233626,0.52096814,0.5200696,0.51910686,0.51894796,0.517215,0.5166801,0.51657486,0.5148741,0.51413906,0.5149136,0.515209,0.51581556,0.51659,0.51357865,0.51348037,0.5138775,0.5133668,0.5134127,0.5134494,0.51432836,0.5140801,0.5136225,0.51345193,0.5134101,0.5135566,0.51243246,0.51441085,0.5146981,0.5132528,0.5135442,0.5140043,0.51365757,0.5139865,0.5127436,0.51451945,0.5146717,0.514652,0.51367813,0.5150859,0.51439226,0.5139511,0.5151681,0.5149743,0.5150239,0.51327384,0.5156062,0.51652324,0.514929,0.5163894,0.51706165,0.5157662,0.51399755,0.51552606,0.5167682,0.51699656,0.5165021,0.5148627,0.5171134,0.51733077,0.51655465,0.51679236,0.51647085,0.51824695,0.5164943,0.51608664,0.51786107,0.51812726,0.51812875,0.51713747,0.5190729,0.51729035,0.51733273,0.5178945,0.51764435,0.5191354,0.5180511,0.5183319,0.5184461,0.5186136,0.5193775,,,,,,,,,,,,,,,,,,,,,,,,,,,,,,,,,,,,,,,,,,,,,,,,,,,,,,,,,,,,,,,,,,,,,,,,,,,,,,,,,,,,,,,,,,,,,,,,,,,,,,,,,,,,,,,,,,,,,,,,,,,,,
0.52008826,0.51993364,0.519231,0.52076113,0.5204393,0.5225923,0.5236709,0.5248768,0.5258574,0.5256647,0.52624786,0.52736354,0.5255604,0.5271294,0.5273087,0.52543765,0.5235424,0.51966256,0.5193972,0.5183017,0.5179471,0.5180649,0.51785356,0.5178396,0.5153037,0.5165451,0.5156006,0.51640505,0.51579577,0.5157466,0.51330554,0.513475,0.5130029,0.51216304,0.51165867,0.5116543,0.51029426,0.5103921,0.5092133,0.5101802,0.5097493,0.5113036,0.5094194,0.5095125,0.5083395,0.50992733,0.507402,0.510931,0.5102669,0.51082414,0.5099706,0.5104056,0.5108961,0.5101199,0.5114944,0.51240677,0.51173854,0.5122533,0.5124679,0.51351523,0.5128809,0.51296604,0.51355654,0.512137,0.51357794,0.5147467,0.51450986,0.5137451,0.51448256,0.5139228,0.51458615,0.51383924,0.51293707,0.5128668,0.5152392,0.51351553,0.5138916,0.5159593,0.5150529,0.513363,0.5153667,0.4141724,0.5286905,0.5236235,0.52059865,0.52315813,0.5206128,0.5211889,0.5186447,0.51874804,0.5175044,0.51757014,0.5164327,0.51613873,0.5180709,0.52041286,0.520311,0.5215364,0.5200133,0.5204848,0.5190443,0.51870006,0.5185852,0.51890254,0.5186979,0.51816523,0.51745963,0.5171225,0.517479,0.5180096,0.5169139,0.49659967,0.49783823,0.4982047,0.49716857,0.49649802,0.49585423,0.4974909,0.49742696,0.49702966,0.4971569,0.49873963,0.49598798,0.49850082,0.49794456,0.4972055,0.49604595,0.49696937,0.49529326,0.49714336,0.49597186,0.4960735,0.49614123,0.4962649,0.4972405,0.49820155,0.4970874,0.49692506,0.49781263,0.4973622,0.49782258,0.4964905,0.49664018,0.49650243,0.4975274,0.49706358,0.49609292,0.4963784,0.4967444,0.49607491,0.49666163,,,,,,,,,,,,,,,,,,,,,,,,,,,,,,,,,,,,,,,,,,,,,,,,,,,,,,,,,,,,,,,,,,,,,,,,,,,,,,,,,,,,,,,,,,,,,,,,,,,,,,,,,,,,,,,,,,,,,,,,,,,,,,,,,,,,,,,,,,,,,,,,,,,,,,,,,,,,,,,,,,,,,,,,,,,,,,,,,,,,,,,,,,,,,,,,,,,,,,,,,,,,,,,
0.4942154,0.4942828,0.49483627,0.49385282,0.49476373,0.4937199,0.49362695,0.49351993,0.49099034,0.49204624,0.49333346,0.490931,0.4921767,0.4914012,0.49196634,0.49098083,0.49227834,0.49203825,0.48971212,0.48891756,0.49031255,0.4922609,0.4903476,0.4918091,0.49297893,0.49193373,0.49129048,0.49158898,0.49197185,0.49154264,0.49270314,0.493481,0.49197003,0.49329287,0.4923346,0.49251744,0.49419087,0.49305508,0.49344882,0.49329925,0.49384663,0.49329346,0.495016,0.49359012,0.49640155,0.49535134,0.49496216,0.49657774,0.4952457,0.4968581,0.49685657,0.49688533,0.4959021,0.49724716,0.49507618,0.49490914,0.49510196,0.49346858,0.49402472,0.49259418,0.49332747,0.48970085,0.49097162,0.48862803,0.48722824,0.48670036,0.48667288,0.48505566,0.4851435,0.48445773,0.48466003,0.4837472,0.48372602,0.48330864,0.4844782,0.48339334,0.4839189,0.48202989,0.48347342,0.48225772,0.48348054,0.4825761,0.48309174,0.48320922,0.48282427,0.48249707,0.48215652,0.48354074,0.483263,0.48312157,0.4831317,0.48339534,0.4854481,0.48508146,0.4846052,0.4851975,0.48494235,0.48598576,0.4872467,0.49012077,0.49039555,0.49154,0.49113193,0.49073893,0.49206275,0.49220186,0.493305,0.49430087,0.49440736,0.49323237,0.49276227,0.49636576,0.49681157,0.49951312,0.50169516,0.4336106,0.49016884,0.48114085,0.4222695,0.4785571,0.48210344,0.4057724,0.43924052,0.46718916,0.46744177,0.46738014,0.46774733,0.4667627,0.46817344,0.46828264,0.46934494,0.46802422,0.4680988,0.46763724,0.46811864,0.46854067,0.46967733,0.47074854,0.46975598,0.4727665,0.47181278,0.47264776,0.4719959,0.4726725,0.4730272,0.47266155,0.47287422,0.47293228,0.47286627,0.47333166,0.4734439,0.47045082,0.4711093,0.47017547,0.46994323,0.4701085,0.46698415,0.46678975,0.46489277,0.46502787,0.4648228,0.46326223,0.46138984,0.46131068,0.46025485,0.4594304,0.45972127,0.45738253,0.4571734,0.45784113,0.45679757,0.4562207,0.45652032,0.45729545,0.4532465,0.45610377,0.45523968,0.45568913,0.455304,0.45409384,0.45509127,0.45272383,0.45195866,0.45301288,0.45276865,0.45069584,0.4522984,0.45113787,0.4504253,0.45175147,0.45039323,0.45038208,0.42912436,0.41758466,0.45736352,0.45776567,0.45745045,0.4592049,0.45996407,0.45999452,0.46041462,0.4607165,0.46018425,0.46236905,0.46130013,0.46297622,0.46389621,0.46625078,0.46528536,0.46644855,0.46641517,0.4654875,0.4643679,0.46583945,0.46486425,0.46616718,0.46689692,0.46765792,0.4149863,0.4148552,0.47894692,0.47282955,0.47432053,0.4737152,0.47614944,0.4768099,0.47653472,0.4762726,0.47650376,0.47682193,0.4774203,0.47684872,0.47715774,0.4770835,0.4775802,0.47845048,0.47734672,0.47660103,0.4778315,0.47771567,0.4779823,0.47908592,0.47847217,0.46728197,0.46970057,0.47114283,0.47067165,0.47114208,0.47150576,0.47241774,0.4712751,0.47129533,0.47099733,0.4709642,0.47284505,0.47275677,0.47250205,0.47161308,0.47295502,0.47139978,0.47231013,0.4718258,0.4730357,0.474089,0.47226742,0.4732201,0.47270358,0.47254398,0.47321907,0.47325146,0.47324783,0.4722415,0.4731992,0.47294414,0.47322986,0.4732988,0.47328687,0.47322983,0.47419405,0.47358036,0.4728781,0.4747163,0.47424218,0.47294062,0.47349948,0.4726231,0.4753851,0.47489792,0.47522306,0.47545832,0.47441855,0.47481108,0.4739627,0.47542295,0.47509742,0.47513086,0.47378585,0.47451526,0.4751876,0.474803,0.47431,0.47419968,0.473829,0.47477075,0.4748511,0.47464648,0.47455397,0.47553575,0.47542334,0.47570616,0.47380447,0.47604746,0.47507116,0.47567418,0.4751834,0.47584775,0.47493535,0.47393405,0.47648543,0.47654894,0.4768275,0.47643855,0.47691816,0.4767279,0.4758276,0.4768863,0.4768673,0.47695982,0.4758712,0.47706977,0.47542915,,,,,,,,,,,,,,,,,,,,,,,,,,,
0.48941422,0.4892847,0.48879477,0.48846164,0.48797622,0.4891696,0.48958114,0.4888647,0.4898766,0.4917287,0.49044487,0.49074554,0.4914417,0.4913249,0.4926751,0.49213374,0.4927444,0.49246523,0.4925513,0.49333864,0.4931032,0.4942572,0.49406463,0.49408516,0.49302837,0.4948721,0.49400192,0.49373427,0.49395218,0.49363726,0.49344054,0.494899,0.49561894,0.4969166,0.49568856,0.4970843,0.49628276,0.49656343,0.49763086,0.49784425,0.49892557,0.49823767,0.4988163,0.5001883,0.49953467,0.5007781,0.5003659,0.5010011,0.5013877,0.50053793,0.5011636,0.5006189,0.4995055,0.49958354,0.49931577,0.49968946,0.49950832,0.498158,0.4993572,0.49668095,0.49656358,0.4918531,0.49349397,0.49174875,0.4901986,0.49080655,0.48974144,0.48925483,0.488528,0.488947,0.48780686,0.48722547,0.48727646,0.48772144,0.48658654,0.4874682,0.48745987,0.48785684,0.48698756,0.48665816,0.48697528,0.48660344,0.48684204,0.48653218,0.48678726,0.48700652,0.4873195,0.48733395,0.48753837,0.4871655,0.4867418,0.48739868,0.48738813,0.48812902,0.4892633,0.48976168,0.4885859,0.4893685,0.4891715,0.48932022,0.491087,0.49257642,0.4916702,0.49361885,0.49185118,0.494991,0.49464872,0.4929953,0.49410486,0.4941655,0.494651,0.49496245,0.4493832,0.45954704,0.4580173,0.48306128,0.44725364,0.44868097,0.4583379,0.42108843,0.42400336,0.47089037,0.48588568,0.48611894,0.4120496,0.5206765,0.5215516,0.5183113,0.51591665,0.51511145,0.5159517,0.51493853,0.51602626,0.51729035,0.51701236,0.51676387,0.5170353,0.51816005,0.51774347,0.5192406,0.52023345,0.5178412,0.519483,0.5202078,0.5212267,0.52097857,0.51987636,0.5211733,0.5209213,0.5214423,0.52074254,0.5213664,0.5210809,0.5228725,0.5216567,0.5214551,0.52146155,0.5220278,0.5222011,0.5228441,0.5233448,0.5227527,0.5227488,0.5227752,0.5226754,0.5227637,0.52289194,0.5225508,0.5227328,0.5230516,0.5226598,0.5240669,0.5226818,0.523101,0.5227455,0.52241904,0.52303994,0.5232146,0.52214164,0.5234179,0.52154964,0.5215496,0.5212123,0.5210775,0.52158284,0.52088726,0.52033234,0.51813424,0.51850593,0.5178507,0.5201252,0.51622945,0.5167323,0.5173825,0.5138744,0.51343054,0.5147326,0.51228493,0.51447093,0.512584,0.5117442,0.5117443,0.51104593,0.5095888,0.508498,0.51016587,0.50921685,0.5087681,0.50784624,0.5082479,0.5074289,0.5073088,0.5073056,0.5072553,0.50661385,0.50700545,0.50729424,0.5067041,0.50755215,0.5075755,0.5069118,0.5067685,0.50629175,0.5032742,0.5031578,0.5065255,0.5059507,0.5053375,0.5058389,0.50531834,0.50335383,0.5038433,0.50485736,0.5054526,0.50339055,0.5037372,0.5031281,0.50242704,0.50308025,0.5029664,,,,,,,,,,,,,,,,,,,,,,,,,,,,,,,,,,,,,,,,,,,,,,,,,,,,,,,,,,,,,,,,,,,,,,,,,,,,,,,,,,,,,,,,,,,,,,,,,,,,,,,,,,,,,,,,,,,,,,
0.47182214,0.4715352,0.47185192,0.47160783,0.4712851,0.47247893,0.47249848,0.47237855,0.47297,0.47248062,0.47358468,0.47330204,0.4729621,0.47346717,0.47331563,0.47333732,0.473928,0.4726223,0.47370723,0.47394288,0.47539955,0.47536042,0.47418678,0.47676337,0.4745812,0.47687107,0.4761349,0.4767087,0.47569415,0.47687933,0.4749516,0.477715,0.4774782,0.47813916,0.47771466,0.4795483,0.4796641,0.48008034,0.48020342,0.48109943,0.4802287,0.4819998,0.48199958,0.48240593,0.48261935,0.4825962,0.48243588,0.48186156,0.48174348,0.48256135,0.48240447,0.48194948,0.4822292,0.4807618,0.4808448,0.48041365,0.47915113,0.47884828,0.47713268,0.47688472,0.47578287,0.47501728,0.47289297,0.47311026,0.47279748,0.4726791,0.47340134,0.4722887,0.47156173,0.47148833,0.47165543,0.4713907,0.4721415,0.47157484,0.4713061,0.4713804,0.4712056,0.47077948,0.47050494,0.47114223,0.47129774,0.47225663,0.47130015,0.47234222,0.4704337,0.4707737,0.46982333,0.4710659,0.4712267,0.47224924,0.41948155,0.43586093,0.4120201,0.4077834,0.4429434,0.47560373,0.47358897,0.47424442,0.47335345,0.47290885,0.47387198,0.4739578,0.4735631,0.47280243,0.47327363,0.47262162,0.4736276,0.47243315,0.47324058,0.47346422,0.47334236,0.47336203,0.47421488,0.47397482,0.47435188,0.4743084,0.4737522,0.47401094,0.47415704,0.47553995,0.47513717,0.4741329,0.47479242,0.47438693,0.47442394,0.47455728,0.47421223,0.4743287,0.47437897,0.47512978,0.47288558,0.47276837,0.47259945,0.47272077,0.47212607,0.47234043,0.47174448,0.47072816,0.47087565,0.470262,0.46993774,0.4699044,0.46776426,0.46938494,0.46794948,0.4680595,0.46954232,0.46685395,0.4686632,0.46627313,0.46778738,0.4665347,0.46638456,0.46719557,0.46650478,0.46674272,0.46626723,0.46692806,0.4667441,0.46677798,0.467019,0.46684474,0.46713525,0.4675303,0.4687902,0.469235,0.4701662,0.46935603,0.47019732,0.47048447,0.46863386,0.46883985,0.46944225,0.4694321,0.47020403,0.47004914,0.47029564,0.4703364,0.47036076,0.47035706,0.47122958,0.47172025,0.4717276,0.47266403,0.47224426,0.4712563,0.4725557,0.4726243,0.47331768,0.47422352,0.47390062,0.4737213,0.47368953,0.47381404,0.47449473,0.47467533,0.47394502,0.47502404,0.47489995,0.4750953,0.47414032,0.475217,0.47587484,0.4757672,0.47689888,0.47571054,0.47567278,0.47653782,0.4768883,0.47615114,0.47705424,0.47799549,0.47772777,0.4774922,0.47649354,0.476817,0.47583297,0.47764322,0.43712878,0.44783533,0.48071587,0.4803869,0.47861224,0.47907016,0.4788031,0.4787585,0.47842133,0.47851723,0.47819644,0.47891182,0.4790187,0.47889704,0.47830114,0.47825533,0.47848645,0.4771342,0.47658876,0.4782073,0.4768444,0.47827107,0.47828394,0.4778832,0.47787398,0.41293144,0.40752038,0.50645196,0.5052034,0.5015603,0.50215834,0.5027643,0.5044728,0.50400734,0.50572395,0.5072455,0.5063848,0.50642496,0.5067241,0.50741625,0.5087055,0.50658864,0.5075873,0.50711656,0.50755686,0.50650966,,,,,,,,,,,,,,,,,,,,,,,,,,,,,,,,,,,,,,,,,,,,,,,,,,,,,,,,,,,,,,,,,,,,,,,,,,,,,,,,,,,,,,,,,,,,,,
,,,,,,,,,,,,,,,,,,,,,,,,,,,,,,,,,,,,,,,,,,,,,,,,,,,,,,,,,,,,,,,,,,,,,,,,,,,,,,,,,,,,,,,,,,,,,,,,,,,,,,,,,,,,,,,,,,,,,,,,,,,,,,,,,,,,,,,,,,,,,,,,,,,,,,,,,,,,,,,,,,,,,,,,,,,,,,,,,,,,,,,,,,,,,,,,,,,,,,,,,,,,,,,,,,,,,,,,,,,,,,,,,,,,,,,,,,,,,,,,,,,,,,,,,,,,,,,,,,,,,,,,,,,,,,,,,,,,,,,,,,,,,,,,,,,,,,,,,,,,,,,,,,,,,,,,,,,,,,,,,,,,,,,,,,,,,,,,,,,,,,,,,,,,,,,,,,,,,
0.43916607,0.43838072,0.4382246,0.4394053,0.43890637,0.4374906,0.43799776,0.43864352,0.4389935,0.437956,0.43885905,0.43811703,0.43766165,0.43727422,0.43821284,0.4383769,0.43758565,0.43877625,0.43855053,0.43828693,0.4383987,0.43885368,0.43768683,0.4383021,0.4381808,0.43900397,0.43916473,0.438711,0.43860558,0.4389715,0.43882018,0.43905398,0.43880907,0.43939257,0.43886998,0.43938267,0.43872005,0.43885648,0.4391594,0.43976748,0.4396678,0.4394844,0.43963704,0.43955222,0.43963754,0.43960476,0.4397899,0.43951955,0.43963417,0.43903798,0.4395811,0.43877843,0.43788588,0.43793595,0.43639362,0.43764746,0.4357901,0.43551686,0.4349372,0.43495432,0.43519935,0.43444648,0.43343008,0.433312,0.4333368,0.4321105,0.4323686,0.43201917,0.43176487,0.43274593,0.43125612,0.4324793,0.43172142,0.43171182,0.43170148,0.43108958,0.43119642,0.4309787,0.43149352,0.43155324,0.43169743,0.43153805,0.4319914,0.43116274,0.43178216,0.43183762,0.4317096,0.43170887,0.4314617,0.43241772,0.43187124,0.4322182,0.43202198,0.43228465,0.43266296,0.4338797,0.4336322,0.4305071,0.43134636,0.43075654,0.4313202,0.43129408,0.43206722,0.43160215,0.43179637,0.43182474,0.43203542,0.4326439,0.43272752,0.43292305,0.4332233,0.43283626,0.43304303,0.43335003,0.4329549,0.4335544,0.43390074,0.43465832,0.43403497,0.43351313,0.43432298,0.43461826,0.4335627,0.43492368,0.4354873,0.43516165,0.43527642,0.435492,0.43536878,0.43589097,0.43588552,0.43554676,0.4353797,0.43525687,0.43526095,0.43651634,0.43725994,0.43745765,0.4354254,0.43737993,0.4380077,0.43726096,0.43792555,0.43898335,0.4373827,0.43479386,0.43712056,0.40347183,0.44883332,0.45122296,0.445218,0.44520032,0.44438112,0.44483286,0.44517112,0.44574642,0.44550422,0.44628865,0.44626418,0.44641864,0.44569793,0.4443913,0.44481108,0.44515896,0.4453495,0.4449749,0.44525546,0.44455424,0.44592616,0.4453408,0.44604954,0.44594184,0.4450579,0.4462154,0.44490102,0.40589273,0.44086227,0.43974194,0.4411067,0.44140318,0.44165692,0.44129696,0.4412934,0.44046435,0.44049454,0.441404,0.44056165,0.4411905,0.4414626,0.44116214,0.44096914,0.44066373,0.4409029,0.44038597,0.43997842,0.44105712,0.4408082,0.4415318,0.44152936,0.4421544,0.44253346,0.44191238,0.4414422,0.44194162,0.442031,0.4411878,0.44217235,0.44119993,0.4413043,0.44227472,0.44223788,0.4421987,0.44191977,0.4424314,0.44201407,0.44101664,0.44102088,0.4412758,0.44137904,0.44230652,0.4421456,0.44217262,0.4418554,0.44132546,0.440422,0.44154993,0.44107223,0.4405726,0.44008714,0.44041944,0.44044584,0.44025236,0.44011563,0.44063285,0.4399164,0.43951014,0.43995836,,,,,,,,,,,,,,,,,,,,,,,,,,,,,,,,,,,,,,,,,,,,,,,,,,,,,,,,,,,,,,,,,,,,,,,,,,,,,,,,,,,,,,,,,,,,,,,,,,,,,,,,,,,,,,,,,,,,,,,,,
0.4339828,0.43402082,0.43361175,0.43306795,0.43275493,0.43324462,0.43328857,0.4333107,0.43351415,0.43330362,0.4335426,0.4334497,0.43298182,0.43344316,0.43335056,0.4331925,0.43299046,0.43300626,0.4327219,0.4321577,0.43220916,0.43193123,0.4320823,0.43200967,0.43196625,0.43198195,0.43209893,0.4326257,0.43092328,0.4319443,0.43133643,0.4319425,0.4320236,0.43094665,0.43088087,0.43146214,0.43143347,0.43190908,0.43086982,0.4310039,0.43070588,0.43149123,0.43216845,0.43165115,0.43149582,0.43103158,0.43163195,0.43159366,0.43148836,0.43055865,0.4313437,0.429596,0.42921504,0.429489,0.42832837,0.42834473,0.42863688,0.42808682,0.42809317,0.42766798,0.4272125,0.4275038,0.42692313,0.4276768,0.42716336,0.42707554,0.42720184,0.42710337,0.42712379,0.42721733,0.4270306,0.42685285,0.42749718,0.42695215,0.42665648,0.42738914,0.4274862,0.42687652,0.42779487,0.4277493,0.42740506,0.42736652,0.427954,0.42794397,0.42813602,0.42789543,0.42852524,0.4276204,0.4281218,0.4280689,0.42830443,0.42838594,0.4283918,0.4276634,0.42839873,0.42793047,0.42790738,0.42782816,0.4276367,0.42727798,0.42750987,0.42753354,0.4280255,0.4282786,0.4278309,0.4273657,0.42774308,0.4276185,0.42860344,0.42892638,0.42811638,0.42818114,0.42837128,0.42808574,0.4281513,0.42847392,0.42916745,0.4279379,0.42729607,0.4101371,0.4332432,0.4375481,0.43753168,0.43858677,0.43799672,0.43782532,0.43786135,0.4375469,0.43766472,0.43804672,0.4384071,0.4384372,0.4383638,0.4382121,0.43739828,0.43764117,0.4379439,0.4381357,0.4379836,0.43861347,0.4384178,0.43894583,0.43838125,0.43855006,0.43852955,0.43916506,0.43928418,0.43948528,0.43920437,0.43933433,0.4395666,0.4157434,0.42361346,0.41074938,0.43337807,0.438195,0.43786144,0.4368971,0.4381933,0.43813434,0.43725222,0.43740058,0.4373713,0.43797323,0.43841174,0.43917543,0.43831426,0.43769002,0.43761608,0.43842572,0.43851015,0.4385622,0.43895555,0.43886968,0.4379209,0.4381036,0.43955728,0.43874493,0.4393977,0.43938705,0.43857557,0.43784514,0.43851122,0.43941453,0.4389214,0.43943483,0.43868095,0.43866843,0.4386765,0.4389907,0.43856493,0.43843663,0.43848804,0.43895167,0.43742096,0.437528,0.43771544,0.43748048,0.4370789,0.4370117,0.4372012,0.43647364,0.43590525,,,,,,,,,,,,,,,,,,,,,,,,,,,,,,,,,,,,,,,,,,,,,,,,,,,,,,,,,,,,,,,,,,,,,,,,,,,,,,,,,,,,,,,,,,,,,,,,,,,,,,,,,,,,,,,,,,,,,,,,,,,,,,,,,,,,,,,,,,,,,,,,,,,,,,,,,,,
0.42978325,0.42945582,0.4296359,0.42920265,0.42924407,0.42900354,0.42953005,0.4292712,0.42909753,0.42911792,0.4296935,0.429222,0.4291826,0.42936248,0.4292899,0.4294158,0.4294825,0.4290123,0.42898265,0.42947766,0.43024787,0.42942318,0.42903063,0.42964527,0.4296721,0.42956793,0.42960793,0.43001094,0.4301654,0.43026507,0.430063,0.42869914,0.42828074,0.4288511,0.42831483,0.42868105,0.4287233,0.4288155,0.42858407,0.4285652,0.42853203,0.4287523,0.42882603,0.4286102,0.4287243,0.429646,0.42875525,0.4289706,0.42882264,0.42853203,0.42853203,0.42837885,0.42836604,0.4284009,0.4279248,0.42826933,0.42738175,0.42734173,0.42720467,0.42648128,0.42619967,0.42631865,0.42629698,0.42630416,0.42654955,0.42639074,0.42631572,0.42596537,0.4261818,0.42612812,0.42568246,0.4256968,0.4258965,0.4246662,0.42436084,0.42405936,0.42423168,0.42413175,0.42351866,0.4236669,0.42352295,0.42323908,0.42363873,0.42338836,0.42314547,0.42349294,0.42316505,0.42334872,0.42303956,0.42339888,0.42385504,0.42437583,0.42356104,0.42371553,0.42422628,0.4239532,0.42398933,0.4239225,0.42397386,0.42379984,0.42383605,0.42365286,0.4240215,0.4243576,0.42393982,0.42420977,0.42527255,0.4255613,0.425315,0.42591274,0.42623222,0.4259524,0.42615193,0.42499104,0.4251429,0.42550656,0.42656824,0.4260648,0.4257349,0.42467406,0.42477742,0.40535012,0.41706377,0.45907137,0.4255115,0.4279859,0.42979747,0.4289275,0.4320335,0.43125588,0.43022543,0.43060538,0.4298183,0.43041804,0.4308809,0.43018135,0.43105072,0.43146968,0.43081713,0.431901,0.43151635,0.43074358,0.43060473,0.43047607,0.43019745,0.43127275,0.43125618,0.4310169,0.43085134,0.43102837,0.43089697,0.43063477,0.43072167,0.43141472,0.43087798,0.431,0.43095592,0.43105325,0.4312487,0.43187645,0.43125698,0.43093958,0.43147236,0.43133458,0.4321679,0.43266436,0.43210688,0.4326038,0.43199262,0.4320988,0.4318994,0.4318177,0.43145037,0.43150258,0.43249822,0.43141076,0.43259874,0.4326243,0.4326586,0.4326541,0.43237376,0.43255773,0.4315875,0.43150982,0.43142128,0.43166685,0.43163115,0.43185645,0.43176383,0.432875,0.43311626,0.43315694,0.4316473,0.43228185,0.4317211,0.43192488,0.4317659,0.43183637,0.4315168,0.43133906,0.43127704,0.43148714,0.4312442,0.43140328,0.4320474,0.43098673,0.43084565,0.4309407,0.43091032,0.43038547,0.43074864,0.43054497,0.43072206,0.43103674,0.43044364,0.43004805,0.42994052,0.42984822,0.42997348,0.42998245,0.43034017,0.43025753,0.4300751,0.4306227,0.4300427,0.4301504,0.43049568,0.43051982,0.43062147,0.4304602,0.4303096,0.43046376,0.4301923,0.43048438,0.43034616,0.43049148,0.43094227,0.43042716,0.43070406,0.43060115,0.43050724,0.42956588,0.43085432,0.43117926,0.4303784,0.4304702,0.43024758,0.43022758,0.4298186,0.4298056,0.4295158,0.42972192,0.42978022,0.42943746,,,,,,,,,,,,,,,,,,,,,,,,,,,,,,,,,,,,,,,,,,,,,,,,,,,,,,,,,,,,,,,,,,,,,,,,,,,,,,,,,,,,,,,,,,,,,,,,,,,,,,,,
0.4277744,0.4279957,0.4279032,0.42744192,0.4274428,0.42781934,0.42778942,0.42787695,0.42774114,0.42789412,0.4279023,0.42784175,0.42769662,0.42775777,0.4276449,0.4275823,0.42824525,0.4278827,0.42819187,0.42830688,0.42787564,0.4281613,0.42868492,0.4290238,0.42894968,0.4288456,0.42948315,0.4295766,0.42939365,0.42999148,0.429705,0.4304565,0.43080327,0.43116045,0.4306922,0.4311066,0.43118164,0.4307741,0.43126988,0.43102592,0.4311917,0.43096456,0.43140286,0.43081534,0.43100142,0.43111995,0.4311249,0.43090132,0.4309528,0.43134037,0.43110052,0.4309801,0.43079594,0.43112138,0.4306649,0.43028983,0.4302178,0.42980394,0.42944005,0.4291536,0.42955664,0.42975077,0.42969283,0.42941985,0.42938977,0.42942217,0.42936277,0.4292068,0.42923862,0.42922372,0.4280071,0.42773312,0.427775,0.42791715,0.42695946,0.42711654,0.42661002,0.4256199,0.42630056,0.42577353,0.42542765,0.42572814,0.42554936,0.42561647,0.4252502,0.4259511,0.4253051,0.42540115,0.42533258,0.4257851,0.42578012,0.42513436,0.42592594,0.42600095,0.42616302,0.42616838,0.4262637,0.42645466,0.4267567,0.4272835,0.42714915,0.42804256,0.4284481,0.42948022,0.42930508,0.42978376,0.42960313,0.4299696,0.42953473,0.42925808,0.42931366,0.4294867,0.4297949,0.42998204,0.4291185,0.428979,0.43029416,0.42971814,0.4304201,0.43073305,0.43041912,0.43035802,0.43088484,0.43103707,0.4305815,0.43107712,0.4318447,0.43126777,0.43170717,0.43132916,0.43141982,0.4313996,0.431476,0.4325464,0.4329451,0.4347275,0.4335995,0.40858003,0.41170678,0.4400487,0.43982646,0.4385983,0.43909663,0.43888238,0.43929797,0.4393473,0.43978763,0.43958414,0.4397173,0.44026402,0.4400888,0.43884522,0.4373634,0.43713996,0.4370848,0.43685699,0.43684044,0.4371042,0.4373707,0.43714628,0.4370605,0.43700698,0.43717724,0.43703663,0.4374106,0.43756235,0.43771058,0.43768775,0.43778062,0.43802422,0.43772963,0.43759376,0.43769738,0.4378707,0.4374087,0.43841118,0.43824324,0.43771356,0.43747422,0.43765616,0.43762922,0.43805414,0.4382923,0.43852666,0.43852368,0.4384057,0.43843552,0.4384732,0.43856156,0.43858373,0.43862453,0.43933502,0.43909794,0.4393522,0.43887833,0.43993428,0.43982315,0.44007125,0.43962336,0.43995905,0.43965864,0.43993378,0.43985933,0.4399138,0.43989938,0.43991432,0.43958527,0.43993565,0.43992284,0.43977636,0.44004884,0.43986803,0.4396072,0.43940598,0.439131,0.43957132,0.43941098,0.43928233,0.43937767,0.43949267,0.43938985,0.43962395,0.43925643,0.4396705,0.4395291,0.43908492,0.43889847,0.43901256,0.43890873,0.43954885,0.43922272,0.43848518,0.43896663,0.43847805,0.43846855,0.43832248,0.438304,0.4381043,0.43841833,0.43840393,0.43818069,0.43839717,0.43824533,0.4382828,0.43849283,0.43833342,0.4382096,0.43824652,0.43833917,0.43854967,0.43840706,0.43834233,0.43821323,0.43809524,0.4385987,0.438307,0.43821892,0.4384062,0.43845806,0.43839774,0.43828157,0.43836516,0.43833897,0.43834,0.4380487,0.43836328,0.43841833,0.43849772,0.43837827,0.43843395,0.4380084,0.43823615,0.43829057,0.43836412,0.4383219,0.43847513,0.4380486,0.4383081,0.43819016,0.4381742,0.43833247,0.43823427,0.43819392,0.4384017,0.43798268,0.43821374,0.43821236,0.43820354,,,,,,,,,,,,,,,,,,,,,,,,,,,,,,,,,,,,,,,,,,,,,,,,,,,,,,,,,,,,,,,,,,,,,,
0.42299145,0.42319387,0.42290562,0.42296398,0.42288557,0.42288172,0.42279002,0.42285356,0.42282808,0.42287508,0.42286277,0.4227155,0.4227417,0.42268035,0.42245725,0.4225018,0.4224454,0.42273873,0.42262667,0.42208016,0.4222678,0.42258888,0.42262128,0.42273003,0.42265368,0.42266038,0.42249987,0.4223058,0.42233485,0.42241514,0.4225573,0.42254576,0.42263314,0.42245287,0.42275524,0.4226613,0.42273444,0.42278636,0.42293274,0.42294472,0.4230523,0.42299366,0.42309862,0.42326137,0.4232618,0.42367223,0.42348686,0.42328092,0.42357558,0.4234097,0.4237443,0.42377162,0.42363152,0.4237575,0.42365983,0.42358732,0.42321497,0.42328647,0.42335138,0.42359522,0.42283988,0.42273173,0.422425,0.42219207,0.42217904,0.42217,0.4220932,0.42219013,0.42204618,0.4205186,0.4202812,0.42041048,0.4203453,0.4204474,0.42043447,0.42059612,0.4204898,0.4205233,0.42053008,0.42039663,0.42047054,0.42065477,0.42019132,0.4206545,0.41993386,0.4204988,0.4200072,0.42043006,0.42033827,0.4203133,0.42031762,0.42044985,0.42032164,0.42058218,0.42098108,0.42087168,0.42095745,0.4209092,0.4209499,0.4208119,0.42096996,0.42104113,0.42126942,0.42122743,0.4211939,0.42120242,0.42139244,0.42107615,0.4208402,0.4207936,0.4211941,0.4212437,0.42112917,0.42142764,0.4213396,0.4215639,0.42156377,0.42130026,0.42145348,0.4215769,0.42156798,0.42200887,0.40495494,0.4038169,0.4282402,0.41148403,0.42375118,0.4237688,0.4234734,0.42316335,0.42380378,0.42323592,0.42358243,0.4237986,0.42386818,0.4240023,0.4242794,0.42577207,0.4256517,0.42525515,0.42516723,0.42530558,0.4254381,0.447266,0.44723803,0.44753405,0.44769877,0.44738993,0.4477203,0.44791728,0.44806603,0.44827086,0.44856802,0.44868943,0.4488268,0.44886577,0.4489678,0.4489552,0.44911194,0.44906878,0.44897634,0.44912425,0.44896558,0.44899476,0.44873047,0.44913048,0.4488621,0.4487052,0.44910204,0.44828635,0.44813773,0.44857273,0.44849145,0.44864932,0.4484918,0.4484045,0.44845933,0.44817638,0.44812247,0.44824716,0.44828105,0.44781202,0.44812375,0.44842348,0.44806278,0.44839242,0.44798672,0.44824442,0.44848922,0.44831643,0.44822043,0.44833812,0.44755587,0.44817987,0.4481891,0.4481593,0.44789916,0.44819903,0.44794255,0.4477104,0.44806078,0.44824407,0.44758642,0.4477983,0.44779608,0.4473116,0.447558,0.4480667,0.4473248,0.44764093,0.44747958,0.44735506,0.4473465,0.44741353,0.4472574,0.44707036,0.44732288,0.44736043,0.44726527,0.44704527,0.44728157,0.44679534,0.44735727,0.4473786,0.4469248,0.44728452,0.4469877,0.44677612,0.4468598,0.4473559,0.4473915,0.4468665,0.44706094,0.44698066,0.44702598,0.44679308,0.4466595,0.4467506,0.44668767,0.44683695,0.44705567,0.4470897,0.44682407,0.4470639,0.4468297,0.4469438,0.44707012,0.44700277,0.447244,0.44682905,0.44685727,0.44734725,0.4472588,0.44700122,0.44696984,0.44684452,0.44717124,0.4473703,0.44768023,0.44726098,0.4475445,0.4475016,0.44766214,0.4472513,0.44798562,0.4476577,0.44767463,,,,,,,,,,,,,,,,,,,,,,,,,,,,,,,,,,,,,,,,,,,,,,,,,,,,,,,,,,,,,,,,,,,,,,,,,,,,,,,,,,,,,,,,,,,
0.45241022,0.45199218,0.45229247,0.4513792,0.45189548,0.45200637,0.45118994,0.45141158,0.45170194,0.45179528,0.45163807,0.45184442,0.45149982,0.4516593,0.45144564,0.45156205,0.45177513,0.4518283,0.45163748,0.45156047,0.45168656,0.45223066,0.4523877,0.45237625,0.45194027,0.45332688,0.45276186,0.45240656,0.4535923,0.45362404,0.45302105,0.45407364,0.45418316,0.45408955,0.45374995,0.45419174,0.45414308,0.45475733,0.4549251,0.45114395,0.45125622,0.45085213,0.4512533,0.45152792,0.45253938,0.45266995,0.45221823,0.4522591,0.4524423,0.45255113,0.45248,0.45250344,0.45242953,0.45244354,0.4526762,0.4517135,0.4514399,0.45163214,0.45025396,0.45000118,0.44901037,0.44869483,0.4486557,0.44843054,0.4479188,0.44836783,0.44756424,0.44747546,0.44681528,0.44685635,0.44625172,0.44604373,0.44556782,0.4456812,0.44475716,0.44365096,0.443885,0.4435853,0.44355702,0.44303876,0.44275483,0.44242495,0.442421,0.44249195,0.44283137,0.44252962,0.44260448,0.44268516,0.44237047,0.44278377,0.44250357,0.44258595,0.44264597,0.44255468,0.4420299,0.4421261,0.4427009,0.4425474,0.44249195,0.44315922,0.44321328,0.44369644,0.44361112,0.4443916,0.44456995,0.44442165,0.44368687,0.4439418,0.44488218,0.4460917,0.40567052,0.42948985,0.42213777,0.46042082,0.45286107,0.4531392,0.45295188,0.45199114,0.45216686,0.45252642,0.453112,0.45379835,0.45407417,0.45289522,0.45299992,0.45359215,0.45325854,0.45220613,0.451516,0.4523885,0.4465956,0.44674245,0.4466892,0.4465114,0.44638065,0.44669175,0.44684535,0.44744927,0.44767824,0.4477146,0.44784087,0.44789734,0.44733468,0.44792098,0.44765472,0.44796377,0.44762737,0.44802076,0.4481585,0.4478407,0.44766784,0.4478918,0.44797924,0.44784614,0.4479244,0.44764143,0.44789788,0.44795537,0.44808882,0.44737744,0.44710717,0.4476546,0.44758707,0.44767913,0.44750345,0.44727075,0.44702712,0.44668707,0.44659892,0.4462172,0.4465851,0.4463758,0.44634306,0.44636115,0.4461642,0.44585833,0.44556943,0.44568506,0.4454094,0.4456772,0.44493437,0.44499946,0.4447951,0.44487095,0.4444374,0.44390833,0.44428232,0.44480357,0.44375312,0.44293627,0.44332615,0.44296604,0.44285816,0.44295484,0.44314307,0.44271347,0.44232896,0.4425751,0.44255146,0.44193387,0.44222432,0.44234285,0.44195226,0.44214654,0.44174677,0.44162756,0.44166118,0.44138297,0.44108576,0.4408171,0.4409056,0.4403672,0.44015086,0.44049305,0.4404992,0.44046167,0.44028246,0.44024655,0.4395796,0.43984795,0.43930957,0.44003332,0.43989772,0.43933392,0.4395589,0.4392872,0.43905875,0.4392398,0.43923312,0.4390842,0.43899626,0.43849432,0.43761194,0.43725166,0.43800858,0.43762577,0.43713006,0.4373473,0.4375517,0.43711478,0.43720692,0.43740338,0.43723175,0.43716463,0.4371519,0.4372582,0.4366564,0.4366843,0.43642423,0.43697944,0.43654916,0.43603823,0.43667153,0.4362759,0.43585774,0.44594607,0.44604945,0.4462028,0.44599175,0.44524166,0.44546828,0.44505993,0.44540355,0.44573537,0.44489968,0.44468957,0.44439667,0.44542363,0.44487908,0.4451863,0.44409573,0.44483945,0.4449877,0.4445998,0.4446843,0.44508806,0.44493043,0.44453257,0.444077,,,,,,,,,,,,,,,,,,,,,,,,,,,,,,,,,,,,,,,,,,,,,,,,,,,,,,,,,,,,,,,,,,,,,,,,,,,,,,,
0.4448938,0.44478023,0.44365183,0.44387987,0.443296,0.4432968,0.44323078,0.44354498,0.4424124,0.4430765,0.44268197,0.44323346,0.4432923,0.4423797,0.44192928,0.44241002,0.4421656,0.442436,0.4419312,0.44174704,0.44291618,0.442377,0.44203094,0.4424998,0.4426297,0.44223675,0.44325578,0.44255123,0.44251764,0.4425413,0.4429983,0.4423558,0.44229126,0.4422144,0.44223195,0.44178706,0.4418015,0.4411812,0.44055527,0.44254735,0.44222793,0.441339,0.43989024,0.4399474,0.44030386,0.440039,0.4396629,0.44071594,0.44122443,0.43985772,0.43970606,0.44123176,0.43892002,0.43982434,0.4388806,0.4393808,0.43840802,0.43889314,0.43789944,0.43626535,0.43580556,0.43507493,0.43495715,0.4346925,0.4345383,0.43444964,0.434113,0.4343535,0.43458474,0.4334858,0.43297306,0.43284515,0.43322882,0.43263417,0.4317781,0.43213135,0.43337268,0.4239774,0.42343837,0.4238922,0.4233007,0.42435318,0.42326516,0.42389742,0.42433575,0.42359167,0.42356318,0.42363298,0.42346314,0.42319798,0.4230755,0.42277306,0.42333555,0.42324907,0.42419356,0.42316526,0.42474174,0.42339513,0.42399874,0.4236741,0.42258564,0.4233535,0.43112043,0.42532703,0.42978176,0.43264464,0.43648934,0.4362603,0.4218668,,,,,,,,,,,,,,,,,,,,,,,,,,,,,,,,,,,,,,,,,,,,,,,,,,,,,,,,,,,,,,,,,,,,,,,,,,,,,,,,,,,,,,,,,,,,,,,,,,,,,,,,,,,,,,,,,,,,,,,,,,,,,,,,,,,,,,,,,,,,,,,,,,,,,,,,,,,,,,,,,,,,,,,,,,,,,,,,,,,,,,,,,,,,,,,,,,,,,,,,,,,,,,,,,,,,,,,,,,,,,,,,,,,,,,,,,,,,,,,,,,,,,,,,,
0.44377983,0.44305384,0.44486704,0.44410965,0.44452938,0.44436657,0.44503292,0.44493827,0.44519323,0.44459563,0.44549602,0.4454242,0.44620833,0.44568402,0.44648644,0.4465448,0.44714287,0.44724742,0.44719514,0.44754568,0.4475787,0.44828424,0.4483477,0.4475517,0.4475909,0.44778496,0.44869292,0.44778922,0.44792572,0.44829416,0.44833234,0.44984862,0.44879484,0.44900563,0.44977033,0.44981182,0.45094317,0.45049602,0.45042294,0.45077586,0.45133847,0.45130292,0.45095196,0.45127112,0.45104328,0.45160967,0.45147485,0.4521532,0.45230368,0.45304412,0.45274612,0.4525596,0.4525803,0.45288885,0.45247632,0.45332533,0.4530604,0.453083,0.45288002,0.4533351,0.45310625,0.45357475,0.4534976,0.45282257,0.45256597,0.45271713,0.45292318,0.45263696,0.45230505,0.45220748,0.45134455,0.4503252,0.4504496,0.45032716,0.4488749,0.4499267,0.44842407,0.44932166,0.4486746,0.44917992,0.4492948,0.44860706,0.44833916,0.44902623,0.44902351,0.4488538,0.44925633,0.44901332,0.44932792,0.44817096,0.44931364,0.4486408,0.44896004,0.44895744,0.44882753,0.44846335,0.45161527,0.45045993,0.45033628,0.4499267,0.45092428,0.45120525,0.45214835,0.45211023,0.4531157,0.45377317,0.45345205,0.45395306,0.45319128,0.4533973,0.45526108,0.45437282,0.455648,0.45571303,0.45576587,0.45584494,0.45609426,0.45663643,0.45651895,0.4567497,0.4571831,0.45743552,0.45674694,0.45724383,0.45851696,0.45802873,0.45848143,0.45838445,0.4592234,0.4602122,0.46010208,0.46072346,0.4606813,0.46048856,0.46145126,0.4618499,0.4618256,0.46227014,0.46247315,0.46262163,0.4628281,0.46297213,0.46261802,0.4633484,0.47150987,0.47178105,0.47179148,0.4717168,0.47249436,0.47232303,0.47262275,,,,,,,,,,,,,,,,,,,,,,,,,,,,,,,,,,,,,,,,,,,,,,,,,,,,,,,,,,,,,,,,,,,,,,,,,,,,,,,,,,,,,,,,,,,,,,,,,,,,,,,,,,,,,,,,,,,,,,,,,,,,,,,,,,,,,,,,,,,,,,,,,,,,,,,,,,,,,,,,,,,,,,,,,,,,,,,,,,,,,,,,,,,,,,,,,,,,,,,,,,,,,,,
