t87,t88,t89,t90,t91,t92,t93,t94,t95,t96,t97,t98,t99,t100,t101,t102,t103,t104,t105,t106,t107,t108,t109,t110,t111,t112,t113,t114,t115,t116,t117,t118,t119,t120,t121,t122,t123,t124,t125,t126,t127,t128,t129,t130,t131,t132,t133,t134,t135,t136,t137,t138,t139,t140,t141,t142,t143,t144,t145,t146,t147,t148,t149,t150,t151,t152,t153,t154,t155,t156,t157,t158,t159,t160,t161,t162,t163,t164,t165,t166,t167,t168,t169,t170,t171,t172,t173,t174,t175,t176,t177,t178,t179,t180,t181,t182,t183,t184,t185,t186,t187,t188,t189,t190,t191,t192,t193,t194,t195,t196,t197,t198,t199,t200,t201,t202,t203,t204,t205,t206,t207,t208,t209,t210,t211,t212,t213,t214,t215,t216,t217,t218,t219,t220,t221,t222,t223,t224,t225,t226,t227,t228,t229,t230,t231,t232,t233,t234,t235,t236,t237,t238,t239,t240,t241,t242,t243,t244,t245,t246,t247,t248,t249,t250,t251,t252,t253,t254,t255,t256,t257,t258,t259,t260,t261,t262,t263,t264,t265,t266,t267,t268,t269,t270,t271,t272,t273,t274,t275,t276,t277,t278,t279,t280,t281,t282,t283,t284,t285,t286,t287,t288,t289,t290,t291,t292,t293,t294,t295,t296,t297,t298,t299,t300,t301,t302,t303,t304,t305,t306,t307,t308,t309,t310,t311,t312,t313,t314,t315,t316,t317,t318,t319,t320,t321,t322,t323,t324,t325,t326,t327,t328,t329,t330,t331,t332,t333,t334,t335,t336,t337,t338,t339,t340,t341,t342,t343,t344,t345,t346,t347,t348,t349,t350,t351,t352,t353,t354,t355,t356,t357,t358,t359,t360,t361,t362,t363,t364,t365,t366,t367,t368,t369,t370,t371,t372,t373,t374,t375,t376,t377,t378,t379,t380,t381,t382,t383,t384,t385,t386,t387,t388,t389,t390,t391,t392,t393,t394,t395,t396,t397,t398,t399,t400,t401,t402,t403,t404,t405,t406,t407,t408,t409,t410
3.7519927,3.775676,3.782109,3.778638,3.787439,3.7692268,3.7893567,3.7861867,3.7680209,3.8046746,3.793747,3.7890327,3.7950385,3.7975335,3.7930796,3.7833464,3.832029,3.8294737,3.8209152,3.8333952,3.8245895,3.8095834,3.811962,3.812101,3.8313794,3.813748,3.8463504,3.8273823,3.8479679,3.8437307,3.8428931,3.8565314,3.8383462,3.8452597,3.8475342,3.848297,3.8737876,3.8649144,3.8597913,3.8592784,3.8543146,3.8641114,3.8481061,3.8671474,3.868777,3.8638692,3.878412,3.863104,3.8757951,3.8646915,3.8425517,3.84183,3.8480086,3.8148203,3.7804017,3.7627568,3.7314558,3.7034996,3.6778128,3.6495512,3.628923,3.611367,3.5809112,3.5581496,3.4945781,3.473269,3.4602997,3.4637601,3.4514863,3.429516,3.3936787,3.3903372,3.3372138,3.327093,3.326573,3.3063731,3.2991786,3.2913413,3.2522438,3.2658513,3.2562568,3.236149,3.2053664,3.2121894,3.2091618,3.21254,3.1866052,3.192339,3.1907806,3.1917033,3.1881666,3.1969445,3.1907103,3.1763651,3.198564,3.1892254,3.2067916,3.1968696,3.2139068,3.2112145,3.2048113,3.2040858,3.215064,3.2151375,3.2160065,3.2462842,3.245284,3.2409296,3.2706835,3.2600303,3.257499,3.2584827,3.263176,3.263247,3.278392,3.3140798,3.3156662,3.3087316,3.3196604,3.3093286,3.3128934,3.3129926,3.3110762,3.329999,3.3009276,3.530719,3.5187428,3.559992,3.5616283,3.5584517,3.5579455,3.5800083,3.584527,3.5739105,3.5731523,3.5799696,3.5927858,3.6099293,3.6336577,3.6267364,3.6252868,3.634004,3.645419,3.642635,3.6514301,3.6458669,3.6498556,3.6400204,3.6482875,3.6640964,3.6302986,3.65763,3.645159,3.6808465,3.636726,3.6573365,3.652736,3.6641488,3.6566303,3.6507084,3.6561003,3.6743495,3.6872041,3.6704724,3.693348,3.6793664,3.7008302,3.6918824,3.6753476,3.6729944,3.6973631,3.6888204,3.6858068,3.6845746,3.6805947,3.660554,3.6750543,3.6752405,3.6576083,3.6402197,3.6572826,3.640203,3.6494389,3.643762,3.639729,3.641566,3.654401,3.641881,3.6390493,3.637595,3.6406229,3.6292093,3.6180844,3.631419,3.642342,3.6209996,3.6322029,3.6265843,3.6297235,3.6285162,3.6066663,3.6074927,3.6093535,3.6139078,3.614018,3.5890238,3.6109653,3.6123645,3.6288295,3.6101432,3.6011572,3.6049721,3.594713,3.5834851,3.5743299,3.5920887,3.5689292,3.5879107,3.5694573,3.574737,3.5538955,3.5602038,3.5674431,3.5582862,3.5415847,3.5271888,3.5537388,3.5283804,3.5384614,3.542106,3.5356915,3.5423112,3.526624,3.5275226,3.5313344,3.542461,3.525283,3.5307074,3.509302,3.523366,3.5204508,3.5227103,3.5279195,3.5313044,3.530417,3.5216799,3.512048,3.5340848,3.5250516,3.5308666,3.510256,3.516672,3.5254483,3.5217748,3.5199146,3.498249,3.5270407,3.53422,3.5071445,3.525497,3.5317714,3.5176916,3.5181355,3.5315912,3.5207183,3.5230932,3.5159376,3.5208993,3.5048804,3.5157564,3.520599,3.5317993,3.5392997,3.5237787,3.544468,3.5320137,3.537855,3.5423586,3.564203,3.553437,3.5343652,3.5657313,3.5483902,3.537763,3.5697505,3.5744455,3.5637357,3.5778837,3.573932,3.5891585,3.578656,3.580622,,,,,,,,,,,,,,,,,,,,,,,,,,,,,,,,
3.6370287,3.6386998,3.6274786,3.635794,3.6268525,3.6093996,3.618896,3.6074939,3.5962677,3.6077995,3.5949996,3.6025753,3.606073,3.595027,3.6067567,3.595074,3.6087744,3.6015944,3.6088836,3.6176004,3.6379342,3.6067705,3.637083,3.6291554,3.6369328,3.649786,3.663255,3.6847398,3.6555889,3.6842248,3.6625292,3.664368,3.685028,3.6905894,3.7079823,3.6889303,3.7029214,3.6959972,3.713951,3.720465,3.7030613,3.7071183,3.7170546,3.730457,3.7297368,3.7374737,3.7275877,3.741391,3.730513,3.7284806,3.7099526,3.699973,3.6707535,3.6474311,3.655313,3.638654,3.6132376,3.5814776,3.5606644,3.5197155,3.5198824,3.491443,3.452381,3.4478767,3.4115117,3.3719065,3.363353,3.3353436,3.3443499,3.3201516,3.3151662,3.299567,3.27567,3.264997,3.2487376,3.2391777,3.232113,3.200414,3.2026,3.2024217,3.1843135,3.1828585,3.1784968,3.1569748,3.153251,3.1609828,3.1395364,3.1532145,3.1394336,3.1470091,3.1520808,3.1647096,3.165183,3.1553555,3.1372895,3.1428063,3.1382601,3.138895,3.1385696,3.119007,3.179467,3.5006053,3.3518806,3.44516,3.416699,3.4139946,3.4364555,3.4607751,3.4532146,3.457407,3.4691799,3.4830327,3.4942317,3.5093033,3.529376,3.550538,3.5270433,3.54849,3.547854,3.551135,3.5700855,3.5553815,3.5759256,3.580072,3.5808399,3.5899806,3.5756638,3.6038427,3.6122882,3.5948505,3.5978649,3.6031392,3.6069195,3.6105266,3.608968,3.6275988,3.6256135,3.641455,3.6409435,3.6583867,3.6612852,3.6932478,3.6451378,3.6287274,3.666411,3.6809797,3.6916218,3.6967566,3.6675944,3.697276,3.688202,3.700198,3.6968744,3.702374,3.706831,3.6864228,3.691588,3.7112367,3.702483,3.696819,3.6991675,3.6992006,3.682612,3.7243218,3.708912,3.7068748,3.6957927,3.720358,3.723866,3.7088082,3.7249782,3.7166867,3.7077665,3.7164845,3.7130325,3.697148,3.7072666,3.7248201,3.7092278,3.7047482,3.719251,3.7078638,3.699985,3.7096963,3.7126276,3.6894162,3.7094083,3.7173948,3.7131252,3.7023284,3.7164807,3.715216,3.717589,3.721633,3.714332,3.7159092,3.7383523,3.7205932,3.7094953,3.710894,3.729342,3.7315834,3.7177048,3.7312794,3.72439,3.724749,3.728948,3.7317157,3.74702,3.7194529,3.7307827,3.7206519,3.7280207,3.7321956,3.7417579,3.738983,3.7158096,3.7342377,3.7313085,3.7318685,3.7481055,3.7179503,3.7250361,3.732379,3.7471607,3.7601075,3.7404826,3.7319763,3.7523024,3.7504575,3.751529,3.7518437,3.737374,3.744481,3.7597322,3.750666,3.760773,3.7633023,3.7576506,3.7479765,3.756352,3.774018,3.768941,3.762744,3.783775,3.7684271,3.7694852,3.7762527,3.7741845,3.7708704,3.7766542,3.7684681,3.7728143,3.775492,3.7692275,3.7791944,3.7763295,3.776252,3.7845373,3.7759204,3.8192084,3.8305857,3.7902749,3.783187,3.7853558,3.8039856,3.7948349,3.797984,3.8150673,3.8085988,3.8016245,3.8043973,3.8097064,3.813871,3.8132205,3.8006237,,,,,,,,,,,,,,,,,,,,,,,,,,,,,,,,,,,,,,,,,,,,,,,,
3.0258913,3.025056,3.0236375,3.037488,3.0458171,3.0493352,3.042332,3.065149,3.0586984,3.069155,3.0495317,3.0780232,3.0647848,3.0674295,3.0827732,3.0829515,3.094821,3.103121,3.1051319,3.1029181,3.1052651,3.1264813,3.1157415,3.1220937,3.1426055,3.1287918,3.116845,3.1365345,3.145516,3.162645,3.142703,3.1590514,3.1622074,3.1648917,3.1541657,3.1586394,3.1762757,3.1726356,3.1773405,3.179092,3.1755362,3.1717172,3.18286,3.1691763,3.1944077,3.1858335,3.1936522,3.1857893,3.1934605,3.1914716,3.1613908,3.1707566,3.1456954,3.1313863,3.0959394,3.0616422,3.0330088,3.0011816,2.9733768,2.9550283,2.9565217,2.8856916,2.875795,2.8619163,3.0850432,2.3912363,2.2764032,3.2488716,3.1915271,3.1953416,3.2125063,3.2287216,3.2268627,3.274413,3.2731118,3.283093,3.28634,3.2869937,3.2905972,3.2963898,3.2717416,3.2749457,3.288963,3.2736275,3.2899485,3.2669742,3.258031,3.2558985,3.257252,3.269166,3.2794096,3.2721272,3.277168,3.272225,3.2855637,3.28215,3.278229,3.2865567,3.2943552,3.304032,3.3031743,3.2946455,3.310508,3.313872,3.3082516,3.3186154,3.3044775,3.3097632,3.315739,3.3217447,3.31326,,,,,,,,,,,,,,,,,,,,,,,,,,,,,,,,,,,,,,,,,,,,,,,,,,,,,,,,,,,,,,,,,,,,,,,,,,,,,,,,,,,,,,,,,,,,,,,,,,,,,,,,,,,,,,,,,,,,,,,,,,,,,,,,,,,,,,,,,,,,,,,,,,,,,,,,,,,,,,,,,,,,,,,,,,,,,,,,,,,,,,,,,,,,,,,,,,,,,,,,,,,,,,,,,,,,,
3.6830053,3.694945,3.7128167,3.7081993,3.7020323,3.7016778,3.6853888,3.7028027,3.7015865,3.7043276,3.695874,3.7058086,3.7019491,3.700599,3.7027342,3.6998641,3.6973596,3.702591,3.719018,3.711615,3.715869,3.7180912,3.7226002,3.724906,3.7313437,3.7288604,3.7400277,3.7188892,3.7276416,3.732759,3.7442575,3.7433577,3.7439122,3.7463083,3.7625017,3.7474816,3.7706075,3.7637103,3.7747717,3.7807038,3.7705057,3.7765555,3.7676063,3.7850356,3.7902255,3.7766683,3.791929,3.7681751,3.7968106,3.8026261,3.7852027,3.7809656,3.7531888,3.741506,3.7453892,3.7133093,3.6843262,3.66182,3.643212,3.6354291,3.602008,3.5808547,3.5694466,3.553531,3.5434551,3.5256357,3.5031137,3.489019,3.482427,3.4383228,3.3946862,3.395316,3.3953114,3.3811054,3.3555098,3.3685977,3.3608174,3.3382518,3.3463387,3.3410969,3.3445058,3.3315797,3.3152807,3.3251219,3.342031,3.3189366,3.3118927,3.3199012,3.3158472,3.3152783,3.3375123,3.3350337,3.31369,3.342115,3.3271465,3.3455503,3.3464317,3.3471637,3.3628428,3.3641386,3.3651123,3.3757606,3.3737276,3.3791902,3.3898218,3.407258,3.406956,3.415377,3.430315,3.4502482,3.454336,3.4822843,3.48074,3.4907587,3.504902,3.49311,3.510759,3.549908,3.5779939,3.5916138,3.5897598,3.6050131,3.600376,3.6123128,3.6145704,3.6234825,3.6276667,3.6318123,3.6496742,3.6765673,3.6833863,3.682647,3.6919568,3.6949809,3.7106993,3.7249072,3.711292,3.7106059,3.7008452,3.7029448,3.6903198,3.707188,3.7103717,3.710262,3.7178104,3.6925867,3.7787488,3.8108122,3.7781682,3.7789683,3.7515373,3.7400508,3.7455163,3.7516081,3.761273,3.7533097,3.7646325,3.7645075,3.7691782,3.7707448,3.770923,3.769164,3.7630954,3.7589312,3.765409,3.7624977,3.7631114,3.767102,3.7822452,3.7487738,3.7662208,3.7791278,3.7735965,3.7639651,3.7782416,3.7844462,3.7770977,3.7773602,3.7744606,3.792075,3.8022578,3.7984128,3.7935886,3.782125,3.8083348,3.8135471,3.8152838,3.811614,3.801753,3.8108358,3.8352747,3.814673,3.8238904,3.851965,3.8340309,3.8502383,3.836736,3.8452199,3.8306832,3.8224182,3.8401468,3.854732,3.8397655,3.838315,3.8079908,3.8332222,3.843524,3.8178477,3.832517,3.8299706,3.8262353,3.8414602,3.8405242,3.8271916,3.814581,3.8200805,3.813119,3.8230746,3.8131905,3.813725,3.824157,3.8157742,3.8134785,3.8042796,3.8056793,3.8005676,3.8094852,3.801855,3.800398,3.8046796,3.8073885,3.7884748,3.808506,3.7989786,3.777189,3.790784,3.778862,3.7731593,3.7814138,3.7697046,3.7784424,3.7750933,3.7830975,3.7840617,3.7801847,3.767243,3.7632692,3.766864,3.7520404,3.7680252,3.7584116,3.7642865,3.7368052,3.7540903,3.7577953,3.7585273,3.7558315,3.7444406,3.7405145,3.747094,3.7486115,3.744985,3.7407527,3.7407994,3.7462263,3.7449222,3.7246459,3.7309027,3.7502825,3.7354693,3.7309923,3.746616,3.7283995,3.735813,3.7241645,3.7381794,3.7487435,3.7262566,3.7466993,3.7209237,3.7213926,3.714755,3.7261016,3.7310958,3.7365198,3.740845,3.719102,3.7278097,3.7247803,3.7416315,3.7403343,3.7375083,3.7406044,3.7415137,3.7441514,3.7559254,3.747214,3.7359228,3.7341816,3.7337704,3.751472,3.7421,,,,,,,,,,,,,,,,,,,,,,
3.7465231,3.7574291,3.7470386,3.7660646,3.7571583,3.7571816,3.7645662,3.7550852,3.7542343,3.762421,3.758516,3.7466033,3.7643301,3.7806406,3.7658641,3.783411,3.786048,3.7858953,3.7857277,3.7894835,3.8019288,3.792222,3.8116295,3.8174667,3.8258338,3.8302853,3.8550456,3.8445656,3.856395,3.8766224,3.8581839,3.8591812,3.8700414,3.867234,3.8699408,3.889659,3.8753896,3.8857303,3.8820577,3.8774304,3.8813367,3.9028494,3.888043,3.8892727,3.8849216,3.886214,3.8914726,3.8972206,3.8920133,3.8753338,3.889961,3.8858593,3.8751073,3.845387,3.822741,3.8071952,3.7716818,3.7605371,3.7163076,3.7076876,3.671763,3.6424096,3.6276526,3.6099665,3.5997565,3.580635,3.5502193,3.5221767,3.4931097,3.501714,3.496187,3.4714878,3.4537504,3.4368892,3.4332495,3.4067023,3.4055572,3.406671,3.379266,3.3674095,3.3682141,3.3596063,3.3587158,3.357216,3.3302028,3.3518286,3.346129,3.3414576,3.359414,3.35954,3.3434358,3.3393326,3.3362663,3.337953,3.353991,3.34406,3.362559,3.3558917,3.3946977,3.3698473,3.406497,3.4060824,3.4216585,3.4168952,3.4267478,3.4288285,3.4319415,3.4417734,3.457247,3.463649,3.4653332,3.4869924,3.4670632,3.4922698,3.5173864,3.510485,3.5184977,3.522269,3.5409977,3.5392156,3.5519135,3.5665352,3.5659983,3.5696182,3.5801516,3.6040082,3.5753465,3.605039,3.6094494,3.607331,3.5822659,3.6024356,3.8207166,3.764097,3.8103168,3.7756429,3.778332,3.7780998,3.7822807,3.782807,3.79436,3.7928777,3.7985022,3.7879944,3.8071706,3.8047214,3.8083444,3.819384,3.7968652,3.8241656,3.8263214,3.819934,3.857385,3.8415704,3.8360367,3.8502917,3.8440251,3.835285,3.8458982,3.8734608,3.8533251,3.8744612,3.8561296,3.863874,3.8593926,3.8682547,3.8817997,3.8672905,3.862409,3.863798,3.8655796,3.8669834,3.8808315,3.8953297,3.876645,3.8853416,3.9122195,3.8992596,3.8978646,3.9335177,3.9108248,3.8970697,3.9076333,3.9128828,3.919075,3.9026382,3.9158099,3.9027169,3.9294345,3.9161658,3.931425,3.9243367,3.9134283,3.921481,3.9171355,3.9135308,3.9154391,3.9186432,3.9153738,3.9118445,3.914306,3.9166641,3.9141958,3.925004,3.9155176,3.9079688,3.9148972,3.922724,3.9130473,3.9202168,3.906425,3.9235163,3.9125526,3.9013278,3.90787,3.899936,3.9067495,3.9066012,3.893411,3.893862,3.8915238,3.9019592,3.8879347,3.8923535,3.8870196,3.8960836,3.8794296,3.890276,3.8826373,3.8974583,3.907032,3.8877518,3.8874993,3.898488,3.8879342,3.8940945,3.8905168,3.8808613,3.8876998,3.896903,3.9300747,3.9030252,3.8807297,3.8737926,3.8602061,3.8818076,3.8787487,3.870135,3.8917859,3.8886619,3.8809752,3.885353,3.8835733,3.8834944,3.8952448,3.8770888,3.874927,3.881402,3.8767407,3.8814201,3.8818715,3.8805544,3.8986976,3.8783162,3.9092116,3.8819416,3.8855507,3.8890557,3.8962286,3.8938246,3.9096463,3.9009573,3.9010894,3.918411,3.939884,3.9219499,3.935807,3.923469,3.9350252,3.9467907,3.9447243,3.9410203,3.9410155,3.9464505,3.9538496,3.9492495,3.9680927,3.9627466,3.9626987,3.952057,3.963759,,,,,,,,,,,,,,,,,,,,,,,,,,,,,,,,,
3.7988443,3.7846777,3.8008153,3.7984526,3.818731,3.7947297,3.810895,3.8213165,3.7986932,3.831023,3.8168051,3.8155801,3.8416166,3.8216596,3.803687,3.804466,3.814534,3.8150396,3.8132038,3.813436,3.8113327,3.817031,3.8153944,3.803478,3.79558,3.8087788,3.8117216,3.8090765,3.7968698,3.80495,3.8054209,3.795792,3.7992785,3.8017082,3.7973359,3.7914708,3.801677,3.8055074,3.800695,3.7938178,3.8017588,3.785093,3.7798834,3.7819889,3.7796614,3.7705507,3.8004436,3.7802517,3.7758248,3.7804544,3.759736,3.7507038,3.727434,3.727465,3.6782384,3.6582434,3.6346765,3.584023,3.5855613,3.5358377,3.5258021,3.5171175,3.4784522,3.4255028,3.4201782,3.3910987,3.358605,3.33365,3.3113217,3.282487,3.265625,3.2509806,3.2194877,3.2268493,3.213408,3.2042062,3.1859078,3.1665697,3.1512275,3.11283,3.1256218,3.0982041,3.1036086,3.0944164,3.055756,3.0564976,3.0460978,3.0371828,3.0432332,3.0098078,3.0164182,3.0209444,3.0285158,3.036978,3.0221517,3.0259616,2.9962292,3.0375588,3.0195663,3.029657,3.0245955,3.0270493,3.0360537,3.039069,3.0487301,3.049832,3.0470152,3.0617752,3.0781367,3.1060877,3.0962167,3.10859,3.1073623,3.1223018,3.118402,3.1522646,3.1479166,3.1558032,3.161638,3.159818,3.1620526,3.187328,3.1914814,3.2187924,3.235061,3.2312045,3.2475476,3.2684085,3.2696962,3.2775424,3.2746756,3.3346243,3.3373964,3.329398,3.3637924,3.3615966,3.3837705,3.3553095,3.3508816,3.3951683,3.392354,3.3622634,3.3681245,3.36666,3.4260342,3.3905866,3.362467,3.4169338,2.5997293,3.599317,3.5626273,3.6688883,3.5822318,3.6209667,3.6033854,3.6120715,3.620184,3.6278822,3.6335552,3.6256745,3.6252828,3.6196563,3.6280575,3.6270037,3.6513245,3.62997,3.65036,3.6573663,3.664686,3.6681952,3.6770988,3.6713498,3.6785674,3.677046,3.6796312,3.6770322,3.67941,3.6938295,3.6933293,3.6914196,3.6786628,3.6983414,3.687639,3.6818953,3.719091,3.6938183,3.6983676,3.7146463,3.7229893,3.7000618,3.710454,3.7005417,3.7112944,3.7292404,3.728479,3.7270398,3.7039473,3.7576866,3.7349844,3.7397847,3.730663,3.699148,3.7342012,3.730466,3.7085369,3.7355876,3.7300477,3.7373374,3.712761,3.7179174,3.7341301,3.717064,3.7252533,3.715561,3.706146,3.711883,3.7108612,3.714601,3.7112591,3.7218435,3.7133927,3.708783,3.7176037,3.710073,3.7125607,3.7054222,3.710131,3.7172956,3.7418416,3.7224207,3.715236,3.6994257,3.7016087,3.7078671,3.6967063,3.705788,3.6945345,3.706792,3.7042031,3.703943,3.7106144,3.706277,3.695365,3.7021708,3.6849082,3.6998708,3.691253,3.7022834,3.701516,3.688187,3.69496,3.6882727,3.6943836,3.693692,3.6845345,3.6963708,3.7048545,3.6931343,3.6875212,3.6843295,3.680134,3.6900601,3.6789048,3.6730118,3.7057383,3.6862645,3.6900432,3.6956322,3.693872,3.7031567,3.7101932,3.7267947,3.701446,3.7108521,3.7269566,3.721605,3.7350016,3.7353654,3.7325933,3.7380948,3.7223482,3.729445,3.740283,3.7335296,3.747044,3.7516587,3.757398,3.7765932,3.75223,3.7654006,3.7825506,3.780102,3.7845588,3.770872,3.7989535,3.8053823,,,,,,,,,,,,,,,,,,,,,,,,,,,,
3.685189,3.706709,3.6883845,3.7077112,3.6817162,3.7183785,3.7079563,3.7181063,3.6922936,3.7392907,3.7360544,3.7231524,3.7139595,3.7112281,3.737703,3.73489,3.7397997,3.7510324,3.7311747,3.7324834,3.755962,3.7476974,3.738639,3.7404218,3.7424304,3.7414603,3.7380376,3.7336917,3.7361457,3.7330832,3.7361772,3.7260382,3.7357662,3.7365088,3.738725,3.7360787,3.74515,3.7333164,3.7376018,3.741809,3.7331839,3.742743,3.7454422,3.7313778,3.7253,3.7325704,3.7327707,3.7280278,3.7170212,3.6968756,3.6737874,3.6589262,3.644087,3.6352954,3.59492,3.5821447,3.5395975,3.5324776,3.4791794,3.4706025,3.4533734,3.4378436,3.422654,3.3726115,3.3449097,3.3207939,3.3343232,3.310682,3.2986197,3.269004,3.2387264,3.2334075,3.2299342,3.2313209,3.2119691,3.1993272,3.21617,3.1943715,3.1811535,3.1933582,3.1771445,3.1819293,3.1855335,3.1732702,3.1730666,3.184491,3.1647294,3.1713166,3.1692483,3.176439,3.1622908,3.1742039,3.1812127,3.1812885,3.1742811,3.1757698,3.206011,3.1867507,3.18753,3.1943047,3.202521,3.225793,3.2394812,3.2321908,3.2535233,3.270781,3.2960885,3.2965672,3.3069677,3.313779,3.3238769,3.3170247,3.323892,3.329421,3.3402183,3.347695,3.3508694,3.3534956,3.3541563,3.3574944,3.4010067,3.3983667,3.404308,3.4035513,3.4188144,3.4359255,3.4093153,3.4360967,3.4339564,3.4348757,3.4307277,3.4336607,3.4707136,3.4609473,3.4689047,3.4726276,3.4845953,3.466773,3.4811206,3.4823883,3.4936278,3.4858427,3.498945,3.4938977,3.5041764,3.5187504,3.5134704,3.52057,3.5276973,3.5392954,3.5269535,3.514105,3.5536857,3.5355082,3.5571167,3.5322416,3.5460618,3.5502808,3.5478644,3.5685356,3.549881,3.5568116,3.5621047,3.5747864,3.570368,3.562987,3.5513227,3.5607464,3.5790827,3.569929,3.5807607,3.5593786,3.5698297,3.5798357,3.568908,3.5900693,3.5557723,3.582117,3.5825315,3.5782928,3.5728893,3.5850756,3.5813193,3.57601,3.5863726,3.5699463,3.5924516,3.5956607,3.597607,3.6005719,3.5985875,3.6041987,3.6125507,3.5788066,3.5939825,3.6132627,3.5996094,3.614604,3.6011512,3.6399038,3.6324632,3.6074777,3.601972,3.6491222,3.6312215,3.6206892,3.625888,3.5920265,3.619194,3.5986388,3.6094964,3.5800016,3.6343224,3.639295,3.6438987,3.656058,3.6561189,3.657885,3.655789,3.6817992,3.6783981,3.6860683,3.672124,3.6676056,3.6583247,3.6542125,3.6615672,3.6552403,3.6545982,3.6564832,3.668983,3.6479888,3.6588593,3.6689541,3.6644225,3.667567,3.6715739,3.668233,3.659131,3.6697528,3.684452,3.6760619,3.6685069,3.6733282,3.6799867,3.6838014,3.6662517,3.6837335,3.690226,3.6916869,3.712782,3.6942294,3.709203,3.7029905,3.721301,3.7084882,3.706401,3.728116,3.7166302,3.757405,3.7299767,3.7360256,3.7365084,3.708208,3.7580261,3.7614188,3.765157,3.765555,3.7637403,3.7639177,3.7462664,3.7541208,3.7521074,3.75656,3.7717607,3.7742581,3.757999,3.7609103,3.7637653,3.7479823,3.75266,3.764367,3.7649975,3.7465103,3.7659295,3.7789648,3.7630978,3.7515328,3.7588353,3.757324,3.7644327,3.7671728,3.7654285,3.7572715,3.7575963,3.7611604,3.742664,3.7599964,3.7552395,3.7572641,3.7503133,3.741551,3.7252386,3.7478437,3.7228403,3.7297072,3.725007,3.7146752,3.729909,3.7162883,3.700433,3.7108674,3.704914,3.7106144,3.691165,3.6800864,3.68058,3.6802146,3.6730072,3.6815078,3.658883,3.6792016,3.6832395,3.6615489
3.6495998,3.6472085,3.6656466,3.6504793,3.6593556,3.678663,3.6482208,3.6650317,3.650767,3.6595526,3.6770587,3.6653967,3.6697648,3.6799338,3.653953,3.6839416,3.6828053,3.6974494,3.6844406,3.6893818,3.6850588,3.6986024,3.7123637,3.7114823,3.7161558,3.7196803,3.7331202,3.7245774,3.7271886,3.7255855,3.7235281,3.7270834,3.6987827,3.7317424,3.7223575,3.7317564,3.7201543,3.7230077,3.7253501,3.7335007,3.7251346,3.7311363,3.7365837,3.7270613,3.7304046,3.7341547,3.7442062,3.706239,3.7282393,3.719095,3.7102993,3.6981955,3.6979737,3.6802557,3.6497543,3.635694,3.5890489,3.5951974,3.5516036,3.540659,3.5080163,3.483389,3.460878,3.4602604,3.4175694,3.419679,3.3768783,3.3560243,3.3481886,3.332419,3.312186,3.297973,3.2845445,3.2757,3.272398,3.2779603,3.256364,3.2542133,3.240736,3.243117,3.2184713,3.22652,3.194544,3.2128098,3.200914,3.191246,3.1891859,3.1989458,3.193802,3.208596,3.1745906,3.2077703,3.1888955,3.2412415,3.237993,3.2217338,3.24013,3.2328506,3.2582746,3.2556806,3.2569675,3.277239,3.2662196,3.2605588,3.269953,3.2696407,3.3126528,3.3042736,3.3254573,3.3245573,3.3252673,3.3334289,3.3348215,3.3393989,3.3502874,3.3626194,3.3726165,3.3891292,3.4009068,3.4102178,3.4169219,3.4010303,3.4076858,3.4081538,3.3800974,3.393052,3.4016733,3.3948417,3.4057841,3.518101,3.5773332,3.5303817,3.5866654,3.640927,3.530939,3.5393727,3.5346835,3.5289645,3.5364447,3.541466,3.5555415,3.5409615,3.5657208,3.584064,3.5861192,3.5924513,3.5878463,3.5933201,3.5805705,3.5821114,3.5916812,3.5817678,3.589039,3.5815163,3.5875416,3.599892,3.6037967,3.6020963,3.617349,3.6078012,3.616122,3.6142204,3.630924,3.6100829,3.6286373,3.6180708,3.6324496,3.6260436,3.6369596,3.63364,3.6377983,3.6307871,3.635393,3.6433492,3.649968,3.6303434,3.6313007,3.645004,3.645071,3.618185,3.6357777,3.6275778,3.6425014,3.638025,3.6219718,3.643743,3.6426697,3.6302059,3.6309967,3.6339676,3.6439447,3.6199718,3.672692,3.706791,3.6372356,3.6434352,3.6366315,3.6259258,3.6315386,3.6327162,3.629181,3.6446583,3.6304643,3.6450422,3.6368566,3.6374106,3.615751,3.6190765,3.639728,3.6137033,3.5975976,3.6059043,3.6196747,3.593468,3.5881293,3.5874772,3.5885987,3.603217,3.5930483,3.5880823,3.586435,3.5946214,3.579504,3.5870357,3.5959978,3.5754523,3.5645037,3.5629427,3.562276,3.595116,3.5895152,3.563548,3.5512447,3.5708578,3.5569024,3.559642,3.5516772,3.5539978,3.5495737,3.5449774,3.5478728,3.5307467,3.5444608,3.5423167,3.5586884,3.5571895,3.5517716,3.5400443,3.5436769,3.5589216,3.55445,3.5415225,3.539925,3.5650506,3.5569048,3.5610516,3.5583062,3.553371,3.5456722,3.5691524,3.5493102,3.5658846,3.5655413,3.559304,3.5758803,3.5592566,3.574206,3.5747252,3.5553098,3.5761495,3.573373,3.570945,3.5688846,3.5683978,3.5749876,3.574882,3.573944,3.5713375,3.5776591,3.5913239,3.591037,3.5905824,3.602634,3.597963,3.572973,3.5771995,,,,,,,,,,,,,,,,,,,,,,,,,,,,,,,,,,,,,,
3.4598281,3.4651835,3.4597223,3.472509,3.4762084,3.475249,3.4922554,3.4955106,3.4912179,3.494713,3.4806626,3.505727,3.4768085,3.493175,3.5245655,3.5147238,3.514544,3.5313263,3.5404756,3.5292866,3.525599,3.5442674,3.5272617,3.5263445,3.5517364,3.5497236,3.549835,3.5512805,3.5582223,3.5487468,3.55653,3.54649,3.5605326,3.5560346,3.55416,3.5592456,3.5545032,3.5688329,3.5631533,3.559002,3.5817506,3.5713437,3.5841763,3.5726209,3.5759046,3.5683432,3.5859468,3.5705965,3.5657675,3.5410912,3.5295453,3.5338933,3.5096345,3.484328,3.4601874,3.424386,3.389411,3.37594,3.3651161,3.3434992,3.304443,3.2748797,3.2553754,3.235003,3.2106187,3.1986673,3.2008917,3.1635842,3.1423504,3.1340008,3.1053674,3.0996525,3.0754812,3.0721848,3.040671,3.0213284,3.0237904,3.0187225,3.0160754,3.0030127,3.0015337,3.0131536,2.9954393,3.0008745,3.0016782,2.996394,3.0005076,2.9843597,2.9912717,2.9844081,2.9808118,2.9869788,2.9786587,2.9845357,2.9904687,2.9877586,3.001272,2.987975,3.0052383,3.012238,3.0403633,3.0253742,3.047947,3.0526814,3.0444534,3.0606365,3.0671837,3.0669072,3.0726228,3.0654204,3.0920284,3.0895822,3.106406,3.131493,3.147277,3.1472502,3.154346,3.1677191,3.1737616,3.1869006,3.189228,3.2144947,3.198902,3.2166147,3.2138598,3.2417588,3.2335715,3.2306204,3.2159796,3.244278,1.3291363,3.4663458,3.4226525,3.4524827,3.4522111,3.4516418,3.4391844,3.4449942,3.4559379,3.4643059,3.4663994,3.453221,3.4674728,3.474187,3.4738152,3.486044,3.4829724,3.4891565,3.4925306,3.4975927,3.4895246,3.497154,3.496333,3.5064528,3.4947262,3.503795,3.516989,3.522526,3.5148177,3.4986434,3.510533,3.5075219,3.5211957,3.5119627,3.5157027,3.5171382,3.5165434,3.5314584,3.5138686,3.5318964,3.5232906,3.5177674,3.5338185,3.5421376,3.5304794,3.5258062,3.5380626,3.5210204,3.51535,3.5149207,3.5196896,3.5160942,3.5275598,3.5194843,3.525034,3.518217,3.5254667,3.5069983,3.517218,3.5125723,3.5268247,3.5181057,3.508679,3.5056944,3.5025668,3.4966962,3.4836562,3.4837227,3.4612725,3.4745317,3.4647007,3.4741526,3.4494855,3.4537463,3.4493115,3.4450002,3.4455318,3.427226,3.4165502,3.4388964,3.4115562,3.4077373,3.4284189,3.4079792,3.413827,3.4276795,3.414971,3.415413,3.409361,3.4092102,3.406047,3.407376,3.4032497,3.4042704,3.3970954,3.407266,3.3896596,3.3931317,3.3788297,3.3780122,3.389652,3.364568,3.3736062,3.3627849,3.3649,3.3584554,3.3684013,3.3514245,3.3490605,3.353576,3.349493,3.3474543,3.3363957,3.3540301,3.3388577,3.338822,3.3310256,3.342887,3.3192782,3.3393347,3.3242795,3.321213,3.3239474,3.3194246,3.3202147,3.3317547,3.318423,3.311477,3.3414905,3.3236032,3.313149,3.3320944,3.3252182,3.3372438,3.3519723,3.347386,3.3496513,3.3503726,3.3405561,3.3341966,3.3402872,3.3409662,3.3474195,3.3340034,3.338839,3.3427157,3.3535206,3.3347216,,,,,,,,,,,,,,,,,,,,,,,,,,,,,,,,,,,,,,,,,,,,,,
3.56849,3.5825458,3.5797727,3.5722618,3.578334,3.5711482,3.5695214,3.5800636,3.6121752,3.5999384,3.6029127,3.5966063,3.6259332,3.6070912,3.635918,3.6223083,3.648075,3.6436687,3.644897,3.6404278,3.6247046,3.646096,3.6320398,3.6411793,3.6387122,3.6506424,3.6478167,3.6546206,3.6564698,3.6738622,3.6601727,3.6831965,3.6648347,3.661869,3.6744428,3.6809294,3.717726,3.6988134,3.7061143,3.6936648,3.6970057,3.69989,3.7115653,3.7196057,3.7260075,3.6973445,3.725518,3.7027893,3.6850572,3.6783826,3.668111,3.6592834,3.6543162,3.634763,3.6190326,3.611351,3.5788352,3.5450242,3.513524,3.492691,3.4775116,3.4579017,3.4602065,3.3977537,3.3778336,3.3720891,3.3605368,3.3388338,3.3180656,3.2830539,3.2770982,3.278351,3.2637637,3.2412784,3.255241,3.2554588,3.2442975,3.2275553,3.2235987,3.2207453,3.2165146,3.2160387,3.2120726,3.2133353,3.2181818,3.2094831,3.211403,3.223946,3.2171454,3.2116606,3.235041,3.2466402,3.2448606,3.2385294,3.259713,3.2548969,3.2536213,3.2618473,3.2607481,3.252788,3.2701564,3.2968712,3.286844,3.3096857,3.304916,3.3013,3.3274977,3.3415525,3.349564,3.3604145,3.3662367,3.3445086,3.3854847,3.3583586,3.3901184,3.3949401,3.392099,3.4276793,3.401242,3.5458488,3.424243,3.5667846,3.6807013,3.60392,3.581078,3.600824,3.616282,3.60617,3.6062655,3.6094391,3.6180856,3.621991,3.6203382,3.626643,3.5967069,3.6405501,3.6400106,3.6488373,3.6475275,3.63431,3.6464446,3.6512678,3.6414387,3.64721,3.6522374,3.652314,3.644119,3.661565,3.6547048,3.6565244,3.648859,3.6746614,3.652147,3.6796489,3.6784582,3.6778278,3.690957,3.6903684,3.6839728,3.6990619,3.6794174,3.68388,3.70825,3.7026694,3.7153068,3.7025876,3.7122152,3.711883,3.7103012,3.7205892,3.7247121,3.7078245,3.7014976,3.7211971,3.7052445,3.7239368,3.7183154,3.6989715,3.724302,3.7043285,3.7045686,3.7054424,3.72191,3.714827,3.7060552,3.6738458,3.696407,3.6830065,3.6813865,3.6790018,3.6822293,3.688956,3.6494818,3.6615999,3.6605341,3.6654203,3.644523,3.6664832,3.6476467,3.6581142,3.6524053,3.6394718,3.6437898,3.6514232,3.642999,3.6452982,3.6248612,3.6287403,3.6357768,3.6395175,3.6290605,3.6330035,3.6361127,3.641193,3.6395037,3.6149893,3.639945,3.6246815,3.6274571,3.6344483,3.6396058,3.6267865,3.620004,3.6319497,3.6199381,3.6211743,3.623896,3.6289496,3.6200318,3.6310413,3.614064,3.621398,3.624084,3.6154232,3.620741,3.6278114,3.6172397,3.6224127,3.6214745,3.6241057,3.6126044,3.6253724,3.616363,3.6222272,3.6188736,3.6066108,3.6068065,3.6140075,3.6241195,3.6258502,3.6264513,3.6299691,3.6217752,3.6111636,3.6326165,3.6065514,3.6205323,3.6165762,3.6272066,3.6063457,3.6171172,3.5974226,3.6193266,3.6164033,3.6111772,3.6257224,3.6173637,3.626213,3.6097417,3.610147,3.6216877,3.6050477,3.6104069,3.602731,3.6093693,3.6070096,3.6128318,3.6127126,3.6280675,3.6097674,3.6432452,3.6218145,,,,,,,,,,,,,,,,,,,,,,,,,,,,,,,,,,,,,,,,,,
3.9321754,3.9266167,3.929514,3.9236016,3.9304194,3.9314315,3.9343073,3.924602,3.9157805,3.9220958,3.9201813,3.918947,3.9203684,3.9086864,3.9234245,3.9084804,3.918333,3.9231265,3.9215007,3.9245653,3.9154317,3.9289773,3.9113507,3.9121845,3.925728,3.9104226,3.9127614,3.9035797,3.9097235,3.903909,3.899412,3.9047172,3.913791,3.8981304,3.916465,3.8967507,3.929749,3.9062767,3.9153333,3.9233832,3.8965333,3.9011283,3.9115558,3.91922,3.919974,3.8987002,3.9158025,3.9033666,3.9062924,3.8856876,3.860175,3.8524969,3.8330224,3.785202,3.777141,3.750403,3.696268,3.681439,3.6665936,3.6383872,3.6061494,3.578809,3.5418372,3.5088983,3.4850633,3.4731238,3.4477282,3.4265535,3.4046113,3.4015555,3.3558605,3.34755,3.3260489,3.332186,3.32451,3.2909298,3.2959814,3.2972558,3.3032544,3.2651076,3.2659938,3.2643962,3.2540338,3.2464595,3.2262998,3.221976,3.2162309,3.1996524,3.210733,3.2166038,3.2119584,3.2269611,3.206947,3.2270184,3.230868,3.2285447,3.2331865,3.2397947,3.2449236,3.2700062,3.274889,3.2619612,3.284744,3.2714446,3.2701318,3.2908378,3.3144572,3.31552,3.3407378,3.3357353,3.3354337,3.336352,3.3682768,3.3853028,3.360961,3.360352,3.3575668,3.388294,3.373006,3.6492372,3.805656,3.6500123,3.675067,3.6983998,3.7271478,3.7172086,3.7059388,3.6952093,3.7340295,3.7230058,3.7331328,3.740367,3.7451146,3.7564583,3.7503781,3.762856,3.7700977,3.7683947,3.7590466,3.7718754,3.7875082,3.7570019,3.7829845,3.7914333,3.7923198,3.8054624,3.7893028,3.8179703,3.7983358,3.7980125,3.8151472,3.8182895,3.7943494,3.829053,3.837647,3.822134,3.821139,3.8441412,3.8281913,3.8419397,3.8309567,3.8380847,3.8535054,3.843866,3.8479009,3.8385913,3.855339,3.8516917,3.84382,3.8678856,3.8649306,3.8622892,3.864755,3.8682284,3.863011,3.8570068,3.852523,3.866542,3.8661256,3.859944,3.8647301,3.8594735,3.8660634,3.8552146,3.8752103,3.8577983,3.862658,3.8573802,3.8633764,3.8583126,3.8640695,3.8913293,3.8592546,3.8813846,3.8759768,3.8639555,3.8709579,3.8731475,3.8660858,3.883473,3.8715663,3.869086,3.8772058,3.862512,3.8689144,3.874651,3.8728058,3.8703544,3.8777695,3.8641686,3.881041,3.8730452,3.873968,3.8866563,3.8764625,3.871052,3.8887653,3.8834221,3.8768528,3.8735242,3.8648186,3.8720589,3.8656187,3.861719,3.8678641,3.8709128,3.8632865,3.8502812,3.8638456,3.8717656,3.879795,3.8767674,3.8672976,3.866554,3.8460243,3.8727512,3.8594306,3.8598492,3.8374233,3.8746378,3.8668025,3.8663433,3.8639128,3.865764,3.8643274,3.855705,3.8463993,3.8503249,3.8472483,3.86693,3.8646023,3.8761678,3.868305,3.8626359,3.8768008,3.8694744,3.8686752,3.919079,3.871603,3.8721302,3.8502593,3.8451457,3.8826158,3.8672934,3.868847,3.8792732,3.8579988,3.8897157,3.8721743,3.8864777,3.869228,3.8797374,3.89522,3.8771033,3.9139893,3.8891456,3.8927312,3.895394,3.9057121,,,,,,,,,,,,,,,,,,,,,,,,,,,,,,,,,,,,,,,,,,,,,
3.9199088,3.9374518,3.924038,3.921498,3.9273849,3.9416075,3.9225564,3.9579327,3.9445283,3.9542549,3.9444978,3.9610116,3.9656074,3.9604352,3.9631202,3.9697208,3.9802592,3.9832113,3.9682362,3.9718714,3.9729333,3.9702928,3.9826498,3.985948,3.9733543,3.9742293,3.987634,3.9821444,3.9920895,3.986367,3.9863207,3.9985845,4.0004015,4.004628,4.0154552,4.012584,4.0061097,4.0216503,4.0094485,4.031644,4.0147443,4.015755,3.9991431,4.0090475,4.0013638,4.012139,3.9913888,3.9960258,4.0061154,3.9890525,3.9758034,3.95965,3.9314022,3.9076605,3.8914495,3.8355052,3.818227,3.7942095,3.778408,3.7310462,3.6979597,3.6672246,3.6413054,3.6138942,3.57269,3.5439923,3.5335178,3.515065,3.4865048,3.4620376,3.4292572,3.4209783,3.410798,3.4080822,3.3749247,3.3703458,3.3481526,3.3472383,3.3200133,3.3140826,3.2905612,3.25895,3.2765617,3.2505593,3.2511733,3.249253,3.2361557,3.2368577,3.2268727,3.236047,3.244115,3.2309692,3.2382126,3.2391777,3.2265565,3.2262983,3.2317007,3.2175837,3.2387085,3.2272632,3.2374532,3.2445507,3.2387805,3.2477112,3.2612464,3.2776105,3.2936263,3.2929347,3.3267295,3.3078206,3.3195028,3.302025,3.285199,3.307298,3.321852,3.3234518,3.3447366,3.318404,3.3553464,3.6353734,3.6465943,3.690117,3.7258623,3.743864,3.7416558,3.7326934,3.7352567,3.7583213,3.7656004,3.7754152,3.7812102,3.7752643,3.7851927,3.7778547,3.7821324,3.7883892,3.7927008,3.7864442,3.8051438,3.7952867,3.7977414,3.7954862,3.8128357,3.7978344,3.8089082,3.8220632,3.8277447,3.8260407,3.8432388,3.8514597,3.8354862,3.839879,3.867776,3.8697364,3.8528612,3.8637264,3.8589678,3.8588238,3.8661666,3.8676476,3.8686953,3.8757293,3.8696296,3.877509,3.8794858,3.8637552,3.8686948,3.888228,3.886422,3.8996305,3.873757,3.8855038,3.8505957,3.864001,3.8800168,3.8590088,3.843967,3.8573844,3.8340013,3.8572564,3.844227,3.8383415,3.8323588,3.838848,3.843467,3.8462996,3.8488407,3.8367553,3.8464377,3.8197916,3.8266602,3.8101387,3.8193176,3.8260195,3.8208714,3.8276663,3.8148875,3.8235633,3.8235073,3.817853,3.8189054,3.8005035,3.7793078,3.8037648,3.8045108,3.8049562,3.792842,3.7836707,3.8011959,3.8008938,3.8056116,3.7913122,3.7751253,3.774417,3.7875662,3.76678,3.768685,3.7915864,3.751777,3.769706,3.7658634,3.7603285,3.7575147,3.7639172,3.7620275,3.7561398,3.754997,3.7491376,3.7548447,3.751508,3.7659638,3.749291,3.7498477,3.7559426,3.770008,3.7603612,3.7515757,3.7671902,3.7493699,3.7504654,3.7611887,3.7618384,3.7617846,3.7648096,3.774095,3.7827444,3.7780027,3.8020792,3.7968948,3.770322,3.754569,3.7538567,3.7656229,3.755012,3.7883835,3.7642999,3.7756665,3.7811418,3.7604809,3.7970753,3.8112545,3.7960007,3.784251,3.7906766,3.7868547,3.7867923,3.7989745,3.7979898,3.7887266,3.7884965,3.7916934,3.7820187,3.7996542,3.7968483,3.8007278,3.8195314,3.7907557,3.7966013,3.8122783,3.810581,3.8057287,3.808434,3.8226726,3.8093898,3.8045456,3.808625,3.810976,3.8286815,3.8261025,,,,,,,,,,,,,,,,,,,,,,,,,,,,,,,,,,,
3.9126797,3.9094677,3.915077,3.9105544,3.904983,3.9117432,3.9268122,3.9268475,3.9157712,3.9099295,3.9357538,3.91494,3.9351807,3.9308033,3.9315686,3.9338822,3.9367182,3.9294097,3.9226365,3.9384167,3.9403524,3.9318678,3.9566453,3.9532332,3.956067,3.9562614,3.9582171,3.9564645,3.9685912,3.9576797,3.9534187,3.9598756,3.9485135,3.9609323,3.9576406,3.963378,3.96381,3.9615614,3.9662492,3.9622297,3.9643276,3.9606402,3.973821,3.97034,3.96851,3.9640377,3.9633074,3.9641,3.9470894,3.9392216,3.9196954,3.8822477,3.8795915,3.8279905,3.8351448,3.8194926,3.7531838,3.747471,3.7213333,3.6898756,3.6685467,3.6519186,3.611139,3.5962853,3.587871,3.5568018,3.533365,3.5068219,3.4902747,3.462771,3.4467795,3.434573,3.4266741,3.4018092,3.4090245,3.4095798,3.4034266,3.3928685,3.390141,3.370913,3.3873615,3.3570035,3.3695004,3.3629615,3.342256,3.3620822,3.3495574,3.3463356,3.3516068,3.3542676,3.342513,3.330844,3.3445933,3.3540041,3.3544524,3.3622646,3.3529227,3.3656185,3.3504472,3.3584368,3.3506763,3.377504,3.384362,3.3680966,3.388144,3.3918037,3.4014618,3.396817,3.4182277,3.4340754,3.426788,3.4364119,3.4194524,3.428071,3.4326346,3.587311,3.8034203,3.6919107,3.733283,3.720674,3.7360327,3.7404675,3.7360566,3.7401538,3.740044,3.7683935,3.7859166,3.7801979,3.7726734,3.785634,3.7899604,3.771156,3.7842066,3.779584,3.780742,3.8051019,3.7899868,3.803978,3.7947006,3.8045578,3.8191504,3.8384526,3.8379922,3.8504047,3.8631012,3.8638623,3.8678174,3.848693,3.887268,3.8964713,3.8756404,3.8659027,3.8959665,3.863088,3.8907554,3.9048886,3.9031491,3.896989,3.907797,3.9150593,3.9172313,3.9229965,3.9252813,3.9375985,3.9203289,3.9245946,3.9369075,3.9273388,3.9455695,3.923792,3.944372,3.952207,3.9461067,3.952852,3.957818,3.9377162,3.9537275,3.9406676,3.9433906,3.9342456,3.953664,3.9341834,3.9406693,3.9473739,3.9295118,3.947646,3.9298773,3.9491675,3.9407132,3.9450681,3.939651,3.917198,3.9189215,3.92453,3.9150379,3.9270134,3.9257627,3.9153192,3.9105926,3.9079947,3.9136808,3.9261756,3.906176,3.914899,3.912393,3.9059622,3.9034631,3.915865,3.901951,3.90942,3.8981578,3.8981843,3.8973663,3.9008844,3.9012523,3.8837705,3.8904665,3.8984919,3.8856966,3.8856993,3.8838959,3.8961606,3.8897026,3.8750174,3.897894,3.8767583,3.8912697,3.8634388,3.8639033,3.8540366,3.8868904,3.8515239,3.860255,3.852517,3.8733103,3.8403878,3.8451614,3.8546882,3.8264356,3.8441248,3.839594,3.851332,3.8516588,3.848821,3.8409014,3.8419151,3.8500888,3.8570461,3.8560033,3.8593273,3.851088,3.8542953,3.8646443,3.8508062,3.8756106,3.8414195,3.8305562,3.835677,3.859145,3.8498993,3.86789,3.8711262,3.8396504,3.8467946,3.8268654,3.8385804,3.836959,3.8567867,3.8511157,3.8464804,3.859298,3.8677092,3.8284545,3.853039,3.838336,3.8389578,3.850767,3.8858123,3.8492835,3.8576932,3.8546734,,,,,,,,,,,,,,,,,,,,,,,,,,,,,,,,,,,,,,,,,,,
4.0515246,4.0538645,4.064171,4.06126,4.055121,4.057524,4.0350423,4.0600247,4.060659,4.054006,4.058938,4.082279,4.076145,4.0791807,4.0820265,4.0826435,4.0677104,4.0807953,4.075308,4.0879245,4.081511,4.093535,4.07901,4.097356,4.083982,4.0942936,4.0958586,4.0882125,4.0853477,4.0824304,4.090693,4.0910892,4.114474,4.0908427,4.106483,4.10499,4.112648,4.098662,4.093462,4.09567,4.1057158,4.1040435,4.1069107,4.0920687,4.093737,4.094714,4.0883455,4.087483,4.075538,4.091068,4.0787725,4.0673895,4.050441,4.0164876,4.011845,3.9752626,3.9466922,3.913596,3.9030418,3.8890307,3.8469229,3.8354814,3.7843359,3.7889185,3.7575536,3.7337322,3.7112637,3.6919398,3.6454976,3.6410325,3.6298451,3.6340165,3.6130176,3.6205394,3.6078923,3.5857441,3.555546,3.5666876,3.5427873,3.5235198,3.5275052,3.4951794,3.4947686,3.5077076,3.4835021,3.4985619,3.4852972,3.4758658,3.479522,3.4664743,3.490432,3.491492,3.4771235,3.486197,3.4854798,3.4959157,3.4954908,3.5136867,3.5233157,3.520755,3.5268173,3.528373,3.5489738,3.5482476,3.5542936,3.5718412,3.567252,3.5998545,3.5905895,3.5911744,3.5924582,3.6105878,3.6202152,3.6348732,3.6220434,3.6679385,3.6765623,3.6781592,3.6764824,3.6795049,3.6911018,3.6934907,3.6876652,3.6895785,3.7040746,3.7196646,3.71412,3.7126153,3.6998675,3.7149045,3.7831852,3.860736,3.92582,3.8879747,3.8892424,3.9059393,3.890929,3.8852043,3.89123,3.888998,3.9027944,3.9137561,3.9067287,3.9146867,3.9305956,3.9416428,3.9651291,3.9396956,3.9489734,3.9593306,3.9654903,3.9664335,3.9747288,3.963707,3.9656587,3.9723103,3.9556723,3.9661772,3.9756334,3.9705856,3.9881625,3.9876654,3.9857795,4.002965,4.007146,3.9987895,3.9991906,4.00275,3.9882846,3.9982703,3.9946382,4.005697,4.009378,4.0054646,4.002254,4.0102477,4.0103264,4.0138183,4.0070534,4.004572,4.0128627,4.010393,4.0069723,4.0151157,4.007097,4.0190024,4.000407,4.0132823,4.011351,4.00481,4.0095963,3.9985633,4.005225,4.0070624,4.0151253,4.0110044,4.0015635,4.0134754,4.0077167,4.000066,3.995815,3.9979968,3.9955306,4.00296,3.9936085,4.0082545,3.9894955,4.000877,3.9960647,3.973893,3.9878485,4.0035715,3.9800832,4.0036936,3.98978,3.9668524,3.974279,3.9703171,3.996992,3.9685652,3.9738233,3.9617195,3.982014,3.9613779,3.959464,3.9703085,3.9726777,3.9528542,3.9543943,3.9546065,3.951215,3.961603,3.9698215,3.9520087,3.9465275,3.9467127,3.9372976,3.9571216,3.9428048,3.944886,3.9346786,3.9339747,3.9255126,3.9114435,3.947214,3.9180129,3.923389,3.924387,3.9071817,3.9122622,3.917376,3.9298687,3.914086,3.9038053,3.9154077,3.9039285,3.8935614,3.8873212,3.9001546,3.9055767,3.9013467,3.9052901,3.9035256,3.896366,3.8809714,3.8934436,3.8810232,3.8848197,3.8801117,3.8848476,3.8874497,3.8871503,3.877995,3.8540697,3.8781993,3.8739789,3.859046,3.8637855,3.867423,3.868206,3.8738878,3.8527248,3.8616793,3.8624327,3.8703156,3.8582394,3.8708806,3.8769078,,,,,,,,,,,,,,,,,,,,,,,,,,,,,,,,,,,,
3.7879195,3.7827168,3.8097818,3.7904902,3.7976735,3.7883902,3.806782,3.8175788,3.818566,3.8321962,3.8247526,3.825982,3.8287866,3.8474932,3.8127089,3.8440082,3.8580897,3.847228,3.852583,3.8609905,3.8567476,3.8655741,3.858413,3.8573954,3.8783488,3.8668852,3.884321,3.8677094,3.8840716,3.8674762,3.880691,3.8894455,3.8699827,3.8979168,3.8846211,3.8944485,3.8894591,3.8989718,3.8948517,3.9003146,3.8996882,3.9142401,3.913151,3.9173684,3.8975391,3.9219987,3.9208257,3.9091828,3.9037106,3.896804,3.9074094,3.8751981,3.8562117,3.8422306,3.8212135,3.79114,3.752345,3.7480469,3.7276416,3.6705475,3.6330855,3.6278596,3.6011,3.5873382,3.558015,3.51061,3.4726124,3.471884,3.457813,3.433214,3.4400725,3.4335282,3.4028034,3.3650973,3.3556542,3.3823922,3.3256865,3.3224022,3.3254404,3.2996862,3.3115642,3.2833061,3.2775576,3.251762,3.2511685,3.2608473,3.2333047,3.2464423,3.250006,3.2525625,3.2657254,3.2443964,3.239045,3.2344377,3.258503,3.2473755,3.2701688,3.2634945,3.2644446,3.27872,3.2909381,3.2939036,3.309447,3.2896254,3.288311,3.2854142,3.2870705,3.3139017,3.2909813,3.3048086,3.3090794,3.302676,3.3193069,3.3144934,3.3439643,3.4445913,3.3639245,3.7182205,3.724358,3.7015107,3.6782987,3.6803253,3.6823378,3.6827197,3.6891503,3.7089782,3.7189043,3.733489,3.7332933,3.7447684,3.762335,3.7556236,3.7779188,3.7658675,3.7665944,3.7710943,3.776938,3.7736816,3.7770834,3.7947192,3.7946143,3.791499,3.814121,3.813409,3.8209856,3.8056521,3.8036351,3.8069124,3.8135982,3.822295,3.8127606,3.8164575,3.8166447,3.819474,3.8307495,3.8264368,3.8324232,3.8329449,3.839734,3.8376806,3.8547084,3.8471386,3.8439126,3.8542383,3.8478909,3.848144,3.8405824,3.850655,3.853771,3.8558495,3.8478537,3.843146,3.841274,3.850824,3.8660443,3.8514538,3.855046,3.8432055,3.8471963,3.8490686,3.84697,3.8521934,3.8389592,3.8497326,3.8497407,3.847696,3.8341815,3.84154,3.8386188,3.8450077,3.8408396,3.8433516,3.832217,3.845765,3.839879,3.8233356,3.8191864,3.8316987,3.8219955,3.8283486,3.8170028,3.8124042,3.8302984,3.8191915,3.8211856,3.8192651,3.82433,3.8129613,3.812615,3.803834,3.8178596,3.814622,3.8127027,3.7913957,3.8028917,3.8134542,3.808711,3.812398,3.8438218,3.8452916,3.8125381,3.8035586,3.77344,3.7762542,3.7838745,3.790659,3.8068612,3.7889721,3.7890103,3.7996721,3.810188,3.796161,3.7910995,3.7980585,3.7915347,3.7908616,3.8058522,3.7945004,3.798612,3.7913957,3.7944562,3.8125455,3.8004098,3.809234,3.816469,3.8172581,3.809853,3.8073256,3.807477,3.8319495,3.823908,3.824093,3.8242068,3.8168614,3.812595,3.8382425,3.8435094,3.826629,3.8499904,3.8510895,3.8418877,3.831102,3.8498168,3.8440895,3.8532102,3.8454986,3.8510585,3.852079,3.8544292,3.8497581,3.8591514,3.8640668,3.8578248,3.8623614,3.8548818,,,,,,,,,,,,,,,,,,,,,,,,,,,,,,,,,,,,,,,,,,,,,,,,,
3.8485606,3.8400135,3.8696144,3.8609319,3.8682995,3.8669715,3.8567054,3.8776624,3.876605,3.89126,3.873108,3.8710644,3.863351,3.8751187,3.8776321,3.8802657,3.8825185,3.896409,3.9043016,3.9075236,3.9012508,3.9147215,3.9016113,3.908223,3.9374726,3.9291968,3.9160912,3.9183652,3.9326613,3.9256997,3.918384,3.93061,3.9247246,3.9275837,3.924296,3.9340668,3.93027,3.933143,3.9429116,3.9330323,3.9366014,3.9349608,3.9355676,3.9432974,3.9509873,3.9309223,3.9328942,3.9331849,3.9275718,3.9295144,3.9219468,3.9121659,3.8744648,3.8522995,3.829152,3.7835202,3.7685306,3.754155,3.723987,3.6699367,3.6520503,3.6335652,3.596431,3.5685072,3.577822,3.530152,3.5178819,3.492592,3.4864252,3.4723752,3.4517033,3.422587,3.4023933,3.411541,3.380498,3.3583596,3.3426347,3.3463182,3.330855,3.324038,3.3251042,3.3212173,3.3229911,3.3151994,3.3092356,3.3083265,3.2966464,3.308458,3.293609,3.2998662,3.3133526,3.3004823,3.2973416,3.3107152,3.3033664,3.2986157,3.3098445,3.3151147,3.315251,3.3295867,3.3326168,3.3445022,3.3367906,3.3442428,3.3445175,3.343693,3.3543823,3.3638685,3.382579,3.4165728,3.4080174,3.423482,3.4426386,3.4507053,3.4618692,3.4887578,3.5102663,3.4841318,3.498881,3.515782,3.5288894,3.5427928,3.543689,3.565123,3.575617,3.6030328,3.6012516,3.593235,3.5776443,3.6059582,3.6013896,3.6054056,3.6162603,3.6250448,3.610855,3.6157978,3.6434505,3.7473204,2.7631629,3.8090568,3.8729281,3.7945354,3.810091,3.8001149,3.8270783,3.805617,3.826794,3.829859,3.8382304,3.8404272,3.8503706,3.8570259,3.853145,3.8601973,3.8490624,3.8610115,3.8773034,3.8885717,3.8657916,3.870536,3.8608766,3.869939,3.8781595,3.8697202,3.8630226,3.8817766,3.8939648,3.8761587,3.9016128,3.902562,3.9192443,3.8979137,3.8987465,3.8891091,3.8973315,3.9067092,3.895427,3.9135387,3.9291704,3.9311707,3.9354174,3.926244,3.9157267,3.9195168,3.9310763,3.9184146,3.9438057,3.9316669,3.9350429,3.932008,3.929117,3.9240503,3.9352672,3.945927,3.9423351,3.9308748,3.9334373,3.938221,3.9234343,3.931173,3.920653,3.9393876,3.926039,3.9288678,3.9439516,3.9163594,3.921214,3.9283159,3.932187,3.9176564,3.918099,3.9183683,3.9111178,3.9108806,3.9007843,3.9005203,3.91636,3.9133751,3.8715262,3.894151,3.8967514,3.890405,3.8567812,3.8863091,3.8603194,3.8484437,3.8677146,3.878059,3.879335,3.8897483,3.8484497,3.8663785,3.8735797,3.8516545,3.855821,3.8667915,3.8694625,3.8720202,3.8777888,3.867221,3.8619714,3.8859422,3.881668,3.8547056,3.875885,3.870759,3.8660457,3.8492212,3.863147,3.854243,3.8628583,3.8783052,3.8518233,3.8701844,3.8760722,3.8732705,3.8653827,3.867205,3.8649955,3.8669276,3.8700051,3.870089,3.8767033,3.876487,3.8778915,3.8706129,3.8934002,3.8504863,3.8479447,3.8780642,3.865428,3.8859327,3.8806934,3.8982737,3.8846607,3.9039092,3.8876352,3.8872447,3.8903065,3.8985772,3.899801,3.8680675,3.8813841,3.8557,3.8739986,3.8756335,3.871664,3.8684971,3.8778365,3.853143,3.843354,3.88255,3.8389552,3.8535182,,,,,,,,,,,,,,,,,,,,,,,,,,,,,,
3.3304882,3.3191557,3.318627,3.331949,3.3077059,3.3366683,3.3400404,3.3354728,3.3299403,3.3363385,3.3168964,3.3334126,3.3395646,3.3238125,3.3226402,3.3201146,3.3528833,3.3319478,3.3336663,3.355508,3.3331468,3.347419,3.3590772,3.3674436,3.3319898,3.3790464,3.3499866,3.3430963,3.351357,3.3567514,3.3698385,3.376372,3.3721285,3.3779664,3.3706791,3.3788865,3.3732626,3.3836641,3.3755083,3.3926454,3.3778675,3.390964,3.3814733,3.3736174,3.395927,3.3775074,3.3898783,3.3925865,3.3757915,3.3779967,3.3718622,3.3350263,3.3151731,3.2950487,3.2984467,3.2848108,3.2465765,3.2048643,3.1916406,3.1574254,3.1310923,3.1003969,3.0835187,3.0658207,3.050566,2.9988747,2.9735336,2.948745,2.933313,2.9043186,2.8734827,2.8566208,2.8171146,2.793298,1.4188873,2.030724,2.4093978,2.5230534,2.8381658,2.9393852,2.9541883,2.9699798,2.97907,2.980161,3.0100439,3.0470834,3.0270617,3.0471578,3.0766654,3.0911546,3.0806322,3.088742,3.1120074,3.107815,3.1331038,3.1280437,3.121143,3.1305816,3.1304297,3.13124,3.1389956,3.136143,3.1447697,3.1463273,3.1636384,3.1567879,3.1565495,3.1633613,3.1590257,3.155304,3.1499417,3.1390116,3.1141727,2.8666887,3.2154975,3.1378388,3.1413522,3.1382654,3.1498692,3.160237,3.1662383,3.1566818,3.1439052,3.1501052,3.155512,3.166133,3.170183,3.1455438,3.1535654,3.1453087,3.139871,3.1506715,3.1539626,3.1356895,3.1271086,3.1305652,3.118506,3.1002393,3.1314182,3.1111534,3.108184,3.123074,3.1054928,3.1050198,3.1126776,3.1519263,3.1304874,3.1090283,3.1074655,3.1118648,3.1239574,3.1320307,3.1196578,3.1378798,3.132532,3.1349332,3.1403844,3.1288972,3.131232,3.1312895,3.1343498,3.1264527,3.1385212,3.1413326,3.124562,3.1344833,3.126035,3.1356213,3.117342,3.1090372,3.1228871,3.1138394,3.1265085,3.098722,3.111885,3.0915816,3.1038804,3.0949502,3.080656,3.103409,3.0943933,3.0860689,3.0850127,3.080043,3.070747,3.0734634,3.0834954,3.0710752,3.066486,3.072374,3.082442,3.0623574,3.0615458,3.065855,3.069137,3.0685852,3.0749784,3.0534875,3.048975,3.0656009,3.0178957,3.0119953,3.0264406,3.015114,3.0102234,3.0088742,2.984509,2.9990153,2.9833138,2.9858992,2.9852004,2.994398,2.9790442,2.9956245,2.978534,2.9708488,2.9738917,2.9796917,2.9629748,2.9550133,2.959578,2.951642,2.9613578,2.9529173,2.9392118,2.9361706,2.94728,2.9433365,2.9410884,2.9293277,2.9424691,2.916438,2.942632,2.9312067,2.925873,2.9340832,2.941383,2.9334955,2.937197,2.9401562,2.9439714,2.9572413,2.9508686,2.962248,2.9612246,2.969924,2.967328,2.963029,2.978727,2.968184,2.9985816,,,,,,,,,,,,,,,,,,,,,,,,,,,,,,,,,,,,,,,,,,,,,,,,,,,,,,,,,,,,,,,,,,,,,,,,,
3.6981852,3.705983,3.705984,3.690162,3.70088,3.6929963,3.706186,3.7049742,3.6737013,3.6849782,3.6963344,3.6774104,3.6746516,3.660548,3.666234,3.6575396,3.680829,3.6597226,3.6449413,3.6668367,3.633233,3.652665,3.6507235,3.6432898,3.633087,3.653069,3.6308122,3.6331158,3.6411521,3.6573858,3.6355376,3.637925,3.6328154,3.6241584,3.641037,3.6513786,3.6401458,3.631899,3.645823,3.660513,3.6350665,3.6380632,3.639437,3.633251,3.6441581,3.6386838,3.6197298,3.5967586,3.5976713,3.5936306,3.5831807,3.5529032,3.542858,3.535618,3.4804583,3.4686499,3.4430218,3.410511,3.3693018,3.3429737,3.3278263,3.3246527,3.2958899,3.2528088,3.2325144,3.2074888,3.1737504,3.1494722,3.1440182,3.134117,3.1115139,3.102797,3.08809,3.048205,3.0373046,3.0275104,3.0326517,3.0265808,3.0204713,3.0170693,3.0098596,3.003399,2.9786944,2.9993012,2.9807875,2.9649022,2.976798,2.968959,2.9575412,3.00442,2.975221,2.9685955,2.9583528,2.9571927,2.9749033,2.9912183,2.9944222,2.9943454,3.001283,3.0160844,3.0199137,3.0092745,3.0087795,3.0295873,3.0370936,3.0520875,3.056278,3.064901,3.0611808,3.1090553,3.1094253,3.1098793,3.141413,3.1496754,3.1435993,3.1516514,3.1677048,3.1707056,3.173342,3.1930363,3.2166412,3.2218645,3.2161558,3.2322485,3.2684174,3.2675357,3.2918634,3.2873137,3.2821405,3.306402,3.3253741,3.3256416,3.341447,3.3844981,3.3606784,3.381084,3.3761702,3.3804088,3.4028816,3.401071,3.4020643,3.4188826,3.4226503,3.437726,3.4237814,3.4326365,3.4410052,3.4471347,3.4619777,3.454635,3.468382,3.4760225,3.4928644,3.521296,3.4973853,3.5273252,3.5285697,3.5252407,3.5287037,3.5328164,3.5467882,3.5269408,3.5422034,3.532457,3.545353,3.5465546,3.5473359,3.566658,3.5616846,3.5430956,3.5537148,3.5565236,3.5429912,3.5620494,3.5437586,3.5397892,3.4921503,3.338328,3.598454,3.5315926,3.8473525,3.560351,3.5576606,3.5774062,3.594257,3.5743456,3.6034796,3.6036627,3.6022637,3.6134322,3.617731,3.624274,3.6278849,3.6400115,3.6347275,3.6282525,3.6461399,3.6426625,3.643739,3.6609368,3.6517205,3.6524975,3.6822286,3.6676552,3.6584187,3.6664467,3.6640944,3.6911764,3.6614852,3.6919205,3.704987,3.6708972,3.7087328,3.7202976,3.7221024,3.7053063,3.7116818,3.735985,3.7317061,3.7515209,3.7544205,3.7435346,3.7753227,3.777102,3.7625198,3.7755017,3.7783284,3.780082,3.7684307,3.7968047,3.797604,3.795218,3.7948856,3.7967682,3.806369,3.8041527,3.8001947,3.8002229,3.7982578,3.806465,3.8042119,3.79505,3.804359,3.8083003,3.8090072,3.8148987,3.8193078,3.8122904,3.814586,3.8371205,3.8360353,3.8363233,3.853624,3.8253248,3.83355,3.8327453,3.838966,3.8386295,3.8453593,3.8644128,3.8423603,3.851478,3.846501,3.8674185,3.8701746,3.8522658,3.8620498,3.8640642,3.8588097,3.8530915,3.8613625,3.8647404,3.866547,3.8575468,3.8599153,3.8650203,3.866703,3.856183,3.8536952,3.8607113,3.8640087,3.8626223,3.864544,3.8791678,3.872271,3.8554726,3.8841188,3.8749697,3.877952,3.864152,3.876071,3.889884,3.8541496,3.8725655,3.8789644,3.8374422,3.8727984,3.8603103,,,,,,,,,,,,,,,,,,,,,,,,,,
3.799649,3.8154824,3.8244812,3.8301797,3.807768,3.8279448,3.8146896,3.8332727,3.830077,3.8483632,3.8299148,3.8464572,3.8446496,3.8385913,3.844629,3.859808,3.8486803,3.865182,3.8627672,3.8668973,3.873951,3.8674643,3.8851538,3.8849578,3.8860242,3.8837879,3.893797,3.896046,3.8898063,3.9025764,3.8869889,3.8909354,3.9050179,3.8987842,3.8931992,3.914833,3.8996942,3.9087992,3.9111433,3.9000027,3.9116821,3.911298,3.9040055,3.9104486,3.88182,3.88563,3.8747363,3.8626115,3.838948,3.8389893,3.8337712,3.8168669,3.8114176,3.7585,3.7172945,3.7068973,3.6824934,3.6601985,3.6375206,3.6145532,3.5821295,3.5470927,3.5363297,3.522162,3.491756,3.4581873,3.408139,3.3997889,3.387489,3.3678458,3.3568199,3.333811,3.3247933,3.3177772,3.3156343,3.2901459,3.2853556,3.268434,3.2554007,3.258769,3.2495425,3.2271276,3.2284098,3.1984994,3.2153645,3.221484,3.192467,3.2260957,3.2138243,3.2076633,3.1976733,3.2015214,3.206985,3.220661,3.2176304,3.2198253,3.238415,3.2404995,3.2284324,3.2286081,3.235657,3.2564557,3.2689402,3.2553337,3.2738857,3.2918108,3.2878463,3.293468,3.2975373,3.3072083,3.3178577,3.3716106,3.3556552,3.3382673,3.3742788,3.3734455,3.3943808,3.392394,3.4113119,3.3978372,3.4084275,3.4484189,3.447076,3.473419,3.4732175,3.4731393,3.4711263,3.4760513,3.4757464,3.5252752,3.5192037,3.5507305,3.5723639,3.5605917,3.584441,3.5905454,3.5860555,3.580313,3.5609262,3.5808206,3.5813842,3.5818026,3.6454506,3.698884,3.8994958,3.7203643,3.7360425,3.7089353,3.7194743,3.7173166,3.7503383,3.7410817,3.721523,3.7328029,3.7337332,3.7103279,3.7220204,3.712099,3.7218947,3.708045,3.7047687,3.7252643,3.7092342,3.7168689,3.7134533,3.7373319,3.7395253,3.751396,3.7490687,3.7529802,3.7708123,3.7557662,3.7622223,3.7578423,3.7650032,3.7794635,3.7809982,3.7834785,3.7794883,3.7784784,3.775054,3.780546,3.7863886,3.7619562,3.781087,3.774711,3.7956746,3.7730398,3.8037407,3.786862,3.7903864,3.783674,3.8108563,3.7968867,3.7874777,3.7897785,3.779033,3.7871664,3.7772179,3.7950642,3.7852767,3.7918239,3.769164,3.7771544,3.773661,3.7684405,3.745673,3.7418363,3.7347577,3.7452228,3.7475724,3.7218614,3.7164319,3.7198896,3.7160523,3.7115512,3.7131708,3.711167,3.704969,3.7065175,3.6942592,3.7009077,3.687363,3.704278,3.6923873,3.6809745,3.6816719,3.6695402,3.6766272,3.660999,3.654103,3.650657,3.6294785,3.643515,3.6223636,3.6370225,3.640966,3.6347268,3.6234367,3.6156642,3.606535,3.6184385,3.6293035,3.6297357,3.6309588,3.606224,3.6349638,3.6211934,3.623213,3.626085,3.6165457,3.6117024,3.623748,3.6147804,3.6281898,3.63292,3.6330032,3.618386,3.6307728,3.6302445,3.625687,3.634154,3.6253483,3.6315277,3.63013,3.6379993,3.647594,3.641475,3.6445174,3.648853,3.6405776,3.6629548,3.6484466,3.642719,3.6545753,3.6439533,3.6326427,3.6345284,3.6455953,3.6420567,3.6657577,3.6649327,3.6445982,3.6679838,3.6608512,3.6694994,3.6630254,3.66106,3.6683505,3.6704342,,,,,,,,,,,,,,,,,,,,,,,,,,,,,,,,,,
3.552862,3.5521586,3.5314586,3.551749,3.529021,3.5492082,3.542162,3.5495193,3.5494878,3.532331,3.5248003,3.5170817,3.5270169,3.5047877,3.5311189,3.5072093,3.4904158,3.4965205,3.487185,3.5072117,3.4788132,3.4879045,3.4947069,3.4806564,3.4809425,3.4847214,3.465945,3.4873831,3.4662783,3.4758701,3.4814835,3.470091,3.4730427,3.4727402,3.4666853,3.4815764,3.4635513,3.465294,3.4702277,3.4631555,3.464627,3.463932,3.4627626,3.4710464,3.4536886,3.4638565,3.4470272,3.4534519,3.4408307,3.4249332,3.41761,3.4070117,3.4131608,3.3915038,3.3609953,3.3154845,3.30065,3.2705529,3.2526367,3.2143176,3.1872525,3.1497555,3.136324,3.0971298,3.113736,3.097715,3.084845,3.0678165,3.0154855,2.9970903,2.9842587,2.98205,2.9309647,2.9379694,2.9170992,2.9041145,2.8994823,2.8586347,2.8643777,2.8533885,2.8411708,2.8412974,2.8411932,2.8420157,2.8251913,2.830503,2.8324194,2.8366115,2.816105,2.8154798,2.8183484,2.8031683,2.809681,2.8227372,2.8147316,2.8162844,2.8193648,2.8331096,2.8158913,2.8487296,2.8293848,2.8443873,2.835451,2.842222,2.8430927,2.8510196,2.8496132,2.8850064,2.8809133,2.8881662,2.8861058,2.9183815,2.888054,2.9028645,3.0059056,2.9372873,3.3493674,3.2807329,3.310866,3.3467083,3.3440416,3.3308434,3.3273814,3.3715181,3.3671057,3.3612661,3.3787594,3.3698068,3.3880377,3.3886764,3.3834689,3.4042227,3.4084845,3.4079819,3.426694,3.448597,3.4612637,3.4601533,3.4672415,3.4731715,3.4800408,3.483169,3.4873319,3.496862,3.4827802,3.4939578,3.5118408,3.5052736,3.5046067,3.5062728,3.5055947,3.5131865,3.531685,3.5392077,3.536285,3.5401633,3.5489435,3.5512724,3.5393386,3.5520067,3.5453236,3.5489247,3.560386,3.5523894,3.566616,3.5490885,3.5720708,3.5532513,3.548368,3.5502772,3.5700643,3.5607123,3.556153,3.5419972,3.5549057,3.567811,3.5535564,3.5599537,3.5750735,3.5594358,3.5742898,3.5675058,3.5520747,3.5450552,3.5478575,3.551658,3.5436826,3.5525699,3.5417278,3.5483851,3.53222,3.5436563,3.5435371,3.5056503,3.519325,3.5062315,3.4694316,3.5348012,3.479533,3.5003312,3.4662359,3.466291,3.4354265,3.460669,3.4564345,3.445062,3.4611187,3.4377465,3.4330301,3.430184,3.4355652,3.4248502,3.4239557,3.4359555,3.432952,3.428916,3.423065,3.432485,3.406196,3.422697,3.4079564,3.4216015,3.4116514,3.406433,3.4175239,3.4106185,3.4039574,3.4211988,3.4010413,3.4083412,3.41446,3.4102154,3.4100912,3.4041383,3.3973548,3.4091284,3.402585,3.4078991,3.413948,3.409703,3.4399507,3.4355938,3.4150546,3.4150639,3.4070802,3.4223852,3.4304874,3.4430327,3.4312775,3.4492757,3.4360754,3.4420938,3.449713,3.4441557,3.4503696,3.475916,3.4878333,3.4794595,3.4672408,3.4951518,3.479885,3.5057173,3.4888535,3.4996731,3.5075126,3.5011327,3.5045216,3.4935713,3.5124788,3.5143392,3.5104163,3.528374,3.5459363,3.5270169,3.5359433,3.5351336,3.546635,3.5597472,3.5530066,3.5564961,3.5533423,3.562917,3.5585573,3.582763,3.5651927,3.5542076,3.569356,3.5848424,3.5885274,,,,,,,,,,,,,,,,,,,,,,,,,,,,,,,,,,,
3.221212,3.212988,3.2108386,3.1938362,3.199531,3.2107272,3.211847,3.2151241,3.2001743,3.2204607,3.2175484,3.20512,3.2161243,3.201061,3.2105973,3.2091563,3.2156534,3.2101827,3.2180452,3.2068317,3.2103581,3.2091384,3.2212887,3.2169106,3.2204802,3.2200823,3.2180746,3.2305682,3.2295952,3.223928,3.235879,3.2381287,3.2312715,3.2422957,3.2383487,3.2507782,3.2526047,3.2559736,3.2576604,3.273625,3.2675724,3.3027244,3.2877882,3.3030403,3.3106637,3.3062649,3.290799,3.3007004,3.2729726,3.2950096,3.2535956,3.2439928,3.238533,3.2360053,3.2132416,3.1983533,3.1622179,3.1506712,3.104948,3.088021,3.0583029,3.0467994,3.0147107,2.9963427,2.9766326,2.951948,2.9367237,2.91189,2.8675685,2.8591847,2.8356836,2.8420901,2.8307354,2.8021507,2.7899497,2.793018,2.7892663,2.7643719,2.7447574,2.7213235,2.713206,2.6926038,2.692596,2.6878498,2.691495,2.6974587,2.672979,2.6792166,2.6764646,2.6787255,2.6803284,2.671645,2.6611862,2.6678433,2.6675005,2.6652093,2.6703622,2.691672,2.6613302,2.6705403,2.6816404,2.6818197,2.667507,2.6931162,2.707645,2.7244196,2.7225325,2.7083616,2.7239983,2.751617,2.7681177,2.7547,2.7772694,2.7625122,2.7546241,2.8172522,2.8090034,2.7990003,2.8275344,2.8413157,2.8247683,2.8348308,2.8209221,2.8104324,3.0628831,3.109278,3.0900004,3.1265097,3.1190443,3.1076863,3.1276715,3.1333702,3.1425662,3.1171973,3.1188133,3.137494,3.1413214,3.1431181,3.1666667,3.1719084,3.1737714,3.1718564,3.1865268,3.1887379,3.1835747,3.1872067,3.184252,3.1933892,3.1977818,3.2095165,3.1909294,3.2095234,3.2127144,3.2255507,3.2290208,3.2244122,3.236163,3.217952,3.23849,3.2290866,3.2357805,3.238893,3.2338324,3.234697,3.2337918,3.249409,3.2377295,3.242349,3.2576363,3.2489746,3.248787,3.2454224,3.2398348,3.2347152,3.2325222,3.220694,3.2207084,3.223989,3.2171168,3.206141,3.2111967,3.1848345,3.170597,3.194602,3.1789985,3.1746633,3.1735024,3.1561885,3.164283,3.13303,3.14117,3.1241677,3.120747,3.1139483,3.11043,3.0998142,3.1535883,3.097493,3.098629,3.1053426,3.1103313,3.1092153,3.085182,3.089676,3.0786083,3.086772,3.0649502,3.0580444,3.0846472,3.0703738,3.050194,3.0560482,3.0320833,3.0444996,3.0383103,3.0436063,3.0249307,3.0413725,3.0280213,3.0293405,3.0237362,3.0049102,3.0209022,3.0106306,2.997935,2.994841,2.9996343,2.9883418,2.992928,2.9779103,3.002365,2.9981515,3.0004911,3.0117743,2.9909327,2.9820814,2.9855528,2.9882302,2.996896,2.9963598,2.996541,2.9951987,2.9984045,2.9985626,2.9936526,2.9966798,2.9940145,3.0025523,3.002147,2.9893622,2.9884293,2.99806,3.0088665,3.0132625,2.9928846,3.0147955,3.0068119,3.000013,3.0000336,2.999862,2.9996583,2.9910703,2.9901195,3.007203,3.0019743,2.9955595,2.999882,2.977974,2.9833713,3.0078595,2.9896076,2.988621,2.9726775,2.9912343,2.9800823,3.0044875,3.0054808,3.005727,2.9933882,3.0147488,3.0000734,3.006149,2.9965065,2.998274,2.989517,2.9912038,2.9870148,3.0039053,2.9808116,2.9935472,2.989896,,,,,,,,,,,,,,,,,,,,,,,,,,,,,,,,,
3.0295722,3.0164552,3.0005488,3.043433,3.014945,3.0093482,3.044513,3.025616,3.01064,3.025019,3.0141327,3.0273526,3.0295918,3.0212061,3.0343862,3.0122313,3.044204,3.0286524,3.0523157,3.0386786,3.0557852,3.05054,3.0440657,3.052233,3.056262,3.0508575,3.0436444,3.051327,3.050784,3.053833,3.0680563,3.064101,3.0660515,3.0572207,3.0786219,3.0679884,3.0693045,3.0740364,3.0933146,3.0706806,3.0982304,3.090909,3.094045,3.0993495,3.1195385,3.1126647,3.1078608,3.1208847,3.1256478,3.116953,3.1044488,3.0896041,3.0877013,3.0620854,3.0391839,3.0518742,3.0161602,3.0005093,2.963242,2.9336915,2.918134,2.892276,2.8927708,2.8627236,2.8463655,2.7961488,2.7824564,2.7646484,2.7432933,2.7440274,2.7385228,2.7145364,2.692794,2.6936393,2.681867,2.6350355,2.6366348,2.6370525,2.6056557,2.5948448,2.5861704,2.5913417,2.6019704,2.5718842,2.5989962,2.568026,2.5999842,2.580919,2.5743694,2.591755,2.5668306,2.5621333,2.568561,2.5863743,2.5900974,2.5833395,2.5627956,2.5930698,2.5768158,2.5732055,2.5891907,2.6105256,2.6169329,2.611104,2.6170561,2.6329708,2.6454008,2.6388266,2.6530755,2.659422,2.6823852,2.6888487,2.6948788,2.7313855,2.717829,2.7590241,2.774783,2.76531,2.7808218,2.788442,2.8172448,2.8104517,2.8130376,2.845259,2.8450136,2.8408742,2.851683,2.8733459,2.882796,2.8791752,2.8940995,2.9221244,2.9245677,2.9363613,2.9471433,2.95202,2.9642477,2.9757717,2.9759927,2.9348857,2.9719138,2.9508111,2.951743,2.9737196,1.8309205,1.2252558,3.1166668,3.0782292,3.0989232,3.113866,3.0959468,3.080777,3.1067247,3.0940266,3.131529,3.1219656,3.1257012,3.110523,3.1382916,3.1263394,3.14134,3.143005,3.132739,3.1402538,3.13333,3.150075,3.1346934,3.1422522,3.164739,3.1774952,3.1744707,3.1786551,3.1627321,3.1836793,3.1829586,3.184297,3.2015915,3.2047374,3.1876132,3.2109659,3.2004745,3.1959488,3.183019,3.213722,3.2118912,3.212681,3.2107756,3.2040205,3.2132983,3.212545,3.220775,3.1998825,3.2163615,3.2250063,3.2145023,3.2140076,3.210838,3.1977296,3.193926,3.2061481,3.2120128,3.2162893,3.1840649,3.1812131,3.1994965,3.1841366,3.1837902,3.1850555,3.1855342,3.1850083,3.1895869,3.187997,3.1832182,3.1806595,3.1820447,3.178364,3.1830664,3.1627338,3.1583643,3.1648278,3.1561012,3.130185,3.1728714,3.176243,3.1706786,3.1776896,3.1499228,3.153489,3.1457725,3.1652584,3.1593351,3.115277,3.1377835,3.1374362,3.1483264,3.1382382,3.122316,3.1380475,3.1361434,3.1296382,3.1298275,3.1330264,3.1218302,3.1461294,3.129474,3.1315773,3.1264024,3.1317632,3.1278577,3.112176,3.127504,3.1401727,3.1376016,3.1109128,3.1243203,3.1428719,3.1249766,3.1153605,3.1308756,3.1249776,3.1366248,3.1482518,3.1612535,3.1480632,3.1310065,3.14412,3.159859,3.1460605,3.1686418,3.1474469,3.1360824,3.1500328,3.1565273,3.1671085,3.1631444,3.1610394,3.1714647,3.1607091,3.1558053,3.165786,3.159259,3.150036,3.156779,3.1592925,3.158012,3.1727517,3.1447823,3.1575503,3.1576602,3.1482651,3.1319284,3.1527934,3.1396716,3.1543424,3.1452553,3.1589665,,,,,,,,,,,,,,,,,,,,,,,,,,,,
3.9740837,3.9600513,3.963207,3.957601,3.9495332,3.9468415,3.9640822,3.9431767,3.9636812,3.9647973,3.957396,3.9746199,3.9565675,3.9692218,3.9508238,3.950113,3.9616356,3.9650538,3.9653895,3.955934,3.9661796,3.9644406,3.9652596,3.9800055,3.972242,3.9677656,3.9774766,3.9632604,3.9818769,3.9813926,3.9833927,3.9862738,3.9887648,3.9935822,3.9990144,3.9857407,4.0022955,3.9914453,4.001219,4.0082097,4.008288,4.0112886,4.0067964,4.0190454,4.005638,4.02786,4.019932,4.0170197,4.0018535,4.00502,3.994466,3.9812772,3.9485476,3.9274657,3.9152498,3.90853,3.8767042,3.8365235,3.8234558,3.8040688,3.8008225,3.7295072,3.6945567,3.6786733,3.6619492,3.6565065,3.640686,3.6248376,3.5658004,3.5565448,3.543405,3.5243213,3.5172317,3.48565,3.4865556,3.4594238,3.4613903,3.4651957,3.4452615,3.4188068,3.4183078,3.3963768,3.394113,3.3878279,3.3950307,3.3748713,3.37599,3.3698273,3.3893244,3.3652158,3.3606534,3.3728018,3.3660522,3.3571568,3.36309,3.3715773,3.3682373,3.349481,3.364304,3.3799691,3.3761046,3.383453,3.394614,3.4142284,3.401003,3.3920355,3.383742,3.3800929,3.4052126,3.3967154,3.382693,3.3922043,3.4221241,3.7786162,3.6633806,3.7146533,3.698794,3.7145634,3.7171423,3.7410429,3.726465,3.7547858,3.7637656,3.760441,3.7682827,3.764013,3.7655904,3.7723248,3.7811677,3.7784808,3.817295,3.8108418,3.8192394,3.8379366,3.8193896,3.8233602,3.8347552,3.8305905,3.8424122,3.8333309,3.8300679,3.838104,3.8438468,3.846435,3.8339376,3.8478525,3.8431156,3.8424122,3.851009,3.8560321,3.855624,3.8573956,3.8594446,3.860266,3.8591924,3.8550494,3.864919,3.857484,3.8554425,3.8712933,3.864957,3.8608508,3.8448186,3.854388,3.8522851,3.8389347,3.8609118,3.8605783,3.8492603,3.854905,3.853409,3.8607278,3.8643737,3.8640096,3.86463,3.8544345,3.8712466,3.8575292,3.8603866,3.8513894,3.8308082,3.8514428,3.8585052,3.8281367,3.8390377,3.839313,3.8442838,3.830717,3.8360872,3.841698,3.8373964,3.8307972,3.8370128,3.8287444,3.8288047,3.8179796,3.8344855,3.8209846,3.812721,3.8210194,3.8245192,3.827366,3.8269,3.809555,3.806903,3.8050463,3.8198779,3.819969,3.8123302,3.817649,3.8226879,3.8031578,3.8058748,3.8083503,3.834733,3.8080065,3.8291526,3.8042789,3.8193448,3.836873,3.8075638,3.8211749,3.8046112,3.8328378,3.823329,3.8257897,3.837347,3.8304749,3.8334959,3.8295507,3.830093,3.82912,3.831369,3.8378308,3.8372092,3.8371227,3.8297532,3.8177361,3.8337708,3.8352177,3.8193552,3.829365,3.8206198,3.826787,3.8316543,3.8347192,3.8443105,3.8567927,3.8310275,3.8325968,3.8470197,3.8478096,3.8493476,3.8435807,3.8604674,3.8313377,3.8502119,3.8637698,3.8441322,3.845307,3.8524024,3.8484735,3.8471975,3.8521376,3.8509245,3.8503754,3.863985,3.8606637,3.8645542,3.8564534,3.8656225,3.8590395,3.8798945,3.8531618,3.8768632,3.8568926,3.8783712,3.8753092,3.8649623,3.8785672,3.8921483,3.8972127,3.8832166,3.889864,3.901638,3.8895237,,,,,,,,,,,,,,,,,,,,,,,,,,,,,,,,,,,,,,
3.5192366,3.5277188,3.5107136,3.5179136,3.5242631,3.5078526,3.5124958,3.5250807,3.5255013,3.5335274,3.5340426,3.5218883,3.5191667,3.5294416,3.5459056,3.5402071,3.5430508,3.5441098,3.5452297,3.550496,3.5476336,3.5469778,3.5551476,3.558272,3.5728967,3.5786855,3.576278,3.5746782,3.586106,3.593453,3.5983338,3.5946589,3.606257,3.6149628,3.6297128,3.6224155,3.6389427,3.6399336,3.6594245,3.6594617,3.6449962,3.6565099,3.6588445,3.6661453,3.6730793,3.6619747,3.6882331,3.681993,3.6679206,3.665544,3.6562684,3.6707325,3.6316733,3.5954096,3.57294,3.5551844,3.5373914,3.5461423,3.540515,3.507192,3.4945018,3.4306302,3.4117692,3.4014027,3.362175,3.3638973,3.3502212,3.3294194,3.3084297,3.27853,3.2846818,3.2631195,3.2644827,3.2435164,3.2378845,3.2192671,3.2082703,3.2159672,3.1866937,3.1641066,3.1704304,3.143101,3.1772184,3.1747918,3.1546955,3.1499102,3.147715,3.1308513,3.1428964,3.1513765,3.1449738,3.136969,3.1714673,3.149058,3.1739316,3.1686924,3.154126,3.1427562,3.1983914,3.1841927,3.1883852,3.2010303,3.2081788,3.2066963,3.1748602,3.1548462,3.1832561,3.1823335,3.2118409,3.1765842,3.4627922,3.551517,3.4842675,3.4697094,3.4781132,3.4924402,3.4739292,3.511233,3.5155585,3.5194643,3.5510097,3.5576777,3.5389893,3.581805,3.5862863,3.5835795,3.5919335,3.591096,3.6078181,3.608904,3.610169,3.6149855,3.6164389,3.617732,3.6173162,3.6192431,3.6257064,3.6265385,3.6247838,3.6417797,3.6368952,3.6424465,3.6527765,3.642714,3.6608825,3.6405632,3.6430788,3.6547694,3.6692321,3.6733978,3.6574752,3.6718554,3.691381,3.6849868,3.6841722,3.6746368,3.6882567,3.6826105,3.6992724,3.674837,3.6873848,3.7153003,3.702608,3.677431,3.685315,3.6900868,3.6898322,3.6869931,3.6926746,3.7042856,3.696724,3.6948717,3.6934817,3.6938639,3.7002015,3.6871154,3.684358,3.6852038,3.6868243,3.693388,3.6758149,3.685243,3.6708138,3.6620562,3.6586428,3.6617744,3.6800497,3.6610563,3.6744971,3.6629906,3.6626513,3.6713023,3.6701937,3.6596284,3.6635187,3.6627734,3.6596465,3.667998,3.654565,3.6549325,3.6574717,3.6493602,3.6600645,3.6712008,3.6681142,3.6651475,3.6596098,3.6437578,3.6625373,3.630907,3.641695,3.6381006,3.6513999,3.6572971,3.6608431,3.655359,3.6616526,3.6590035,3.6665072,3.652365,3.6590827,3.6644378,3.6492286,3.6445937,3.6487703,3.667062,3.6752152,3.654631,3.6461065,3.6602314,3.6667216,3.6757824,3.6697657,3.6677163,3.6724303,3.669318,3.6488118,3.6662323,3.6587093,3.6655338,3.6713946,3.6641865,3.6631858,3.6648824,3.6697874,3.6711938,3.66252,3.6670647,3.6729536,3.6756597,3.6722682,3.7067995,3.6904724,3.7024534,3.70008,3.7050726,3.7068794,3.7145033,3.7040856,3.742518,3.7335474,3.7337067,3.731508,3.7365162,3.742312,3.7511022,3.7590697,3.7409601,3.7762935,3.75405,3.7527308,3.7719376,3.770187,3.7708023,3.7795424,3.7798138,3.7739668,3.7808285,3.8033879,3.8341749,3.7701638,3.7887125,3.820343,3.8235128,,,,,,,,,,,,,,,,,,,,,,,,,,,,,,,,,,,,,,,,
3.0513194,3.0551534,3.0548341,3.0740504,3.055917,3.0626144,3.0654316,3.071564,3.0721505,3.072355,3.088834,3.1008515,3.092632,3.1182199,3.1008773,3.122329,3.118822,3.1331792,3.1315372,3.1312497,3.1470647,3.139947,3.1484418,3.1693668,3.1676762,3.1738462,3.1545403,3.1714067,3.1605952,3.18625,3.1817007,3.1902688,3.1915824,3.1852708,3.195034,3.1969233,3.1952124,3.207356,3.198876,3.2043574,3.2157283,3.1932852,3.2084122,3.2203557,3.2047608,3.211286,3.2211723,3.2390313,3.216738,3.2181935,3.1952312,3.185851,3.179626,3.1652203,3.1536682,3.1324706,3.0740592,3.0602212,3.0501177,3.027303,2.9995089,2.9914849,2.9662201,2.9248598,2.9014764,2.898206,2.896747,2.8605094,2.8634503,2.8414395,2.8399293,2.808089,2.812097,2.7864294,2.7771473,2.745435,2.7814028,2.7501855,2.7537644,2.7456007,2.7423418,2.7446067,2.7335765,2.742473,2.7378957,2.7389903,2.7466617,2.7409956,2.7435384,2.7449126,2.7358212,2.747359,2.7398295,2.7425904,2.744989,2.7547996,2.7637472,2.7721856,2.771738,2.782627,2.8057225,2.818444,2.8110232,2.814849,2.8415897,2.81784,2.8258977,2.8360698,2.8354065,2.8329515,2.8576343,2.8401964,2.8621957,2.880672,2.9009802,2.8671813,2.9137359,3.1609182,3.170608,3.112768,3.12062,3.1251273,3.1148884,3.1371746,3.1388423,3.1435056,3.1286159,3.137074,3.1460414,3.1741836,3.191979,3.1985645,3.1978083,3.2111855,3.2114818,3.2026484,3.1958957,3.2023993,3.1945865,3.237335,3.2075627,3.2102551,3.2079113,3.2349963,3.24111,3.2540643,3.232859,3.2570248,3.2460008,3.2444224,3.2408586,3.2665849,3.2388518,3.2589054,3.2485132,3.2657714,3.2662268,3.2647178,3.2548902,3.2620878,3.2705188,3.267487,3.2677164,3.2759676,3.2718022,3.2756386,3.2785034,3.2632825,3.2865024,3.2742047,3.2777765,3.2823296,3.2860882,3.281425,3.281284,3.2809663,3.278923,3.2729585,3.2699926,3.2703352,3.2733347,3.2759585,3.2774816,3.2662358,3.2769976,3.2813995,3.273073,3.2611315,3.2643747,3.249427,3.2522972,3.251725,3.251604,3.2449677,3.260392,3.2472534,3.2524185,3.2506757,3.246675,3.2685754,3.251254,3.2264373,3.2466688,3.236558,3.2535846,3.2472222,3.2233953,3.2525268,3.2324982,3.2481148,3.2085505,3.2239802,3.231574,3.2250917,3.2368267,3.222103,3.2330222,3.2284458,3.2347069,3.2338135,3.2248025,3.230892,3.2387564,3.2304027,3.2362254,3.228307,3.2422986,3.2270238,3.2311208,3.2372575,3.2472324,3.2339165,3.2362986,3.2257073,3.2223392,3.2315032,3.222607,3.2199044,3.233302,3.2339203,3.2241404,3.2372055,3.220147,3.2301042,3.2377887,3.2277956,3.2349367,3.2225385,3.2347674,3.237386,3.2319052,3.234322,3.2348242,3.2269695,3.2380867,3.2439823,3.238899,3.242463,3.250436,3.2457232,3.2479935,3.2606943,3.2440512,3.2474368,3.245415,3.254283,3.2653072,3.2679605,3.2872658,3.2863126,3.2863624,3.2933116,3.29624,3.3073668,3.3026729,3.3017726,3.3151977,3.3114662,3.3174293,3.322057,3.3165586,,,,,,,,,,,,,,,,,,,,,,,,,,,,,,,,,,,,,,,,,,,
3.8327742,3.813826,3.8079755,3.819675,3.833272,3.8206513,3.821668,3.8177168,3.8191292,3.8352132,3.8321676,3.8259501,3.8269024,3.8291695,3.8498647,3.8288856,3.8411365,3.8333251,3.8625839,3.836763,3.8366253,3.85484,3.8508558,3.8537617,3.8494031,3.8629735,3.8563724,3.8692825,3.867847,3.8661232,3.8597145,3.8890524,3.8980057,3.9145234,3.8835406,3.9253032,3.8885217,3.8947234,3.9148085,3.8977697,3.92387,3.9185236,3.9174445,3.9254396,3.9067483,3.9221134,3.930745,3.9102402,3.913014,3.9096477,3.8816667,3.864687,3.8591807,3.8437424,3.830477,3.79761,3.7915218,3.7335393,3.7168393,3.7039804,3.675431,3.6558113,3.6266677,3.6136093,3.5679727,3.544867,3.5371647,3.5285878,3.5182846,3.4888651,3.4727345,3.4612052,3.4244907,3.406143,3.3920417,3.3815145,3.3726954,3.3663833,3.3689532,3.3538692,3.3490915,3.3425372,3.3414307,3.3316667,3.3425996,3.3325255,3.3131726,3.3115344,3.2938604,3.3074846,3.3034914,3.3012092,3.2917252,3.3368065,3.3224988,3.3171957,3.3132284,3.306045,3.332341,3.328622,3.332512,3.3325202,3.3502746,3.336612,3.3289697,3.3406386,3.3405664,3.3387375,3.3358648,3.320679,3.6002784,3.7442007,3.6079528,3.6119907,3.6182318,3.622601,3.6073565,3.656173,3.6258292,3.6567874,3.638662,3.6401832,3.6716006,3.6549401,3.6713579,3.663628,3.6857939,3.6873536,3.6771343,3.7029984,3.7139287,3.704655,3.7180672,3.725708,3.7410505,3.7434464,3.73329,3.7419815,3.7694952,3.7586708,3.7638679,3.7670662,3.770301,3.7669783,3.7740586,3.7727637,3.7882895,3.7967186,3.7818158,3.7957604,3.7879252,3.797111,3.7946315,3.8113565,3.7930753,3.8006392,3.7940085,3.7946217,3.8209572,3.7990236,3.8136308,3.806853,3.7756956,3.8066242,3.7930233,3.7750158,3.7877204,3.7877014,3.79871,3.8119566,3.8105943,3.797856,3.8091583,3.786812,3.7927654,3.7808933,3.7924728,3.8004308,3.7975924,3.813499,3.796601,3.7694714,3.7965896,3.7937334,3.792582,3.7813683,3.7929494,3.7734036,3.7800543,3.7894175,3.7677693,3.780889,3.7663732,3.776495,3.7530754,3.7435758,3.7640219,3.7626762,3.7563543,3.7495134,3.7545023,3.7505267,3.732759,3.7574415,3.7443507,3.7449496,3.7466075,3.7249157,3.7446656,3.737608,3.7369225,3.7454495,3.7362013,3.746383,3.7385108,3.7380445,3.71718,3.7453146,3.7646787,3.7326348,3.7373953,3.7559597,3.7441514,3.7196887,3.728904,3.7377787,3.7445502,3.7574027,3.75997,3.7377088,3.7688248,3.7744987,3.74461,3.7598147,3.7761018,3.76749,3.7441654,3.7612019,3.7548964,3.7559278,3.7573683,3.7546778,3.7817957,3.774823,3.7874508,3.7804325,3.7694716,3.7728312,3.788951,3.8065062,3.7681165,3.8071852,3.7933342,3.7862434,3.808462,3.7961726,3.8109632,3.7932794,3.8038328,3.7937827,3.7968097,3.8119974,3.8000324,3.7926087,3.8168473,3.8075976,3.804772,3.8043065,3.80463,3.8182914,3.826449,3.7964005,3.8251038,3.806764,3.8287387,3.8034203,3.8166227,3.8192787,3.8162165,3.80907,3.8179967,,,,,,,,,,,,,,,,,,,,,,,,,,,,,,,,,,,,,,,,,,,
4.0053363,4.0079308,4.013983,4.0016365,4.004642,4.0129733,4.0090604,4.003093,4.000133,4.0032825,4.0006332,4.006437,4.0086274,4.015614,4.017963,4.0095234,4.0046697,4.0080986,3.9998536,4.0167594,4.005861,3.9886801,4.0104733,4.0010066,4.0114217,4.0000744,4.0023556,4.0328145,4.000434,4.005709,4.0071335,4.004006,4.003615,3.997135,3.994334,3.9929693,3.9903462,3.9833837,3.9914124,3.985713,4.006827,4.0083733,3.999162,4.0148883,4.0017366,3.9893758,3.973189,3.9702737,3.9512022,3.9287045,3.924516,3.8927784,3.8806503,3.8586025,3.829668,3.7992656,3.7626789,3.732526,3.694942,3.653146,3.6338496,3.6177623,3.5848062,3.5426247,3.5155118,3.4689393,3.4568522,3.4280095,3.3916364,3.380731,3.3389704,3.3246386,3.3220809,3.309384,3.2913666,3.276042,3.2568858,3.2385106,3.2306664,3.1990592,3.185028,3.1582031,3.1669648,3.148466,3.1559618,3.1455085,3.1276324,3.138521,3.14449,3.1291134,3.1331258,3.1114278,3.1151834,3.1152334,3.0976028,3.0860183,3.1078653,3.0954,3.084765,3.067376,3.0802824,3.0793905,3.0459154,3.043827,3.047315,1.3674388,3.308746,3.2880044,3.3412228,3.3743508,3.4049847,3.420273,3.4272745,3.4224157,3.4444907,3.4728665,3.4988506,3.4662855,3.4955976,3.49222,3.502184,3.5285137,3.5208077,3.5226555,3.5384538,3.526702,3.5593116,3.5760245,3.5597816,3.5700603,3.5743678,3.607096,3.6021786,3.5731256,3.6157784,3.6200788,3.6213233,3.6231072,3.6481829,3.6508565,3.6580672,3.6583285,3.666598,3.6748562,3.6633174,3.6830966,3.667965,3.7044775,3.6870105,3.6916497,3.690115,3.714407,3.7119746,3.7503219,3.7396827,3.7267406,3.7360342,3.7846968,3.7463443,3.7342877,3.7382102,3.752365,3.7661288,3.7704537,3.7759874,3.7779396,3.760688,3.786554,3.7787275,3.7855353,3.7798548,3.7795036,3.7937663,3.7721841,3.780292,3.793727,3.7704144,3.7793107,3.7660894,3.770546,3.7797754,3.7860088,3.7880225,3.7801163,3.7732513,3.7843168,3.7874749,3.779653,3.7855592,3.792846,3.7816548,3.7732532,3.7794325,3.7635949,3.764201,3.7773232,3.792039,3.764226,3.7809694,3.7588208,3.7669432,3.7820861,3.7652936,3.7637985,3.7545729,3.7682288,3.76325,3.7665873,3.7486928,3.76867,3.7677488,3.7563276,3.762347,3.7584016,3.7470524,3.7380176,3.7560885,3.740375,3.7635896,3.74765,3.7575984,3.761721,3.754656,3.7471719,3.7454865,3.7673597,3.7642443,3.752905,3.7569242,3.7601385,3.7645254,3.7512655,3.7840552,3.765498,3.746644,3.7716787,3.740724,3.7495964,3.7339268,3.746239,3.7437418,3.7564857,3.7490907,3.7581499,3.7543018,3.7564018,3.7556849,3.7516706,3.7557487,3.7368555,3.7486138,3.7568562,3.7550526,3.7559931,3.772375,3.743753,3.763173,3.7586954,3.7717557,3.7504578,3.7747824,3.7614894,3.768567,3.7760754,3.7619827,3.7540834,3.752403,3.7772088,3.760078,3.7645168,3.7755642,3.7441664,3.766015,3.7532616,3.750025,3.75998,3.7517626,3.7663648,3.755388,3.7567754,,,,,,,,,,,,,,,,,,,,,,,,,,,,,,,,,,,,,,,,,,,,
3.8155646,3.8114634,3.8140702,3.8115666,3.8072226,3.8034627,3.7966576,3.8190804,3.8031573,3.8028524,3.8158767,3.8022242,3.8090954,3.8094342,3.8043857,3.7974281,3.8083444,3.7896924,3.8093987,3.8172767,3.8032303,3.81528,3.8101952,3.804872,3.806102,3.824482,3.822222,3.811096,3.8109338,3.8102603,3.8063252,3.808969,3.8091264,3.8262212,3.8202128,3.828291,3.815332,3.840061,3.8313532,3.8281045,3.8373692,3.8469229,3.848635,3.8451703,3.8519435,3.852486,3.8504372,3.8370256,3.852845,3.8293574,3.8542335,3.832344,3.8273757,3.806318,3.8101532,3.8079102,3.7491074,3.745982,3.7069619,3.6724956,3.6682618,3.64354,3.6226764,3.5817478,3.5792923,3.5396128,3.5152571,3.4894893,3.4715207,3.4461758,3.4250436,3.3945825,3.3970306,3.38694,3.3858232,3.3792806,3.365539,3.321599,3.2877452,3.2635229,3.290502,3.2619612,3.2441432,3.2515547,3.2316272,3.2289584,3.2314703,3.2225327,3.2112896,3.2111692,3.2309096,3.2203887,3.234248,3.197427,3.2186024,3.222522,3.2238607,3.2172828,3.2256656,3.198153,3.2145717,3.2044854,3.2377143,3.2573829,3.242982,3.2263722,3.2635105,3.2662578,3.2356496,3.2410014,3.2479618,3.3320537,3.5936866,3.6415212,3.6178644,3.5837235,3.5807695,3.6117246,3.5880525,3.5989392,3.6189344,3.6346319,3.614914,3.6555762,3.6536663,3.6666613,3.6865156,3.6785283,3.6656177,3.6964672,3.6802385,3.6876519,3.7123332,3.7138991,3.7200463,3.7269495,3.7275372,3.734128,3.7285373,3.740189,3.7360144,3.7410629,3.7554102,3.7587101,3.7429762,3.7656825,3.7697122,3.762446,3.7713141,3.7654815,3.7612453,3.7946112,3.787123,3.7900414,3.7785425,3.7955241,3.775494,3.8082106,3.796525,3.8102038,3.802118,3.7993536,3.8108408,3.83251,3.8231359,3.79319,3.7914152,3.7982223,3.7870486,3.7878907,3.7906349,3.789854,3.7811105,3.792542,3.7629738,3.7861898,3.7776139,3.7830153,3.781692,3.7845454,3.781745,3.7779887,3.7850368,3.7750957,3.772003,3.7813728,3.7487001,3.778581,3.7465363,3.7681656,3.7608752,3.7586436,3.7359998,3.7777104,3.7533588,3.741935,3.7716703,3.7418823,3.7442017,3.7425082,3.7458951,3.728733,3.7365186,3.7469034,3.706739,3.7100768,3.727487,3.7096186,3.7276084,3.7311716,3.7379522,3.7197185,3.7241611,3.7307794,3.736397,3.7025826,3.731159,3.739979,3.7450893,3.7348316,3.7219045,3.7322018,3.741071,3.7411933,3.7375436,3.7404683,3.743838,3.7460053,3.7210908,3.7391932,3.7532222,3.7811377,3.7557735,3.7455292,3.7251775,3.7397757,3.7407026,3.7414405,3.737705,3.7423203,3.7397597,3.7387164,3.758334,3.7612484,3.7621405,3.7640824,3.7469063,3.766035,3.761614,3.7698026,3.7708752,3.7930474,3.7812645,3.787984,3.802944,3.7864783,3.7959917,3.801914,3.801189,3.8309214,3.81893,3.812762,3.8111873,3.812608,3.8110886,3.8211915,3.8226693,3.808375,3.8189273,3.8302515,3.8380103,3.8471735,3.8446429,3.847292,3.84448,3.8421767,3.8421235,3.846106,3.8529625,3.847961,3.8542778,3.8599882,3.863117,3.8581743,3.8649123,3.8680637,3.8553467,3.8853896,3.8697774,3.8668294,3.8809762,3.8817775,3.8697958,,,,,,,,,,,,,,,,,,,,,,,,,,,,,,,
3.510846,3.5005116,3.5045586,3.4998417,3.5014575,3.5019593,3.5026147,3.484851,3.516684,3.518222,3.5257242,3.5046,3.513432,3.5061495,3.531677,3.5308075,3.527482,3.5340147,3.5478597,3.5226045,3.5369632,3.5495667,3.5447962,3.542904,3.5399365,3.5350413,3.538293,3.5478475,3.5341518,3.5373836,3.546307,3.531282,3.5476592,3.5263917,3.5388122,3.544438,3.5235474,3.5365093,3.525747,3.5333877,3.5264623,3.5204475,3.523047,3.5201664,3.525688,3.516034,3.5213454,3.5146332,3.5000913,3.5005033,3.4720628,3.443541,3.3921046,3.3800814,3.3846133,3.3293269,3.319623,3.305479,3.279387,3.233473,3.2138789,3.1745837,3.120702,3.120957,3.0934777,3.0892172,3.0708623,3.031056,3.0162065,2.9866564,2.9746587,2.9562516,2.9581187,2.9177926,2.894505,2.869975,2.858616,2.8259966,2.8572063,2.8250844,2.8134005,2.8181055,2.797084,2.7942042,2.794174,2.7658367,2.7792385,2.753763,2.7900953,2.7657642,2.763065,2.7971613,2.7918477,2.792299,2.7746992,2.795036,2.796232,2.800433,2.7939508,2.7863364,2.7922971,2.8069625,2.801956,2.8053117,2.8111992,2.8113945,2.8210618,2.8361557,2.8553185,2.8503692,2.8517315,2.8885515,2.8960078,2.8909233,2.8963447,2.894253,2.9233708,2.9362977,2.9302077,2.9588482,3.007189,3.341272,3.3099077,3.3782058,3.3814898,3.3815897,3.3876677,3.3957977,3.4098332,3.4209063,3.4189157,3.4258149,3.4246905,3.4305162,3.4217887,3.461367,3.444365,3.4285798,3.4701436,3.4544673,3.45076,3.479189,3.4752624,3.4861808,3.50252,3.507485,3.4998267,3.4972835,3.5199096,3.5289469,3.5267744,3.5304332,3.5309343,3.5330904,3.5307026,3.5306659,3.531801,3.5364666,3.5302272,3.5426853,3.5409303,3.5563383,3.5490317,3.538218,3.567769,3.5734706,3.5527925,3.5625665,3.5741556,3.5764904,3.5659616,3.5614083,3.5589566,3.5675273,3.5491998,3.5663183,3.5496743,3.5365982,3.5488672,3.535973,3.5570228,3.5415812,3.542092,3.5172827,3.535321,3.536999,3.5219169,3.5209093,3.5174432,3.535533,3.5088017,3.5093215,3.515826,3.518687,3.4985328,3.4959278,3.4866657,3.4987416,3.489723,3.482435,3.4847734,3.4773216,3.4592426,3.4562063,3.4566777,3.4501421,3.457558,3.469457,3.4480696,3.4334664,3.4282768,3.4245822,3.4485576,3.4390445,3.4241154,3.4288058,3.4301965,3.4203084,3.428937,3.420297,3.4112897,3.4130335,3.4137206,3.4079661,3.408891,3.4146106,3.4089732,3.413035,3.4122043,3.4123867,3.4084058,3.4055414,3.4131832,3.4184723,3.4070883,3.3973222,3.4143496,3.4071984,3.4087684,3.3880892,3.4231243,3.406314,3.39514,3.3889456,3.3876,3.4114013,3.3873563,3.4200597,3.4125357,3.4115715,3.4334464,3.433957,3.4165444,3.4408414,3.4297044,3.4355106,3.4418156,3.4489336,3.430208,3.4360933,3.448369,3.4417105,3.4522734,3.44035,3.4557192,3.453252,3.4553063,3.4560595,3.4580517,3.4618292,3.4536843,3.457082,3.4852455,3.4727721,3.4697752,3.4932368,3.4881592,3.4895756,3.4830766,3.4827337,3.4887636,3.4939306,3.5126085,3.5157716,,,,,,,,,,,,,,,,,,,,,,,,,,,,,,,,,,,,,,,,
3.558837,3.57716,3.5627756,3.5703385,3.5614507,3.5757184,3.5642471,3.562278,3.5603123,3.5774577,3.5370214,3.5627866,3.563443,3.5680141,3.5637937,3.5619433,3.5687642,3.5548098,3.580433,3.5899508,3.5745816,3.5747383,3.591083,3.5837302,3.5790498,3.593181,3.590782,3.5812712,3.589573,3.592034,3.5888875,3.601312,3.6073964,3.5905938,3.6012409,3.6153338,3.6117535,3.6140897,3.6096485,3.6150732,3.6259854,3.6248896,3.6197069,3.6187963,3.6092627,3.6058314,3.6233222,3.6166031,3.591874,3.5934033,3.5616086,3.5285647,3.4949038,3.478808,3.4587393,3.4479325,3.402981,3.3898473,3.3831255,3.3513439,3.265262,3.2562146,3.2444553,3.2374315,3.2265499,3.1739326,3.1681073,3.1190062,3.1175406,3.0937881,3.0618773,3.0582764,3.0419729,3.0316179,3.0283017,3.0163243,2.9782994,2.9728765,2.9405878,2.9363978,2.9393637,2.942482,2.876135,2.8546042,2.8679647,2.8827982,2.8815615,2.8725815,2.87749,2.8893368,2.894622,2.9027793,2.9077802,2.9158444,2.9277341,2.9348166,2.909269,2.913601,2.9328249,2.9196806,2.3062458,3.2706738,3.2656467,3.2829163,3.2787542,3.2711384,3.290999,3.2977993,3.2919922,3.2980754,3.3016603,3.3041322,3.3173106,3.3182204,3.328088,3.330563,3.3347409,3.3386638,3.3443353,3.3520856,3.3615844,3.3484862,3.351445,3.3713386,3.3838086,3.379335,3.3786807,3.3653073,3.3786054,3.368338,3.3799639,3.382181,3.3614588,3.3672533,3.392594,3.3778813,3.3979747,3.3815296,3.3884747,3.386792,3.4112515,3.3880816,3.4013948,3.3884711,3.3741317,3.3827841,3.400418,3.3840444,3.3611023,3.372349,3.3681653,3.418537,3.3900566,3.3961778,3.3795784,3.3693938,3.3740954,3.3713331,3.361838,3.359865,3.38106,3.383212,3.3694432,3.3655207,3.374872,3.3603337,3.3655746,3.3623807,3.3554182,3.3737411,3.359604,3.361981,3.3529909,3.3486922,3.3521264,3.353734,3.3528574,3.362117,3.3552487,3.3416517,3.3425214,3.3527548,3.3441494,3.3529723,3.3494554,3.3269806,3.3383837,3.3315854,3.3477247,3.336246,3.3429475,3.3352232,3.3410678,3.3358612,3.3429039,3.3362877,3.3392186,3.3358195,3.3381157,3.3370714,3.3407695,3.3277533,3.3300335,3.3381808,3.3221555,3.3282862,3.3263612,3.3180745,3.3321655,3.3189619,3.3213716,3.3312871,3.3434834,3.3195958,3.3313081,3.3174922,3.3244107,3.3313384,3.325104,3.335614,3.3003001,3.3350136,3.3106086,3.321305,3.304588,3.3092842,3.3090746,3.3259215,3.3125012,3.3120186,3.321198,3.313895,3.3181958,3.334461,3.3196177,3.3337393,3.3284109,3.3374662,3.3257256,3.3271542,3.3615117,3.3423114,3.329533,3.3427286,3.3177538,3.3288577,3.3373396,3.3391633,3.3238358,3.3395796,3.3497224,3.3373098,3.3471699,3.3570802,3.347278,3.371369,3.355753,3.354121,3.3789499,3.3506515,3.343823,3.3790874,3.3848312,3.3810225,3.377314,3.3718133,3.3753989,3.3802516,3.3790917,3.3983083,3.3890963,3.3890288,3.418114,3.4044065,3.4056416,3.4141438,,,,,,,,,,,,,,,,,,,,,,,,,,,,,,,,,,,,,,,,,,,,,,,,
3.526102,3.5364187,3.5472906,3.537047,3.5327938,3.539709,3.5197923,3.5276968,3.5261176,3.522024,3.5170333,3.526373,3.523096,3.5115077,3.5196023,3.520627,3.51754,3.5228403,3.5318804,3.5244656,3.533776,3.5231328,3.5347915,3.529529,3.5271807,3.538208,3.546413,3.537343,3.5237415,3.532383,3.54947,3.5313654,3.540955,3.5249145,3.5410855,3.5317848,3.5395749,3.549526,3.561313,3.5508583,3.5780113,3.5577798,3.5676525,3.5765195,3.5773942,3.573799,3.5736492,3.562398,3.560996,3.5632615,3.5329065,3.531101,3.5231946,3.5074353,3.5091949,3.4425576,3.4405172,3.3849125,3.3686385,3.358408,3.3447921,3.31808,3.2806668,3.2607067,3.214443,3.1902058,3.161656,3.1370208,3.1364288,3.117896,3.1158106,3.096973,3.0698223,3.0468028,3.0467956,3.0143747,3.003292,2.987838,2.9817455,2.976068,2.9689493,2.9354134,2.940411,2.9249253,2.932378,2.9387407,2.912078,2.9186404,2.9209914,2.900945,2.9006457,2.9043624,2.9032297,2.8978183,2.8850358,2.8716242,2.868701,2.834838,3.1139498,3.1235785,3.137703,3.1625705,3.1702616,3.1918643,3.2009451,3.1907353,3.2074652,3.2046523,3.2102468,3.2209628,3.226614,3.2425523,3.2305439,3.2431612,3.2609885,3.2792974,3.2794805,3.271304,3.2771702,3.2895772,3.2960837,3.295375,3.2909436,3.287505,3.3018308,3.3006887,3.3092244,3.3263018,3.3222175,3.3454404,3.3585281,3.3425307,3.3665323,3.3565636,3.3765872,3.375296,3.3824842,3.3990424,3.3991055,3.381396,3.3633034,3.3957975,3.384794,3.3965273,3.3850775,3.3833358,3.3606603,3.3869503,3.3832824,3.3929045,3.3923194,3.390437,3.385718,3.3610144,3.3649669,3.3588953,3.3439102,3.3650422,3.3902721,3.4043512,3.2719607,3.2907717,3.3005445,3.2927032,3.304326,3.2971222,3.3141189,3.2935345,3.296036,3.310044,3.2928,3.3133311,3.313368,3.3167546,3.3119025,3.3154502,3.3093255,3.314781,3.3148491,3.3152335,3.3102915,3.305036,3.3158796,3.3084996,3.314298,3.319654,3.3283217,3.3021777,3.3283803,3.3161907,3.3174703,3.3365972,3.3274577,3.3310828,3.344367,3.3389468,3.3354106,3.3410614,3.3464234,3.3424656,3.334412,3.333553,3.3532887,3.350286,3.343625,3.3443027,3.3554745,3.324277,3.356585,3.3390868,3.336839,3.336494,3.335101,3.3290324,3.3457668,3.331581,3.34475,3.3516686,3.364745,3.324056,3.3192036,3.3564706,3.3408546,3.3611875,3.375102,3.3447378,3.3687818,3.3392663,3.3368587,3.3380103,3.336325,3.3377306,3.3146453,3.346661,3.3329415,3.317368,3.3167539,3.325698,3.3189929,3.3068447,3.3151064,3.2910986,3.3032131,3.303933,3.3035243,3.3014054,3.3034081,3.3058677,3.3042614,3.2948136,3.308001,3.2822294,3.2932885,3.2971566,3.282229,3.2678971,,,,,,,,,,,,,,,,,,,,,,,,,,,,,,,,,,,,,,,,,,,,,,,,,,,,,,,,,,,,,,,,,,,,
3.1862624,3.186484,3.1861448,3.1865945,3.1859179,3.201995,3.1925728,3.1988418,3.2067344,3.1630807,3.1721237,3.182321,3.1977413,3.20462,3.1918323,3.1982656,3.19278,3.2094252,3.198912,3.20233,3.2055922,3.2112067,3.2167025,3.222393,3.2196765,3.2081363,3.2337375,3.246895,3.2361836,3.2476983,3.2377489,3.240162,3.248616,3.2559137,3.234609,3.2447884,3.2551513,3.2635276,3.2544634,3.2634318,3.2577798,3.268421,3.2675102,3.2794585,3.2817502,3.2759893,3.2773254,3.2744908,3.272928,3.2916305,3.277912,3.2813432,3.2691684,3.2744994,3.265,3.2594366,3.2153635,3.1872125,3.1806495,3.1373668,3.137467,3.1348853,3.097932,3.0974534,3.0794413,3.0390322,3.0201566,3.0240242,3.0129535,3.0058408,2.9946532,2.9869092,2.9695876,2.9661646,2.9340215,2.926106,2.913379,2.9131024,2.9232514,2.9012957,2.9015567,2.8954175,2.8884296,2.8691285,2.8743415,2.8853052,2.8864284,2.8803682,2.880212,2.8878486,2.8934705,2.8815744,2.8938227,2.880446,2.8866034,2.9102204,2.9223564,2.910165,2.9106846,2.9102318,2.9085963,2.9458287,2.9409184,2.9464047,2.9600744,2.96003,2.9642642,2.9539196,2.980318,2.9876432,3.023252,3.0272162,3.0214024,3.0579076,3.0539129,3.0505714,3.0645554,3.0662131,3.0620468,3.0775497,3.069501,3.0913413,3.0939453,3.1190543,3.131247,3.119968,3.1427643,3.139444,3.1654644,3.1565676,3.1524658,3.154977,3.1712189,3.1651647,3.181572,3.1863956,3.1888287,3.1907265,3.2080905,3.2057405,3.2160106,3.20937,3.2095273,3.2428474,3.254419,3.2465615,3.2492352,3.2583044,3.2465806,3.272747,3.2841928,3.27026,3.2756865,3.2822316,3.2945333,3.2992573,3.2962704,3.2929442,3.3098185,3.3038406,3.3201447,3.3131757,3.3227022,3.350007,3.3412776,3.3418674,3.3096683,3.337324,3.298336,3.3042154,3.3069904,3.3257976,3.2744467,3.3411438,3.3322587,3.4225738,3.31303,3.3656461,3.3730195,3.3540072,3.3495173,3.3431602,3.3406732,3.3392718,3.3389225,3.3611517,3.3600638,3.3833144,3.3834324,3.3958757,3.3780675,3.392811,3.3955388,3.3943574,3.4001899,3.412086,3.411792,3.4201407,3.414527,3.4087348,3.4133837,3.4216537,3.4134166,3.4103818,3.4259286,3.4240477,3.4271898,3.4313004,3.4270706,3.4202745,3.429243,3.4410822,3.4393628,3.4383576,3.417729,3.4174538,3.4445338,3.4376438,3.420019,3.4426594,3.4448948,3.4412634,3.436391,3.4468057,3.4301429,3.4460526,3.4120076,3.4376888,3.4186096,3.4366136,3.4356241,3.416645,3.4105067,3.3863053,3.4039576,3.40927,3.4066894,3.3828654,3.377718,3.379372,3.376997,3.3720431,3.3716087,3.3602998,3.355903,3.3479385,3.3446136,3.348071,3.3454993,3.3365293,3.3267083,3.3361332,3.3279753,3.3397367,3.3255117,3.3252177,3.3343077,3.3214118,3.310657,3.321211,3.3162777,3.3198607,3.3107772,3.2926106,3.319674,3.3065846,3.299018,3.2972257,3.296846,3.2902339,3.2866845,3.2769299,3.27855,3.2882795,3.2825215,3.2859795,3.2765207,3.2693841,3.2753596,3.259721,3.2616684,3.2663238,3.2616038,3.2626176,3.2630992,3.2638826,3.2703502,3.2551632,3.2752614,3.2684474,3.2537875,3.2656322,,,,,,,,,,,,,,,,,,,,,,,,,,,,,,,,
3.5072665,3.516489,3.5066018,3.505134,3.5061758,3.5081322,3.5085578,3.509312,3.5138738,3.5142956,3.510454,3.5105798,3.494623,3.5005496,3.4945426,3.4956467,3.4952126,3.4939387,3.5020745,3.499725,3.4999826,3.4807246,3.4929168,3.4903803,3.4485738,3.4828408,3.4611745,3.47315,3.4587317,3.4575865,3.4703243,3.4657176,3.443406,3.4621017,3.4735067,3.4601438,3.4526494,3.4630144,3.4654822,3.456497,3.470036,3.477223,3.4510221,3.4514263,3.4675457,3.4743397,3.4695137,3.4639404,3.4637015,3.4601557,3.454618,3.4363163,3.4335756,3.4135745,3.386596,3.3409815,3.3306985,3.3224678,3.3104322,3.2929828,3.2476976,3.2251682,3.1932573,3.1837244,3.1748743,3.128016,3.1125684,3.091278,3.0711744,3.0577974,3.033173,3.0223737,2.9899497,2.9733448,2.9684982,2.9593434,2.9439359,2.9147344,2.919596,2.911036,2.8796253,2.873154,2.8760335,2.86555,2.8743703,2.8438327,2.872235,2.846307,2.8461637,2.836623,2.848022,2.844149,2.8467681,2.8485746,2.8351855,2.8334525,2.8368883,2.835412,2.837847,2.8541722,2.844853,2.8438325,2.866624,2.8565602,2.8676405,2.8681185,2.874292,2.8746016,2.8885586,2.900061,2.916832,2.9122486,2.9116955,2.9326203,2.9594128,2.922808,2.94855,2.9500482,2.959353,2.9571621,2.9894314,3.002785,2.998129,2.9810658,2.9830298,3.2675102,3.2883875,3.2529588,3.2405117,3.2563553,3.2910993,3.2924554,3.2829463,3.2723932,3.2888794,3.294115,3.304207,3.294059,3.3028302,3.2982032,3.3027263,3.3075826,3.3106966,3.3277237,3.3377566,3.3401213,3.3254533,3.336706,3.3378825,3.3309307,3.3467457,3.3505588,3.349378,3.3627424,3.350216,3.3661783,3.3755896,3.374137,3.3901074,3.4031408,3.3763468,3.4000177,3.39276,3.3908012,3.3907826,3.3872292,3.405033,3.3984199,3.3938255,3.402302,3.394701,3.4043493,3.4069602,3.3958526,3.4016478,3.3857067,3.3753054,3.3757904,3.3831928,3.3688743,3.3818612,3.3700588,3.3716083,3.3706312,3.3742971,3.3650017,3.366292,3.3683598,3.3618815,3.3645177,3.3613827,3.3565333,3.3606853,3.3508828,3.3448887,3.348875,3.350718,3.354373,3.3522177,3.3523571,3.3523116,3.356552,3.353276,3.342044,3.3394642,3.328243,3.335859,3.324433,3.3377419,3.3117785,3.3592618,3.3124077,3.3232574,3.3205597,3.298933,3.3142176,3.3098466,3.2953973,3.303879,3.3073812,3.2961059,3.3060455,3.293356,3.2697356,3.2890496,3.2672265,3.2612343,3.255302,3.2598815,3.2453077,3.2489905,3.2355795,3.2392695,3.242649,3.2404816,3.23601,3.2347274,3.2325072,3.2326806,3.230306,3.2418618,3.227349,3.2295108,3.232965,3.2290425,3.2274716,3.2215238,3.2259123,3.2206655,3.2246726,3.2212918,3.2219548,3.230495,3.222749,3.2182415,3.2054214,3.2262528,3.2062469,3.2434404,3.2220993,3.217543,3.235828,3.2314327,3.2361963,3.2292404,3.2311258,3.2505505,3.233027,3.2476974,3.2509277,3.2345924,3.2493343,3.2554722,3.2456262,3.2306554,3.2371137,3.2322214,3.2530825,3.2541506,3.2374697,3.2279267,3.2421691,3.221416,3.2261014,3.2361584,3.2537146,3.2322483,3.23564,3.2490802,,,,,,,,,,,,,,,,,,,,,,,,,,,,,,,,,,,
3.366931,3.3635738,3.3632982,3.3743079,3.363315,3.3586452,3.3629487,3.3570225,3.3732173,3.402763,3.398294,3.3880632,3.4014752,3.4015632,3.402224,3.3979461,3.4005306,3.399118,3.411454,3.4137251,3.4195516,3.408601,3.4399424,3.435863,3.4256017,3.435443,3.447892,3.4316149,3.4578507,3.4530685,3.4515607,3.4500155,3.4558961,3.4676697,3.4675531,3.4802554,3.4735384,3.4711368,3.4786599,3.4819815,3.4819937,3.487418,3.4934402,3.4839122,3.4821966,3.4812434,3.4926498,3.4907525,3.4917538,3.4905875,3.4831107,3.4694552,3.458246,3.4448245,3.4028592,3.3934023,3.3621576,3.3445568,3.3296995,3.3050306,3.275729,3.231123,3.2142422,3.195637,3.1498141,3.1242747,3.1086843,3.1020043,3.1079392,3.0833488,3.068917,3.00036,2.9720078,2.9750285,2.9620593,2.9511924,2.9436343,2.9300573,2.920694,2.9077582,2.903721,2.8956013,2.8938746,2.873863,2.8623893,2.8758247,2.8509433,2.8503473,2.8781953,2.8547478,2.8460891,2.8412971,2.8512836,2.8516254,2.8504698,2.8546216,2.8594468,2.8520005,2.8488913,2.8746743,2.8707433,2.8555539,2.8575482,2.8691044,2.8775203,2.8851125,2.8954318,2.9021492,2.8970258,2.9006464,2.9153817,2.939019,2.9460049,2.9412277,2.9447181,2.9562938,2.9557333,2.963766,2.9647605,2.9860642,2.9765418,2.9912324,3.0724254,3.0623643,2.925716,3.2268739,3.1809525,3.2221565,3.2524192,3.2430458,3.2437234,3.260604,3.2789686,3.2709527,3.2878416,3.2847335,3.2954156,3.295743,3.3127413,3.3276136,3.326687,3.3458345,3.3376036,3.3623936,3.3613827,3.3668725,3.3573399,3.3718295,3.3674102,3.371396,3.3737338,3.3708403,3.364176,3.3840616,3.389185,3.4044547,3.3906062,3.406299,3.3855,3.3825247,3.4199646,3.397813,3.4064198,3.4098485,3.3952827,3.4017031,3.4221523,3.4118688,3.4279914,3.4265165,3.40396,3.421893,3.421625,3.4247785,3.415359,3.4022784,3.4132476,3.41593,3.4031096,3.4217992,3.4133055,3.4154243,3.404575,3.3957944,3.4125903,3.4146616,3.4019585,3.4016922,3.41279,3.4046679,3.3964064,3.4239075,3.4056048,3.395977,3.411611,3.3993564,3.3936846,3.4069874,3.4039104,3.404699,3.4016976,3.390665,3.3956785,3.3998775,3.4032261,3.3997848,3.403882,3.3956003,3.3848352,3.3846,3.3927288,3.3890533,3.3915806,3.378825,3.395089,3.383996,3.3865087,3.4014888,3.393759,3.3863022,3.384761,3.379451,3.371902,3.3877196,3.3823445,3.3840432,3.3792121,3.3696516,3.3893275,3.3819604,3.3833375,3.3848314,3.371789,3.3706439,3.3792896,3.383099,3.3703074,3.3609421,3.352723,3.3815684,3.3594117,3.3548987,3.3442075,3.3614647,3.35671,3.3596628,3.3605368,3.3525968,3.3518686,3.36544,3.335002,3.3455415,3.3382554,3.3389444,3.3291304,3.3238268,3.3292124,3.3260186,3.320677,3.327023,3.338664,3.3318806,3.3370934,3.3339977,3.3176224,3.3234937,3.3350358,3.3350778,3.322485,3.3253958,3.3346243,3.341785,3.331405,3.3328397,3.3371165,3.3231924,3.335262,3.3346076,3.3339715,3.3329797,3.329593,3.333779,3.3367565,3.330667,3.3379319,3.3332448,3.3339186,3.3424332,3.3371665,3.3322198,3.3408878,3.3566334,3.3572745,3.3646383,3.3532572,3.3558602,,,,,,,,,,,,,,,,,,,,,,,,,,,,
3.0613353,3.0581372,3.0772078,3.0690987,3.081413,3.0815291,3.0827343,3.0991828,3.0927012,3.0890603,3.1030169,3.109253,3.109956,3.0962384,3.1229722,3.1493204,3.1402788,3.1395867,3.1464837,3.1565037,3.1447663,3.177845,3.1795053,3.181936,3.190259,3.20091,3.1899397,3.1919992,3.1963522,3.1961162,3.220092,3.2144823,3.2257774,3.2229745,3.2260013,3.241918,3.2203212,3.255807,3.232961,3.2519119,3.245719,3.2612605,3.2411582,3.2705905,3.2712736,3.2692313,3.2755914,3.2694466,3.274923,3.2608428,3.2412417,3.2188256,3.2179966,3.2009888,3.196157,3.165213,3.1516633,3.1237772,3.1079516,3.0580344,3.046162,3.0425584,3.0302725,3.011439,2.9954712,2.9655352,2.9596658,2.9413216,2.8957508,2.881042,2.8608706,2.8592105,2.8391588,2.8594677,2.8454514,2.8295896,2.8514843,2.8193438,2.8078713,2.8200555,2.8078494,2.8068378,2.798355,2.7904196,2.7920272,2.8030627,2.7897456,2.7898705,2.7798364,2.808427,2.801907,2.7930584,2.804976,2.804978,2.8014665,2.8041327,2.814498,2.8328693,2.8333998,2.8311427,2.8353462,2.8380883,2.8429859,2.8601842,2.8730094,2.8869905,2.8922668,2.8889518,2.901112,2.92242,2.9302955,2.9183705,2.935628,2.9442525,2.9586542,2.9734063,2.9811757,2.986872,3.0009942,3.0144017,3.0066082,3.031515,3.0311093,3.041363,3.044985,3.041592,3.0417907,3.067269,3.0859804,3.0915968,3.0981812,3.1182225,3.127596,3.1320748,3.1332679,3.1522372,3.158058,3.1409183,3.1578183,3.1603086,3.1693518,3.1644037,3.1723073,3.1843154,3.203847,3.214464,3.2107308,3.2341008,3.2239501,3.2315822,3.2414906,3.211735,3.2465203,3.2185965,3.2402217,3.2444007,3.2418242,3.2457793,3.2468183,3.2427425,3.2581582,3.2610722,3.2696126,3.255688,3.2812104,3.284655,3.2934542,3.275086,3.281736,3.2745667,3.2989051,3.2870018,3.2849336,3.2913592,3.2836113,3.2849598,3.2877488,3.2890928,3.2857583,3.2843728,3.2934625,3.2869563,3.2926319,3.2939394,3.2794437,3.285781,3.2884827,3.2836435,3.289796,3.275796,3.279449,3.280103,3.2872133,3.2772207,3.2770817,3.2864878,3.2933016,3.28968,3.2810247,3.2727716,3.2798533,3.275175,3.274658,3.2360883,3.239828,3.2371686,3.3378444,3.327271,3.2733037,3.290176,3.2970488,3.297217,3.3004837,3.2825012,3.2873843,3.2816827,3.268906,3.2809174,3.275784,3.2989752,3.3015583,3.3010602,3.3047009,3.3119931,3.3109555,3.3139093,3.304353,3.307255,3.3027208,3.316091,3.3035204,3.3154595,3.2970197,3.3155115,3.3091207,3.3153253,3.3140259,3.3172,3.3143578,3.316606,3.3187127,3.3204162,3.3213575,3.3212576,3.3254719,3.315798,3.320894,3.319499,3.3197367,3.3131955,3.3192413,3.3231723,3.3200705,3.328703,3.34067,3.3183103,3.3277557,3.322481,3.303859,3.3224387,3.3028207,3.31419,3.302487,3.3082767,3.2974129,3.3029392,3.2833939,3.2898405,3.3059876,3.2811167,3.2893677,3.2814896,3.2812004,3.2744305,3.2779946,3.2800572,3.2910724,3.2828436,3.271554,3.2671201,3.2801838,3.270796,3.2732272,3.2662938,3.26687,3.2765954,3.2754104,3.2748044,3.2630382,3.251764,3.2507045,3.2465165,3.247891,3.2590053,3.2512503,3.2454517,3.2442112,3.2490597,3.242365,,,,,,,,,,,,,,,,,,,,,,,,,
3.190724,3.1971464,3.206357,3.1970522,3.205323,3.2123365,3.233741,3.2345054,3.2252042,3.242748,3.2398336,3.2506537,3.2545738,3.2583652,3.2612286,3.2650495,3.2925072,3.2853801,3.2804253,3.2879343,3.2957406,3.29137,3.2904544,3.2946813,3.2970176,3.2963548,3.2999105,3.299293,3.2962477,3.2961025,3.295537,3.3044958,3.3164866,3.3174837,3.3109598,3.3148975,3.3201103,3.3322802,3.315809,3.3205216,3.340648,3.3247838,3.3304439,3.3169875,3.336623,3.3259485,3.3344839,3.3468776,3.3481405,3.3465686,3.3278408,3.3226888,3.3321745,3.3100145,3.302293,3.292697,3.2756546,3.2583525,3.2165058,3.2051582,3.1801403,3.16097,3.1356354,3.0947506,3.105273,3.0660472,3.0528917,3.0244293,3.0152242,2.9897027,2.9678662,2.95801,2.9393754,2.924995,2.917549,2.9125073,2.8875997,2.880187,2.8822744,2.8872464,2.8764794,2.8827646,2.8618357,2.8527863,2.8376467,2.8407266,2.8104088,2.840353,2.834344,2.8338401,2.8328438,2.8272529,2.8413556,2.8359354,2.8470118,2.842885,2.8470361,2.8650682,2.8473227,2.8684163,2.8741848,2.8827734,2.8910542,2.9002726,2.9069111,2.90317,2.900923,2.9140155,2.9256272,2.9397125,2.958602,2.9593077,2.9373097,2.9817502,2.952489,2.962065,2.9885328,2.9977808,2.9945328,2.9787915,3.2190468,3.2348838,3.2336247,3.2020662,3.1983612,3.1887932,3.1892562,3.2301996,3.200198,3.2217689,3.2192736,3.219794,3.2216694,3.2289402,3.2328434,3.2284331,3.2554383,3.2310655,3.2718892,3.2499378,3.2639136,3.2668846,3.2569156,3.2650425,3.2623634,3.265483,3.28562,3.2830443,3.2590103,3.2714128,3.2959495,3.2687788,3.2906234,3.285187,3.280843,3.280845,3.2913399,3.3172503,3.2954326,3.2871997,3.3023973,3.289603,3.3209772,3.3101423,3.298213,3.3259485,3.304827,3.299358,3.341058,3.3303835,3.293979,3.300791,3.2985182,3.3103862,3.3164372,3.2996395,3.2842891,3.2982018,3.293399,3.2866294,3.285431,3.295585,3.2837422,3.262741,3.2596927,3.264185,3.2333276,3.2524514,3.2464406,3.2336056,3.2551248,3.2427657,3.2600954,3.2359505,3.2451942,3.2463095,3.2375436,3.2357368,3.239238,3.232451,3.2330663,3.2482085,3.2466397,3.2432835,3.2380111,3.2397034,3.2424295,3.2436204,3.2410316,3.2493942,3.2432592,3.2413962,3.2423654,3.250483,3.2502,3.2430546,3.2341707,3.2461133,3.2501523,3.2363327,3.2434042,3.2382321,3.2416942,3.2276032,3.2387683,3.2388785,3.2313716,3.2391074,3.2408843,3.2408557,3.2699142,3.26808,3.248569,3.2583694,3.239743,3.2458334,3.258471,3.2499168,3.2438483,3.261001,3.2349634,3.2528121,3.266833,3.242534,3.2632246,3.2387187,3.260735,3.2431145,3.2617307,3.2525222,3.2372162,3.2392583,3.255534,3.239656,3.2535,3.2471323,3.2647872,3.2639937,3.2708788,3.2484982,3.2612722,3.267456,3.2745836,3.2585618,3.2629027,3.2625413,3.2662473,3.2850668,3.2642872,3.2571821,3.29018,3.2633092,3.2740595,3.2715058,3.274891,3.26501,3.269663,3.277259,3.267376,3.2782047,3.2805583,3.2781377,3.293319,3.2822306,3.2743013,3.2874494,3.295506,3.2929041,3.280242,3.2845209,3.304683,3.2807724,,,,,,,,,,,,,,,,,,,,,,,,,,,,,,,,
3.1708736,3.1651742,3.1605675,3.1705055,3.1705608,3.1590116,3.1720994,3.1968558,3.19563,3.1888433,3.1967878,3.200818,3.1977391,3.2098274,3.220446,3.2180855,3.2296138,3.2444425,3.2536697,3.2456472,3.2737799,3.2569382,3.2548804,3.2686033,3.2765248,3.2903385,3.2864423,3.2817051,3.2840202,3.287335,3.2917495,3.298503,3.295649,3.3323576,3.3048294,3.3153977,3.3284287,3.3254206,3.336371,3.3319538,3.351051,3.348168,3.3462396,3.3680968,3.3580084,3.3558238,3.3661265,3.347552,3.344187,3.3352091,3.3053749,3.2900045,3.2817512,3.2569704,3.2284214,3.2242146,3.197124,3.1556685,3.124382,3.1079934,3.0906658,3.070249,3.030786,3.0291772,2.9929445,2.9904184,2.9682982,2.9446552,2.9146883,2.89478,2.8973532,2.8984847,2.877391,2.8676531,2.852352,2.8246782,2.8116233,2.802287,2.8024774,2.798324,2.786102,2.7666237,2.7530386,2.7801788,2.7698553,2.756563,2.7397752,2.731978,2.7300026,2.7184467,2.7428577,2.7276525,2.8310971,2.9582942,2.9432926,2.9558675,2.9716856,2.9859626,2.9774332,2.9672468,3.0221803,3.0193412,3.0402935,3.0394883,3.04256,3.0618036,3.0737212,3.0824902,3.0785224,3.0978985,3.099105,3.1185372,3.107141,3.1189537,3.1176076,3.124255,3.1247103,3.1374333,3.143556,3.1398854,3.157944,3.1817687,3.1685178,3.1741202,3.2013009,3.19862,3.1891584,3.2003496,3.219337,3.2235227,3.200469,3.22163,3.195796,3.2363703,3.236984,3.2450569,3.2336848,3.2516937,3.248351,3.2595825,3.2783668,3.251471,3.2573714,3.260686,3.2731304,3.2594233,3.2739801,3.2574265,3.278893,3.2828848,3.2712226,3.2748816,3.2795017,3.2583408,3.2679505,3.2715657,3.273419,3.2744222,3.2619648,3.2738018,3.253403,3.2712002,3.2656891,3.263423,3.2606797,3.2533343,3.2329655,3.276785,3.279792,3.2661796,3.2777243,3.2582884,3.2399065,3.230551,3.2407236,3.222078,3.2297752,3.2273257,3.2243273,3.233753,3.2152538,3.259258,3.2302804,3.230698,3.2257347,3.225648,3.2277951,3.2303505,3.2195303,3.2185442,3.213561,3.2052994,3.203721,3.2131844,3.2152228,3.20731,3.2247126,3.2162576,3.2142396,3.2013679,3.2117152,3.2098076,3.1993687,3.2029252,3.2086089,3.1959558,3.2144186,3.2092953,3.2040343,3.2155356,3.224728,3.2012212,3.2129774,3.2307413,3.2307303,3.2057307,3.2200265,3.2346108,3.2195396,3.2397678,3.2333581,3.2328424,3.2337604,3.228201,3.2408295,3.219994,3.2494006,3.2397587,3.2485147,3.2412803,3.2298944,3.2243133,3.2265835,3.2190652,3.242604,3.232437,3.2426543,3.2389019,3.2443082,3.2372205,3.2423286,3.2313535,3.242924,3.241033,3.2304273,3.268187,3.2553809,3.26266,3.2491174,3.2584138,3.2479744,3.258347,3.2569916,3.2474954,3.2820072,3.24135,3.267656,3.27485,3.2464578,3.2577615,3.2599936,3.26481,3.2629228,3.2635305,3.2728696,3.2574518,3.2653222,3.2549183,3.2592504,3.2658603,3.2649522,3.2597148,3.2688646,3.239457,3.2600698,3.2599552,3.2352467,3.281325,3.2672231,3.2631574,3.2539046,,,,,,,,,,,,,,,,,,,,,,,,,,,,,,,,,,,,,,,,,,,
3.2470942,3.2535222,3.2554119,3.2655492,3.2548773,3.258627,3.2619865,3.258959,3.2598884,3.2543766,3.2665908,3.2692873,3.264841,3.2696245,3.267442,3.269997,3.2655673,3.2608016,3.2707057,3.26527,3.2704453,3.265363,3.2695754,3.2684295,3.2677596,3.2683506,3.2670417,3.2763896,3.2748127,3.2817714,3.2738223,3.2892246,3.2799351,3.2861094,3.2889397,3.2857103,3.2806318,3.3001657,3.286615,3.3047216,3.3029497,3.3027844,3.3042026,3.2992783,3.3135476,3.3231034,3.3022764,3.2825685,3.2945883,3.303378,3.2801738,3.2786603,3.2632022,3.2320716,3.2339108,3.1978326,3.1862013,3.1629817,3.1299202,3.1021376,3.065987,3.0560591,3.0327008,3.022636,3.0006046,2.972116,2.9637208,2.9508932,2.9523053,2.9165194,2.9259691,2.9063075,2.877936,2.8365383,2.8475192,2.8196955,2.806524,2.8258798,2.8173387,2.8164344,2.7978761,2.8027174,2.798718,2.8149362,2.8124974,2.7926695,2.797544,2.7876477,2.7952724,2.80152,2.7906225,2.7978501,2.802902,2.8116727,2.8032737,2.813828,2.8200917,2.8163004,2.818756,2.8153453,2.838766,2.8453045,2.8577278,2.8755603,2.8696706,2.8816004,2.904874,2.9194698,2.916338,2.930561,2.9224079,2.923249,2.947197,2.9513853,2.9685826,2.9756117,2.995873,2.9890735,3.0041597,3.01128,3.021681,3.0323079,3.0308328,3.0344396,3.0522606,3.0604725,3.063305,3.0747468,3.067892,3.0788298,3.094839,3.0872686,3.0986693,3.0954223,3.1037524,3.0960543,3.0974123,3.1170568,3.0976079,3.121452,3.1217678,3.1445231,3.1965554,3.2046854,3.2107275,3.274695,3.238829,3.239844,3.2399867,3.2148926,3.2282999,3.22698,3.244688,3.208653,3.2283678,3.2328303,3.2365527,3.2620008,3.2589169,3.25661,3.2575724,3.2632596,3.2587981,3.2581227,3.2714033,3.2672293,3.2657769,3.2676644,3.28423,3.267861,3.2935047,3.2951632,3.2854717,3.285973,3.3067293,3.2979712,3.3086035,3.308819,3.303642,3.3052995,3.3057606,3.2886229,3.31202,3.3085468,3.28751,3.3072002,3.309561,3.3007479,3.312412,3.3107407,3.3089163,3.3066595,3.3024795,3.303384,3.2806468,3.2801654,3.2929156,3.2633095,3.2790346,3.2808955,3.2740197,3.2587757,3.2729213,3.2628143,3.265508,3.259629,3.2315588,3.2300708,3.2304332,3.2436345,3.2151413,3.2209659,3.2226834,3.2055383,3.2254307,3.24043,3.2147088,3.2036936,3.204134,3.1943696,3.2020392,3.199429,3.1856523,3.1795893,3.1910713,3.1872454,3.1993442,3.193456,3.18129,3.1793206,3.1976757,3.1802227,3.182652,3.1939478,3.1688728,3.1736796,3.1696584,3.1874275,3.189358,3.1698778,3.1846058,3.1629422,3.1729627,3.168756,3.1712422,3.1730137,3.1803417,3.1560874,3.1748106,3.1713655,3.1582022,3.1711624,3.1861856,3.1757076,3.1617663,3.1607852,3.1586924,3.1532722,3.138628,3.1469536,3.1578178,3.1366282,3.1457238,3.1470923,3.1441867,3.1372404,3.1507986,3.1513784,3.1602674,3.1477056,3.1340356,3.154461,3.1522946,3.153308,3.1692429,3.154213,3.15747,3.139347,3.1583488,3.1531594,3.1546228,3.1602724,3.1603703,3.1776323,3.112836,3.1597939,3.1673717,3.1522617,3.1551845,3.1643872,3.161767,3.163715,3.1669252,3.1651912,3.1690233,3.1561413,3.160268,3.1548934,3.1789205,3.1734188,3.1935189,3.156091,3.15139,3.1899726,3.1726372,3.1491568,3.1776357,3.1487331,3.1726487,3.1351733,3.1556063,3.1539228,,,,,,,,,,,,
