image_name,response_key,response_time,t1,t2,t3,t4,t5,t6,t7,t8,t9,t10,t11,t12,t13,t14,t15,t16,t17,t18,t19,t20,t21,t22,t23,t24,t25,t26,t27,t28,t29,t30,t31,t32,t33,t34,t35,t36,t37,t38,t39,t40,t41,t42,t43,t44,t45,t46,t47,t48,t49,t50,t51,t52,t53,t54,t55,t56,t57,t58,t59,t60,t61,t62,t63,t64,t65,t66,t67,t68,t69,t70,t71,t72,t73,t74,t75,t76,t77,t78,t79,t80,t81,t82,t83,t84,t85,t86,t87,t88,t89,t90,t91,t92,t93,t94,t95,t96,t97,t98,t99,t100,t101,t102,t103,t104,t105,t106,t107,t108,t109,t110,t111,t112,t113,t114,t115,t116,t117,t118,t119,t120,t121,t122,t123,t124,t125,t126,t127,t128,t129,t130,t131,t132,t133,t134,t135,t136,t137,t138,t139,t140,t141,t142,t143,t144,t145,t146,t147,t148,t149,t150,t151,t152,t153,t154,t155,t156,t157,t158,t159,t160,t161,t162,t163,t164,t165,t166,t167,t168,t169,t170,t171,t172,t173,t174,t175,t176,t177,t178,t179,t180,t181,t182,t183,t184,t185,t186,t187,t188,t189,t190,t191,t192,t193,t194,t195,t196,t197,t198,t199,t200,t201,t202,t203,t204,t205,t206,t207,t208,t209,t210,t211,t212,t213,t214,t215,t216,t217,t218,t219,t220,t221,t222,t223,t224,t225,t226,t227,t228,t229,t230,t231,t232,t233,t234,t235,t236,t237,t238,t239,t240,t241,t242,t243,t244,t245,t246,t247,t248,t249,t250,t251,t252,t253,t254,t255,t256,t257,t258,t259,t260,t261,t262,t263,t264,t265,t266,t267,t268,t269,t270,t271,t272,t273,t274,t275,t276,t277,t278,t279,t280,t281,t282,t283,t284,t285,t286,t287,t288,t289,t290,t291,t292,t293,t294,t295,t296,t297,t298,t299,t300,t301,t302,t303,t304,t305,t306,t307,t308,t309,t310,t311,t312,t313,t314,t315,t316,t317,t318,t319,t320,t321,t322,t323,t324,t325,t326,t327,t328,t329,t330,t331,t332,t333,t334,t335,t336,t337,t338,t339,t340,t341,t342,t343,t344,t345,t346,t347,t348,t349,t350,t351,t352,t353,t354,t355,t356,t357,t358,t359,t360,t361,t362,t363,t364,t365,t366,t367,t368,t369,t370,t371,t372,t373,t374,t375,t376,t377,t378,t379,t380,t381,t382,t383,t384,t385,t386,t387,t388,t389,t390,t391,t392,t393,t394,t395,t396,t397,t398,t399,t400,t401,t402,t403,t404,t405,t406,t407,t408,t409,t410,t411
FS/160.png,left,0.2422747000236995,3.6084146,3.5937946,3.608597,3.627523,3.6032763,3.620595,3.6236563,3.6111412,3.588597,3.6114085,3.6156328,3.6174362,3.617357,3.6351779,3.6384473,3.6288838,3.6263044,3.638025,3.6363933,3.6280422,3.6391323,3.644574,3.6251721,3.6374488,3.6441784,3.6357353,3.6402388,3.6426065,3.650222,3.6533582,3.6535022,3.6539288,3.6508808,3.6467164,3.6646075,3.6607888,3.6600559,3.663793,3.659014,3.672542,3.6946726,3.688089,3.7029712,3.669208,3.6894083,3.703355,3.7205136,3.6965268,3.7056034,3.706048,3.7078698,3.7284513,3.75208,3.732048,3.7428632,3.7310479,3.7320023,3.7376418,3.7242236,3.7193928,3.721603,3.7032158,3.7243984,3.6942976,3.7317452,3.7034988,3.6941292,3.7209566,3.6828196,3.6899214,3.6741335,3.6641216,3.684796,3.6729114,3.685656,3.6778967,3.6740892,3.6553721,3.6762047,3.6475103,3.6679897,3.6679347,3.671046,3.671576,3.6796787,3.6692169,3.680903,3.6791193,3.6775856,3.6700592,3.67866,3.6893115,3.6774704,3.6791656,3.673192,3.6833856,3.6773,3.7201877,3.685665,3.697902,3.6977055,3.6913767,3.7202296,3.698521,3.688902,3.706278,3.7071881,3.678759,3.7128727,3.706579,3.7350278,3.716247,3.7066545,3.7097154,3.717028,3.7236392,3.6998158,3.7287264,3.7143986,3.7101536,3.7219887,3.718396,3.7169237,3.7267928,3.7212312,3.7190795,3.755896,3.739897,3.7368143,3.7485795,3.7306957,3.7385433,3.7435396,3.7344012,3.7172065,3.7148032,3.7026985,3.6651275,3.6663175,3.6357791,3.6245556,3.6120892,3.5640268,3.5357394,3.504721,3.4910662,3.4441159,3.4262857,3.399785,3.3682146,3.3675902,3.322627,3.294832,3.2584066,3.2329004,3.2407846,3.206982,3.2035735,3.1749244,3.1747272,3.1540847,3.1247604,3.0821924,3.089834,3.081176,3.088368,3.0499468,3.0409973,3.0529149,3.0090086,3.017897,3.0121481,3.0009649,3.0095477,3.0121164,3.0075037,2.9829903,3.0133173,3.0078912,2.9824653,2.9868703,3.0017395,2.9903364,3.0019915,2.9887786,3.016087,3.005322,3.0060754,3.0282285,3.017314,3.0321028,3.0275116,3.0582116,3.043939,3.054911,3.0537605,3.0833318,3.0495937,3.0900497,3.1164994,3.116984,3.125863,3.1631703,3.1732416,3.172203,3.17671,3.1713648,3.188947,3.2118263,3.2264059,3.2267735,3.2478955,3.2259305,3.2510757,3.2732286,3.2622113,3.2787101,3.2681313,3.2775252,3.2628248,3.2834048,3.2916112,3.2926462,3.3043466,3.2811773,3.3246217,3.329874,3.3333056,3.349702,3.3182983,3.3224697,3.3623967,3.3175192,3.3703682,3.4079618,3.4422204,3.4981248,3.469429,3.4633918,3.5029197,3.5130243,3.4919078,3.4964607,3.5069938,3.505424,3.5234416,3.5289156,3.5285134,3.542432,3.5409067,3.5320761,3.5424476,3.539932,3.549036,3.5427732,3.5387268,3.542611,3.5476913,3.5456595,3.5385377,3.5487638,3.5585074,3.552164,3.5696712,3.5652728,3.5679257,3.563364,3.560437,3.564525,3.551911,3.5548148,3.5659988,3.5709598,3.5625598,3.5647445,3.5724258,3.5913405,3.5712118,3.5630639,3.574019,3.5738642,3.5814002,3.570373,3.5744953,3.5695221,3.5561397,3.587399,3.5674622,3.554373,3.5688171,3.56673,3.5590742,3.6022174,3.5628235,3.577657,3.5656977,3.5703695,3.5717087,3.5674646,3.5621548,3.5575366,3.5648403,3.562454,3.5546868,3.5578167,3.5536728,3.5626655,3.5556939,3.5600219,3.5447538,3.5657399,3.5476334,3.5645945,3.5441146,3.5396688,3.5400376,3.5491714,3.5563436,3.5605514,3.5572884,3.5441859,3.5535572,3.5397751,3.5375943,3.5459306,3.5437505,3.5314138,3.53429,3.546154,3.5452108,3.5347948,3.5481482,3.5387418,3.5415227,3.5396643,3.5284858,3.5398784,3.5533369,3.5574176,3.5159655,3.5082145,3.5115144,3.5380182,3.5153277,3.5271223,3.5023406,3.5130177,3.4955423,3.5317986,3.5298417,3.51769,3.530191,3.5285232,3.5178876,3.5227628,3.5171514,3.5270257,3.5494816,3.542746,3.5240102,3.510406,3.5330694,3.527434,3.5375159,3.5442197,3.5410383,3.557159,3.5586069,3.5465696,3.5425603,3.5656936,3.5470748,3.5773008,3.5549674,3.5677664,3.559865,3.565557,3.568004,3.5771794,3.579608,3.578308,3.5875275,3.5753522,3.5749714,3.5750682,3.5735135,3.5747924,3.57879,3.5887408,3.5800626,3.5766804,3.5900757,3.5832827,,,,,,,,,,,,,,,,,,t1
FS/160.png,right,0.2011202999856323,3.1434748,3.1248343,3.1093876,3.1270235,3.1261253,3.1247337,3.1313026,3.131313,3.1252644,3.1242194,3.1208491,3.1412368,3.136378,3.137498,3.1319294,3.1329613,3.148786,3.1656833,3.1382844,3.1675422,3.1752434,3.1834176,3.1510592,3.163325,3.1587114,3.1599956,3.1558914,3.161659,3.1631067,3.1677516,3.1681921,3.1635842,3.1651835,3.1652048,3.1734102,3.165855,3.1677396,3.1652374,3.1660202,3.1528735,3.1688228,3.161616,3.1782985,3.171624,3.1806538,3.175698,3.1732404,3.1555052,3.1804402,3.183467,3.1922734,3.2003264,3.2011492,3.181385,3.177048,3.2014015,3.207983,3.1977756,3.209928,3.200618,3.2016993,3.212844,3.2091126,3.1997974,3.2115867,3.2062352,3.2051418,3.204218,3.2069209,3.2205184,3.1970503,3.2067792,3.2072105,3.2141511,3.2037518,3.2039063,3.209491,3.2086642,3.2144566,3.213547,3.2292988,3.2145426,3.218826,3.2252567,3.2250881,3.2277906,3.2396646,3.2275214,3.2391994,3.2310264,3.2447498,3.2414923,3.2424216,3.2515132,3.246177,3.2546635,3.2692466,3.2484436,3.2629497,3.2579648,3.269047,3.2752783,3.255512,3.2718272,3.2717333,3.2717588,3.2719562,3.2726746,3.2729867,3.2718782,3.2853336,3.2834353,3.2824428,3.2813191,3.2731848,3.2802978,3.2836883,3.3015318,3.2984047,3.2881522,3.298765,3.2888212,3.2977526,3.2933052,3.29837,3.3038526,3.3136191,3.3276107,3.3265066,3.3065162,3.3288758,3.3299603,3.311496,3.2979932,3.31831,3.3060877,3.2990067,3.2798076,3.2607079,3.2674913,3.2444572,3.2188127,3.1949568,3.1356947,3.1328707,3.129105,3.1044004,3.079635,3.0347185,3.013188,2.9932964,2.9863863,2.9634647,2.9392278,2.9280825,2.905561,2.8965812,2.894088,2.8669086,2.8764946,2.8663013,2.8492696,2.8092163,2.8033078,2.82332,2.7815511,2.7563906,2.7819512,2.7778904,2.7629147,2.7597191,2.7379034,2.7539673,2.7597215,2.745869,2.7405875,2.7437785,2.749317,2.7474563,2.7566757,2.7688959,2.7526996,2.7756062,2.785721,2.756468,2.7638514,2.7886019,2.7850988,2.773452,2.777413,3.1864676,3.1265178,3.1440651,3.131255,3.1262877,3.1435232,3.1489258,3.159158,3.1694605,3.1464272,3.1831706,3.1846108,3.2052302,3.1963236,3.2116477,3.2037318,3.2062805,3.2013087,3.2054164,3.2108471,3.2191546,3.2171326,3.210867,3.2162166,3.2164738,3.2337787,3.2185402,3.2353358,3.2223678,3.2618752,3.2469625,3.2676864,3.2521489,3.2698078,3.2403724,3.274854,3.2779028,3.24741,3.260176,3.2608821,3.2474704,3.2552392,3.2473838,3.2576437,3.2389688,3.2400265,3.230083,3.2332225,3.2197866,3.2223604,3.2086174,3.1914887,3.1901102,3.1856143,3.1696894,3.1702814,3.1328967,3.1277125,3.0947888,3.1043189,3.083555,3.0940459,3.0796905,3.0748432,3.0610933,3.0453541,3.0441332,3.0374017,3.0135088,2.9998963,2.9921527,3.0012963,2.983974,2.973607,2.9638152,2.9658403,2.9571056,2.96657,2.945419,2.9501963,2.9429226,2.945489,2.944426,2.9314127,2.9498003,2.9382358,2.9128332,2.9250593,2.9257896,2.913748,2.9187467,2.9083812,2.9289627,2.9155827,2.889877,2.92262,2.9395874,2.9290402,2.9304702,2.9289057,2.9272964,2.9337533,2.9351442,2.9411876,2.9304452,2.932656,2.9395657,2.9376938,2.9422913,2.9465783,2.9410665,2.942605,2.9506578,2.9614487,2.9553924,2.9518416,2.963606,2.958526,2.951007,2.967115,2.963017,2.963323,2.9620326,2.964229,2.9723158,2.964505,2.9698184,2.9643157,2.9775143,2.9660866,2.9754634,2.98613,2.9619224,3.0043857,2.9782143,2.9844112,2.990206,2.9857771,2.9935975,2.9937632,2.989467,2.9972093,2.9969854,2.992718,2.9984987,2.9961178,2.995082,3.014007,3.00682,2.9884706,3.0001566,2.9964132,3.0048158,2.997364,3.017138,3.0162165,3.030177,3.0312505,3.026277,3.0104687,3.027503,3.0376945,3.025429,,,,,,,,,,,,,,,,,,,,,,,,,,,,,,,,,,,,,,,,,,,,,,,,,,,,,,,,,,t108
FS/160.png,right,0.2742691999883391,2.9812372,2.9861047,3.0085876,2.9908164,2.9931269,2.9994287,2.9993634,2.9959714,3.0092018,3.0125728,3.0321233,3.0143495,3.0448933,3.027303,3.0476923,3.0370176,3.0611799,3.0695045,3.0586624,3.0682704,3.0741174,3.08051,3.077706,3.0884895,3.0806103,3.0866737,3.0879614,3.098097,3.1020772,3.1022563,3.104072,3.1026769,3.0883954,3.1141262,3.1173182,3.109301,3.1086063,3.0977144,3.1100473,3.1085317,3.1021798,3.1158946,3.1167426,3.119539,3.1185915,3.1173067,3.1136386,3.1193495,3.1172528,3.1314852,3.131267,3.1289914,3.1224186,3.1222525,3.1137033,3.1253986,3.1488717,3.1264684,3.1391072,3.1382458,3.1350546,3.1193073,3.1346085,3.127619,3.1259573,3.1216097,3.1320827,3.144509,3.132646,3.122129,3.1263688,3.1203058,3.136423,3.1341438,3.1396,3.119383,3.1279812,3.1282856,3.1329474,3.1289403,3.1414683,3.1320286,3.116242,3.1281674,3.1356127,3.1330597,3.1327214,3.138114,3.1182513,3.13196,3.1388848,3.127295,3.1389148,3.1368935,3.1322904,3.1331635,3.1356237,3.1571288,3.1510947,3.134616,3.1428726,3.1434398,3.1502352,3.1654947,3.1592808,3.1476703,3.1569068,3.1580381,3.1584663,3.1526566,3.1808915,3.2016013,3.1970036,3.2071922,3.2285252,3.2064197,3.200156,3.220188,3.2138455,3.2331073,3.2356105,3.238769,3.2341309,3.2508016,3.2451189,3.251759,3.2568886,3.257999,3.2663293,3.2658572,3.2523067,3.2698162,3.3059547,3.2501123,3.262308,3.2558956,3.2515194,3.257459,3.2176566,3.2022145,3.1833231,3.160962,3.1532671,3.1152155,3.087622,3.0690835,3.0663779,3.0437362,2.9752982,2.9500701,2.9489355,2.9542828,2.9282162,2.911866,2.8928428,2.8724728,2.8413239,2.8298469,2.8224216,2.8032286,2.8020568,2.798273,2.7707093,2.7582598,2.7521288,2.7326164,2.7178347,2.7331226,2.7137268,2.7188017,2.7169085,2.7167385,2.698674,2.7149816,2.7087545,2.7011697,2.69938,2.6992998,2.6926332,2.7005067,2.702145,2.695819,2.6991928,2.6968591,2.7235916,2.7185612,2.7284026,2.7227802,2.7347136,2.7106123,2.7395933,1.2052478,3.0027704,2.993404,3.0482013,3.0548036,3.0589266,3.0978613,3.0881622,3.0939088,3.1028476,3.099106,3.1264844,3.120457,3.116328,3.1199021,3.196172,3.1915545,3.1959808,3.1931658,3.2005887,3.1562736,3.1758876,3.1687045,3.1756322,3.2092824,3.2173376,3.2261035,3.1988842,3.2129617,3.2170405,3.1804023,3.1869466,3.1915746,3.1945987,3.1900449,3.1898954,3.201313,3.1947896,3.2040446,3.1974535,3.207602,3.1969745,3.209079,3.1982887,3.1943822,3.1992545,3.194632,3.1969938,3.1985714,3.211815,3.21252,3.2010996,3.2073505,3.2073495,3.2097573,3.2033308,3.2099004,3.1932082,3.200535,3.1879065,3.1882997,3.1652026,3.1906512,3.1780958,3.1695228,3.176348,3.1556916,3.170224,3.1668487,3.1417606,3.1456094,3.1513214,3.1408715,3.1581638,3.153247,3.154965,3.1379864,3.1411762,3.1452866,3.141213,3.1284344,3.1099072,3.1272113,3.1286824,3.1266096,3.0949957,3.098031,3.084095,3.0850577,3.0706935,3.0777304,3.0437374,3.0413673,3.053245,3.063237,3.0591683,3.0403187,3.042585,3.033858,3.0449152,3.0536332,3.045085,3.0458047,3.0442595,3.0455377,3.0338168,3.0540502,3.0474625,3.0384958,3.05316,3.0524259,3.0519922,3.0441515,3.0553148,3.060438,3.0678415,,,,,,,,,,,,,,,,,,,,,,,,,,,,,,,,,,,,,,,,,,,,,,,,,,,,,,,,,,,,,,,,,,,,,,,,,,,,,,,,,,,,,,,,,,,,,,,,,,,,,,,,t111
FS/200.png,right,0.2330366999958641,3.6218145,3.615316,3.6219156,3.6446187,3.6482944,3.6591854,3.6652975,3.6653695,3.6583207,3.6714687,3.6722953,3.687405,3.680854,3.692969,3.6815524,3.6900394,3.701736,3.7027361,3.709095,3.706367,3.710563,3.7043598,3.70052,3.710576,3.7104108,3.7184923,3.7117994,3.7077725,3.7173743,3.734372,3.7233286,3.7328885,3.737594,3.740066,3.7317386,3.7417681,3.7374945,3.7413769,3.7649014,3.7654023,3.731712,3.7566822,3.7558153,3.7651052,3.7675242,3.7631123,3.7786734,3.7690256,3.7693655,3.7816863,3.7730205,3.7731996,3.770201,3.7692475,3.7735023,3.7683187,3.770379,3.759603,3.775875,3.7573345,3.7595708,3.7570646,3.7460878,3.747896,3.725302,3.7395651,3.7195106,3.7288811,3.7131515,3.6966205,3.7010782,3.7000422,3.6940444,3.696591,3.7039273,3.690137,3.6958983,3.6961257,3.6766064,3.6742072,3.6525676,3.6685348,3.6602547,3.6701846,3.683407,3.679729,3.6918993,3.6978667,3.6982284,3.7026687,3.699157,3.699443,3.7083876,3.706963,3.6853356,3.6973314,3.7058716,3.716919,3.7255936,3.720798,3.712444,3.7323174,3.7313855,3.7272813,3.7251146,3.7250228,3.7393763,3.7331805,3.748543,3.7493489,3.7647717,3.7760818,3.7800343,3.7663364,3.7722936,3.7782803,3.7726047,3.7716086,3.7760708,3.7746542,3.7786818,3.7803571,3.8033652,3.792861,3.7845848,3.7926776,3.7968209,3.7971883,3.8028402,3.8090317,3.8102403,3.8383374,3.820285,3.8098698,3.8225286,3.8378627,3.8269575,3.8140433,3.8041937,3.7958596,3.7942665,3.772351,3.7627618,3.750526,3.7135632,3.7029812,3.6870043,3.6683912,3.637059,3.625716,3.591896,3.5880518,3.5761466,3.5769103,3.5465903,3.5319376,3.5293324,3.5029774,3.4769437,3.4977412,3.4804854,3.450856,3.4565394,3.4251273,3.4233227,3.4253612,3.423445,3.4088216,3.4032052,3.3950934,3.400797,3.3913207,3.3878746,3.392185,3.4015245,3.4003994,3.4171727,3.40595,3.4096613,3.4068153,3.4204488,3.410168,3.4029353,3.418935,3.4203973,3.425843,3.4232097,3.4274445,3.4517517,3.4360936,3.4422472,3.4671192,3.4670758,3.482719,3.4716299,3.4895158,3.496361,3.5141816,3.5148292,3.5131345,3.539895,3.5397666,3.548844,3.5522451,3.5615714,3.5706801,3.6009235,3.5913763,3.5984235,3.5934243,3.604825,3.6053538,3.6328735,3.6295543,3.6245897,3.6380708,3.6461256,3.6441734,3.6446044,3.6601708,3.6550455,3.6563914,3.664638,3.6756449,3.6743524,3.6908324,3.7062256,3.710926,3.730259,3.7180724,3.7133923,3.7132146,3.7243364,3.72701,3.7290301,3.7323754,3.7295766,3.7365358,3.7328348,3.7332423,3.748689,3.7382176,3.7453034,3.7824495,3.7638724,3.77268,3.7645528,3.7928872,3.7824552,3.7981741,3.797233,3.7926583,3.7614384,3.738516,3.7385051,3.7546637,3.76114,3.7528493,3.7331035,1.3587203,3.7854216,3.7189026,3.7217166,3.711404,3.7379496,3.7275827,3.7335684,3.722701,3.7200148,3.738523,3.7375839,3.7364702,3.7452369,3.752119,3.7544487,3.752843,3.7499843,3.7451363,3.7637296,3.74359,3.7582514,3.7706316,3.7619371,3.7762542,3.7770362,3.782551,3.7831829,3.785058,3.7899048,3.7657146,3.817994,3.7748823,3.8106115,3.7990806,3.8092337,3.8254924,3.8283463,3.8188303,3.8340461,3.8233378,3.8470788,3.8483715,3.823421,3.839917,3.8644748,3.85,3.8491113,3.8463356,3.8448288,3.8482199,3.8571138,3.869369,3.8607805,3.8443727,3.8360274,3.8390906,3.832192,3.8280764,3.8167846,3.837413,3.831262,3.844577,3.823346,3.8139436,3.8270974,3.803412,3.8220932,3.8120985,3.8188398,3.8000493,3.7943459,3.8062365,3.8066425,3.7913783,3.8021014,3.7515948,3.786552,3.7696114,3.7655995,3.769709,3.748766,3.7452826,3.7498443,3.7354643,3.748552,3.7458522,3.7338648,3.7484734,3.7300246,3.740563,3.7505915,3.7522228,3.7555919,3.757943,3.7613118,3.7610679,3.7588923,3.7583997,3.750942,3.7550206,3.7507021,3.7593641,3.7506354,3.7678704,3.7550998,3.7527635,3.7433677,3.7546246,3.7553632,3.7569234,3.7601776,3.7555158,3.753403,3.754951,3.746926,3.7546995,3.7641354,3.758767,3.74998,3.7659106,3.7504697,3.7694626,3.746408,3.7652388,3.7482574,3.7672534,3.757095,3.770309,3.7484858,3.7531314,3.75395,3.7669535,3.7757168,3.756164,3.757846,3.7668414,3.748959,3.7816381,3.7634573,3.7653768,3.7672386,3.7564983,3.7616806,3.7569046,3.7891061,3.7752674,3.7792602,,,,t8
FS/200.png,left,0.2166002999874763,3.8817775,3.8697958,3.8937197,3.8826308,3.8969831,3.8796425,3.8792217,3.888641,3.8944545,3.8917737,3.8806813,3.8897152,3.8874092,3.9078472,3.892152,3.8978367,3.8990533,3.9158359,3.8986306,3.9193344,3.8988678,3.913246,3.910798,3.8857758,3.9026155,3.9046423,3.9047875,3.9073844,3.902354,3.9022224,3.8966498,3.8978531,3.8968382,3.8942244,3.901467,3.9017336,3.895494,3.8972712,3.893322,3.917166,3.90022,3.90157,3.9024909,3.8982604,3.897186,3.899027,3.90366,3.9020746,3.895625,3.9101522,3.9022624,3.9119067,3.9048936,3.8960824,3.898957,3.8920622,3.8976872,3.9030497,3.8894768,3.8959177,3.8905346,3.8736284,3.87739,3.866028,3.8683233,3.8880806,3.8711147,3.855758,3.8557568,3.8563795,3.8708718,3.857177,3.8420937,3.8525527,3.8479817,3.8212087,3.8354292,3.8121684,3.8307498,3.8253477,3.8045504,3.7988093,3.8007145,3.8126802,3.7946558,3.7895088,3.7735045,3.7804985,3.7792304,3.808302,3.7894108,3.779585,3.7828646,3.7922976,3.786704,3.781234,3.78619,3.787261,3.7804673,3.7846901,3.7888057,3.7876627,3.7929933,3.7946184,3.7865832,3.7946918,3.8113034,3.7888465,3.7923865,3.7899764,3.7967663,3.7942276,3.79866,3.8118267,3.8094444,3.8225532,3.8121884,3.8109787,3.8180735,3.8285418,3.8226788,3.82846,3.8274665,3.8205285,3.8232224,3.8142142,3.840022,3.8165772,3.8335788,3.8255837,3.8398685,3.8336496,3.8308098,3.8151324,3.813561,3.8077605,3.8167915,3.8076148,3.7778087,3.751706,3.7157922,3.707139,3.6963978,3.6651556,3.6155012,3.5887237,3.566749,3.5428908,3.5236802,3.506267,3.4578266,3.4293501,3.4090896,3.4003758,3.3635764,3.342072,3.3115282,3.310742,3.2936406,3.2740142,3.245831,3.2392323,3.2266126,3.219381,3.2046726,3.2113056,3.197114,3.186274,3.1890793,3.167457,3.1339257,3.1390347,3.1570218,3.14368,3.1554844,3.1377816,3.1474738,3.1102931,3.122728,3.109231,3.106947,3.107909,3.0945613,3.0995665,3.3941326,3.4196384,3.426243,3.4379005,3.4359095,3.4625928,3.4614315,3.4818656,3.4947937,3.5168936,3.5233135,3.530502,3.529553,3.5642426,3.5634274,3.575276,3.5766823,3.585711,3.5850985,3.583745,3.584572,3.5927262,3.5900953,3.6040668,3.6050322,3.6132164,3.6162484,3.6134062,3.625711,3.6641157,3.677883,3.647468,3.662963,3.6821356,3.6766713,3.68451,3.679869,3.694386,3.6872685,3.7056322,3.711184,3.704267,3.7021875,3.7067404,3.7227035,3.7235281,3.7183757,3.7265868,3.7253518,3.7227023,3.7425258,3.7392225,3.7237701,3.7309024,3.7452424,3.723415,3.7187455,3.7181363,3.7048483,3.7145736,3.711213,3.7062616,3.6977596,3.6970093,3.7063515,3.6845663,3.6913252,3.691043,3.7087705,3.7343302,3.7136292,3.7166653,3.6714017,3.6744988,3.653476,3.6608148,3.6663725,3.6441011,3.6532278,3.6758225,3.6731858,3.647662,3.6532934,3.6488776,3.6444905,3.6546783,3.6584768,3.6309059,3.6456447,3.6351323,3.6332934,3.6405914,3.6395159,3.6403177,3.6449947,3.640105,3.6393542,3.631335,3.6349957,3.6268344,3.6458445,3.6374457,3.6527689,3.6282096,3.6384046,3.630941,3.6429176,3.641475,3.6428378,3.632873,3.641182,3.6444387,3.6371648,3.6303627,3.644994,3.6278787,3.644591,3.6384437,3.6419876,3.643403,3.638503,3.6396785,3.6391747,3.646935,3.6435428,3.6431522,3.6473122,3.640718,3.6332753,3.6444056,3.6345484,3.6341958,3.6371496,3.6414483,3.636601,3.6448727,3.6448896,3.6478574,3.655677,3.653509,3.6608846,3.6437109,3.6704724,3.6368177,3.6676054,3.6722906,3.64823,3.66784,3.679572,3.6587057,3.6845336,3.7006705,3.7053044,3.72019,3.7196012,3.7135723,3.6927845,3.7190576,3.715917,3.7132473,3.7145917,3.7229521,3.71968,3.7279766,3.7446434,3.7426121,3.7349663,3.7424626,3.7451048,3.7251022,3.7325041,3.7330225,3.7338762,3.7441337,3.7336166,3.724807,3.7285993,3.7250998,3.7286944,,,,,,,,,,,,,,,,,,,,,,,,,,,,,,,,,,,,,,,,,,,,,,,,t57
FS/200.png,left,0.2928951999638229,3.5126085,3.5157716,3.5274541,3.5047867,3.5019765,3.5199554,3.5191472,3.5336676,3.5413759,3.5420847,3.5442305,3.5439444,3.5425014,3.5453277,3.5639527,3.5557485,3.581753,3.5682175,3.569889,3.577767,3.5894132,3.5812519,3.6031144,3.5878322,3.6076047,3.596416,3.5917614,3.6083934,3.6006722,3.6003003,3.6201365,3.6142557,3.628372,3.6398687,3.640285,3.634083,3.6384346,3.638748,3.6409724,3.6363118,3.649003,3.6538286,3.6597748,3.6601827,3.6719577,3.6684577,3.666106,3.6695938,3.6922507,3.689432,3.6869833,3.6789978,3.687043,3.6977818,3.6938398,3.6896625,3.6927645,3.7028368,3.702017,3.7031112,3.6992776,3.7055106,3.6997864,3.7057514,3.7078385,3.7028234,3.7205985,3.7105367,3.7058315,3.7040431,3.7025297,3.7121527,3.7076218,3.7122014,3.702674,3.7000968,3.711957,3.71325,3.693195,3.7061338,3.7253106,3.709214,3.7066581,3.7242937,3.7049816,3.720666,3.7266555,3.72475,3.705926,3.731871,3.7329338,3.729293,3.7302413,3.7239797,3.7239785,3.7356555,3.7181363,3.7331014,3.7217243,3.7418022,3.7432904,3.729459,3.7398252,3.743287,3.7484343,3.7472854,3.745346,3.7364173,3.754538,3.7356148,3.7550118,3.7558825,3.751069,3.774844,3.7650878,3.7630653,3.7610438,3.7624664,3.7553604,3.7652943,3.7791014,3.7892535,3.7650864,3.7958138,3.7744422,3.7747698,3.7955754,3.7804909,3.7749383,3.7919188,3.773658,3.788487,3.8115222,3.790229,3.7818098,3.7757244,3.7754872,3.7621336,3.739726,3.729067,3.7066383,3.7172422,3.6646488,3.6605763,3.6421525,3.6068966,3.5693188,3.5479944,3.5334258,3.487043,3.4785864,3.4401138,3.414484,3.3874967,3.386299,3.341956,3.3217704,3.307702,3.2985823,3.3086307,3.2779183,3.2414925,3.2434192,3.2362685,3.2152107,3.2079916,3.1857393,3.1694105,3.1767857,3.1549861,3.1293142,3.147425,3.1254797,3.1250165,3.1202674,3.1305604,3.133073,3.1283169,3.1271005,3.1322184,3.1398396,3.128369,3.1215498,3.1139636,3.1326559,3.1489563,3.1529493,3.1598165,3.130156,3.1282973,3.1206076,3.5609922,3.5191624,3.704446,3.5382283,3.5221312,3.5314674,3.5300379,3.5330074,3.5361,3.5358589,3.5677016,3.5660555,3.57244,3.5745842,3.5828004,3.5804257,3.5860593,3.5810716,3.583171,3.6024606,3.5890217,3.5930438,3.618418,3.6357572,3.6128218,3.6153998,3.6272376,3.664127,3.6443079,3.6676786,3.660932,3.6710193,3.6668856,3.6917062,3.6908877,3.7098489,3.7035823,3.6933773,3.7106445,3.7049017,3.703058,3.7081053,3.7111583,3.6966436,3.6995814,3.7060235,3.6907551,3.6897476,3.6899107,3.6898415,3.7066944,3.6987226,3.6957533,3.6859698,3.6915727,3.7286732,3.725889,3.7134743,3.6849177,3.7049317,3.6939452,3.6845639,3.6873562,3.690611,3.690359,3.6898592,3.6821542,3.6777205,3.6794574,3.6784048,3.6775336,3.6878767,3.6640892,3.6617258,3.6730912,3.660041,3.671286,3.66052,3.6604965,3.6588244,3.6530418,3.6451812,3.6440182,3.6579409,3.643464,3.6377885,3.6393826,3.633958,3.6319942,3.6441474,3.6332874,3.629497,3.6248102,3.6182587,3.6232479,3.6179051,3.6209946,3.6219685,3.6112332,3.6153498,3.6196399,3.6128397,3.6214147,3.627702,3.6152637,3.6196752,3.6165876,3.6240983,3.6189039,3.6190987,3.602933,3.619168,3.6219528,3.5996,3.6190596,3.612036,3.6185942,3.617548,3.6331189,3.6172836,3.627426,3.617547,3.6108325,3.6263187,3.6182773,3.623,3.6288993,3.6247253,3.6286893,3.6406026,3.63861,3.6339746,3.63252,3.6328034,3.636318,3.6451921,3.6367583,3.6420438,3.6303506,3.6341286,3.643406,3.6393712,3.638909,3.6491632,3.637218,3.6455867,3.6583564,3.6449685,3.6575208,3.6747015,3.665062,3.6726305,3.6721556,3.669215,3.670557,3.6667328,3.676693,3.6803114,3.6720011,3.669808,3.6909926,3.7031033,3.6888719,3.712961,3.690502,3.7083025,3.7034457,3.7249143,3.7248044,3.7090657,3.7265952,3.7381403,3.743681,,,,,,,,,,,,,,,,,,,,,,,,,,,,,,,,,,,,,,,,,,,,,,,t64
FS/200.png,right,0.2513489000266418,2.9815996,2.9812026,2.974017,2.9816215,2.9502819,2.966377,2.974984,2.975665,2.969998,2.9690742,2.9745202,2.9767406,2.972172,2.9637687,2.9644954,2.9764695,2.9654584,2.9655888,2.965565,2.9679654,2.9683745,2.9588685,2.9656458,2.9815505,2.966996,2.9717615,2.9856606,2.9826505,2.971063,2.9734194,2.9788978,2.9777894,2.9717715,2.976531,2.9854665,2.966187,2.9772005,2.957615,2.9664128,2.9912362,2.9558992,2.9570358,2.9539275,2.9788318,2.9563277,2.9534454,2.9695206,2.938753,2.971584,2.9502532,2.9567962,2.9840422,2.9599833,2.963844,2.9639714,2.9560235,2.9511485,2.9446998,2.9494267,2.9630222,2.937915,2.9519358,2.941017,2.9442525,2.9459567,2.9417298,2.9417777,2.9350524,2.9403934,2.9281983,2.9276025,2.9125764,2.9173145,2.918156,2.9052784,2.9081604,2.9056249,2.8967988,2.907391,2.9193332,2.8924189,2.9084034,2.9068809,2.8961504,2.9040232,2.9297395,2.9147274,2.9177945,2.9179776,2.9256039,2.9330428,2.9228845,2.9261992,2.9443655,2.9414656,2.9357033,2.9404018,2.9461453,2.9509747,2.9413795,2.946773,2.9419644,2.9515018,2.949871,2.951561,2.9635773,2.972425,2.972029,2.9714727,2.9737184,2.982411,2.9717827,2.9735312,2.977473,2.986897,2.9853642,2.986923,2.9877884,2.9908018,3.0034964,2.992972,3.0022006,2.9947162,3.0049796,3.0248764,3.0196104,3.02089,3.0292726,3.014405,3.0242627,3.0345159,3.0292578,3.028887,3.0197895,3.0092907,3.0212345,2.9944847,2.994946,2.9789972,2.972625,2.9407432,2.9278407,2.9231153,2.9093928,2.873476,2.8406627,2.8240006,2.8221338,2.8234591,2.7966976,2.7741852,2.7532935,2.7580447,2.7433186,2.7285812,2.721556,2.7086537,2.7217705,2.7151546,2.699913,2.707005,2.6795294,2.6863036,2.6714187,2.6698055,2.6762486,2.6577332,2.6715455,2.657457,2.6369095,2.6617913,2.6584783,2.6772869,2.6347888,2.6589053,2.6566594,2.6723216,2.6938002,2.691796,2.6815305,2.7129564,2.7023423,2.6886516,2.7177153,2.7346544,2.732572,2.7548072,2.747102,2.7575617,2.7495084,2.7465308,2.7775352,2.770872,2.7508473,2.7621346,2.7719378,2.768394,2.745719,2.8092804,2.9401543,2.9815736,2.9840357,2.958918,2.955872,3.0089796,2.9998822,3.0300024,3.0380828,3.0339599,3.0088072,3.0210505,3.0098927,3.0157602,3.0049174,3.0276585,3.0310783,3.0416133,3.050634,3.0527806,3.050068,3.046727,3.0528393,3.0575593,3.0570884,3.052956,3.0543795,3.0469995,3.0633504,3.0536244,3.0611186,3.0684721,3.0818872,3.0800579,3.0742936,3.0842254,3.0890362,3.098054,3.091103,3.0901637,3.0999136,3.108402,3.1035638,3.0981977,3.1022286,3.125377,3.109413,3.126487,3.1254625,3.1232243,3.1052706,3.1203287,3.1114383,3.0842621,3.0970721,3.0767558,3.0845056,3.0781076,3.062377,3.082144,3.0783107,3.0670142,3.0472937,3.0710201,3.062349,3.0545723,3.010891,3.056974,3.0713127,3.054005,3.0428772,3.0111802,3.0153828,3.0018544,3.0131094,3.0029585,3.0027347,2.9939628,2.9993665,3.0006359,2.993386,2.999092,3.0065413,3.0000324,3.0061128,3.0157032,3.0101116,3.0028834,3.003478,3.0170655,2.9927082,3.0173593,3.0144503,3.007443,3.0007083,2.998512,2.990561,3.000401,3.0142522,3.010612,2.9948866,2.996092,2.9922209,3.0053177,3.001646,3.0066266,2.9957924,2.9913092,3.0034804,3.0009258,2.99226,3.0037887,3.0118663,3.0084908,3.00287,2.9965663,3.0070398,3.0117204,3.008283,3.0034904,3.0172327,2.9965527,3.0160356,3.0076735,3.0048625,3.0146384,3.00096,3.0057797,3.014413,3.017395,3.0022907,3.014999,2.9931872,2.9975271,3.010952,3.0204458,3.0182023,3.004836,3.0086565,3.0134528,3.018869,3.0119905,3.0122302,3.0061862,3.031041,3.0103443,3.0206735,3.0135899,3.032813,3.056972,3.0323186,3.0282252,3.0324032,3.0365896,3.0414727,3.014301,3.0328877,3.0316007,3.007885,3.0317502,3.034818,3.0390491,3.0269816,3.0500095,3.0463274,3.0278544,3.03497,3.0487862,3.0456803,,,,,,,,,,,,,,,,,,,,,,,,,,,,,,,,,,,,,,,,,,,t84
FS/310.png,right,0.1805228000157512,3.7752674,3.7792602,3.7809548,3.7994378,3.788873,3.7729843,3.7871325,3.7949,3.77938,3.7956183,3.7866833,3.8059826,3.788146,3.8168733,3.8025782,3.8105576,3.7941885,3.811682,3.8104715,3.8193374,3.7961566,3.8176029,3.8131588,3.818173,3.8139343,3.8170934,3.815135,3.8018262,3.8018744,3.8087876,3.813194,3.8139763,3.8184295,3.8197796,3.821343,3.8215964,3.8327029,3.8355403,3.8403203,3.8259876,3.8343596,3.8246264,3.8287635,3.8233595,3.8331556,3.842131,3.8315954,3.8545449,3.8435967,3.8620737,3.8652878,3.8534677,3.8574054,3.846453,3.851811,3.8537664,3.8599083,3.8648129,3.8438058,3.8560038,3.8553905,3.8577359,3.8424375,3.8516762,3.8390505,3.818931,3.8414721,3.8239477,3.835618,3.8106256,3.8161886,3.8285916,3.8061974,3.8117642,3.8206847,3.8048646,3.7988923,3.802305,3.7970285,3.7990675,3.7942889,3.8029156,3.7864642,3.7991042,3.7974684,3.802268,3.798732,3.796633,3.8101113,3.7828672,3.7946603,3.7899468,3.7911503,3.7801762,3.7936592,3.7944016,3.7932293,3.7892168,3.7999182,3.772331,3.7953553,3.7985694,3.786221,3.7982621,3.794692,3.7920332,3.806162,3.7968562,3.7911243,3.7848778,3.7960153,3.806644,3.7960272,3.7984612,3.7948623,3.7880924,3.8187757,3.805934,3.8120413,3.7900102,3.8139148,3.8120768,3.815732,3.836002,3.8282359,3.8286839,3.8162067,3.8035114,3.8265371,3.8411272,3.8159053,3.8485467,3.8482676,3.8370192,3.8398387,3.8389819,3.8164907,3.8127456,3.8168678,3.802767,3.7858367,3.7675195,3.7240407,3.710767,3.6826465,3.6252756,3.613915,3.5803237,3.5758538,3.5525484,3.5202053,3.5078356,3.4710417,3.44982,3.3881836,3.3983586,3.382666,3.3753064,3.3387928,3.3350427,3.3310962,3.3154206,3.3178391,3.3078773,3.2924128,3.2716534,3.2703815,3.2767584,3.2576637,3.2300055,3.2498353,3.245056,3.2399662,3.2322538,3.2432384,3.2467504,3.2272463,3.230327,3.2264185,3.206804,3.2370636,3.2547042,3.2550547,3.2557278,3.2645242,3.2697601,3.2910948,3.319169,3.314104,3.320431,3.335569,3.32566,3.3260014,3.3310316,3.3542018,3.3840175,3.380531,3.3744724,3.3824172,3.3975868,3.4177046,3.416478,3.4289827,3.448731,3.4538178,3.465928,3.4893262,3.5007253,3.5113566,3.518005,3.520901,3.5526347,3.5428336,3.5719304,3.581361,3.595603,3.5976205,3.613223,3.6113913,3.6290026,3.6391606,3.6441689,3.645079,3.649167,3.640278,3.661917,3.6459951,3.6799564,3.68707,3.708217,3.719744,3.7078109,3.7012627,3.7104099,3.704692,3.7067435,3.692438,3.710585,3.680333,3.6677647,3.7617283,3.8449805,3.7823288,3.7508833,3.7598202,3.7853673,3.7900982,3.7802618,3.7924004,3.7900493,3.7866151,3.8020291,3.7938287,3.7978709,3.8078678,3.807499,3.8003259,3.8249223,3.809558,3.8084066,3.829263,3.8147097,3.7997665,3.8405528,3.8212037,3.8268623,3.8316784,3.8318489,3.8258622,3.8405354,3.8491027,3.8441498,3.8400555,3.8458982,3.8481343,3.8448,3.864568,3.8578782,3.8484304,3.8483806,3.8518977,3.856178,3.849948,3.8493037,3.8445194,3.8412395,3.880164,3.8632145,3.8502598,3.8943965,3.8566487,3.8753529,3.8871443,3.8918014,3.8795497,3.885774,3.8795197,3.879638,3.901686,3.891456,3.8936894,3.877851,3.8682098,3.8990738,3.9173732,3.9006655,3.8995402,3.9112873,3.892268,3.8931532,3.921098,3.904346,3.8983228,3.8981316,3.9362133,3.8953974,3.8693845,3.885668,3.8900776,3.8659606,3.8851218,3.8917968,3.8856597,3.9036365,3.9030502,3.8824863,3.906028,3.903292,3.9079156,3.8901503,3.9096458,3.8955808,3.8988788,3.8897953,3.8952029,3.8768718,3.8889291,3.9013057,3.878325,3.8627527,3.8778956,3.8938866,3.8756177,3.8738453,3.8827112,3.8793693,3.8703961,3.8685362,3.8765397,3.8819156,3.8738163,3.8904476,3.873762,3.874711,3.8849332,3.8782535,3.866926,3.8706915,3.868194,3.8674579,3.876335,3.8735573,3.8724787,3.876414,3.8706357,3.869525,3.8752651,3.8665774,3.8781762,3.8725514,3.886184,3.888283,3.8859046,3.8855813,3.8791082,3.8891253,3.8895473,3.8789432,3.8869214,,,,,,,,,,,,,,,,,,,,,,,,,,,,,,,,t9
FS/310.png,right,0.2051184000447392,3.073975,3.0764883,3.070737,3.0922205,3.1058583,3.1009574,3.1006806,3.116201,3.1233346,3.1264856,3.1260042,3.1110892,3.1221645,3.1203034,3.1185997,3.1302402,3.137445,3.1404874,3.1399062,3.1411216,3.163177,3.1567936,3.1559227,3.1779783,3.17333,3.151257,3.162754,3.1677446,3.1618304,3.1622074,3.1843824,3.179092,3.1787434,3.181475,3.180776,3.1888902,3.1850903,3.1777666,3.1878333,3.1843567,3.183579,3.1904964,3.1910543,3.1735244,3.1845894,3.188358,3.186088,3.206233,3.1885374,3.1890914,3.1982758,3.2060003,3.1996794,3.2288027,3.1956573,3.1954918,3.19897,3.205263,3.1919312,3.1923182,3.1757967,3.1619391,3.1632094,3.1679485,3.142934,3.154828,3.153154,3.1361191,3.12534,3.1324408,3.1316693,3.1370835,3.1313534,3.1134531,3.1127343,3.1166346,3.116613,3.1029413,3.118134,3.0954132,3.1051576,3.099681,3.085053,3.0861254,3.0759149,3.085733,3.0761223,3.0575197,3.0699234,3.039761,3.0586503,3.0622644,3.0528893,3.0433164,3.0552268,3.045971,3.0447772,3.0510406,3.058482,3.0451562,3.040767,3.0492315,3.0361001,3.0451255,3.0637944,3.0480797,3.064619,3.046962,3.0405612,3.0712922,3.0729852,3.0770097,3.0552697,3.0805633,3.090732,3.05685,3.086385,3.0704956,3.0866222,3.085845,3.0910602,3.0836976,3.096685,3.0968623,3.1014605,3.0933855,3.1068597,3.1000745,3.1027582,3.1104722,3.116698,3.1166358,3.1176913,3.1132636,3.112027,3.1210666,3.1078868,3.1069105,3.103281,3.0564647,3.0539227,3.040579,3.0279982,3.0244987,3.0119855,3.0025482,2.9724495,2.9322188,2.9372034,2.924408,2.8944325,2.8777504,2.8790972,2.8467972,2.8270352,2.8185678,2.8168678,2.7960138,2.8148246,2.794074,2.784697,2.7674212,2.7856472,2.7743702,2.768612,2.7581728,2.7753363,2.769836,2.769243,2.7613158,2.767203,2.752042,2.7540517,2.7544427,2.7576988,2.7289252,2.7385628,2.7435691,2.7328227,2.7543514,2.7506676,2.7560165,2.7462833,2.7479875,2.7588596,2.7797704,3.0139656,3.0265155,3.042699,3.0561361,3.0570197,3.0850432,3.079012,3.0766823,3.0991404,3.103453,3.0983193,3.130387,3.1266394,3.1287992,3.1427424,3.1482203,3.115182,3.1543775,3.1597447,3.1663716,3.1421263,3.168672,3.1865206,3.1863575,3.2011929,3.1971333,3.2084217,3.2056417,3.1964579,3.2035608,3.214572,3.2067912,3.2095995,3.208543,3.2072256,3.2167904,3.208261,3.2081347,3.2151885,3.2221992,3.2159693,3.2183423,3.225434,3.2298317,3.2427752,3.2286503,3.2229867,3.2276773,3.2402728,3.24382,3.2367494,3.241556,3.2136931,3.2350423,3.229013,3.232413,3.2433143,3.2298064,3.2320442,3.2252524,3.223494,3.2160695,3.2256992,3.223899,3.2198925,3.2193694,3.206665,3.2126932,3.1823895,3.2087278,3.2266023,3.1982627,3.1946068,3.179277,3.1805942,3.1829593,3.1991618,3.169729,3.1880167,3.1771598,3.1677258,3.1696162,3.167822,3.1671884,3.1635816,3.1751323,3.171302,3.168255,3.1761544,3.1561005,3.1572118,3.1491227,3.153634,3.1488163,3.155748,3.164303,3.1454442,3.1514182,3.1586294,3.1475751,3.1518006,3.1468241,3.1509385,3.1323738,3.1579905,3.1326299,3.1255872,3.1562862,3.1415741,3.1426516,3.134146,3.1454618,3.1458244,3.1479344,3.1290486,3.1497793,3.138511,3.1587222,3.170166,3.1444569,3.160452,3.1760917,3.153775,3.1909149,3.1802099,3.168974,3.1919198,3.1935961,3.1905296,3.1875381,3.1894586,3.196651,3.1958091,3.1884806,3.1889606,3.2017143,3.1959488,3.1853192,3.2008905,3.212845,3.1946037,3.2093155,3.2088587,3.222008,3.2096994,3.2242336,3.2358434,3.2386932,3.2086468,3.2412543,3.24889,3.2493837,3.241476,3.242799,3.2400787,3.247314,3.2332726,3.245234,3.2522526,3.2652848,3.256137,3.2584014,3.255516,3.2561393,3.276588,3.2630744,3.2531414,3.2772617,3.2745643,3.285507,3.2776198,3.2908957,3.2815797,3.2886746,3.2554715,3.2829387,3.2781026,3.269506,3.2890687,,,,,,,,,,,,,,,,,,,,,,,,,,,,,,,,,,,,,,,,,,,,,,t80
FS/310.png,left,0.1779009000165388,3.1562798,3.1352367,3.1492186,3.1417022,3.1601362,3.1566226,3.1690285,3.1566327,3.1459205,3.1494896,3.1438608,3.1569762,3.1523519,3.135878,3.151854,3.1687033,3.140788,3.142353,3.152823,3.1665237,3.1495428,3.1402073,3.1480496,3.1525805,3.1482155,3.144843,3.1464329,3.1555161,3.1586094,3.1335356,3.1522617,3.1456597,3.1208856,3.1394594,3.144098,3.1323938,3.1357923,3.1144118,3.1532834,3.1382978,3.1395423,3.1270893,3.145415,3.1462438,3.143885,3.1310208,3.150803,3.1114755,3.1297686,3.1351898,3.1156845,3.1162193,3.122975,3.1247883,3.1422226,3.13129,3.1248894,3.119219,3.1195583,3.1196449,3.1332269,3.122504,3.1223526,3.1098564,3.1110508,3.1179032,3.1081824,3.0939236,3.1094995,3.087536,3.071012,3.0890436,3.081251,3.0783846,3.0498326,3.0599358,3.051489,3.0531754,3.0532072,3.047465,3.049445,3.0521638,3.0512958,3.0553284,3.0564997,3.0398421,3.0355933,3.0387135,3.0457962,3.029959,3.035817,3.0359128,3.0469403,3.0612364,3.050878,3.062888,3.0726793,3.0524294,3.0716338,3.0644693,3.0953522,3.0945103,3.092153,3.0984037,3.1093411,3.1059668,3.1182888,3.1148083,3.1171238,3.1147892,3.1178126,3.1125727,3.117279,3.149999,3.1451747,3.1522062,3.1440263,3.14824,3.1603734,3.1692884,3.186235,3.1692073,3.1894562,3.1838834,3.2018707,3.2112613,3.2054427,3.210587,3.214165,3.2034245,3.211425,3.2134109,3.2226062,3.2231133,3.2097616,3.2116601,3.178286,3.170009,3.1534421,3.118892,3.1122925,3.0840302,3.0806386,3.0531967,3.0350704,2.9953754,3.0010257,2.9830697,2.974114,2.9622777,2.9546583,2.9263012,2.8969958,2.880911,2.852158,2.8370245,2.8374908,2.8368862,2.8424854,2.8356743,2.8081162,2.8175654,2.8229446,2.8166542,2.8038876,2.8031807,2.7969222,2.7996078,2.8018596,2.7866623,2.7862515,2.7807348,2.7983632,2.7789202,2.7987075,2.7930744,2.8019633,2.783773,2.7952394,2.8016214,2.7902305,2.8130417,2.7984898,2.8032134,2.7919235,2.7667441,2.8124206,1.2509542,3.0817223,3.0329309,3.1058674,3.0739875,3.074186,3.061424,3.087685,3.0727658,3.0789921,3.087069,3.1044936,3.104634,3.105251,3.0960512,3.1039557,3.1185515,3.138627,3.1229322,3.1600437,3.1627543,3.145416,3.1618304,3.1766105,3.165089,3.1982963,3.1996586,3.188838,3.1931138,3.1897418,3.1964357,3.206974,3.210686,3.20602,3.2180755,3.2147791,3.2192807,3.2228162,3.2165756,3.223077,3.2187605,3.2250047,3.2454371,3.2359698,3.2113245,3.2198987,3.2206733,3.214622,3.2211914,3.2151785,3.2116508,3.2199695,3.21762,3.2141852,3.1787503,3.1907108,3.228885,3.2122204,3.1968842,3.2026732,3.1851196,3.1925628,3.174688,3.199187,3.1900575,3.1769013,3.1747193,3.1418161,3.1465719,3.1456246,3.129704,3.1333263,3.1204464,3.1449714,3.1194303,3.1403942,3.1183715,3.1221097,3.1254053,3.1212847,3.1144693,3.110006,3.1108751,3.1134846,3.107953,3.1101148,3.1076033,3.1093404,3.1095657,3.1150017,3.1110022,3.1099696,3.1108522,3.10319,3.0933902,3.098813,3.10046,3.0870123,3.103813,3.115541,3.1076345,3.1063178,3.1073673,3.1051755,3.1019807,3.097493,3.1094947,3.121873,3.1021867,3.1099963,3.1062977,3.1011739,3.1039195,3.0943692,3.1030326,3.0888867,3.0983987,3.0927763,3.0769184,3.076612,3.0611203,3.0628915,3.073026,3.0662587,3.0645251,3.0813549,3.0748632,3.0817504,3.0801647,3.0769665,3.1028855,3.0941656,3.0796094,3.071731,3.0858727,3.0861182,3.0629916,3.0704918,3.0794768,3.079883,3.0789783,3.0615914,3.0848658,3.0804408,3.083824,3.0828707,3.0777717,3.0536873,3.0745797,3.0799022,3.0650232,3.0625892,3.0571768,3.0692937,3.0666153,3.0636806,3.058319,3.0514398,3.0519314,3.0472155,3.0435703,3.0462172,3.0383859,3.038359,3.0422237,3.030808,3.0403636,3.0305402,3.0389633,3.020385,3.031499,3.024933,3.0360432,3.0422792,,,,,,,,,,,,,,,,,,,,,,,,,,,,,,,,,,,,,,,,,,,,,,,,,,t87
FS/310.png,left,0.2346873999922536,3.2490597,3.242365,3.2509594,3.254847,3.2525463,3.2450936,3.2404406,3.230125,3.2372823,3.264991,3.236407,3.249419,3.2430825,3.2539067,3.239292,3.234431,3.231368,3.2440531,3.241692,3.2331064,3.2409964,3.2367425,3.2479098,3.2461083,3.2493615,3.2575805,3.249887,3.2546027,3.2472413,3.2537048,3.2494178,3.2505279,3.2368248,3.2828238,3.2538738,3.2576947,3.2568502,3.2529604,3.2655668,3.2571802,3.2710962,3.2589204,3.272767,3.2633636,3.255247,3.286895,3.2651844,3.2609112,3.2812116,3.27759,3.3037405,3.2966282,3.2672944,3.3014393,3.2849224,3.2814052,3.2825463,3.2868574,3.2636058,3.2780752,3.2578864,3.2685125,3.2432318,3.2551284,3.2353766,3.2374375,3.2062821,3.2034688,3.1971169,3.2069175,3.1902776,3.1944818,3.1745102,3.171273,3.170386,3.1643035,3.172591,3.161612,3.1610503,3.1595879,3.1440375,3.1317856,3.127622,3.1164014,3.1320028,3.1171308,3.120488,3.1105947,3.1242294,3.0863025,3.1096323,3.114032,3.091737,3.1038854,3.0960937,3.0944564,3.099849,3.091709,3.0961435,3.1112206,3.0988145,3.110509,3.1015842,3.1144347,3.1242964,3.1189756,3.1267107,3.108379,3.1123466,3.1227639,3.1171033,3.1298308,3.1504188,3.144402,3.163678,3.1762853,3.1779473,3.1832952,3.1774786,3.1965318,3.2021072,3.210061,3.2051942,3.2074206,3.2166438,3.225405,3.2359483,3.2230465,3.242707,3.2361624,3.2602932,3.2587907,3.262647,3.2587914,3.2694366,3.269594,3.276066,3.2685077,3.262524,3.2567291,3.2541423,3.2294636,3.2216299,3.212189,3.185007,3.1910763,3.1484818,3.1142654,3.1081326,3.090794,3.0837924,3.0584059,3.0506597,3.0113413,3.0143986,2.9975114,2.979833,2.970074,2.946759,2.9373472,2.9094672,2.9370193,2.91519,2.9164546,2.8866625,2.898297,2.894573,2.8819513,2.8534722,2.8714235,2.8521252,2.8493202,2.8586287,2.8530002,2.8695972,2.8515882,2.8609703,2.8787496,2.8562639,2.8583379,2.8437736,2.8770611,2.8681107,2.8756156,2.9007728,2.8831234,2.9016497,2.901987,2.9139798,2.8994253,2.9230173,2.944252,2.962537,2.9605105,2.973006,2.9608731,2.9970665,3.0022228,2.9893873,2.9949934,3.011763,3.030237,3.0294902,3.017821,3.018667,3.046307,3.034493,3.0022762,3.0527549,3.221939,3.2475948,3.2436833,3.2513514,3.253682,3.2595723,3.270574,3.2498534,3.2691119,3.2807724,3.2627769,3.2876465,3.3020816,3.3226738,3.3232784,3.3175251,3.325667,3.3180304,3.3143768,3.3059154,3.300044,3.3014538,3.3039422,3.3006787,3.3263843,3.3238876,3.3089857,3.3130293,3.3360336,3.3185163,3.3293073,3.307767,3.3471527,3.3224285,3.3332107,3.3435366,3.3338752,3.3450148,3.3495107,3.3483644,3.347444,3.3532836,3.3461971,3.3505538,3.3381538,3.3363192,3.3420634,3.3554058,3.3476362,3.3601894,3.3369114,3.33063,3.3465273,3.327122,3.3440084,3.3166854,3.3058567,3.3115678,3.3160448,3.327832,3.3098574,3.3001587,3.2994049,3.3050847,3.3024402,3.300727,3.2904685,3.291258,3.2794912,3.2752733,3.2836874,3.2731216,3.2694764,3.2569845,3.2553136,3.2573824,3.264579,3.2422142,3.2451048,3.2439525,3.2390509,3.2365909,3.2188246,3.2622478,3.247962,3.2187974,3.2067285,3.2273304,3.2030342,3.2042837,3.2023022,3.209873,3.205472,3.194722,3.198968,3.204993,3.2130406,3.2023225,3.2043822,3.2036839,3.2111702,3.2038853,3.1977081,3.196194,3.1891847,3.1859415,3.1915383,3.1931353,3.190501,3.1918175,3.1938035,3.194533,3.1856601,3.1950736,3.1913607,3.19433,3.1939251,3.202956,3.2101226,3.190634,3.2066624,3.2112396,3.2211142,3.2183325,3.2091818,3.2101579,3.22479,3.2274175,3.2136595,3.243612,3.2511613,3.2505896,3.259275,3.246403,3.2556505,3.2506733,3.25643,3.2585719,3.2725236,3.263523,3.2565687,3.2650306,3.2627861,3.255762,3.2776334,3.2629018,3.2793024,3.2785747,3.272391,3.2853143,3.283138,3.2942946,3.2996185,3.304248,3.2942128,3.2996223,3.3092608,3.2975738,3.3098376,3.3056996,3.3101559,3.3178153,3.314805,3.3222275,3.3157926,3.3229113,3.335461,,,,,,,,,,,,,,,,,,,,,,,,,,,,,,,,,,,t97
FS/460.png,left,0.2308872999856248,3.7705576,3.7615972,3.7725983,3.7779813,3.7779818,3.7801433,3.7778115,3.7967792,3.7754345,3.7844086,3.7782292,3.7904708,3.794252,3.7899354,3.7838175,3.7984898,3.7847028,3.779778,3.811432,3.8063345,3.7948873,3.7986817,3.788099,3.8037677,3.8098881,3.8082402,3.8188934,3.8145206,3.8041754,3.8098576,3.8144083,3.8378289,3.8293693,3.8425014,3.820893,3.8400497,3.8484788,3.8477004,3.8487492,3.8587222,3.845437,3.8683636,3.8498867,3.8522809,3.8791525,3.8798661,3.8884482,3.8925757,3.8921967,3.8932097,3.9106603,3.9304163,3.893161,3.9066427,3.922119,3.9206295,3.9063551,3.9223716,3.9087791,3.9230363,3.9211879,3.9070427,3.925401,3.9025192,3.9372463,3.9401526,3.9188511,3.9184725,3.9220984,3.924421,3.9289067,3.9268868,3.925109,3.945987,3.93724,3.9250393,3.9031198,3.9145727,3.934601,3.9081671,3.9319108,3.9234197,3.9106724,3.9246628,3.9378896,3.9310007,3.933593,3.9430487,3.9468615,3.9532013,3.9615905,3.9527843,3.9539263,3.9442284,3.9616647,3.9571848,3.9598436,3.9603322,3.9600596,3.97015,3.9762347,3.9991293,3.9833946,3.984095,3.9841125,3.978834,3.971543,3.9959252,3.9929998,4.00931,4.0100565,3.9902494,4.0083556,4.018321,3.9992323,4.020183,4.0181193,4.018574,4.024163,4.015825,4.019961,4.0193486,4.0213184,4.006578,4.030046,4.025808,4.0137405,4.0065374,4.022959,4.033707,4.016091,4.0257316,4.0286403,4.0284357,4.0095406,4.002209,3.9935272,3.977696,3.9472547,3.9243991,3.9135742,3.891614,3.8728778,3.8380637,3.8231764,3.7771816,3.7423258,3.7123728,3.6765652,3.6731691,3.6544213,3.6199377,3.5958803,3.5750644,3.556928,3.5392902,3.522168,3.5196385,3.5020552,3.457384,3.4546356,3.4273136,3.4171119,3.4316256,3.4074638,3.4086635,3.400786,3.4035063,3.3804119,3.370343,3.3673747,3.3592074,3.360993,3.3431506,3.345716,3.3528092,3.3588254,3.3768768,3.346293,3.3774042,3.3719323,3.3616097,3.391778,3.354282,3.3641667,3.359745,3.4036844,3.415568,3.412156,3.4413824,3.4257362,3.4302766,3.44773,3.4452908,3.452237,3.4474757,3.4509292,3.4660876,3.480055,3.488611,3.5113652,3.5486465,3.5725877,3.5696657,3.5725589,3.589947,3.611678,3.6079037,3.629262,3.639322,3.6452444,3.6513493,3.6785107,3.6818728,3.687391,3.6869302,3.6887352,3.723883,3.7209027,3.729749,3.7265902,3.7585714,3.749958,3.7496343,3.760774,3.739822,3.7665539,3.7887924,3.7979925,3.773579,3.7771351,3.7664611,3.785669,3.7695222,3.7874057,3.793617,3.863328,3.7833939,1.0799738,3.873804,3.7989337,3.9335027,3.8440497,3.86218,3.858935,3.876684,3.8842416,3.8795314,3.88927,3.886342,3.9084916,3.9150298,3.9236162,3.9287615,3.9499712,3.9274426,3.9401486,3.9261346,3.9284706,3.9402254,3.9477327,3.961188,3.9895124,3.9460547,3.9418008,3.9497252,3.957303,3.9698374,3.9918418,3.965267,3.9918435,3.9887743,4.009267,3.9952242,4.0022955,4.0030317,4.009716,4.003589,3.9988291,3.9962025,4.007601,4.022098,4.013165,4.0125675,3.999515,4.0009713,4.01938,4.027299,3.9946024,4.0255837,4.0120087,4.0108542,4.01651,4.008144,4.0299706,4.024413,4.006209,3.995689,4.0311894,4.022768,4.0189896,4.0260787,4.02916,3.999154,4.0209656,4.017222,4.018751,4.0065594,3.9950492,3.9896572,4.0121446,3.978488,3.9979844,3.9852877,3.9903958,3.981956,3.994529,3.9983826,3.9951022,3.9777567,3.9902642,3.9817154,3.9795794,3.9928086,3.9709551,3.979772,4.000216,3.982952,3.9814968,3.9787412,3.9745557,3.9707575,3.9762793,3.9611874,3.9546828,3.9486973,3.965589,3.9666543,3.957264,3.9657183,3.9619994,3.9491248,3.967171,3.9548466,3.9609985,3.9532218,3.9411283,3.9459121,3.9593077,3.9215572,3.953197,3.9422996,3.9418557,3.9837332,3.947617,3.9539387,3.9544957,3.939978,3.959468,3.9436054,3.9716213,3.971918,3.9506454,3.9697073,3.9707541,3.9516559,3.9473593,3.9836369,3.9865494,3.9739127,3.9734223,3.998988,3.980633,3.983858,3.9897325,3.9863968,4.005763,3.9948845,3.9911807,3.9924164,3.9925935,4.0002265,4.008328,3.9977038,3.9954433,3.9967546,3.9974966,4.0199885,3.9900696,3.992229,3.9917145,4.0093265,4.003386,4.0231276,4.013541,4.0257306,,,,,,,,,,,,,,,t12
FS/460.png,right,0.1471934000146575,3.8443756,3.8485997,3.8615851,3.8522842,3.8507407,3.8740153,3.8578992,3.8807273,3.8812609,3.8776302,3.8752995,3.8747644,3.8760645,3.880987,3.9120283,3.8969917,3.9127402,3.9046874,3.893607,3.9166799,3.9159684,3.9067187,3.8903089,3.9077606,3.8935132,3.9187639,3.9187894,3.9113872,3.9015448,3.912754,3.9110472,3.9380412,3.922093,3.928128,3.9091957,3.9103127,3.9403431,3.9313877,3.931411,3.9500165,3.9516141,3.9401844,3.9443896,3.9543996,3.944891,3.9456794,3.9574468,3.9469082,3.9550986,3.9584088,3.961923,3.9456887,3.9572904,3.9652665,3.9471154,3.965812,3.9746306,3.9542294,3.9543693,3.9847097,3.9742572,3.9772494,3.9777296,3.9812207,3.9806066,3.9791691,3.9834342,3.9848626,3.9710772,3.9786634,3.981081,3.9836488,3.9797525,3.9764175,3.97748,3.981149,3.9839537,3.9769561,3.9792078,3.988146,3.9823892,3.987305,3.9949117,3.9938946,3.9955707,3.9956934,3.991598,4.0030756,3.9849238,3.9850729,3.9862285,3.993751,3.9886117,3.9882293,3.98412,3.9935641,3.992898,3.9820192,3.9841206,3.9942727,4.0017114,3.9955537,3.9889007,3.9884465,3.9914508,3.9990108,3.9696667,3.9885302,3.9761894,3.9801471,3.98493,3.9817655,3.9782197,3.97579,3.9801128,3.9809177,3.983052,3.9751954,3.9864848,3.974608,3.983791,3.9896305,3.9769354,3.9776893,3.9852216,3.9771132,3.988269,3.9926684,3.9963286,3.975693,3.980811,3.9836342,3.985667,3.978414,3.983546,3.9746714,3.9822202,3.9621873,3.9595609,3.918601,3.9105465,3.8890295,3.8747022,3.8204925,3.7931166,3.7641425,3.7458131,3.7137134,3.6893282,3.6895359,3.6624095,3.6249526,3.601036,3.5958936,3.5425918,3.529506,3.513489,3.5054092,3.4849923,3.4601157,3.4490972,3.4507554,3.4449635,3.4383383,3.420472,3.399282,3.3874843,3.3761804,3.3809683,3.3588238,3.358905,3.3580406,3.3611386,3.3601842,3.3462818,3.3391626,3.3401353,3.3566654,3.3799858,3.3320475,3.339116,3.3552306,3.3412743,3.3584206,3.3600724,3.343033,3.3502824,3.3825486,3.3708014,3.357504,3.3773594,3.3961782,3.4012833,3.3973324,3.39775,3.434665,3.4279473,3.4510193,3.4412766,3.4608676,3.4258904,3.48988,3.435917,3.460498,3.4604383,3.490681,3.7502153,3.848843,3.7450092,3.779869,3.7821918,3.782255,3.7921321,3.7966356,3.8011088,3.7936106,3.8047528,3.8168569,3.8137624,3.8196783,3.8012722,3.8302624,3.8400214,3.8322606,3.8520334,3.850658,3.8599083,3.8595672,3.852621,3.8750184,3.8718398,3.872285,3.87311,3.8715196,3.8743153,3.909771,3.9151344,3.8895366,3.8903654,3.9074738,3.919646,3.9257798,3.9197755,3.9403484,3.9464667,3.9224262,3.956114,3.9329674,3.963352,3.9413817,3.9580662,3.9780073,3.9552615,3.9592547,3.9652836,3.943147,3.9723446,3.9617443,3.957726,3.945135,3.964852,3.956178,3.957621,3.9465644,3.956152,3.9505508,3.9590952,3.952239,3.9634297,3.953657,3.9631305,3.9586332,3.951531,3.9566317,3.9503336,3.960325,3.946482,3.9405627,3.9574106,3.9557693,3.946853,3.9412515,3.9456232,3.9417787,3.9391613,3.9364507,3.937555,3.9446843,3.947694,3.9400578,3.9400282,3.9361389,3.943921,3.933433,3.9293096,3.9373288,3.9338737,3.9163857,3.9374418,3.9462945,3.9404671,3.934352,3.9182441,3.9289262,3.9225905,3.8821394,3.9179838,3.9211032,3.9151354,3.9414506,3.927916,3.9374063,3.9443057,3.9223952,3.9213746,3.9277396,3.9473398,3.9240549,3.9166892,3.9167056,3.9151254,3.918425,3.9207094,3.9096806,3.9146626,3.924408,3.932192,3.9264421,3.9157896,3.9218247,3.8947184,3.9126616,3.9254436,3.920774,3.9300396,3.9223785,3.9325576,3.9274175,3.9289377,3.9151769,3.920954,3.9157674,3.937045,3.9491653,3.9257956,3.9544325,3.9415848,3.9507325,3.943831,3.965402,3.952574,3.9615798,3.953522,3.9656873,3.9721563,3.9881434,3.9891222,3.973067,3.9862003,3.9908023,3.999383,3.990695,3.9988775,3.9875522,4.0002947,3.991783,4.004215,4.017582,4.034299,4.0300694,4.024468,4.01528,4.02255,4.0295596,4.0433164,4.019088,,,,,,,,,,,,,,,,,,,,,,,,,,,,,,,,,,,t35
FS/460.png,left,0.3736562000121921,3.779255,3.7562778,3.7748022,3.7819178,3.7836363,3.769085,3.7799609,3.7705946,3.7989056,3.7636259,3.7779365,3.7676666,3.7971241,3.7787008,3.7609344,3.7355173,3.7653375,3.7485306,3.7436168,3.763291,3.7255013,3.749076,3.7252905,3.7158983,3.7401626,3.732202,3.728771,3.7247198,3.7219298,3.7177942,3.7208054,3.7126708,3.7144063,3.707229,3.7063463,3.7072873,3.6993282,3.704317,3.698145,3.6971867,3.6960735,3.707653,3.6819715,3.6864662,3.678173,3.6861916,3.6874459,3.6991658,3.6836042,3.6844754,3.6757085,3.67167,3.6643429,3.6628387,3.6788418,3.6729302,3.6683412,3.6593964,3.652624,3.661111,3.6661358,3.651815,3.6319392,3.6524942,3.651868,3.633285,3.6367233,3.6146152,3.6309223,3.6237855,3.6154315,3.6040044,3.6207623,3.6114445,3.6099424,3.6111078,3.6152341,3.6086714,3.6057763,3.6078367,3.6034405,3.6038163,3.614721,3.5940027,3.5947073,3.6058002,3.5956788,3.6035814,3.5897324,3.5960705,3.5815806,3.5973275,3.600791,3.5984917,3.605551,3.5961688,3.5895176,3.570173,3.580626,3.5698352,3.5875676,3.5911446,3.589863,3.590009,3.5844705,3.5893886,3.5782478,3.5958686,3.5847228,3.5963347,3.5960567,3.590495,3.5978754,3.5768733,3.5911734,3.5931342,3.5924423,3.5840983,3.6034808,3.5917573,3.59745,3.5872414,3.5955384,3.5936177,3.585086,3.596435,3.6038015,3.5587628,3.5878706,3.5813699,3.576555,3.5635056,3.5448644,3.517117,3.49007,3.483185,3.4454274,3.4536347,3.4293268,3.401538,3.375421,3.3228,3.3153584,3.31256,3.297512,3.2372496,3.200107,3.1711905,3.1416483,3.138535,3.1053913,3.069588,3.049026,3.0342977,3.0168564,3.0116405,2.9546518,2.922583,2.9250226,2.9056318,2.887275,2.894991,2.8812768,2.8724937,2.867678,2.850507,2.8335307,2.8049505,2.812951,2.7880652,2.7768385,2.7870739,2.7774353,2.7751994,2.7537837,2.7742267,2.7668042,2.7490606,2.75631,2.7770715,2.761196,2.757366,2.7501552,2.7573557,2.7512586,2.7600238,2.7625594,2.7989333,2.805636,2.8308773,2.7923455,2.821853,2.844757,2.8398952,2.8483648,2.8726976,2.8778868,2.8821015,2.8853705,2.8810475,2.885209,2.903577,2.9088984,2.9620142,2.9467263,2.9606614,2.9662027,2.9598606,2.9944353,2.9967701,3.0143223,3.035083,3.043879,3.0600493,3.1037376,3.1159945,3.0964122,3.1187434,3.1198475,3.1136732,3.1025946,3.0980775,3.1310513,3.144085,3.1411572,3.1305575,3.1217394,2.9154763,3.4605713,3.449594,3.4456623,3.423546,3.4661934,3.430497,3.4471617,3.4548545,3.4594526,3.4815583,3.4752004,3.4864478,3.5058146,3.4983935,3.5439084,3.5239456,3.5697138,3.5493157,3.5372128,3.556357,3.5544112,3.5833306,3.5782402,3.5878685,3.5903416,3.5995739,3.6081834,3.6088202,3.6033614,3.6082973,3.617315,3.6166086,3.6057165,3.6249228,3.6246192,3.6402562,3.6279073,3.6382303,3.642666,3.6393337,3.6451075,3.6514645,3.6349192,3.656811,3.6794004,3.671753,3.674608,3.6578836,3.6854553,3.660342,3.6799984,3.695792,3.7049472,3.6910608,3.7076783,3.6674497,3.7066562,3.6806197,3.6819942,3.705219,3.696964,3.695988,3.7018394,3.6891778,3.7033,3.7020545,3.6808884,3.6587207,3.690156,3.6969004,3.6819792,3.6807814,3.6838348,3.673386,3.6791973,3.6721911,3.6729326,3.6741476,3.652773,3.6799195,3.638144,3.6548665,3.6607885,3.6488953,3.6565464,3.6651084,3.6614115,3.646746,3.651688,3.6349034,3.6542687,3.634554,3.6496644,3.647477,3.649049,3.6393116,3.6366296,3.6614041,3.6398063,3.6431139,3.6561806,3.6485875,3.6307256,3.6335337,3.6207473,3.6341653,3.6277483,3.625699,3.618784,3.637147,3.6293867,3.6321173,3.6397748,3.6233647,3.619732,3.627215,3.6185067,3.6336813,3.6378474,3.6458511,3.6091034,3.626727,3.6313596,3.6217349,3.6312952,3.6178606,3.630478,3.613599,3.6250646,3.6108685,3.6089342,3.6058786,3.6001933,3.6187172,3.6136713,3.6052966,3.6123793,3.623261,3.6225076,3.6111915,3.6355653,3.622535,3.6220298,3.6217532,3.61087,3.62847,3.6318936,3.6306806,3.6216671,3.620323,3.6287613,3.6289241,3.6547358,3.6613328,3.6620057,3.6569474,,,,,,,,,,,,,,,,,,,,,,,,,,,t59
FS/260.png,right,0.119331499969121,4.0014215,3.9770858,3.992951,3.9939425,3.9900806,3.9885945,3.993232,4.0016527,3.9873965,3.9793966,3.975443,3.9993083,3.9991817,3.982926,3.9809098,3.9835706,4.0131555,4.0106606,4.0263352,4.006168,4.0060625,4.0097175,4.011143,3.994627,3.9951084,4.00018,3.998377,3.9839165,3.9763038,4.0045815,4.0077343,4.018819,3.989438,4.018341,4.0066733,4.0123687,4.003792,4.015515,4.0053906,4.0126324,4.007088,4.0099354,4.0009956,4.0035434,3.9947357,4.00055,4.024842,4.0313973,4.0007367,4.0055985,4.0009937,4.0115623,3.9928515,3.9977043,4.001554,3.9913383,3.9907262,3.9767573,3.9903831,3.9820547,3.985956,3.975861,3.9410884,3.9345794,3.9546793,3.9436665,3.9354987,3.904426,3.9174142,3.9163804,3.9209185,3.914623,3.90942,3.9091864,3.911341,3.9211538,3.9072378,3.9011376,3.9003499,3.9074018,3.897192,3.8944,3.9015641,3.913802,3.894546,3.899068,3.898645,3.8940287,3.9056487,3.9013078,3.9102304,3.8974054,3.902711,3.8972087,3.909751,3.904627,3.906731,3.9217048,3.898593,3.9157176,3.9137573,3.9294736,3.9144812,3.9317913,3.9422626,3.9443471,3.9316006,3.9369645,3.9311175,3.9349608,3.9384527,3.9503515,3.940772,3.9540172,3.9465773,3.9371562,3.932641,3.95766,3.9616067,3.9457822,3.9438562,3.982967,3.9803977,3.9968302,3.999253,3.9816833,4.011708,4.001882,4.0017014,4.0052085,3.996177,3.9863513,3.9940436,4.0010777,4.008797,3.990315,3.9778917,3.9920676,3.9716632,3.9711232,3.9561098,3.9298208,3.9198985,3.879487,3.8608057,3.8492475,3.8127613,3.8116045,3.7806075,3.744011,3.7310884,3.708648,3.676987,3.6630049,3.647786,3.6191418,3.5981452,3.581308,3.5573826,3.5477924,3.5225418,3.5356207,3.5053616,3.4865303,3.493508,3.4902,3.4570515,3.4361725,3.4500299,3.4464605,3.4371703,3.4241955,3.439473,3.4253356,3.4281044,3.418141,3.429502,3.4202611,3.4275048,3.4268262,3.4253006,3.430606,3.4362733,3.4344077,3.4399288,3.4503565,3.4400697,3.452193,3.4634156,3.485804,3.4826028,3.4807289,3.4841664,3.5056725,3.5007293,3.5093057,3.5034595,3.5060601,3.5152276,3.519916,3.561222,3.560189,3.5819778,3.5891643,3.6052105,3.59741,3.6085608,3.6028674,3.625481,3.6380095,3.6326606,3.641563,3.6592152,3.6602976,3.6857672,3.6697204,3.6639721,3.6799507,3.6998832,3.695489,3.6842175,3.688234,3.6970217,3.7162733,3.7023706,3.6944902,3.70369,3.905705,3.7428625,2.5667613,3.8101857,3.8123639,3.8454573,3.8511941,3.847461,3.8535903,3.851152,3.862115,3.8766987,3.8609297,3.8653173,3.858696,3.8817403,3.8839364,3.907055,3.9041624,3.902658,3.8951643,3.9105694,3.9092267,3.902067,3.9151375,3.912458,3.912572,3.9210494,3.919715,3.918589,3.9104393,3.9280899,3.9214425,3.923513,3.9328747,3.9294772,3.935234,3.9543183,3.9317117,3.9389982,3.9503734,3.968096,3.968417,3.9591236,3.9740489,3.9702275,3.9586263,3.9680564,3.9735215,3.9856436,3.990165,3.976698,3.9661853,3.9876802,3.9759636,3.9896958,3.977387,3.965238,3.9863715,3.9818723,3.9698088,3.9822564,3.9599793,3.9686599,3.967163,3.9646485,3.9610403,3.9673276,3.9444356,3.942619,3.9570055,3.9347184,3.948594,3.9614058,3.9282303,3.932422,3.9348726,3.9364657,3.926009,3.9157803,3.9366844,3.919512,3.9173894,3.8987143,3.9290211,3.921471,3.9053855,3.9097207,3.92511,3.9173186,3.8993378,3.9220028,3.898212,3.9047875,3.9068942,3.9123313,3.898921,3.9173248,3.9199347,3.9096577,3.9047184,3.9089606,3.9117997,3.92041,3.9093115,3.8981144,3.922518,3.9069545,3.8995192,3.9276202,3.9066532,3.8952892,3.9161415,3.915812,3.9124696,3.9032478,3.9100797,3.918677,3.9232504,3.9117775,3.8953297,3.906683,3.902903,3.9012823,3.912433,3.8994346,3.9256318,3.9196177,3.9052312,3.9079235,3.9190378,3.9241424,3.9237988,3.9276018,3.942706,3.9209695,3.9230242,3.911286,3.9460998,3.911473,3.8966196,3.931359,3.9423063,3.9293783,3.9280968,3.9340003,3.9250543,3.9324737,3.9271722,3.9282007,3.9307263,3.91939,3.92524,3.9391494,3.9279954,,,,,,,,,,,,,,,,,,,,,,,,,,,,,t14
FS/40.png,right,0.1692413999699056,3.963759,3.965246,3.9575176,3.94939,3.9678783,3.9773214,3.968328,3.9575694,3.9665723,3.9719706,3.9585931,3.9713488,3.9714296,3.9721282,3.97412,3.973938,3.9780376,3.9803846,3.9761221,3.9846494,4.002347,3.985024,3.9838448,3.974058,3.9780412,3.9834204,3.9815865,3.9782176,3.976976,4.0042787,3.9847186,3.987452,3.9855077,3.9821856,3.9950273,3.9927998,3.9877665,3.983677,3.9866357,3.9902885,3.9891026,3.9852479,3.9821355,3.9921741,3.9882038,3.9849184,3.9866533,3.9816995,3.9792602,3.9848027,3.984315,3.9823961,3.9858572,3.9818742,3.9757051,3.973299,3.9891605,3.9732616,3.9813838,3.9698274,3.986926,3.9652612,3.9548833,3.9694815,3.9668856,3.9426403,3.9500358,3.93743,3.9541702,3.94247,3.9463363,3.9211175,3.9474237,3.92901,3.9447734,3.946246,3.9403532,3.944311,3.9314604,3.9450142,3.9327385,3.9347768,3.9285712,3.9285502,3.9215002,3.9308145,3.9389,3.9467726,3.9462209,3.940173,3.9439714,3.9461265,3.9574778,3.9422836,3.92972,3.953973,3.9619153,3.947761,3.9583368,3.9462962,3.9552531,3.97039,3.9462228,3.951509,3.9715767,3.9694297,3.964415,3.9659514,3.9734192,3.9723117,3.9707365,3.9636686,3.9798143,3.9764252,3.9761236,3.9810421,3.9818096,3.9832892,3.9884021,3.9773643,3.9945412,3.9891324,3.9896047,3.9890664,4.01128,3.9878032,4.0118065,4.002211,4.0213656,4.00411,4.0271626,4.019717,3.998136,3.9839258,3.9872274,3.9815712,3.9748926,3.9611413,3.954597,3.9309826,3.8775513,3.8665216,3.8699503,3.821476,3.8103676,3.7676084,3.7315915,3.7172449,3.6981845,3.6796083,3.6568801,3.6115766,3.588748,3.5773978,3.559633,3.547735,3.545053,3.528807,3.5106041,3.50687,3.4659355,3.451808,3.4418495,3.4138298,3.4094608,3.4093142,3.4105127,3.4019482,3.3903897,3.398713,3.3777828,3.383322,3.3845348,3.3835804,3.381474,3.381054,3.3813002,3.382484,3.3764753,3.3727267,3.3770323,3.3750598,3.371602,3.395352,3.3958378,3.4084835,3.419922,3.420138,3.4290328,3.4493773,3.4579575,3.4420772,3.454431,3.4766662,3.5001042,3.4997308,3.5137653,3.5276792,3.5366044,3.5548325,3.564636,3.5699084,3.5868883,3.610169,3.6174266,3.614703,3.6180906,3.6317177,3.640097,3.6504226,3.6424854,3.6611578,3.6593454,3.6667068,3.711867,3.7278204,3.748083,3.7480545,3.758004,3.7512004,3.767606,3.7653246,3.771388,3.789502,3.7881303,3.7832057,3.7890503,3.8161426,3.8056614,3.8236036,3.8261678,3.8372033,3.860026,3.8742228,3.8773034,3.8840842,3.8752303,3.882226,3.8927913,3.8873146,3.893414,3.866376,3.9167714,3.9006438,3.9133646,3.9040725,3.8971221,3.925959,3.9076235,3.9247217,3.9258988,3.9280512,3.932231,3.9157505,3.906866,3.914322,3.9144413,3.9310155,3.926849,3.9309046,3.927237,3.9155304,3.9506705,3.932036,3.952165,3.939384,3.9460976,3.9389353,3.93578,3.9585788,3.9397776,3.960292,3.9426477,3.9567344,3.952487,3.9539385,3.9667861,3.969559,3.9692154,3.9470003,3.9704762,3.9712238,3.9435923,3.9550092,3.9641767,3.9874392,3.9421163,3.9615638,3.967405,3.9689705,3.9648223,3.9663966,3.9579005,3.974981,3.957968,3.961866,3.9757595,3.9831913,3.9719872,3.9773753,3.9756079,3.9872274,3.9830382,3.9793727,3.990658,3.9847345,3.9929967,3.9692857,3.9949746,3.9926589,3.9758813,3.9731362,3.9884536,3.9818132,3.9772449,3.9890811,3.962389,3.9729075,3.9738142,3.9877257,4.0102563,3.9855037,4.014973,3.9819493,3.993994,4.0046663,3.9867191,3.989215,3.9789946,4.0065813,3.987353,3.994866,4.0024447,4.006076,3.9997113,4.008969,4.0079665,4.0123544,3.994079,4.025779,4.012571,4.0176167,4.0187535,4.0306726,4.0206103,4.0198417,4.000399,4.022891,4.023108,4.0174794,4.0129027,4.023239,4.013375,4.019342,4.0226774,4.0457497,4.0215907,4.0108533,4.027043,4.017896,4.021529,4.0224776,4.031417,4.0346417,4.0420475,4.0399065,4.0366592,4.0451865,4.0457935,4.047728,4.040388,4.0348835,4.038032,4.041398,4.0276637,4.046459,4.043568,4.039195,4.044254,4.042229,4.036506,4.0331044,4.0468817,4.0315366,4.0376377,4.040181,4.041033,4.010368,4.025565,4.0127516,3.9877467,3.9956675,3.997234,3.9924302,4.0165954,4.0155754,4.011366,4.011969,3.9838607,3.9948807,4.0028486,4.012233,3.996918,3.9830554,3.9969018,3.9761167,3.9897623,,,,t18
FS/40.png,right,0.2298205000115558,3.2676814,3.2626731,3.2613115,3.249583,3.2516332,3.251717,3.2496634,3.25918,3.2551384,3.2682028,3.2619102,3.2734122,3.2658603,3.2598364,3.2576458,3.2676735,3.2701223,3.271231,3.2681847,3.264986,3.2600064,3.2680385,3.2669692,3.268057,3.27021,3.2808511,3.2687533,3.2668073,3.2714646,3.268812,3.2637918,3.2669504,3.2675238,3.2681773,3.2625127,3.2674325,3.2753596,3.2700448,3.2656744,3.2745724,3.2773209,3.269126,3.274653,3.2636263,3.2661252,3.2654698,3.2809687,3.2901525,3.2815974,3.2932742,3.2889793,3.2777967,3.273854,3.2938025,3.2858613,3.2981029,3.3079371,3.303437,3.299453,3.2993622,3.2965596,3.3131392,3.298631,3.2935503,3.3012846,3.3010135,3.303289,3.2923145,3.2946038,3.2974317,3.2984405,3.2959638,3.3014727,3.3028324,3.3005137,3.3141215,3.306141,3.3146367,3.3015313,3.3116598,3.3086035,3.2967465,3.3112986,3.3041575,3.3100748,3.3098474,3.2994819,3.300975,3.3025043,3.3161068,3.3033035,3.320131,3.343149,3.3338218,3.3295364,3.347988,3.3360848,3.3519468,3.3439207,3.3522305,3.3594217,3.3524644,3.3580303,3.3681371,3.3681767,3.3674753,3.3689957,3.374514,3.3680322,3.377769,3.387766,3.3833985,3.385226,3.3951,3.375946,3.4079804,3.3959973,3.4084568,3.4047358,3.4060307,3.4175363,3.4318345,3.4274907,3.4326615,3.4349039,3.4415896,3.4433286,3.4540308,3.4722526,3.4612162,3.4538503,3.45726,3.4628932,3.4596448,3.444598,3.4117982,3.3976038,3.3861306,3.372579,3.3682718,3.334381,3.3203444,3.290168,3.2830224,3.2616403,3.2277186,3.2056787,3.1820536,3.1456323,3.104773,3.093193,3.0959318,3.0735366,3.0525725,3.0411882,3.0162234,2.9960032,2.9726236,2.9640489,2.9464982,2.9407723,2.936135,2.91427,2.8927221,2.9098108,2.8877952,2.8698058,2.8735337,2.8721607,2.8579698,2.8578942,2.8468163,2.8559935,2.851083,2.8443308,2.8453457,2.8394852,2.848652,2.8515985,2.8288484,2.8546596,2.8566062,2.8561459,2.8518045,2.843868,2.8534794,2.8531036,2.866378,2.8855171,2.8711772,2.887299,2.9061542,2.868639,2.8854537,2.8911095,2.905279,2.8940485,2.9240425,2.9573476,2.9413493,2.938188,2.9410186,2.9543364,3.0160336,3.1845343,3.3322215,3.3087513,3.3193989,3.3606594,3.2859447,3.2853253,3.2814002,3.2733805,3.2834945,3.3019154,3.2931979,3.2978969,3.2992625,3.3078122,3.3056614,3.3026838,3.3230975,3.3177776,3.3413758,3.3300762,3.331601,3.332095,3.336955,3.355517,3.3435128,3.3492296,3.3583841,3.3412163,3.3683271,3.372519,3.3675556,3.3742664,3.391386,3.3856778,3.4021952,3.409641,3.400546,3.4087813,3.4227552,3.4056485,3.4082239,3.4155698,3.421743,3.413385,3.4103785,3.3963878,3.3941982,3.4055314,3.4016361,3.3999324,3.4053783,3.3907526,3.386596,3.3800035,3.3886168,3.3958876,3.3833168,3.3781636,3.3818805,3.3855987,3.3779774,3.3692029,3.3759003,3.3528948,3.3580618,3.3239107,3.3268745,3.3256896,3.3236217,3.3141303,3.31548,3.3150573,3.3137443,3.3076055,3.3170004,3.3166625,3.2996123,3.3034096,3.2938612,3.2956946,3.2879534,3.266982,3.292475,3.2805192,3.2910187,3.2809763,3.2709758,3.2751732,3.2852283,3.2652838,3.2875834,3.2829049,3.2706819,3.263671,3.2817183,3.2764676,3.2693386,3.2685149,3.2634087,3.2759018,3.2555878,3.255643,3.2593536,3.2578428,3.252599,3.2429452,3.227635,3.2392442,3.2518287,3.2431436,3.2454507,3.2304034,3.2442572,3.2472873,3.2391157,3.2452035,3.2490306,3.2473829,3.2383132,3.2364733,3.227227,3.235038,3.2384,3.2351134,3.258312,3.2554917,3.2407525,3.2351906,3.2468178,3.2403,3.2395012,3.246536,3.241948,3.243387,3.243141,3.2461905,3.2598019,3.244383,3.2594533,3.2466254,3.2631214,3.255346,3.2534254,3.256458,3.2685,3.2860568,3.255665,3.280683,3.2721379,3.2789972,3.2945163,3.2853158,3.2771356,3.302209,3.296752,3.3029962,3.2904258,3.3057764,3.3119051,3.3075764,3.3251004,,,,,,,,,,,,,,,,,,,,,,,,,,,,,,,,,,,,,,,,,,,,,t91
FS/40.png,right,0.1716370999929495,3.3532572,3.3558602,3.3721654,3.3700948,3.3745174,3.3710275,3.3545058,3.3644166,3.3734815,3.3712463,3.392643,3.3816693,3.376042,3.371819,3.372494,3.3861465,3.3737156,3.3636577,3.3754199,3.3812456,3.3816626,3.381609,3.3748865,3.3698895,3.3682368,3.3793077,3.3884206,3.372294,3.369912,3.3647447,3.3708975,3.3790386,3.3722372,3.3418403,3.3531613,3.3595629,3.3464694,3.3485305,3.3522391,3.3330843,3.3262982,3.3293505,3.3389084,3.3369546,3.3318107,3.3412244,3.3430436,3.3411033,3.3321934,3.3250391,3.3470802,3.3617942,3.3189933,3.3489385,3.3336315,3.3201492,3.3459585,3.321919,3.3570113,3.345882,3.3625202,3.3484848,3.3487105,3.363627,3.3546286,3.3554516,3.3609025,3.3583019,3.3614616,3.3648145,3.3748474,3.3759165,3.3757598,3.3683941,3.3778389,3.3925207,3.395019,3.385859,3.3767405,3.4100308,3.398078,3.4027796,3.395941,3.4122481,3.3963263,3.40845,3.4226532,3.4267926,3.4341295,3.4218073,3.428228,3.4252195,3.4360068,3.4345002,3.4318244,3.4390903,3.4300327,3.4425812,3.4528666,3.4552667,3.456362,3.4561841,3.47212,3.4665732,3.4874244,3.476599,3.4865122,3.5013974,3.4935732,3.4964721,3.495672,3.504977,3.5074606,3.4870832,3.5146575,3.5094314,3.5049152,3.529139,3.5328584,3.53815,3.5317442,3.533108,3.5375464,3.5406394,3.5378554,3.5456169,3.545616,3.5454788,3.5503504,3.539,3.5440743,3.5494144,3.5464678,3.5539086,3.5383725,3.5554807,3.5449967,3.5461438,3.5207527,3.5157151,3.4928167,3.453618,3.449342,3.4520857,3.3946707,3.3788047,3.333278,3.3213615,3.2898166,3.294664,3.2532506,3.1906137,3.1821656,3.1473978,3.150997,3.1187553,3.0798013,3.0578463,3.050418,3.037369,3.022247,3.0051708,2.9883585,2.980538,2.949334,2.9444726,2.9041052,2.8969917,2.8908179,2.8720992,2.862965,2.8782246,2.867525,2.8479843,2.8476665,2.8555884,2.8646626,2.853474,2.8299081,2.8492484,2.842071,2.8537796,2.834876,2.8404055,2.8487804,2.8398616,2.832896,2.8539808,2.8479097,2.8592741,2.8635767,2.8391166,2.8604977,2.8469856,2.8724208,2.8691225,2.8844821,2.896213,2.8691785,2.871077,2.905116,2.914351,2.91701,2.9023447,2.9141307,2.9261332,2.926211,2.9417772,3.1715176,3.1989884,3.2483752,3.243998,3.21314,3.2392933,3.2493958,3.2526538,3.2489598,3.2454257,3.2464552,3.2636132,3.2702498,3.2653508,3.2719114,3.2824814,3.2932642,3.2890842,3.2914796,3.309979,3.2994854,3.31788,3.315619,3.312457,3.306043,3.301018,3.3211012,3.329416,3.3340757,3.326854,3.3438373,3.3305829,3.3386378,3.347973,3.3462207,3.3609436,3.3627915,3.364482,3.3492007,3.3525105,3.375097,3.354975,3.372468,3.3677354,3.3722644,3.381643,3.390649,3.3856225,3.3643453,3.367271,3.3689435,3.3773103,3.365744,3.3849723,3.362977,3.379015,3.3617342,3.3714838,3.382854,3.3629067,3.3790138,3.3681,3.3889945,3.3590276,3.355953,3.3782506,3.3771627,3.389467,3.3763998,3.3649628,3.3590727,3.363027,3.3674817,3.3508627,3.363577,3.3582518,3.3543963,3.371989,3.3691535,3.366058,3.373177,3.3578777,3.3690724,3.3525116,3.3546138,3.3623064,3.3588343,3.3448877,3.3512695,3.3405597,3.3517613,3.374423,3.3729346,3.36973,3.3499825,3.3518553,3.349799,3.351651,3.3458276,3.3453143,3.3469203,3.3503957,3.3462684,3.3518898,3.3419745,3.3536031,3.3412395,3.344598,3.3300607,3.342496,3.32455,3.3286161,3.3335273,3.3314562,3.3210979,3.3249521,3.3281872,3.341105,3.32214,3.3344254,3.3050332,3.3400466,3.3354173,3.3642368,3.3270276,3.335315,3.3445134,3.327334,3.3373916,3.3461747,3.3409512,3.3232584,3.3267353,3.3370287,3.3400693,3.3502297,3.351976,3.346442,3.3407996,3.3336134,3.350419,3.3516965,3.3551435,3.3283896,3.3558114,3.341687,3.3467636,3.339639,3.3541665,3.3530018,3.353279,3.3667772,3.3492215,3.358694,3.3605857,3.339253,3.3524,3.3756192,3.3589056,,,,,,,,,,,,,,,,,,,,,,,,,,,,,,,,,,,,,,,,,,,,t94
FS/240.png,left,0.1954152000253088,3.9897623,4.0134816,3.9913661,3.988877,3.9826925,3.9751894,3.984547,3.9787526,3.9854157,3.962508,3.9846723,3.9896638,3.9753313,3.9697,3.9806092,3.9749467,3.9731936,3.9843237,3.9929826,3.974365,3.9731472,3.9734492,3.9625962,3.9758947,3.9752822,3.9696996,3.9718938,3.9701812,3.9768252,3.978311,3.9835105,3.9642744,3.9593432,3.9725053,3.9779837,3.9801035,3.970947,3.9723158,3.9893475,3.9774144,3.9867115,3.984276,3.9936218,3.9945211,3.981671,3.9781837,3.9971738,3.9851086,3.9884992,3.976118,3.9885993,3.9954627,3.988037,3.9880402,3.970404,3.9754112,3.985762,4.0023465,3.979469,3.9617038,3.9763813,3.9697948,3.9692028,3.9689457,3.9757884,3.963719,3.9525106,3.9550529,3.9371123,3.9403436,3.911847,3.9286258,3.9185643,3.9238317,3.8998067,3.9126332,3.900927,3.91433,3.9246776,3.8892536,3.916259,3.914966,3.9167414,3.9004958,3.9113295,3.9073815,3.9059486,3.9244928,3.8988938,3.9011116,3.9073043,3.9124012,3.9096496,3.9134967,3.9404361,3.932977,3.9284766,3.9177892,3.9322064,3.9409754,3.9187446,3.9462705,3.934524,3.9582422,3.945952,3.9586456,3.9533691,3.9415479,3.9575958,3.9571912,3.9622846,3.9596167,3.9790614,3.9916527,3.9806051,3.9835713,3.9989126,3.992732,4.021963,3.9797142,3.9902718,3.9936361,4.008374,4.0139294,4.0206194,4.035051,4.0470867,4.0296655,4.033062,4.031124,4.0412292,4.0458283,4.0237384,4.0388017,4.0616403,4.03486,4.04551,4.045946,4.0220046,4.0095787,3.974585,3.9820576,3.9580107,3.9117029,3.876761,3.8715897,3.8407786,3.8371267,3.7894828,3.7856116,3.7692583,3.7552981,3.7267869,3.6892009,3.662493,3.6490607,3.6477702,3.6303852,3.6170313,3.607653,3.594872,3.5592878,3.5397694,3.5370426,3.5397604,3.5269673,3.495052,3.4978094,3.5004117,3.4946582,3.4838946,3.4757514,3.4906838,3.4641254,3.4678059,3.4825108,3.4733877,3.4725857,3.4597263,3.4739153,3.471066,3.4619572,3.4643612,3.4665768,3.4704468,3.4853382,3.4895694,3.4699898,3.4885595,3.5047758,3.5361352,3.5237343,3.5316975,3.5524116,3.554496,3.561211,3.5600624,3.5420234,3.581313,3.5878577,3.5556495,3.5345912,3.576534,3.8381448,3.830611,3.8568544,3.8817148,3.8905473,3.908786,3.8883224,3.892979,3.8968673,3.9371588,3.9216619,3.9404347,3.9320023,3.932149,3.9499743,3.9505222,3.9504297,3.9587371,3.9738405,3.9901578,3.971897,4.0176945,4.004929,4.0160136,4.006148,4.009191,4.015787,4.033582,4.0489073,4.040767,4.030911,4.034307,4.045182,4.0520735,4.05716,4.06578,4.070651,4.0529804,4.0553827,4.0883684,4.081339,4.065514,4.0863853,4.0813,4.0978646,4.0947742,4.1055636,4.0926332,4.0998077,4.1074753,4.115558,4.1115046,4.112785,4.1116643,4.1196446,4.115976,4.124726,4.11196,4.1025705,4.1175575,4.1170096,4.118361,4.1246853,4.107206,4.1191697,4.127369,4.115158,4.1041236,4.1112337,4.1215935,4.1166,4.1211934,4.1182876,4.0921636,4.095774,4.105057,4.118978,4.1122537,4.110057,4.1096587,4.112862,4.0917435,4.090733,4.0882654,4.0997453,4.100967,4.0798216,4.09317,4.085953,4.0943103,4.0813417,4.085438,4.078113,4.0843205,4.0812373,4.069704,4.069471,4.071385,4.0723696,4.062965,4.0655117,4.0654263,4.0612273,4.0665555,4.0622573,4.056985,4.0624514,4.0611334,4.0655656,4.0655317,4.067527,4.0637174,4.068292,4.0658045,4.06427,4.0624385,4.063073,4.066148,4.046525,4.0608506,4.0512714,4.047558,4.053556,4.0500507,4.049055,4.057332,4.0686274,4.045911,4.0599437,4.0710726,4.0634055,4.056248,4.066799,4.049145,4.0533733,4.0419517,4.064201,4.058875,4.055082,4.0648575,4.051454,4.054641,4.0615945,4.069371,4.0559506,4.0698986,4.056991,4.0493436,4.0508933,4.048063,4.086427,4.0780854,4.0621343,4.0801625,4.055987,4.0830116,4.0854406,4.078334,4.0912905,4.074157,4.0985556,4.099282,4.068373,4.111892,4.090702,4.088462,4.078704,4.093734,4.0879674,4.092723,,,,,,,,,,,,,,,,,,,,,,,,,,,,,,,,,,,,,,t19
FS/240.png,left,0.172795100021176,3.8887253,3.8777907,3.8531246,3.8840184,3.893634,3.8926184,3.8882442,3.892018,3.90687,3.915874,3.9061158,3.901521,3.8934119,3.920578,3.9095237,3.9209385,3.9066017,3.9243753,3.918324,3.908214,3.9176013,3.9288259,3.9078817,3.917162,3.927941,3.9236088,3.9305592,3.9383206,3.9222958,3.9112911,3.928976,3.9371734,3.9229023,3.9229693,3.926847,3.9160037,3.9211473,3.9251537,3.923801,3.9218721,3.9058967,3.9251554,3.9189699,3.9260347,3.9236085,3.9221723,3.9180155,3.913048,3.9235542,3.927192,3.9241168,3.9146917,3.9169202,3.9180098,3.928387,3.9123273,3.9257507,3.9258962,3.9006925,3.9047792,3.9118147,3.9068565,3.8978791,3.9036553,3.8937283,3.875796,3.90598,3.8785546,3.872401,3.8637767,3.8966353,3.872916,3.8533952,3.8894296,3.884416,3.8765047,3.8670938,3.8596125,3.859558,3.8651638,3.8577545,3.8588119,3.8718288,3.8620296,3.8633811,3.8622274,3.8538651,3.8602123,3.861799,3.8710778,3.8696399,3.8726676,3.8820243,3.8743818,3.8729794,3.8842902,3.8865151,3.896795,3.8923569,3.8955586,3.8952348,3.9112282,3.8974855,3.9040465,3.912719,3.899591,3.9217215,3.92375,3.9186258,3.9106169,3.9197714,3.9284105,3.9245899,3.9237223,3.931809,3.9241118,3.923635,3.931954,3.9297414,3.9234369,3.9365282,3.9366996,3.9300604,3.94583,3.951413,3.9441242,3.9543867,3.9487624,3.9395416,3.9349923,3.9515297,3.936457,3.950346,3.9497626,3.9644628,3.9492714,3.9433842,3.9267526,3.932841,3.9008923,3.884704,3.8619647,3.816326,3.7913208,3.7707796,3.75504,3.7385566,3.7032256,3.6949792,3.6732712,3.6609023,3.6002777,3.591689,3.5854917,3.5585196,3.5388849,3.5282342,3.5022337,3.5015662,3.488188,3.467929,3.456876,3.430686,3.4365318,3.4235337,3.4100459,3.423826,3.3939202,3.377544,3.3739762,3.3840444,3.366349,3.3678293,3.3434587,3.3605428,3.3726442,3.34788,3.372975,3.368362,3.386991,3.383105,3.400702,3.3870077,3.379782,3.3876867,3.408282,3.4060116,3.4089236,3.4202735,3.4388871,3.421851,3.421433,3.4276686,3.4268713,3.4628208,3.4690037,3.4811356,3.4970067,3.4949648,3.5003338,3.5410426,3.537497,3.5842187,3.5725327,3.5755632,3.589657,3.5900564,3.5849156,3.5956151,3.621986,3.6192646,3.613537,3.6305904,3.6327827,3.6456642,3.6504993,3.6503925,3.666681,3.6956887,3.7078362,3.7134106,3.7331505,3.7397091,3.7361102,3.736386,3.7633717,3.7574732,3.7697241,3.7710078,3.769525,3.759394,3.7646456,3.7684095,3.76632,3.7829735,3.7835903,3.8163574,3.8120396,3.8232923,3.8202372,3.80718,3.766237,3.7859025,3.7678099,3.952491,3.8586595,3.8397365,3.788564,3.7798417,3.8410547,3.8200898,3.839499,3.844845,3.84066,3.852897,3.8743305,3.868473,3.8507564,3.873085,3.8826292,3.863773,3.885699,3.884695,3.8711438,3.8745275,3.8980174,3.880377,3.9068222,3.8958066,3.8905268,3.9126365,3.914921,3.922127,3.931349,3.9021785,3.9268818,3.9411101,3.9146283,3.9247444,3.9571905,3.930142,3.9373386,3.9444091,3.9523141,3.9554927,3.9555686,3.9485219,3.9520738,3.9607365,3.9582968,3.9600143,3.9715059,3.966712,3.9611008,3.9713702,3.9699402,3.972222,3.9725373,3.9801698,3.9622064,3.9733691,3.9702652,3.9761946,3.98136,3.9730012,3.9776878,3.9799144,3.983948,3.9754188,3.9915633,3.9750164,3.9814649,3.9764917,3.9735043,3.9809153,3.9704537,3.9720914,3.9694953,3.9752514,3.9717789,3.9784446,3.9720168,3.9725883,3.9753416,3.9794555,3.976086,3.971425,3.982958,3.9756734,3.972916,3.9748735,3.973101,3.966801,3.9806693,3.9688206,3.971716,3.9703639,3.9630175,3.9793952,3.9631526,3.9666266,3.9681401,3.972279,3.972,3.9669006,3.949151,3.9571612,3.947204,3.9552007,3.9402027,3.9352689,3.9422412,3.9397995,3.945869,3.9281979,3.9411013,3.9463673,3.9318237,3.9250906,3.934133,3.9169698,3.9225636,3.9351509,3.919347,3.9273803,3.9412663,3.9552183,3.9334733,3.9458444,3.9139678,3.9197462,3.9047115,,,,,,,,,,,,,,,,,,,,,,,,,,,,,,,,,,,,,,,t25
FS/240.png,right,0.2012622999609448,3.4141438,3.4092932,3.4073184,3.4028866,3.4138706,3.4090443,3.4227436,3.4216714,3.416475,3.4144876,3.424361,3.4405012,3.4318085,3.4241402,3.419796,3.4401083,3.4258528,3.4442368,3.4304562,3.427391,3.4219582,3.4358337,3.4263625,3.4302733,3.4256575,3.4239016,3.4303014,3.4329233,3.442407,3.4599621,3.4226725,3.435505,3.4356005,3.4470503,3.4288607,3.4344273,3.44285,3.430436,3.426137,3.4258997,3.4380634,3.4427028,3.4490802,3.4574978,3.460232,3.4416318,3.451443,3.4392345,3.4574602,3.4388194,3.447671,3.4620733,3.4262216,3.4663973,3.4402938,3.4355454,3.4214842,3.4267232,3.452545,3.4527938,3.439038,3.4240289,3.4184122,3.4152563,3.4163058,3.3986351,3.4158578,3.4113555,3.3952885,3.3948781,3.4032342,3.393325,3.3922765,3.400009,3.397205,3.391132,3.3891478,3.3927095,3.388998,3.39613,3.3905988,3.3962822,3.3905327,3.3931527,3.3968034,3.391632,3.3906198,3.399024,3.4141326,3.416621,3.4138591,3.4134753,3.415887,3.432305,3.422076,3.4191322,3.4373147,3.442864,3.4347496,3.4203916,3.4466581,3.4620755,3.4571319,3.4640744,3.4684122,3.4958549,3.509257,3.4933207,3.5036762,3.5013332,3.5072284,3.511001,3.5308845,3.5288146,3.5262482,3.551699,3.5353057,3.5489476,3.5374408,3.5569975,3.564192,3.5644736,3.5512536,3.5648892,3.5688896,3.5621083,3.5662394,3.557488,3.5694952,3.5645745,3.5601184,3.55292,3.5626972,3.571451,3.572376,3.573103,3.55382,3.5388367,3.5571253,3.5255327,3.513248,3.4691894,3.4475203,3.4264915,3.399653,3.382702,3.3824565,3.3558552,3.278018,3.2601705,3.258113,3.2291875,3.2221303,3.1907554,3.1697993,3.1584523,3.138908,3.137664,3.0794768,3.0614061,3.0628676,3.045209,3.0512488,3.0391922,3.0172584,3.0130868,3.0046322,2.9993083,2.9986854,2.9854233,2.9924462,2.9774508,2.969027,2.9708977,2.9682183,2.9643729,2.9786015,2.9654715,2.9718502,2.9411447,2.9339738,2.9266992,2.9422581,2.9323273,2.9385922,2.3094687,3.1349719,3.0870013,3.1641135,3.1518092,3.1750743,3.1668358,3.1942675,3.1963437,3.1861076,3.2265441,3.2371094,3.2383313,3.2293453,3.2661343,3.2593017,3.2803535,3.2858427,3.3069744,3.2910194,3.3040504,3.3229275,3.321999,3.3304002,3.3401346,3.343268,3.3521748,3.3446627,3.3502865,3.3481863,3.3466644,3.3485837,3.3641584,3.3650668,3.3702483,3.3764408,3.3762147,3.3789673,3.4320254,3.4367752,3.3997836,3.388291,3.4074423,3.4247081,3.4386683,3.4401667,3.4216635,3.4476266,3.4513667,3.4523776,3.4430838,3.450928,3.4516299,3.4444177,3.4563239,3.4576364,3.459488,3.4510138,3.4549158,3.4632218,3.4583855,3.4532065,3.4577532,3.4619498,3.4536648,3.4599395,3.4553082,3.449814,3.4278421,3.4468699,3.4501624,3.4555972,3.4546509,3.4563646,3.4617202,3.4548976,3.467863,3.4527967,3.4593222,3.4585474,3.4529183,3.4282653,3.4680111,3.4386854,3.4222631,3.4240313,3.4401617,3.3956892,3.4187627,3.4552543,3.4327147,3.4439178,3.4302728,3.4424694,3.4351065,3.4393752,3.439976,3.4334779,3.4416513,3.4585571,3.4557436,3.4603965,3.4563975,3.4514842,3.4680593,3.4589736,3.4585161,3.4441104,3.4560754,3.4627094,3.4633498,3.4885733,3.4671555,3.4668431,3.4914074,3.4824677,3.4824953,3.502151,3.4835064,3.4707665,3.4986289,3.5027382,3.4814677,3.501398,3.5045395,3.5035295,3.5062718,3.5231373,3.5121891,3.5012848,3.514699,3.5186486,3.5097778,3.512655,3.5032856,3.5067806,3.5056093,3.507922,3.5115135,3.5094745,3.5182219,3.5240078,3.518521,3.5079272,3.518905,3.5171015,3.5177062,3.514437,3.5433824,3.517745,3.5350547,3.5262263,3.5210876,3.53895,3.5369809,3.527067,3.540067,3.5312142,3.5316827,3.53421,3.53519,3.537111,3.5383174,3.5272176,3.5390103,3.5463557,,,,,,,,,,,,,,,,,,,,,,,,,,,,,,,,,,,,,,,,,,,,,,,,,,,,,,,,,,,,t70
FS/140.png,right,0.1061509999562986,3.8998537,3.904951,3.9036305,3.90299,3.9036973,3.907537,3.904427,3.9120932,3.9130027,3.909388,3.9132288,3.909428,3.9123766,3.920272,3.9072547,3.9108024,3.9126487,3.9037616,3.9111035,3.9183743,3.9207442,3.9059727,3.9169168,3.9122906,3.9269981,3.9311037,3.9132628,3.9179246,3.9107714,3.915012,3.9092968,3.9228437,3.9178412,3.91219,3.9203243,3.9167728,3.915891,3.9156513,3.9303603,3.9278069,3.9319785,3.91817,3.9045067,3.9256384,3.9166753,3.946355,3.9257267,3.925768,3.9363804,3.917933,3.9188316,3.924909,3.9071379,3.9170468,3.9128263,3.92896,3.92663,3.922579,3.9214873,3.9012516,3.909222,3.8931115,3.918118,3.9063287,3.8915448,3.8952293,3.924062,3.9154925,3.8921714,3.895841,3.8794117,3.8886425,3.9014416,3.8860245,3.8635478,3.8780715,3.86343,3.8771105,3.8721943,3.8813417,3.869803,3.8598924,3.8707554,3.9063876,3.8786385,3.8958764,3.9061801,3.8911848,3.8806694,3.911096,3.8867195,3.905361,3.893837,3.9106224,3.9118328,3.9079797,3.8923855,3.9003406,3.916441,3.9155667,3.938657,3.9446104,3.9075227,3.9247298,3.9359853,3.9420462,3.9370697,3.9258597,3.9569077,3.949478,3.9453247,3.960164,3.9359598,3.961422,3.9563925,3.977255,3.9683526,3.9807098,3.9829085,3.9709854,3.9808874,3.9764876,3.998562,3.995474,4.0084825,4.028921,4.005631,3.9973528,4.0118513,4.0069113,3.9949493,4.007638,4.0193477,4.0120845,4.016329,3.9968677,3.989442,3.9686172,3.9315653,3.9085672,3.8993716,3.8894498,3.8812523,3.8631778,3.8281627,3.80597,3.7887213,3.751332,3.74577,3.686608,3.669926,3.649459,3.6234236,3.6142821,3.6010623,3.5703871,3.5457697,3.5334525,3.5349233,3.5096705,3.50704,3.4814305,3.4531283,3.4622514,3.4430828,3.441008,3.4474354,3.4426157,3.4146674,3.4208658,3.4369135,3.4198198,3.408575,3.4161444,3.4251661,3.4261854,3.4102988,3.4099913,3.4023957,3.409833,3.42577,3.416856,3.4321592,3.4237902,3.4472864,3.4453008,3.4425454,3.453626,3.463182,3.443627,3.4608426,3.4733093,3.4893687,3.4831522,3.5059621,3.5093174,3.5117097,3.5431452,3.554025,3.5429804,3.5504081,3.5602872,3.5816145,3.5919793,3.6147487,3.618062,3.6307082,3.6421657,3.6621227,3.6893353,3.6580675,3.6923075,3.7100813,3.6981096,3.7177563,3.7222192,3.7268705,3.738283,3.7303865,3.7481434,3.780447,3.7881486,3.779905,3.8177965,3.8149881,3.8177433,3.8276947,3.8287098,3.8489602,3.851358,3.8547566,3.8651764,3.842619,3.8677423,3.8592331,3.868161,3.8712642,3.8636703,3.879037,3.8920362,3.8719842,3.8790057,3.892125,3.9191363,3.9232106,3.93174,3.9289706,3.93315,3.9358408,3.9266348,3.9297793,3.9386022,3.9374065,3.9328835,3.9436746,3.9354591,3.944124,3.938302,3.9433231,3.9420261,3.9446507,3.9570231,3.961381,3.9469075,3.9514537,3.9546213,3.9481604,3.9790974,3.9577878,3.967051,3.9727032,3.9597998,3.9808986,3.9776177,3.9731967,3.977325,3.9541206,3.9782667,3.9872913,3.9968488,3.9697747,3.9673662,3.9801848,3.960646,3.971518,3.9787636,3.9787142,3.9869006,3.9978514,3.9883797,3.9968271,3.986413,3.9670403,3.9884417,3.9727056,3.9803712,3.9702327,3.9702754,3.9871247,4.005192,3.9864986,3.9808664,3.997817,3.975476,3.996275,3.988931,4.003859,4.0010767,4.017791,3.9983985,4.007414,4.014964,4.000693,4.016822,4.00428,4.007478,4.012844,4.027435,4.0130267,4.0143557,4.022974,4.027292,4.026131,4.0053945,4.0250673,4.03451,4.024425,4.0128326,4.023875,4.0308046,4.0227957,4.0211706,4.0350785,4.025637,4.043522,4.046924,4.053835,4.0552964,4.03409,4.0410542,4.086041,4.035076,4.066308,4.0581026,4.0734973,4.071433,4.056797,4.0723195,4.0566735,4.063346,4.057537,4.068451,4.0737367,4.082099,4.090083,4.098552,4.068013,4.100245,4.082391,4.079122,4.0665517,4.085043,4.077899,4.06813,4.0832715,4.0893507,4.084309,4.0713863,4.089962,4.077832,4.083334,4.0747967,4.079103,4.082687,4.0802364,4.071928,4.08997,4.0853863,4.092846,4.079885,4.09197,4.0731335,4.089944,4.0930195,4.1190753,4.082442,4.1053195,4.096741,4.1090517,4.093299,4.087845,4.0900135,4.065664,4.083349,4.067717,,,,,,,,,,,,,,,,t22
FS/140.png,right,0.2214659000164829,3.453233,3.4469807,3.4446301,3.4573677,3.4597564,3.4528003,3.450748,3.4646323,3.4471817,3.4607298,3.4754875,3.45526,3.4645371,3.4619133,3.4662604,3.467385,3.496568,3.4928524,3.4884043,3.4852066,3.48096,3.4995189,3.5111635,3.500046,3.4933994,3.519975,3.5154724,3.5231125,3.5216053,3.526937,3.5254936,3.5235658,3.526581,3.5312202,3.5409818,3.5400739,3.5260224,3.5277147,3.5377514,3.5371096,3.5432727,3.548854,3.541724,3.559133,3.5485518,3.5677226,3.5587158,3.549272,3.5662262,3.5634017,3.5831897,3.572883,3.5668738,3.5852377,3.5733364,3.5754597,3.5952709,3.5872881,3.582944,3.5751138,3.5778387,3.6030126,3.5809693,3.594555,3.5918713,3.5870275,3.591315,3.5983405,3.5929615,3.5765707,3.588031,3.60813,3.6010895,3.5809746,3.5869591,3.5806675,3.5905619,3.5895994,3.5760953,3.5960758,3.5819738,3.5850973,3.5902653,3.5992148,3.5907068,3.611545,3.6084788,3.589328,3.6019633,3.5935748,3.593243,3.612302,3.5808895,3.5936205,3.6069503,3.588492,3.5888422,3.6122162,3.5841093,3.5954874,3.5894477,3.6184325,3.600773,3.6061194,3.5951748,3.6153514,3.6004708,3.6057067,3.5898006,3.616586,3.6180422,3.610027,3.621733,3.6122885,3.5971575,3.621625,3.6382782,3.635866,3.620361,3.6234982,3.6281824,3.6375978,3.6383855,3.630529,3.6458228,3.646628,3.643329,3.6335192,3.647332,3.639674,3.6461427,3.6542864,3.644374,3.6463523,3.634823,3.6155536,3.6107068,3.6012125,3.5868049,3.5774493,3.542147,3.5196455,3.5039797,3.488937,3.440709,3.4341583,3.4099543,3.3775592,3.3595738,3.331485,3.3163872,3.31416,3.2952514,3.2667391,3.2234907,3.244158,3.2149813,3.2079258,3.1902342,3.191196,3.185881,3.183142,3.143899,3.1541722,3.1442173,3.1279662,3.1140738,3.1195385,3.1050372,3.0957587,3.0836203,3.1065633,3.0932133,3.1064656,3.106775,3.0930192,3.0903428,3.0900385,3.1231651,3.120182,3.0973039,3.1010656,3.1142304,3.1286247,3.139829,3.1431472,3.1304252,3.1365259,3.1457288,3.1505601,3.1566565,3.1451747,3.1612494,3.1715624,3.1712475,3.1822453,3.203303,3.2181516,3.2311106,3.239973,3.2413185,3.248083,3.254912,3.286365,3.2863863,3.2925878,3.302205,3.287861,3.291237,3.309764,3.3113656,3.3303497,3.3358428,3.3216805,3.332247,3.3387907,3.325332,3.3180413,1.123989,3.279949,3.4547207,3.4431357,3.5181704,3.436527,3.4672716,3.456389,3.4433951,3.4690006,3.4308093,3.4664574,3.4625957,3.4587145,3.4812727,3.4689903,3.471857,3.466919,3.4828417,3.475344,3.4826138,3.4853413,3.4745305,3.4866648,3.4855165,3.4915068,3.4898882,3.4912643,3.4932642,3.4827964,3.4855044,3.4924898,3.4910424,3.5042818,3.4993238,3.4931166,3.5019798,3.5036051,3.4927006,3.496449,3.5006914,3.4967344,3.488216,3.492244,3.518705,3.479996,3.4970448,3.494716,3.5005043,3.4960272,3.4986067,3.488461,3.4849477,3.49142,3.499262,3.4991012,3.496464,3.492561,3.4980907,3.486917,3.4912157,3.488109,3.4910452,3.4755697,3.467754,3.4827766,3.4826155,3.4737766,3.4730542,3.4651082,3.4640634,3.4755175,3.466932,3.4650118,3.4674501,3.461143,3.4516623,3.44586,3.445596,3.4520319,3.4375744,3.436942,3.440075,3.4267843,3.429443,3.418084,3.4047585,3.4375772,3.4103656,3.4282556,3.4149494,3.4136703,3.4205356,3.4044914,3.4128551,3.4006572,3.4140432,3.4063747,3.416913,3.4044695,3.415765,3.4053423,3.405184,3.4023976,3.4076052,3.407125,3.396882,3.3981223,3.4037309,3.4006796,3.4093397,3.4022465,3.3973887,3.4078696,3.398437,3.4010618,3.3960702,3.391524,3.395924,3.3926666,3.4058626,3.3794327,3.3847158,3.3971026,3.363226,3.3781924,3.3957534,3.404611,3.3887606,3.3730295,3.372887,3.380866,3.373851,3.383288,3.3685014,3.3667636,3.3796754,3.377529,3.3899407,3.3893418,3.3978112,3.3883302,3.3932495,3.395369,3.4001186,3.3841107,3.3869581,3.3820012,3.3811693,3.3795495,3.3942597,3.3812132,3.3777423,,,,,,,,,,,,,,,,,,,,,,,,,,,,,,,,,,,,,,,,t74
FS/710.png,left,0.1981892999610863,4.083349,4.067717,4.0661335,4.063719,4.0641255,4.0561714,4.057712,4.0763664,4.057765,4.06889,4.0688286,4.065466,4.054672,4.0605493,4.049312,4.068482,4.058438,4.051458,4.0563674,4.05161,4.0557284,4.047566,4.0468574,4.0619907,4.0471716,4.0544744,4.0325046,4.0514803,4.054179,4.0381665,4.0474606,4.033901,4.0555367,4.0471463,4.047782,4.0377045,4.046215,4.0418167,4.0436287,4.0394526,4.04454,4.050189,4.0430145,4.0418367,4.0492744,4.047583,4.0564547,4.0483885,4.0453167,4.0518327,4.0447097,4.0510855,4.0529985,4.058152,4.0593657,4.0449543,4.043312,4.0552635,4.0381303,4.0460296,4.0561156,4.049893,4.0359874,4.0255556,4.035582,4.0296054,3.9962115,4.018902,4.0051646,4.013579,4.007178,3.9951096,4.004338,3.9887295,3.9787154,3.9880555,3.9971325,3.9813793,3.9747224,3.980188,3.9743772,3.9748855,3.9724855,3.966175,3.9781566,3.9531422,3.9513164,3.957601,3.9443104,3.9386232,3.9673512,3.9619498,3.9427297,3.9410315,3.9505339,3.9403844,3.9358265,3.946573,3.9473405,3.9406993,3.9446535,3.9363658,3.9311278,3.9383888,3.9401097,3.9375486,3.9299543,3.939018,3.9282439,3.9406009,3.937776,3.9350266,3.9339335,3.9276066,3.9317458,3.9277878,3.9309406,3.9251168,3.9066617,3.9256754,3.9398644,3.9292507,3.9175029,3.9174037,3.9413114,3.923951,3.9260328,3.9299047,3.9136803,3.917075,3.9063408,3.9527514,3.916659,3.8970993,3.913383,3.8867302,3.8757474,3.87048,3.837744,3.803919,3.7978277,3.7656274,3.744938,3.726657,3.692014,3.6451735,3.6153345,3.5816574,3.5510445,3.5216703,3.529302,3.4982016,3.486944,3.4557555,3.4359426,3.401576,3.3608646,3.3408148,3.3433998,3.3350096,3.3295279,3.3039498,3.3024526,3.2971117,3.267596,3.2565331,3.2600796,3.2504623,3.2455442,3.2329192,3.2063048,3.2198737,3.2324655,3.1863048,3.1788893,3.1738431,3.1883957,3.1817427,3.149077,3.1666787,3.170124,3.1416519,3.1592932,3.14361,3.132503,3.1729991,3.4494045,3.547637,3.4618602,3.4779909,3.4880886,3.4909518,3.4841094,3.5106049,3.517593,3.5289001,3.5448916,3.5491405,3.5515537,3.5671558,3.5580041,3.5703244,3.5831604,3.5944655,3.6068764,3.6137004,3.6294363,3.629944,3.632563,3.6314936,3.6395712,3.6362538,3.6431987,3.6753354,3.6725092,3.680424,3.6785946,3.7031543,3.7218478,3.7030954,3.7157693,3.7104816,3.7224069,3.7132776,3.7391708,3.7434998,3.7453504,3.7531977,3.7399564,3.7541723,3.7474391,3.758483,3.755941,3.7494195,3.7650352,3.7545133,3.7467136,3.7620816,3.7612903,3.7655241,3.7844856,3.7873406,3.7718086,3.7926254,3.7770462,3.7666342,3.774611,3.7887554,3.7837117,3.767809,3.7761936,3.7750552,3.7725034,3.7707322,3.7782347,3.7817707,3.7838972,3.774941,3.7716384,3.7737045,3.7904522,3.7893298,3.7924805,3.809387,3.7826025,3.7913537,3.8011386,3.7978506,3.7903545,3.8023915,3.77938,3.7779093,3.778871,3.7773445,3.7891946,3.764405,3.7827573,3.7851248,3.7660685,3.784626,3.7754085,3.768845,3.77561,3.7705374,3.7692544,3.791235,3.7674408,3.772698,3.7570693,3.780829,3.759748,3.751503,3.7769058,3.759947,3.780734,3.7477136,3.7515693,3.7373326,3.7564917,3.7519727,3.7626474,3.7570765,3.7447824,3.7512755,3.746959,3.7430859,3.740255,3.7636158,3.7296476,3.7425041,3.7329147,3.7448406,3.7397022,3.7461324,3.7481036,3.756777,3.7553458,3.7623613,3.7498808,3.7704186,3.750952,3.75925,3.759875,3.7622924,3.780554,3.7654858,3.7773287,3.7888155,3.791399,3.788101,3.776763,3.8008718,3.7876651,3.8188736,3.8113286,3.8162198,3.8192053,3.8304117,3.8263714,3.821602,3.8222835,3.823871,3.8245304,3.834279,3.8345978,3.83527,3.8263392,3.844276,3.8408904,3.8427308,3.849852,3.86168,3.861734,3.8558726,3.864401,3.8509157,3.8552053,3.8583062,3.8916116,3.8858716,3.8850348,,,,,,,,,,,,,,,,,,,,,,,,,,,,,,,,,,,,,,,,,,,,,,,,,,t23
FS/710.png,left,0.2110438999952748,3.8580637,3.8804042,3.8826528,3.8847265,3.8646746,3.8858652,3.8679066,3.8704815,3.8853273,3.8633676,3.8802154,3.8810165,3.8810198,3.8754587,3.864871,3.8641312,3.8728642,3.8887298,3.867089,3.8633277,3.882132,3.8681483,3.8896334,3.883751,3.9069223,3.8909798,3.898885,3.9004672,3.908589,3.931826,3.9187353,3.914396,3.915886,3.9026802,3.9305005,3.9124496,3.9203718,3.9150126,3.8939219,3.912228,3.9355798,3.922692,3.923931,3.9228325,3.922334,3.9188492,3.9294322,3.9040642,3.9345164,3.9386275,3.9188206,3.900572,3.9136186,3.9211848,3.920081,3.9102159,3.9155955,3.923555,3.9019845,3.8959575,3.899685,3.918664,3.9139752,3.902604,3.887911,3.8920484,3.8759375,3.8657854,3.8514917,3.838813,3.8516738,3.87686,3.877847,3.8366947,3.833231,3.8577218,3.8498898,3.8601146,3.8416302,3.835232,3.8290193,3.8293338,3.8354743,3.8409317,3.8325849,3.8186843,3.8359494,3.8294804,3.811143,3.8149254,3.821385,3.8209589,3.8170972,3.8254976,3.820799,3.813123,3.8106716,3.8124156,3.829759,3.8085985,3.8158576,3.815963,3.81703,3.8123088,3.824198,3.8255608,3.8153634,3.8183,3.8022988,3.8216984,3.8282528,3.8325493,3.812579,3.8241324,3.823421,3.8216598,3.81952,3.819,3.8387473,3.822446,3.8371923,3.8349364,3.8367987,3.8441508,3.8262672,3.8279524,3.8249607,3.8339727,3.8402348,3.8575943,3.856525,3.8777664,3.8645792,3.8432877,3.8597925,3.8680093,3.844225,3.845218,3.80763,3.8012757,3.7998557,3.766099,3.7404084,3.7439659,3.689641,3.6547153,3.5993683,3.5935738,3.587224,3.560875,3.5376415,3.5085633,3.4755778,3.453369,3.4266582,3.4098141,3.3736112,3.3534348,3.3333976,3.3316593,3.3103952,3.2971833,3.2813265,3.2704208,3.246094,3.258216,3.242098,3.2258832,3.204128,3.173526,3.197651,3.1836553,3.1685658,3.162395,3.1713912,3.1548178,3.1558485,3.144637,3.1441324,3.155318,3.152924,3.1605687,3.1625092,3.1525414,3.1411788,3.1652186,3.1730695,3.1180458,3.113056,3.116549,3.1208675,3.1818478,2.7937071,3.4309146,3.4503527,3.4990504,3.5118923,3.5321095,3.5261164,3.5557861,3.5408561,3.5272157,3.5577016,3.575396,3.5736191,3.5908375,3.6305387,3.6251924,3.644853,3.6445744,3.6481118,3.6667907,3.678148,3.692985,3.68751,3.6885304,3.7115548,3.7211432,3.7257397,3.7332003,3.7208831,3.7328467,3.7367988,3.7441077,3.7360864,3.7426116,3.7360914,3.765788,3.75409,3.768505,3.7617319,3.7604213,3.7665884,3.7691588,3.7631116,3.7661536,3.7633116,3.7736115,3.7685728,3.782015,3.7692966,3.7692506,3.7890265,3.7728941,3.789663,3.796013,3.8058982,3.7950594,3.8012269,3.8083842,3.775322,3.7772622,3.795169,3.8009253,3.797243,3.8130167,3.8020804,3.7947388,3.8098185,3.7982175,3.7981627,3.7989748,3.7967978,3.7986875,3.8081684,3.7909849,3.8132772,3.8007317,3.8150136,3.8082552,3.800783,3.8181934,3.7963896,3.8047535,3.8245475,3.8166335,3.7984612,3.8238115,3.82085,3.786463,3.8276935,3.8249059,3.8233292,3.79943,3.8049963,3.8119411,3.792866,3.7923844,3.8058288,3.8099983,3.7901306,3.792981,3.7874498,3.7858806,3.7832544,3.7842274,3.7875893,3.7739105,3.7811537,3.8013074,3.7949252,3.8007843,3.7862558,3.7920043,3.7884746,3.7863004,3.7774928,3.7750301,3.780448,3.784297,3.776525,3.781401,3.783957,3.780645,3.7791667,3.783516,3.7742212,3.7809298,3.7763374,3.7569668,3.7805412,3.7818267,3.7779725,3.777916,3.7651541,3.7661705,3.762571,3.7737865,3.7700813,3.7610192,3.7561355,3.7769647,3.7562323,3.7707024,3.7725248,3.759295,3.7995899,3.8006396,3.787852,3.7809925,3.7920012,3.7844253,3.8149457,3.796358,3.7910752,3.8117125,3.801345,3.8145566,3.813624,3.8103223,3.79845,3.8017735,3.8298428,3.823536,3.833866,3.841934,3.8451412,3.8511534,3.847297,3.850206,3.8591259,3.8643813,3.8631697,3.8648572,3.8804617,3.886559,3.896746,3.8802207,3.8860023,,,,,,,,,,,,,,,,,,,,,,,,,,,,,,,,,,,,,,,,,,t37
FS/710.png,right,0.246462800016161,3.624643,3.6428602,3.641845,3.641485,3.633044,3.6412086,3.6255374,3.624342,3.6160343,3.6290646,3.6172767,3.6112103,3.624938,3.6230292,3.6240761,3.6235116,3.6167958,3.6082277,3.6112196,3.6257217,3.6166449,3.6213894,3.6233544,3.6354384,3.6259558,3.640153,3.6281352,3.6342392,3.6492474,3.6347368,3.6312132,3.6367795,3.6486409,3.6482687,3.6378841,3.6635244,3.6489289,3.662511,3.6847196,3.671496,3.6745489,3.6766982,3.6647348,3.687581,3.7043564,3.6892157,3.7033072,3.7078338,3.7124662,3.6969342,3.7184176,3.7012696,3.6941235,3.7341254,3.7287366,3.7438319,3.7152424,3.7208893,3.733038,3.722925,3.7227232,3.7111154,3.706312,3.7402718,3.7422187,3.7375946,3.7336588,3.7442513,3.7591069,3.7338412,3.7602959,3.7493865,3.7784913,3.7497263,3.764799,3.7580261,3.7476172,3.7739952,3.7807167,3.7728424,3.779278,3.7774527,3.7862992,3.7849503,3.786053,3.7922282,3.7920659,3.781033,3.8140826,3.7956388,3.815249,3.8105705,3.8265376,3.8192062,3.8159244,3.8245516,3.832149,3.8315682,3.8234742,3.8289852,3.8390102,3.8293855,3.8426504,3.8148522,3.8356802,3.8333235,3.8392644,3.8439424,3.8535147,3.8575282,3.8228855,3.8336215,3.838831,3.8400311,3.8384347,3.8419907,3.8345766,3.8286622,3.8426473,3.845926,3.8568194,3.8563724,3.8270752,3.8464446,3.8478575,3.8346014,3.8538747,3.8454502,3.83,3.8473752,3.8617883,3.8373685,3.835627,3.8255866,3.8019903,3.799643,3.7883122,3.7609305,3.7567713,3.7152665,3.6861832,3.660698,3.6428783,3.584609,3.5774713,3.5625303,3.5391834,3.5024846,3.4798467,3.4600873,3.425236,3.3805163,3.3866568,3.3459034,3.3320878,3.2832766,3.2840743,3.1130219,3.1138532,3.1114292,3.1047816,3.1167862,3.1513286,3.1422462,3.1571672,3.14195,3.166422,3.1726408,3.1707969,3.1867688,3.1834538,3.2085388,3.2174869,3.2242434,3.2354245,3.2254608,3.2364922,3.257651,3.276998,3.3443377,3.2798152,2.5759785,1.9128939,3.0502634,2.985422,3.444224,3.4743803,3.4760084,3.467437,3.50721,3.5319135,3.5488107,3.584808,3.5979555,3.588338,3.6363878,3.6022477,3.629579,3.6961882,3.6678557,3.6882658,3.688711,3.6756244,3.6587396,3.645228,3.6558576,3.6599047,3.6733778,3.6720705,3.688237,3.6683686,3.4680905,3.4834065,3.476047,3.458152,3.456655,3.4619737,3.5601726,3.4882848,3.4534745,3.487696,3.4869509,3.4838512,3.497089,3.4970765,3.4921343,3.474642,3.4626756,3.4805868,3.4765923,3.4519928,3.4514635,3.4409184,3.4497423,3.4406178,3.4402163,3.4388578,3.425817,3.4274366,3.4394877,3.4210336,3.4093282,3.4263942,3.39703,3.3902862,3.387147,3.3661816,3.3590343,3.3435507,3.3421512,3.3331168,3.3379283,3.3309503,3.321565,3.3314857,3.312397,3.298329,3.3078244,3.306727,3.2857075,3.2934995,3.287095,3.2732902,3.3034425,3.2734966,3.2817163,3.275242,3.2790847,3.2815206,3.267991,3.2677553,3.2744699,3.273726,3.2754636,3.2644207,3.2803502,3.28123,3.2741525,3.2725236,3.2601626,3.2722943,3.268934,3.2703369,3.2596765,3.2688599,3.2662947,3.2475138,3.2673485,3.2441251,3.2572157,3.248179,3.246025,3.238206,3.2520196,3.2501001,3.2471945,3.2487423,3.2587016,3.2547708,3.2510443,3.2643797,3.26493,3.2593799,3.2714393,3.2702112,3.257475,3.252898,3.2590275,3.2737482,3.2588277,3.272452,3.260499,3.2699823,3.2709436,3.272511,3.2717416,3.2871027,3.2736638,3.275797,3.2758458,3.2747676,3.2640302,3.2895453,3.2778363,3.2779095,3.267205,3.275888,3.296997,3.2638996,3.296588,3.2728565,3.2879472,3.2894423,3.2876987,3.3046088,3.3083549,3.2936,,,,,,,,,,,,,,,,,,,,,,,,,,,,,,,,,,,,,,,,,,,,,,,,,,,,,,,,,,,,,,,,,,,,,,,,,,t66
FS/710.png,right,0.1477965000085532,3.3835413,3.3834724,3.3952062,3.398686,3.3969047,3.3997238,3.3921337,3.4165456,3.4168918,3.4117422,3.4125798,3.4123201,3.4158242,3.4226365,3.4168227,3.4167058,3.4182343,3.41044,3.4252174,3.4331048,3.428541,3.4396703,3.4233809,3.437889,3.4518635,3.448678,3.4531665,3.4553914,3.4523926,3.4590125,3.456373,3.4505942,3.4620192,3.4519317,3.462012,3.4537446,3.4648843,3.4620154,3.469275,3.4387543,3.4489105,3.4648798,3.4750862,3.4682221,3.464351,3.457948,3.4754636,3.4637728,3.4794908,3.4814038,3.4718704,3.4778504,3.4644167,3.4971693,3.4911218,3.4909747,3.4927359,3.4786067,3.485035,3.4916368,3.4768028,3.4958854,3.4882753,3.4770117,3.4799364,3.4956782,3.4970424,3.4908757,3.5032089,3.4945686,3.494486,3.495401,3.5063703,3.502452,3.5058076,3.5069532,3.499983,3.5081754,3.5076237,3.4945257,3.4962447,3.5097246,3.4996998,3.5034552,3.5046015,3.5144293,3.5116882,3.5103579,3.5155957,3.5039594,3.5061243,3.5156124,3.5190163,3.515996,3.5104373,3.5158453,3.5246766,3.522161,3.5372024,3.5185618,3.5556386,3.5344481,3.5427542,3.5261843,3.5320184,3.5200891,3.5356355,3.5454955,3.5265627,3.5476525,3.5475295,3.5561893,3.5376196,3.5567412,3.5483649,3.550376,3.5646498,3.5435395,3.5575535,3.5574837,3.547099,3.5508847,3.5783372,3.567687,3.557579,3.5578182,3.5705276,3.577305,3.5799513,3.570241,3.5691814,3.5711584,3.5646677,3.5762024,3.5693612,3.5672152,3.5608833,3.550188,3.5462747,3.5264533,3.5228987,3.4744873,3.451681,3.427992,3.3980143,3.3740122,3.348316,3.3106146,3.2986789,3.2816741,3.2467458,3.218927,3.196888,3.151787,3.1480634,3.132532,3.129213,3.0869398,3.0534627,3.0511303,3.0280292,3.0068145,3.0051143,3.0068736,2.987186,2.9619508,2.9479866,2.9351737,2.947195,2.9052649,2.8859549,2.88835,2.8753371,2.8742442,2.878138,2.8709066,2.8881586,2.8729837,2.8823562,2.868183,2.8712087,2.8739123,2.8809683,2.8624868,2.8706992,2.8607092,2.8613362,2.8412838,2.86367,2.8675563,2.841464,2.861155,2.840531,3.1475518,3.2198706,3.1727703,3.1663127,3.1610887,3.1885328,3.1839755,3.1967719,3.1963294,3.1951778,3.2017884,3.2038922,3.2153747,3.2340448,3.2607172,3.2388356,3.2379806,3.2595813,3.2593124,3.262381,3.2597163,3.266887,3.3029406,3.2608142,3.2993493,3.292819,3.2870238,3.293958,3.3006222,3.2945366,3.3124433,3.3022082,3.3086295,3.3184588,3.317254,3.325013,3.3273985,3.3318222,3.3359218,3.32538,3.3304465,3.3173115,3.3366327,3.3347726,3.325466,3.3396313,3.331865,3.3348033,3.3306887,3.3334334,3.320493,3.3302636,3.3272693,3.321925,3.3389394,3.324612,3.3254058,3.3381846,3.3228889,3.3147016,3.325059,3.3271294,3.325173,3.300244,3.3174603,3.3057575,3.3166206,3.308794,3.2998374,3.2909286,3.2988021,3.275073,3.3139977,3.298017,3.276584,3.2809782,3.2874272,3.2764816,3.280384,3.2777863,3.2821603,3.2850323,3.2730074,3.2676985,3.262927,3.2685595,3.277553,3.2729566,3.2618213,3.2682424,3.266466,3.2639704,3.2521067,3.26806,3.2566319,3.2600079,3.2526064,3.2416625,3.2521503,3.2553458,3.2466397,3.2409384,3.2464175,3.233507,3.2483714,3.2525532,3.255817,3.2338505,3.2313817,3.2266889,3.2423635,3.2219381,3.232612,3.2350614,3.2420185,3.2449985,3.2424128,3.2240787,3.2398796,3.2313018,3.2255588,3.2452922,3.2492168,3.240028,3.2394426,3.2455428,3.2474852,3.2327378,3.2396927,3.2416182,3.2501178,3.2378373,3.2276683,3.2346008,3.2382092,3.2273583,3.2424393,3.2330227,3.2449808,3.2369835,3.2370784,3.2294252,3.2414594,3.2324862,3.2475767,3.2206414,3.2297049,3.228652,3.2269535,3.241527,3.2406995,3.2411351,3.2516727,3.2597625,3.2355416,3.2465456,3.2489834,3.2485032,3.237954,3.2559435,3.2453074,3.2495666,3.2514253,3.2418628,3.2551396,3.2640393,,,,,,,,,,,,,,,,,,,,,,,,,,,,,,,,,,,,,,,,,,,,,,,,,,,,t90
FS/50.png,left,0.1805917000165209,3.9047115,3.9255824,3.9564776,3.9357543,3.8964186,3.9284365,3.919074,3.935674,3.940328,3.92632,3.9212995,3.9474719,3.913706,3.9508445,3.9363275,3.9370944,3.940716,3.9364274,3.9543617,3.9615192,3.9461055,3.954438,3.9621146,3.965484,3.9603307,3.9503028,3.9504032,3.9679246,3.9804046,3.9628937,3.9782639,3.9798827,3.9817922,3.974864,3.9909027,3.9801245,3.9871213,3.991838,3.9945335,3.9995344,3.989683,3.993847,3.9831674,3.995596,4.0003667,3.999891,3.9911983,4.0037227,3.9957333,3.9951901,3.9959195,4.0024824,4.0029573,4.000533,3.9959118,3.9932551,3.999598,3.9876943,3.997721,3.9868793,3.9779112,3.971539,3.9809468,3.988533,3.9754205,3.9678304,3.9606082,3.9661903,3.9610975,3.9499147,3.9350731,3.9398189,3.928633,3.913567,3.885256,3.899913,3.8891158,3.8729517,3.8741803,3.8631127,3.875998,3.8587327,3.851808,3.8511956,3.858362,3.8561547,3.845896,3.8380644,3.8437355,3.831524,3.8391368,3.8221767,3.8330536,3.8163166,3.8248086,3.8329504,3.8271966,3.828178,3.8411005,3.8165498,3.8345182,3.8282619,3.8317132,3.8217676,3.8301945,3.8248966,3.8396633,3.8513234,3.8411858,3.8478525,3.827545,3.8478515,3.857541,3.8446455,3.8589282,3.8546019,3.842093,3.8583555,3.8670676,3.8660104,3.859335,3.8819945,3.9092243,3.909617,3.8960342,3.9005556,3.9176588,3.9073975,3.9112532,3.922762,3.9316194,3.93869,3.9411821,3.9453628,3.9561958,3.9233894,3.9343412,3.9075067,3.9073467,3.878468,3.8542292,3.8296998,3.8191428,3.7958953,3.7674458,3.7436635,3.741593,3.7228975,3.6909707,3.668727,3.6485212,3.6251936,3.604039,3.6046236,3.5762951,3.5841317,3.5573697,3.5511875,3.503822,3.5191565,3.4915419,3.4928129,3.4865172,3.4682956,3.4756427,3.4747043,3.4637914,3.445509,3.468001,3.4202547,3.449561,3.4282374,3.4589598,3.4209445,3.4172177,3.4123676,3.429431,3.4167657,3.3966665,3.4267936,3.4226432,3.4275823,3.4293575,3.4301176,3.4526737,3.446528,3.4469738,3.4494982,3.446933,3.4606218,3.444691,3.4761093,3.4849713,3.4737601,3.4873483,3.4784312,3.4717526,3.4799657,3.522782,3.4692276,3.81006,3.7556314,3.7174718,3.735923,3.792277,3.7898107,3.8056602,3.812639,3.812663,3.8316202,3.813522,3.837413,3.8418036,3.8465002,3.8638294,3.868742,3.85435,3.8627963,3.8791945,3.882482,3.8595057,3.8801477,3.880783,3.8959575,3.9063911,3.8817747,3.891237,3.8919694,3.8874297,3.8945825,3.9154608,3.910028,3.9163415,3.9023027,3.8981285,3.8947606,3.9276934,3.906507,3.9418635,3.9161954,3.9086967,3.955513,3.9320197,3.9578097,3.950715,3.9387248,3.964833,3.952464,3.955869,3.9602757,3.962102,3.960565,3.9685507,3.9667325,3.9845116,3.9562962,3.9652262,3.9624429,3.9550583,3.988859,3.9692063,3.9384701,3.9756408,3.9938123,3.9748197,3.9829617,3.975277,3.992397,3.9612947,3.9822352,3.9775345,3.9681501,3.9800272,3.9805424,3.9747088,3.983735,3.9997928,3.976199,3.9554017,3.9555893,3.961593,3.9304683,3.9784086,3.9203532,3.9412982,3.928898,3.926426,3.9291148,3.9284441,3.9152455,3.9366007,3.920615,3.9154468,3.9170833,3.9160154,3.9153824,3.9165008,3.918808,3.927475,3.9091094,3.9202547,3.9155555,3.9110887,3.9067726,3.9017942,3.9132137,3.9099994,3.8893263,3.8997712,3.9008958,3.8818398,3.8875854,3.8938036,3.9058685,3.8933144,3.879944,3.8858829,3.8919485,3.8853288,3.8940706,3.8840768,3.9007967,3.8776877,3.9024413,3.9001527,3.8934107,3.9060593,3.9017417,3.9011655,3.9022167,3.8887436,3.8956919,3.8916585,3.9035878,3.9178922,3.9299505,3.927512,3.9131846,3.9214432,3.937817,3.9227266,3.9146554,3.9312487,3.9338484,3.92542,3.9294686,3.9195518,3.9309697,3.9285567,3.9290094,3.9332612,3.9247932,3.943764,3.940923,3.9442132,3.954908,3.9508724,3.94546,3.9399474,3.955225,3.9663405,3.9507205,3.9643743,3.9654968,,,,,,,,,,,,,,,,,,,,,,,,,,,,,,,,,,,,,,,,,,,,,,,t26
FS/50.png,right,0.4240318000083789,3.7241514,3.7256303,3.7386007,3.7211266,3.7199836,3.7248175,3.7184005,3.719383,3.724751,3.7354553,3.718762,3.7405078,3.7401705,3.7328725,3.726244,3.725165,3.7387812,3.7561321,3.743849,3.7373307,3.751743,3.7418337,3.7451236,3.7402682,3.7395768,3.7371318,3.7504354,3.7617896,3.752052,3.7484949,3.7563875,3.7542017,3.753245,3.7501395,3.7477045,3.7457724,3.7536952,3.7624977,3.756103,3.7683496,3.7596824,3.7916312,3.7561028,3.7706676,3.7648911,3.7879953,3.7968085,3.8010783,3.7839518,3.7966862,3.8019054,3.8050814,3.815965,3.808189,3.8106408,3.800714,3.7969925,3.8071127,3.8034668,3.7994356,3.797581,3.8127398,3.8093348,3.8058145,3.794258,3.812115,3.8117812,3.8126462,3.791418,3.8083935,3.7971413,3.8047264,3.8047202,3.806286,3.794494,3.8069894,3.8075113,3.810686,3.797916,3.793209,3.7895439,3.8074634,3.8054802,3.8078942,3.80631,3.7949555,3.8122287,3.8077025,3.809205,3.8173728,3.790289,3.8075662,3.7987318,3.809356,3.8042185,3.8002472,3.8222632,3.7961645,3.8002112,3.8150327,3.8005095,3.8019266,3.800207,3.7978334,3.7862267,3.8073652,3.8015544,3.7868679,3.7840865,3.802193,3.7982874,3.8003504,3.7980638,3.7972624,3.7741544,3.7835033,3.7777252,3.7718854,3.7664888,3.7743528,3.7438471,3.756272,3.7488914,3.7576222,3.7494674,3.7390056,3.7340415,3.744331,3.7384567,3.7306626,3.728836,3.7266426,3.7105596,3.6994026,3.6972206,3.661771,3.6336763,3.6291904,3.6098268,3.5600445,3.5128899,3.5060701,3.4792829,3.4516675,3.4219573,3.3912842,3.3867812,3.357071,3.350793,3.3331957,3.273174,3.2439256,3.2265635,3.2038703,3.1948042,3.178789,3.1750612,3.1385283,3.1179543,3.1280408,3.1409142,3.0973077,3.0543323,3.0404205,3.0446112,3.0218916,3.0191092,3.0102673,2.9973834,2.9977102,2.9883413,2.9718823,2.9768791,2.9800067,2.9696462,2.9741204,2.9544585,2.9838755,2.9887393,2.9820073,2.9931018,2.9867542,2.977574,2.9462197,2.9537284,2.9747746,2.9904673,2.9974914,2.9984949,3.018353,3.0232892,3.033136,3.0467832,3.044342,3.0571165,3.085467,3.0900319,3.1004353,3.1058514,3.1327364,3.1357613,3.1449053,3.1323867,3.1424656,3.1659808,3.2061906,3.2130625,3.2188592,3.234,3.2417119,3.2498026,3.2595243,3.2657053,3.2590368,3.2714632,3.3117688,3.3248549,3.2922986,3.3037102,3.3287406,3.3711777,3.364636,3.57413,3.535149,3.5765922,3.566939,3.5595896,3.5787718,3.5605702,3.5551794,3.5626466,3.5814207,3.5686011,3.5846126,3.5957174,3.603505,3.616671,3.6113417,3.6287932,3.6311262,3.631479,3.6385083,3.6455016,3.643719,3.642965,3.642243,3.6596386,3.651033,3.6569467,3.6623743,3.6589704,3.6543489,3.6950905,3.6811042,3.6816611,3.7051487,3.6856573,3.7250237,3.699013,3.7165837,3.7142584,3.7131045,3.7233937,3.7146025,3.7196565,3.7253242,3.7220144,3.7299514,3.7444923,3.7366486,3.7363317,3.736155,3.7336862,3.7314644,3.7421827,3.7291393,3.7181861,3.7270546,3.7356946,3.731825,3.727872,3.7292705,3.7351081,3.7203233,3.7098978,3.7134204,3.7282786,3.7141006,3.7257805,3.7280295,3.7226484,3.7175124,3.7186174,3.724906,3.7186856,3.7098541,3.7256627,3.7198763,3.7169533,3.7095687,3.7140808,3.7130563,3.7162764,3.7059388,3.7236588,3.7123253,3.7269213,3.71617,3.7114017,3.7117813,3.72413,3.712841,3.695238,3.6944945,3.7322164,3.6941829,3.7058437,3.6909997,3.6946683,3.6955817,3.6992505,3.682277,3.6914253,3.688005,3.6777668,3.6952374,3.6867454,3.6961644,3.693307,3.6937044,3.6847043,3.6800253,3.662433,3.6717458,3.6899414,3.6784754,3.655579,3.6730278,3.6724603,3.6742573,3.6801867,3.6696696,3.6771245,3.6740043,3.6681602,3.6690774,3.6757615,3.6782467,3.695126,3.6715434,3.6818178,3.6849558,3.6934931,3.6742206,3.6948082,3.6795952,3.6939301,3.6842752,3.6723623,3.670653,3.6954818,3.684678,3.68184,3.6993127,3.675564,3.6801338,3.6909125,3.6998408,3.6790462,3.7105591,3.6784658,3.7037773,3.705442,3.7134995,3.71765,3.6949677,3.6924639,3.69226,3.7070286,3.7202513,3.715742,3.7286432,3.726194,3.7341058,3.7281601,3.71775,3.7371151,3.7408102,3.724576,3.7317522,3.7622678,3.7512453,3.7449646,3.760041,3.7531567,3.7674127,3.7472117,3.7452626,3.7475355,3.7520394,3.7510662,,,,,,,,,,t58
FS/50.png,right,0.2283238000236451,3.1499107,3.131975,3.1400871,3.1415186,3.1424944,3.1409762,3.1435816,3.145673,3.1620972,3.16094,3.1423774,3.152757,3.1704533,3.1603734,3.1724107,3.1764324,3.1662478,3.1621103,3.1724348,3.1842012,3.164068,3.2003205,3.1739519,3.1746025,3.1921198,3.189236,3.187683,3.1817842,3.2080026,3.1738226,3.188097,3.1835785,3.1805108,3.1862295,3.1874385,3.179462,3.190741,3.188747,3.1785948,3.1750956,3.166021,3.1732383,3.1838596,3.1966364,3.1751559,3.1624656,3.1627793,3.172417,3.1840308,3.1578302,3.1776562,3.1834075,3.186908,3.1861527,3.178782,3.1753469,3.1661928,3.1745696,3.1568801,3.1664262,3.1739235,3.1489155,3.162034,3.154163,3.156744,3.1397538,3.1223333,3.1024482,3.120201,3.0995386,3.0833066,3.0781326,3.0890868,3.0707362,3.0719829,3.0593204,3.0589547,3.0726259,3.05064,3.0465794,3.0540154,3.057116,3.0483088,3.0638683,3.0559454,3.0452843,3.0656765,3.0630288,3.0640283,3.065736,3.0669448,3.064149,3.072288,3.0682888,3.0662546,3.071545,3.0772705,3.0704353,3.0822797,3.0941153,3.1059337,3.0931208,3.1132524,3.108077,3.106624,3.1090014,3.121562,3.1265395,3.1190295,3.134295,3.138028,3.1374266,3.1202931,3.1415763,3.1457353,3.1544595,3.1335406,3.1578407,3.156561,3.184433,3.1916957,3.2023067,3.2011943,3.2013738,3.1788502,3.2009666,3.1974247,3.198946,3.1980913,3.196654,3.2193012,3.2087421,3.2154844,3.2006342,3.214528,3.2060368,3.2191157,3.2043977,3.1743283,3.1324441,3.1432722,3.1019735,3.0938485,3.0607607,3.051168,3.0238986,3.0028644,3.0069904,2.9938014,2.9488437,2.9302936,2.8920517,2.878938,2.8467977,2.837298,2.8196335,2.8232772,2.8037179,2.7984521,2.7690442,2.7707512,2.7575321,2.728897,2.7026033,2.709543,2.7094793,2.7024815,2.716868,2.6878014,2.6969671,2.6846404,2.656381,2.6755471,2.665233,2.6583567,2.677746,2.6577375,2.6626346,2.6443899,2.6548004,2.660261,2.6745353,2.6867082,2.6929758,2.6839483,2.7011163,2.6880352,2.6927173,2.6813796,2.7080712,2.7180908,2.7386281,2.7563982,2.762605,2.7345846,2.78915,2.798747,2.785842,2.8132577,2.8121781,2.825531,2.8241866,2.820708,2.8285582,2.8499322,2.8500597,2.860529,2.8951602,2.8863835,2.8984253,2.9099727,2.922892,2.9199336,2.91828,2.9286757,2.9446702,2.9336834,2.9310918,2.9495754,2.9611504,2.993942,2.994904,3.0203812,3.014437,3.04486,3.0468512,3.0373554,3.0525975,3.0529115,3.054816,3.0560417,3.0777242,3.0683434,3.0785794,3.09845,3.0742207,3.0940511,3.0984666,3.1104174,3.0913754,3.1248927,3.1324468,3.152682,3.1300411,3.1294072,3.150011,3.1618311,3.1306608,3.147085,3.1273215,3.1280396,3.1504045,3.1284947,3.1089892,3.084062,2.9521878,3.1328616,3.1710384,3.1381598,3.1774461,3.1910164,3.1854498,3.1755192,3.180357,3.179852,3.1772993,3.1941364,3.194674,3.1853745,3.1813374,3.1959136,3.176946,3.1693776,3.1930647,3.184129,3.171756,3.1894443,3.1868677,3.2080326,3.2084982,3.187836,3.1938858,3.1969264,3.2057226,3.2094269,3.198224,3.2015674,3.202353,3.2179224,3.2162578,3.2065635,3.200474,3.221808,3.218431,3.216029,3.205516,3.209106,3.223241,3.2193434,3.2088234,3.216337,3.2016726,3.2050369,3.2122717,3.2139838,3.2107372,3.2106438,3.2079678,3.198406,3.2090938,3.2094276,3.2047777,3.1964395,3.1948743,3.1905103,3.1985402,3.1899803,3.191709,3.1861312,3.189007,3.176658,3.1824203,3.1819706,3.1909997,3.1816127,3.1658037,3.1671581,3.1689463,3.1718614,3.1717014,3.1715062,3.1834455,3.1682184,3.1793532,3.1760874,3.1737995,3.1681073,3.1726885,3.1696703,3.1747065,3.1719632,3.16972,3.1737187,3.1709487,3.1738043,3.1652205,3.1697044,3.17219,3.1694963,3.1704392,3.165082,3.1701043,3.1701608,3.1594563,3.1703155,3.1756618,3.151201,3.1598468,3.156944,3.169644,3.1524034,3.165832,3.172469,3.1587846,3.1681771,3.1530795,3.1422405,3.1437747,3.1623516,3.1566272,3.1528096,3.1514757,3.1619194,3.1471682,3.1588924,,,,,,,,,,,,,,,,,,,,,,,,,,,,,,,,,,,,t106
FS/10.png,right,0.1316938000381924,3.9612906,3.9725413,3.9681754,3.974844,3.9764893,3.9745717,3.976919,3.9771066,3.9803689,3.9758077,3.9725459,3.978011,3.9821384,3.974312,3.9883006,3.9776747,3.9773865,3.9732068,3.9945838,4.004369,3.9810734,4.0093083,3.9599636,3.9997377,3.9890847,3.9979715,3.9674308,3.9942126,3.9726565,3.9711468,3.9818566,3.9777133,3.9748287,3.9875681,3.9760938,3.9627833,3.965595,3.9693644,3.9711092,3.956175,3.9498892,3.9585745,3.9661062,3.9492483,3.9701538,3.9676957,3.957214,3.9492521,3.9576075,3.9722486,3.9465947,3.9326982,3.9327676,3.9314594,3.9263098,3.9426777,3.9233408,3.9185672,3.929023,3.9136298,3.9158926,3.886194,3.8900511,3.8666852,3.83494,3.8344905,3.8474061,3.8188002,3.8090742,3.8100567,3.8118086,3.8132715,3.7965975,3.793055,3.794133,3.777573,3.768392,3.7553194,3.7621617,3.766274,3.7650387,3.745416,3.7567198,3.7528532,3.7442424,3.7281244,3.7449646,3.7456203,3.7393754,3.7356336,3.7279317,3.7360787,3.7293196,3.738314,3.7368002,3.7277799,3.734406,3.7387474,3.7217438,3.7342365,3.743246,3.750091,3.7394955,3.741731,3.7637913,3.7395988,3.7443135,3.764915,3.7577286,3.763802,3.757203,3.7881777,3.7620003,3.7800822,3.7670043,3.7622287,3.7684472,3.776341,3.7981758,3.771248,3.8032978,3.802623,3.7950158,3.8035555,3.800385,3.7935994,3.816402,3.8195472,3.79745,3.8273222,3.8202293,3.8374271,3.833686,3.8337924,3.8265734,3.8216863,3.7994716,3.8002489,3.794187,3.774256,3.7456367,3.7243059,3.712619,3.6863058,3.637797,3.6244612,3.6041138,3.569926,3.5370066,3.5391076,3.5064778,3.489253,3.4432125,3.4451172,3.4360213,3.4087374,3.3898764,3.3604665,3.355252,3.3525221,3.3393836,3.3156328,3.3217106,3.296516,3.3049815,3.2908976,3.2726092,3.2916296,3.2694883,3.2523847,3.2682114,3.2556307,3.2538078,3.2528298,3.2636633,3.2510738,3.246048,3.2141094,3.2154925,3.212385,3.2376742,3.214917,3.2178729,3.2160978,3.2166197,3.2184796,3.2565334,3.2345796,3.2443032,3.2401638,3.2307785,3.2461956,3.2462554,3.2200432,3.2622237,3.231936,3.2039845,3.2150552,3.540969,3.5300734,3.6372967,3.539473,3.5316563,3.5340512,3.538797,3.577414,3.5532987,3.5795722,3.5759335,3.5920613,3.5926487,3.5896666,3.5995526,3.6289096,3.6172793,3.626632,3.6435516,3.6342766,3.630905,3.651734,3.651998,3.6434307,3.6494868,3.6589646,3.6597028,3.6633751,3.6955287,3.693467,3.686947,3.7012987,3.6917646,3.7139153,3.7100353,3.7222376,3.7281466,3.711745,3.7434566,3.7037215,3.7183206,3.7132647,3.7299905,3.7399504,3.72942,3.7316878,3.7419858,3.7474673,3.7426283,3.7281003,3.7454772,3.7527816,3.7247033,3.7322881,3.743265,3.7229748,3.7266648,3.7331643,3.7247083,3.728301,3.7350266,3.714452,3.7164474,3.7074623,3.710147,3.7094243,3.7062259,3.7069016,3.7071688,3.7324083,3.7133486,3.6788037,3.6753054,3.6710424,3.672176,3.673275,3.6781368,3.6800468,3.6655169,3.668921,3.6739812,3.6705232,3.6546714,3.6745832,3.678219,3.6751254,3.6764073,3.6594763,3.6655903,3.6615193,3.6722953,3.668698,3.64397,3.6613784,3.6643713,3.6493273,3.6449578,3.663869,3.6468184,3.6534173,3.640833,3.6545799,3.6336546,3.6359587,3.6454997,3.6396837,3.6356902,3.6487195,3.6365702,3.6198978,3.627107,3.6320896,3.63484,3.64243,3.6398058,3.62363,3.6258824,3.632326,3.6276348,3.6384034,3.6318445,3.6252663,3.6254091,3.6244144,3.6391304,3.6496701,3.6341212,3.6459951,3.6498933,3.6545026,3.6423528,3.6550956,3.6520264,3.6421335,3.654144,3.6532476,3.6685345,3.6536748,3.66003,3.6948957,3.672762,3.6806355,3.6881542,3.7055357,3.6974785,3.6991873,3.6989985,3.674997,3.7038703,3.693148,3.7044578,3.7088048,3.7009518,3.695564,3.7015493,3.6899009,3.6893914,3.7158868,3.7169497,3.6954281,3.7184575,3.71326,3.728916,3.719584,,,,,,,,,,,,,,,,,,,,,,,,,,,,,,,,,,,,,,,,,,,,,,,,,t27
FS/490.png,right,0.1954930999781936,3.6940415,3.684713,3.6839461,3.6849308,3.6742265,3.6596017,3.6685114,3.6767094,3.6688848,3.6760375,3.6859195,3.6761405,3.695246,3.6713254,3.672914,3.6690512,3.6749268,3.6708782,3.6626387,3.6638236,3.6705515,3.6640663,3.6861157,3.677883,3.6707659,3.6677155,3.646997,3.6792836,3.6629667,3.6721513,3.6504345,3.664571,3.6465797,3.6334352,3.6513417,3.6670294,3.641521,3.637129,3.67128,3.6420367,3.6540966,3.6608849,3.6553247,3.652227,3.6679354,3.6464775,3.6473887,3.6733303,3.6357963,3.6660786,3.6721437,3.6775594,3.6771026,3.6600828,3.6487346,3.6686742,3.6615627,3.6650023,3.659322,3.655525,3.7014797,3.6661859,3.643668,3.6484764,3.6617484,3.657323,3.65908,3.65754,3.6407256,3.6525939,3.6505346,3.654643,3.6501665,3.6516073,3.6585968,3.654976,3.662363,3.6529229,3.6507626,3.67605,3.6586635,3.6792984,3.657152,3.662169,3.6961985,3.6636376,3.6823554,3.6928728,3.70959,3.68944,3.700841,3.701753,3.716388,3.689589,3.7147505,3.7136698,3.7210214,3.7267756,3.7195268,3.7119553,3.7111874,3.725051,3.7343564,3.7236557,3.7259145,3.711091,3.7173223,3.7250414,3.7247262,3.7287352,3.726999,3.744978,3.7452946,3.745005,3.72708,3.752092,3.745136,3.7285845,3.7429683,3.7497482,3.7548397,3.7553923,3.7426004,3.759166,3.7506163,3.7503748,3.7646897,3.758475,3.7560787,3.7476394,3.7599087,3.7692873,3.7631357,3.7491229,3.740839,3.7219753,3.717628,3.67273,3.649316,3.6271102,3.5930576,3.5727382,3.5421526,3.5204601,3.4836798,3.4674444,3.4550133,3.3827245,3.3999274,3.3404663,3.3358817,3.3078077,3.3232512,3.3000324,3.2720468,3.2584276,3.23528,3.199552,3.190111,3.1779757,3.1734383,3.1685753,3.141987,3.1493938,3.1163127,3.1233804,3.1196148,3.0998967,3.1147413,3.0829737,3.0892189,3.0941482,3.0923333,3.0696955,3.0777152,3.0910358,3.0754843,3.0773952,3.0857525,3.0832522,3.0813656,3.0930634,3.099868,3.1067247,3.0982964,3.143073,3.1407933,3.1389399,3.1370487,3.13821,3.1317368,3.1379812,3.1534905,3.160675,3.1499343,3.164885,3.1761518,3.2112212,3.2163923,3.230221,3.2155123,3.240375,3.2541764,3.2695222,3.2679017,3.2665458,3.2722266,3.2856278,3.3015504,3.2958567,3.3163552,3.3259044,3.3555176,3.349153,3.3856564,3.3854718,3.3965695,3.3948355,3.39228,3.3997512,3.3930857,3.4052143,3.4355035,3.4240117,3.4304814,3.4283779,3.4567807,3.4722908,3.4872835,3.4879246,3.4942985,3.5010023,3.5059352,3.4989705,3.5300066,3.5253801,3.52327,3.5267894,3.5314233,3.5332212,3.5314715,3.527088,3.5520492,3.5334399,3.5468504,3.5514383,3.527437,3.5502062,3.5266073,3.5252008,3.6849499,3.5722604,3.6183865,3.608145,3.6200182,3.619739,3.6198325,3.62909,3.6306977,3.643126,3.634178,3.641964,3.6369016,3.6315129,3.6587594,3.6334436,3.6356192,3.6383421,3.632741,3.6453328,3.6358519,3.6384094,3.6528213,3.6443577,3.655539,3.646142,3.6287687,3.6386678,3.638444,3.6289108,3.6518328,3.6426213,3.6495054,3.6365583,3.6729767,3.6494548,3.6538157,3.6619656,3.6597636,3.6672575,3.6681142,3.6880517,3.669572,3.6836677,3.689851,3.7003703,3.7109656,3.7018282,3.6813648,3.7040985,3.705484,3.686962,3.720118,3.730088,3.6848726,3.729764,3.728318,3.7304523,3.7599978,3.7294846,3.7372386,3.7428758,3.7574096,3.7442565,3.7557836,3.7570248,3.7460392,3.7444434,3.7609937,3.763326,3.7608166,3.7580206,3.7581336,3.7538593,3.7599304,3.760805,3.770178,3.7748358,3.7654743,3.7744439,3.7634625,3.7738733,3.7769434,3.7666981,3.778248,3.7685924,3.7731454,3.7703135,3.769683,3.7680635,3.7937396,3.7759423,3.7865033,3.772297,3.806401,3.7940874,3.78249,3.7913306,3.8005853,3.8018777,3.7842636,3.8107483,3.81306,3.7966192,3.7920604,3.8103442,3.8183198,3.811441,3.817696,3.8077347,3.8041272,3.7967997,3.7916813,3.8026536,3.7840037,3.7880626,3.809724,3.7699196,3.7673092,3.7912748,3.780486,3.750307,3.7634451,3.7686558,3.7753968,3.7573826,3.764342,3.7551918,3.7501514,3.7615056,3.7591765,3.7367547,3.7543344,3.7495105,3.7465339,3.7527704,3.7515945,3.7465186,3.7436755,3.7268069,3.7386286,3.736137,3.743584,,,,,,,,,,,,,,,,,,t30
FS/490.png,right,0.2100999999674968,3.2858222,3.2923882,3.298565,3.287609,3.294338,3.3050733,3.3119817,3.3059976,3.3255324,3.3280683,3.313522,3.3209326,3.331821,3.3323176,3.3342805,3.3509848,3.358172,3.3729324,3.360354,3.3579721,3.360545,3.3911533,3.3707674,3.3735132,3.3903363,3.3861842,3.3911188,3.3887308,3.3907504,3.386565,3.3973029,3.404638,3.4007828,3.4094331,3.4039826,3.422586,3.4114475,3.4418383,3.43506,3.4374936,3.432127,3.4310918,3.433906,3.4451041,3.453343,3.4556859,3.452738,3.4472287,3.451268,3.4656255,3.4744728,3.4911509,3.474702,3.4810228,3.467765,3.4854379,3.4941993,3.498847,3.488895,3.488373,3.4982076,3.4970465,3.4951596,3.494008,3.4978743,3.4934587,3.5005949,3.4947736,3.4902964,3.495583,3.4987853,3.5023406,3.5030153,3.4924054,3.4999897,3.5071936,3.483616,3.4882362,3.4982557,3.5044506,3.5080872,3.5005074,3.5034578,3.5068438,3.5011423,3.5081434,3.502754,3.5103436,3.5022418,3.5071003,3.4962697,3.501971,3.5200646,3.5054314,3.5076857,3.515343,3.5217502,3.514763,3.5340433,3.51876,3.514361,3.5298858,3.5150738,3.5348294,3.5204158,3.5413458,3.535349,3.5489814,3.540187,3.5436394,3.5471814,3.558407,3.5679102,3.5668008,3.5545986,3.578453,3.5683038,3.5854495,3.5737388,3.5861335,3.6025174,3.6108453,3.6091223,3.6138442,3.6189513,3.6333568,3.6329427,3.632082,3.6302593,3.6383536,3.6279469,3.6337333,3.643786,3.6244996,3.64066,3.6138952,3.568668,3.5884748,3.571901,3.5510993,3.5536618,3.507761,3.5049477,3.4971285,3.4415267,3.4293423,3.406825,3.3950582,3.395302,3.345217,3.335746,3.3139563,3.2833686,3.2498527,3.2492738,3.242944,3.22974,3.2193758,3.2144241,3.1988244,3.200479,3.197782,3.1972222,3.1863282,3.1685102,3.1473289,3.156467,3.1668632,3.1357226,3.1046898,3.1389532,3.1224515,3.1279473,3.096098,3.1055973,3.0972798,3.3548825,3.2777348,3.2939076,3.2976844,3.302341,3.323105,3.3560205,3.3694074,3.3617268,3.3689828,3.3911731,3.4011283,3.4207687,3.4210868,3.4328666,3.4274588,3.4412339,3.4555387,3.4424715,3.4631083,3.4606118,3.463539,3.4660943,3.4706419,3.4682624,3.4790606,3.4896405,3.4831169,3.5025895,3.497551,3.4979222,3.5020328,3.5456343,3.5317013,3.5405517,3.5363948,3.5548227,3.5233262,3.559912,3.5499709,3.572044,3.5670836,3.5787191,3.56473,3.5795333,3.5784688,3.5662913,3.5661569,3.575039,3.5926669,3.5915716,3.594216,3.5638585,3.5856977,3.5813591,3.590299,3.5952704,3.5864856,3.5917916,3.595855,3.6032534,3.6086328,3.5809062,3.5828786,3.5910304,3.5925472,3.5955203,3.5950994,3.6097481,3.599977,3.5929494,3.6010516,3.595898,3.571761,3.5825686,3.585068,3.5825415,3.5805786,3.5857756,3.5832036,3.584386,3.5626347,3.5383162,3.5703375,3.5504608,1.1069766,3.5444899,3.4979947,3.5258784,3.5289276,3.5268786,3.5465744,3.5488296,3.5562232,3.5413945,3.540882,3.5401075,3.5467443,3.553994,3.5502243,3.545125,3.5460372,3.5410006,3.5438123,3.5606754,3.5461648,3.563337,3.5528522,3.5726304,3.5657697,3.5703542,3.5688,3.573997,3.571354,3.5608153,3.5621843,3.5660174,3.5674298,3.5723104,3.5616033,3.5687878,3.5657737,3.5697875,3.5795527,3.5730371,3.5722637,3.601415,3.6023855,3.5844402,3.6090996,3.5948946,3.6166608,3.6065097,3.6033416,3.6064188,3.6041734,3.6087124,3.6039226,3.6092472,3.6165833,3.6027236,3.6207666,3.6174076,3.6113262,3.6115077,3.6188226,3.6321173,3.6197486,3.6109939,3.6397145,3.6451263,3.6184416,3.6485891,3.6273518,3.644972,3.6413486,3.63249,3.6419728,3.6434915,3.6453087,3.631511,3.6250875,,,,,,,,,,,,,,,,,,,,,,,,,,,,,,,,,,,,,,,,,,,,,,,,,,,,,,,,,,,,,,,,,,,,,,,,,t67
FS/490.png,left,0.2406455000163987,3.3288527,3.328891,3.3203313,3.3601341,3.3342178,3.3345182,3.3498914,3.3471904,3.3398488,3.3442473,3.351949,3.3661191,3.377424,3.3721743,3.3678982,3.3858805,3.377382,3.3883376,3.4022748,3.4129813,3.4126012,3.4224136,3.4112072,3.4140255,3.4226308,3.4206684,3.421548,3.4244506,3.4321089,3.4229007,3.436757,3.4372036,3.4437702,3.43718,3.4665365,3.4455943,3.465311,3.4719186,3.4655297,3.4698596,3.4709353,3.479171,3.4807687,3.4790528,3.4666216,3.477952,3.4978435,3.5013916,3.4898968,3.4964933,3.506282,3.4907987,3.4879637,3.5028958,3.5059755,3.5004003,3.503511,3.5091052,3.5345867,3.5389216,3.5417683,3.535851,3.5210807,3.5292733,3.545704,3.5541096,3.5599809,3.5512593,3.5436056,3.5600595,3.559878,3.5669935,3.556517,3.576431,3.57357,3.5674033,3.5628214,3.5630677,3.5760968,3.582984,3.5725055,3.5847054,3.5703652,3.5790954,3.5996776,3.5772507,3.5860393,3.5876558,3.593537,3.6168494,3.6069133,3.6073704,3.613103,3.6117287,3.5908816,3.6187277,3.6167674,3.6054142,3.61953,3.6071746,3.6184187,3.6090372,3.6121235,3.6183372,3.6054425,3.5940216,3.5890558,3.604112,3.612477,3.596936,3.603119,3.602419,3.5980856,3.59304,3.6094205,3.611945,3.6004286,3.5954258,3.6064456,3.611904,3.5973547,3.5995865,3.59242,3.5945394,3.5967283,3.5954819,3.5947447,3.598432,3.5983253,3.5890107,3.5926096,3.5864024,3.561894,3.5663402,3.550478,3.5371156,3.5294087,3.4924371,3.4708035,3.4164371,3.4008682,3.378588,3.3648477,3.3090127,3.2869828,3.2516444,3.2091613,3.200722,3.1712363,3.12276,3.112906,3.1035151,3.0734305,3.044999,3.0086682,2.9848485,2.9643161,2.9521494,2.9225018,2.9035277,2.886813,2.8709555,2.8715143,2.8533375,2.8407438,2.8252075,2.797616,2.8030124,2.7998486,2.7642949,2.7716205,2.7638257,2.7429645,2.7410245,2.7394977,2.7445354,2.7289681,2.7322915,2.7232168,2.714226,2.7340648,2.7151463,2.7221568,2.7250347,2.7167747,2.711587,2.705069,2.7092223,2.7282522,2.7266319,2.718256,2.741201,2.7198126,2.705478,2.7286544,2.7118807,3.0706794,3.175488,3.1148882,3.1251225,3.124432,3.1419344,3.14046,3.1601753,3.1753056,3.165838,3.1981688,3.2156606,3.2163782,3.2296045,3.2310274,3.211872,3.2269802,3.2405531,3.2382717,3.2570798,3.2514753,3.2588751,3.2523196,3.2692993,3.2774112,3.277291,3.2775993,3.3072987,3.293201,3.293288,3.3021338,3.2936034,3.297507,3.3040853,3.3179913,3.321109,3.3396957,3.3396256,3.3102987,3.357989,3.3612454,3.33683,3.331051,3.3284636,3.348408,3.3535554,3.3556535,3.3647344,3.3696623,3.3797762,3.3860414,3.3668578,3.37347,3.360183,3.353133,3.3819647,3.364172,3.3670506,3.3638153,3.3632917,3.344889,3.3597696,3.371715,3.361969,3.3536596,3.3595502,3.3637977,3.3384662,3.3371472,3.3372064,3.351542,3.3346982,3.346438,3.336972,3.3516235,3.3267863,3.3337312,3.3434656,3.3313901,3.3319263,3.3092544,3.3027172,3.3257844,3.3278558,3.3205059,3.3035524,3.3262806,3.309579,3.3356235,3.3329897,3.3223643,3.3169298,3.308878,3.302531,3.3075902,3.3055558,3.301411,3.3201587,3.2969282,3.3046486,3.2956493,3.297954,3.2935767,3.309914,3.3172915,3.2711728,3.2730458,3.2762492,3.272787,3.2715406,3.2737668,3.2697022,3.2542481,3.2702737,3.2690637,3.2988505,3.2700095,3.2575643,3.2634435,3.272861,3.248258,3.2785127,3.2783492,3.263594,3.2612479,3.274696,3.2623737,3.2623901,3.2559893,3.2804894,3.2617717,3.2553124,3.2667973,3.285753,3.2678237,3.2432525,3.2793238,3.2647676,3.2782676,3.284095,3.2786453,3.2966218,3.2816079,3.2868927,3.3118768,3.3048177,3.3155851,3.30895,3.304297,3.3267198,3.3206294,3.3128798,3.3299031,3.3179395,3.3390887,3.3496575,3.3501973,3.356736,3.3567739,3.3624656,3.351623,3.370464,3.3671904,3.3753479,3.377094,3.3820872,3.3772728,3.3873482,3.3795524,3.3835413,3.3834724,,,,,,,,,,,,,,,,,,,,,,,,,,,,,,,,,,,,,,,,,,,,t89
FS/230.png,right,0.226005400007125,3.282229,3.2678971,3.290006,3.2783759,3.2651267,3.2701943,3.2812035,3.274076,3.2611675,3.2546318,3.2515147,3.2528183,3.2608044,3.2497816,3.2634287,3.2425694,3.2451138,3.250346,3.2266772,3.2290657,3.2180707,3.2251687,3.220359,3.221592,3.2263515,3.2133486,3.2171078,3.2199879,3.2217393,3.2205565,3.2034254,3.20648,3.2167318,3.2094088,3.1992507,3.2077591,3.2092004,3.1994681,3.1999767,3.1912131,3.2078621,3.2076201,3.2053258,3.2024815,3.2060633,3.220607,3.1928093,3.2089257,3.2183459,3.218229,3.2139447,3.2068734,3.206622,3.2129579,3.194933,3.212821,3.2029216,3.203118,3.1934254,3.216029,3.2037256,3.1954975,3.1994557,3.205811,3.1942337,3.2149508,3.2021813,3.1935349,3.1973388,3.2003717,3.1976583,3.2023065,3.2132037,3.199064,3.202558,3.1954582,3.2003863,3.1971266,3.200189,3.1961808,3.191391,3.1982808,3.200609,3.203508,3.2182882,3.196396,3.2201161,3.2130966,3.2281678,3.2226715,3.2081141,3.2085707,3.2159708,3.227777,3.2406611,3.2242806,3.2231793,3.2176397,3.2232006,3.2233083,3.2366385,3.2358782,3.2383122,3.2437212,3.2271597,3.2415135,3.2364383,3.2353477,3.2369866,3.2352986,3.2369258,3.246942,3.226022,3.2392983,3.2499788,3.2381847,3.2468812,3.2508628,3.237559,3.2365246,3.2403316,3.2521377,3.2502842,3.2579434,3.2498472,3.2400265,3.2585359,3.2513874,3.2556572,3.2711723,3.2629538,3.277993,3.2673926,3.2705882,3.2578335,3.2628214,3.2582207,3.258493,3.259432,3.243469,3.2387376,3.2176964,3.1853142,3.1384642,3.1317916,3.1066842,3.0763266,3.0600593,3.0169206,2.9936535,2.994134,2.9798977,2.9510622,2.9517114,2.9087398,2.8749948,2.853366,2.8380053,2.8222811,2.8148792,2.8013139,2.769621,2.7446737,2.7345212,2.7239873,2.7285333,2.7222114,2.7243843,2.71617,2.6984584,2.6564567,2.68894,2.6622248,2.6436293,2.6222932,3.1454728,2.9082303,2.9746294,2.9681873,2.961486,2.9933214,3.003642,3.0197585,3.0258927,3.029912,3.0285127,3.0321484,3.0421166,3.0517318,3.0623064,3.1033065,3.0990355,3.1134586,3.1153896,3.112451,3.13045,3.1266203,3.1199887,3.1297657,3.1546624,3.1418643,3.1541717,3.1812456,3.192762,3.1817608,3.2142878,3.2010539,3.2200692,3.2106311,3.2018492,3.1915157,3.1868224,3.2143998,3.2141128,3.2640202,3.323448,3.184562,3.0971172,3.1469011,3.1735272,3.175108,3.1702223,3.1907427,3.2116492,3.207333,3.2013664,3.209446,3.2380908,3.2171025,3.2295187,3.2223144,3.2395475,3.2755075,3.3008573,3.2790532,3.2762043,3.2487762,3.2593586,3.249396,3.2399304,3.2293317,3.2502284,3.2584753,3.2474494,3.2402244,3.2382793,3.2328634,3.2558722,3.2456987,3.2540195,3.2528474,3.2258763,3.2274606,3.2373958,3.2263808,3.2318358,3.2318053,3.3010886,3.2639222,3.2490985,3.2444646,3.2613006,3.2610598,3.2624114,3.247548,3.2445083,3.2542975,3.231044,3.2627575,3.2421658,3.2366595,3.2355223,3.2348099,3.2510128,3.2423027,3.2310002,3.239583,3.2339718,3.2517028,3.2510815,3.2177289,3.2426302,3.2459695,3.233732,3.2472498,3.2244403,3.2315638,3.2383862,3.233921,3.2299275,3.2475595,3.2224097,3.2334404,3.2053256,3.2420654,3.2249582,3.2247126,3.2147691,3.2273848,3.232848,3.220691,3.207039,3.2119765,3.236057,3.2032404,3.2247038,3.2084355,3.2199354,3.2283506,3.2126038,3.227874,3.202505,3.2147164,3.2104306,3.2322385,3.2270703,3.2187338,3.2289004,3.2223668,3.2206018,3.2121758,3.2180502,3.2356577,3.2336414,3.2338402,3.2253776,3.2475598,3.2231433,3.229286,3.2266862,,,,,,,,,,,,,,,,,,,,,,,,,,,,,,,,,,,,,,,,,,,,,,,,,,,,,,,,,,,,,,,,,,,,,,,,,,,,,,,,,t72
FS/230.png,left,0.2040513000101782,3.1676626,3.1685247,3.165183,3.1574466,3.1677127,3.160603,3.1764367,3.1763482,3.188796,3.1984627,3.181675,3.1754858,3.200784,3.186684,3.2033603,3.2216237,3.2240882,3.2086465,3.230786,3.217845,3.226045,3.2251484,3.217502,3.2217624,3.2185225,3.2039423,3.2118747,3.2238328,3.229355,3.2145317,3.2208176,3.224381,3.22972,3.2233784,3.2285078,3.2320073,3.2251763,3.2273314,3.238253,3.228426,3.2443655,3.2626355,3.2418835,3.2575896,3.259153,3.269123,3.2600768,3.2600284,3.2631078,3.24624,3.2595017,3.2614038,3.2577524,3.2539105,3.2573822,3.257287,3.2575073,3.2589056,3.2476447,3.2541354,3.2501698,3.2542698,3.2438822,3.2378888,3.2397165,3.2136495,3.218463,3.201931,3.1994708,3.2064323,3.196441,3.1896572,3.1932063,3.1968226,3.1885362,3.1885896,3.1846588,3.1816394,3.1725543,3.1697638,3.1646621,3.157462,3.1559467,3.1352737,3.127381,3.1202273,3.12703,3.0926104,3.0972967,3.104478,3.1115165,3.111252,3.0781868,3.0803323,3.085483,3.0848527,3.061819,3.0477786,3.065865,3.056354,3.061247,3.0347707,3.0456574,3.0630946,3.0539222,3.0530968,3.058614,3.046397,3.0348125,3.043681,3.0421126,3.0737233,3.0673847,3.0831375,3.072259,3.0700502,3.0799348,3.0822935,3.0833285,3.0794442,3.0846448,3.0745897,3.0817692,3.092065,3.0868835,3.0884757,3.0918527,3.0986118,3.0977914,3.1019619,3.1123676,3.106317,3.1018844,3.093086,3.108901,3.0920136,3.0785744,3.05033,3.0543647,3.0261488,3.0039809,3.018822,2.9873068,2.9931412,2.96389,2.9685035,2.9467363,2.9255779,2.9138715,2.8945818,2.8792667,2.897389,2.863225,2.8656723,2.8250396,2.818105,2.81792,2.817276,2.8190413,2.8102007,2.8053377,2.7873688,2.788777,2.775996,2.7743797,2.7892816,2.7653325,2.7688262,2.758807,2.7690573,2.7818887,2.793384,2.7961984,2.7961352,2.8182313,2.8156803,2.7964547,2.8032494,2.8333235,2.8275483,2.830003,2.8325768,2.8287444,2.841955,2.843344,2.8389108,2.8463142,2.8456664,2.889067,1.05993,3.0379486,3.0626683,3.084029,3.0587723,3.0731618,3.0770495,3.0852065,3.0894778,3.0839643,3.1052048,3.1057327,3.1210146,3.1335948,3.1434755,3.1490636,3.1589267,3.1348426,3.1653163,3.1796353,3.1735349,3.2045357,3.1866992,3.196938,3.181991,3.194294,3.1897664,3.203867,3.2071016,3.2083569,3.2146318,3.1979392,3.226644,3.2082884,3.2224963,3.2234855,3.2392433,3.239831,3.2498646,3.2249517,3.2504663,3.2509806,3.2555633,3.265692,3.2630851,3.2489352,3.2611463,3.260355,3.2784877,3.2814891,3.253142,3.2924583,3.2663298,3.285418,3.2731698,3.2748864,3.2822452,3.2795832,3.284878,3.2865725,3.3166254,3.2773943,3.2859757,3.2811213,3.2888167,3.307356,3.2978196,3.3044708,3.303784,3.3162005,3.2923934,3.3172982,3.3155699,3.2986767,3.2978492,3.3374271,3.3170366,3.3243868,3.3309987,3.3123481,3.3153822,3.3065073,3.317273,3.320095,3.3043332,3.3241727,3.3032453,3.3324015,3.285646,3.3032956,3.310292,3.2914383,3.324919,3.3045373,3.299673,3.3089013,3.293468,3.3022554,3.2943785,3.3052723,3.2964785,3.3058167,3.3053,3.3060637,3.302649,3.3017216,3.2797322,3.29688,3.2995973,3.292569,3.2912345,3.2997293,3.2961736,3.2953331,3.3063927,3.2961988,3.2762794,3.2705808,3.271539,3.2742553,3.2655022,3.2756722,3.270238,3.2699785,3.2744114,3.282098,3.2691712,3.2851443,3.2677088,3.2696142,3.280389,3.2710078,3.2728612,3.2661755,3.281172,3.2685952,3.261765,3.2647219,3.2594378,3.272012,3.264178,3.2749043,3.2694643,3.2716775,3.2715158,3.2674394,3.2631075,3.272135,3.2854702,3.2931736,3.2749398,3.2835047,3.2809587,3.2963862,3.2836285,3.3089252,3.31435,3.287304,3.3123646,3.3126023,3.316711,3.3188984,3.321195,3.3300796,3.3258555,3.3215084,3.33114,3.3224158,3.33209,3.3402317,3.3430855,3.3408892,3.3474174,3.3392797,3.3650742,3.3365724,3.3356352,3.3317945,,,,,,,,,,,,,,,,,,,,,,,,,,,,,,,,,,,,,,,,,,,,t82
FS/230.png,right,0.2202085999888368,3.2656322,3.2655573,3.260158,3.255737,3.2564056,3.2626524,3.251648,3.255122,3.2349477,3.2392356,3.2307847,3.234193,3.2365746,3.2378201,3.2233145,3.2344573,3.2268066,3.2449296,3.2385895,3.2330995,3.2135482,3.2322123,3.2165396,3.23422,3.2364085,3.2423463,3.224869,3.215005,3.2304971,3.2330923,3.2400482,3.2308257,3.2353048,3.2396555,3.2293556,3.2404873,3.231057,3.2318685,3.2236557,3.2357323,3.227719,3.2364619,3.2314618,3.2413266,3.2260885,3.2443593,3.2294743,3.2255564,3.234794,3.2406788,3.2373424,3.234783,3.2296412,3.2321842,3.2216291,3.2230723,3.2230945,3.2268224,3.2177727,3.2179093,3.2213745,3.2270539,3.215051,3.1978605,3.2198393,3.2085752,3.2019143,3.2022557,3.213513,3.2048316,3.208116,3.2022963,3.2154355,3.216018,3.199728,3.2182047,3.2110791,3.2105494,3.2076132,3.2117796,3.19565,3.213187,3.2241733,3.2156336,3.2237105,3.2372816,3.239457,3.2370896,3.2359345,3.2388694,3.2226088,3.23805,3.2330542,3.2295322,3.2354345,3.2370405,3.2326963,3.2362494,3.2485402,3.251989,3.2513018,3.2492495,3.2555668,3.2798676,3.2571354,3.2785916,3.2713387,3.2740035,3.29132,3.2878935,3.308902,3.3031983,3.3012142,3.294893,3.3207533,3.3078156,3.303559,3.328335,3.3249931,3.3375068,3.3261085,3.3320615,3.3584905,3.3501956,3.3490493,3.3569045,3.3506763,3.3473887,3.3550406,3.3345249,3.3603516,3.3315256,3.3561053,3.355646,3.3327835,3.3293579,3.2929235,3.2768776,3.2519083,3.239996,3.2172291,3.1938505,3.1730895,3.1443355,3.110434,3.071144,3.0424962,3.0248384,3.0214658,2.9834688,2.964056,2.951528,2.9108586,2.916073,2.8708894,2.860837,2.833145,2.819143,2.8044071,2.7961402,2.78738,2.769301,2.73598,2.7503786,2.7332134,2.7291555,2.7193522,2.7165778,2.7110853,2.7161307,2.7017736,2.6702654,2.6873317,2.669553,2.6475816,2.6812422,2.6735108,2.677377,2.67692,2.6686451,2.6896882,2.6559649,2.6787782,2.6752398,2.6693308,2.6581774,2.6692812,2.669565,2.6490674,2.7316506,2.9131083,2.986493,2.9038575,2.9367387,2.9199665,2.9370944,2.9618278,2.9603713,2.9721432,2.9811983,2.9978921,3.018909,3.0123472,3.0314195,3.036803,3.0287406,3.0425715,3.0567043,3.0612774,3.066474,3.070317,3.081735,3.0823224,3.0907292,3.1037176,3.0972168,3.1224263,3.1322742,3.140111,3.128476,3.1281815,3.1433523,3.1632628,3.1573,3.1615837,3.1622329,3.1717055,3.164932,3.179408,3.1684785,3.1789236,3.195563,3.206094,3.2146542,3.1888525,3.2057354,3.192081,3.170202,3.2055187,3.1755552,3.1660357,3.2028956,3.2159832,3.2086976,3.1948807,3.1674855,3.1906748,3.1740565,3.1742435,3.1798527,3.1712036,3.188967,3.1744776,3.2103012,3.1932,3.2031918,3.1886718,3.187059,3.1791472,3.1890533,3.1792111,3.2027,3.1902533,3.201865,3.2003546,3.2093427,3.2104914,3.1961293,3.208192,3.21237,3.202234,3.2187922,3.2146382,3.2119794,3.223046,3.2308168,3.2286017,3.2407866,3.2316892,3.2287097,3.2337596,3.227778,3.2305748,3.2336075,3.2339175,3.2339332,3.2273881,3.214913,3.2042918,3.2073498,3.2157319,3.2129045,3.2143972,3.2056572,3.19395,3.2068646,3.1748195,3.1809788,3.149898,3.1678822,3.1619215,3.155005,3.1680653,3.1607342,3.1181836,3.115185,3.1175973,3.1187665,3.119362,3.1281645,3.1198955,3.1226652,3.1265185,3.1266117,3.131671,3.1186311,3.1249168,3.1268654,3.1211483,3.1147053,3.123149,3.1348128,3.1238418,3.1262124,3.1343346,3.1327112,3.1322005,3.139163,3.1282575,3.1449137,3.1368701,3.13956,3.131384,3.154857,3.1392775,3.1474986,3.136202,3.1426046,3.1432705,3.1336243,3.13853,3.1406329,3.1544087,3.1626105,3.1586506,3.1441371,3.1676626,3.162402,3.1545596,3.157715,3.162061,3.1440787,3.1571155,3.1613634,3.1519556,3.1628737,3.157513,3.1733892,3.1553004,3.1437254,,,,,,,,,,,,,,,,,,,,,,,,,,,,,,,,,,,,,,,,,,,,,,,,,,,t86
FS/230.png,right,0.176940299978014,3.1604967,3.164936,3.1817884,3.1618395,3.1727722,3.1662345,3.1634285,3.1704733,3.1725183,3.1587026,3.1720774,3.1645422,3.167305,3.1695664,3.1868496,3.1826031,3.191636,3.184371,3.1820335,3.1864424,3.170568,3.1759477,3.1724164,3.1787534,3.1746488,3.17812,3.196029,3.1804104,3.1705759,3.1901107,3.1752183,3.1886973,3.1884866,3.1899571,3.208824,3.1932542,3.2098002,3.2013443,3.1891303,3.2050982,3.2029357,3.2065487,3.2001238,3.2179713,3.2101066,3.2147,3.2125986,3.233918,3.2115464,3.212527,3.2249494,3.2266324,3.2236547,3.2256477,3.219662,3.2276297,3.2032106,3.2316067,3.224025,3.2271721,3.2168975,3.223825,3.2199388,3.2318547,3.2278998,3.2218742,3.229899,3.2314427,3.2282438,3.2300808,3.2266626,3.2273486,3.2228904,3.2269702,3.2258902,3.2181745,3.2277358,3.2234025,3.2149763,3.2165298,3.2299116,3.2107363,3.217401,3.2202387,3.2231483,3.2281673,3.232241,3.2241552,3.222287,3.2319555,3.2382174,3.2355306,3.2369199,3.2307959,3.2261007,3.241515,3.2381673,3.2394588,3.2331762,3.2415605,3.2363145,3.239663,3.2473714,3.2412798,3.2394636,3.2472858,3.2406554,3.2565877,3.2451055,3.2645304,3.2619662,3.2729228,3.2719047,3.2958832,3.277206,3.3131773,3.323057,3.315232,3.3241773,3.3202324,3.327362,3.340332,3.3480868,3.3547,3.3483589,3.3393097,3.3285878,3.3531058,3.3449333,3.3438337,3.3491058,3.3366044,3.336755,3.3238292,3.3268032,3.2979007,3.2822657,3.2507915,3.2405849,3.2280416,3.2083132,3.1595898,3.150292,3.1153986,3.1045363,3.0711126,3.0383039,3.0294814,2.9987683,2.9975176,2.9825554,2.9710264,2.9497604,2.8804069,2.8497155,2.8541436,2.8388164,2.8426595,2.8102028,2.808098,2.8133953,2.8077753,2.7741764,2.77569,2.7381465,2.7579162,2.7328112,2.7317092,2.7165546,2.7262042,2.7140763,2.7154825,2.7043593,2.7046056,2.6938512,2.6830733,2.68482,2.6924934,2.6999986,2.6841366,2.70679,2.6948977,2.7145972,2.7167385,2.7350335,2.7254815,2.7251613,2.7362854,2.738249,2.74422,2.7440562,2.756678,2.7632363,2.77587,2.8462996,2.713876,3.0861773,3.0910337,3.0622978,3.1887171,3.163026,3.132318,3.1336226,3.1422982,3.149236,3.130566,3.157755,3.1643133,3.1608737,3.1710253,3.1703668,3.1661348,3.1689615,3.178799,3.1750157,3.1742208,3.192024,3.1891844,3.2067263,3.2109983,3.2168214,3.2177908,3.2223694,3.1945703,3.2283185,3.2220826,3.2420297,3.2390678,3.2446337,3.2342846,3.2249584,3.250779,3.2372515,3.2223535,3.2591372,3.242972,3.2516108,3.2504394,3.2622714,3.2483854,3.2444854,3.255927,3.2514608,3.246713,3.2564924,3.2386293,3.2350936,3.238674,3.2413065,3.2315786,3.2119086,3.2134178,3.2153888,3.2140021,3.2050986,3.214801,3.2117424,3.2012208,3.203296,3.2038767,3.2071295,3.1810446,3.1998868,3.1861439,3.135669,3.1436555,3.1483507,3.1536849,3.1249473,3.1315944,3.1382284,3.1192348,3.1137507,3.1212778,3.1180642,3.115737,3.1181767,3.1125193,3.1005516,3.087879,3.1015048,3.0822687,3.094657,3.084202,3.0863461,3.0969808,3.0914817,3.0924304,3.0955396,3.114051,3.1106417,3.1095352,3.1054919,3.1061928,3.1093931,3.1055257,3.0973177,3.1001499,3.1011302,3.0970945,3.0968332,3.0848215,3.1053782,3.0986717,3.0891623,3.0969462,3.0872436,3.0877647,3.078043,3.1006365,3.0885985,3.098931,3.0747633,3.0875938,3.0857239,3.0905755,3.0708385,3.100674,3.088814,3.08566,3.08237,3.077658,3.0859253,3.0844781,3.0873594,3.081882,3.0925338,3.102928,3.0727198,3.081676,3.0655904,3.0853882,3.0894785,3.0846868,3.0758739,3.0850852,3.0786076,3.0917442,3.109876,3.0977244,3.1075857,3.1176927,3.106752,3.102719,3.1236205,3.1012573,3.1138623,3.108297,3.1093032,3.114258,3.1228848,3.111862,3.105344,3.1129532,3.1168847,3.1115365,,,,,,,,,,,,,,,,,,,,,,,,,,,,,,,,,,,,,,,,,,,,,,,,,,,,,,,t107
FS/580.png,right,0.205689699971117,3.269506,3.2890687,3.2919106,3.2838056,3.2921119,3.278522,3.2711895,3.2971652,3.2911723,3.3151057,3.3009112,3.298617,3.294492,3.3072019,3.3025925,3.3099036,3.2825458,3.2945707,3.314395,3.3271182,3.313594,3.3318896,3.331146,3.333199,3.3284009,3.3214111,3.3450122,3.3428626,3.325704,3.3387992,3.339721,3.339208,3.326623,3.3410494,3.3355403,3.3189113,3.3404813,3.342882,3.3300216,3.3270404,3.3398898,3.3329647,3.3469362,3.3227293,3.3144996,3.323982,3.3290317,3.3215914,3.3213015,3.3210027,3.323938,3.3204029,3.307527,3.3271723,3.3143916,3.2796915,3.304889,3.309001,3.312561,3.2724385,3.2649972,3.255832,3.2530735,3.2432272,3.2451859,3.2501588,3.2364955,3.2496312,3.2423904,3.2318478,3.2399647,3.2424514,3.2259908,3.2192652,3.2089837,3.209182,3.1978388,3.1833134,3.196074,3.1773832,3.1622052,3.1642225,3.1434522,3.1473584,3.1551096,3.146349,3.1577163,3.1535447,3.144587,3.1370487,3.142407,3.1531668,3.1414318,3.1492536,3.135596,3.1441772,3.1330116,3.1240947,3.1435308,3.1339083,3.1468227,3.1478431,3.146873,3.154411,3.1511788,3.143233,3.1511447,3.152607,3.1430867,3.1550107,3.1391265,3.1677985,3.168348,3.158571,3.1580253,3.1720393,3.1781917,3.1779563,3.1765916,3.169182,3.1905904,3.1837442,3.1859334,3.1954634,3.1839178,3.1867442,3.1904578,3.1837313,3.1939435,3.1870646,3.2022889,3.1937919,3.1951122,3.1937134,3.179671,3.1931076,3.2038598,3.198897,3.1748173,3.1718857,3.1681626,3.104598,3.1075382,3.0823305,3.0618222,3.0272756,3.0307944,3.0255845,2.9975917,2.9855604,2.9679399,2.9225507,2.9077396,2.9065816,2.895707,2.8489459,2.8398561,2.835072,2.8284333,2.8080957,2.8172822,2.8066134,2.8000066,2.7653296,2.7476647,2.7473946,2.731747,2.7527235,2.7295096,2.7325292,2.730127,2.72283,2.7313793,2.73124,2.7337496,2.7187824,2.7296944,2.7482393,2.7296915,2.726589,2.7575727,2.713898,2.7256823,2.710545,2.7441988,2.741099,2.7109904,2.7383397,3.0589993,2.9917703,3.0284994,3.0053475,3.0262213,3.0293055,3.0218978,3.0428445,3.0512724,3.0731707,3.0752015,3.072626,3.0899544,3.076787,3.1226625,3.1201658,3.1302514,3.1418118,3.1431258,3.1440985,3.1423476,3.1470304,3.1389098,3.1471436,3.1594372,3.1681693,3.161003,3.1781697,3.1761804,3.1740606,3.1631,3.1763744,3.1737998,3.1925578,3.1856384,3.2015312,3.2069001,3.2206542,3.2054505,3.2183812,3.2313159,3.2167141,3.2257493,3.2142334,3.221244,3.2026324,3.2061546,3.2338984,3.2217534,3.2210486,3.2182462,3.2085674,3.201994,3.2099423,3.202778,3.1967874,3.1977346,3.202317,3.1970575,3.2001398,3.2073653,3.1972883,3.1919854,3.1821635,3.205538,3.2022545,3.198444,3.1913567,3.1823788,3.1761618,3.1848328,3.1795404,3.1825883,3.1818912,3.1838796,3.1856015,3.1868954,3.1930146,3.1782591,3.1939178,3.1978514,3.180235,3.1791027,3.1820912,3.1887238,3.1597548,3.1662068,3.1740313,3.1935074,3.1933985,3.1607027,3.1646733,3.1667247,3.1583872,3.1575072,3.1576645,3.1523805,3.1449277,3.148291,3.1410334,3.1563108,3.1470435,3.1399736,3.157831,3.1494575,3.1581929,3.1468947,3.1403959,3.1485667,3.1311882,3.15009,3.13936,3.1420543,3.135551,3.1249137,3.1328537,3.1217399,3.1326509,3.1276479,3.1236038,3.1062188,3.11473,3.1089306,3.1128569,3.1152043,3.1290154,3.1110642,3.115686,3.112003,3.1046824,3.1110845,3.1113982,3.1054566,3.1105812,3.116914,3.1061492,3.1113331,3.1021218,3.104478,3.0884573,3.1307235,3.1021662,3.105921,3.0970438,3.1028712,3.1122785,3.1023078,3.1014144,3.1026535,3.1172729,3.1207325,3.1122308,3.1156604,3.120873,3.1173372,3.1334803,3.1229544,3.1221335,3.125625,3.1117353,3.1189427,3.1190498,3.1238277,3.1226082,3.119965,3.1232936,3.1489422,3.1284258,3.1352024,3.1273072,3.127875,3.1488652,3.146779,3.1525488,3.1466355,3.1473188,3.155367,3.1634197,3.1462743,3.1563332,3.1558373,3.1580343,3.14991,,,,,,,,,,,,,,,,,,,,,,,,,,,,,,,,,,,,,,,,t81
FS/580.png,right,0.1889516000519506,3.5732284,3.5951362,3.573072,3.5795164,3.577992,3.5852478,3.5883436,3.5883746,3.5778768,3.588444,3.5887213,3.591968,3.5807526,3.5801673,3.5831943,3.5760818,3.5732384,3.5684876,3.5667949,3.5707655,3.5707612,3.555877,3.5680127,3.5641916,3.5406222,3.5488815,3.5571322,3.5501294,3.5342875,3.5423856,3.5419686,3.5394504,3.536059,3.525786,3.5230768,3.5305626,3.5378308,3.5185957,3.5166266,3.5264764,3.5176637,3.5171988,3.5164034,3.5010781,3.4884305,3.508115,3.506916,3.5215912,3.4888935,3.5040374,3.4814548,3.4899285,3.4865987,3.4833724,3.5009573,3.4775832,3.4739585,3.4733725,3.4781911,3.44534,3.4596117,3.4480534,3.4298677,3.4217596,3.4276054,3.4242766,3.4004104,3.4046433,3.392406,3.3817773,3.3944194,3.3771014,3.3954055,3.3764536,3.3735306,3.367283,3.366195,3.3689144,3.3835654,3.3797677,3.3561049,3.367801,3.3533218,3.3550858,3.3370047,3.358894,3.3548884,3.343754,3.3637464,3.3343368,3.3431466,3.3566914,3.35188,3.3645253,3.3595219,3.3716335,3.3603327,3.3627024,3.3585157,3.3715801,3.3485992,3.36926,3.3827364,3.3791852,3.3641992,3.3744915,3.3750842,3.3775766,3.378207,3.3805487,3.389311,3.38289,3.384253,3.3786044,3.3824263,3.4037251,3.4045193,3.4257042,3.4287524,3.4226117,3.419734,3.423167,3.4258745,3.4349556,3.435826,3.4387395,3.445912,3.4416192,3.4609542,3.455897,3.4575574,3.4575381,3.4614,3.4667456,3.4662306,3.4662201,3.4735818,3.4630446,3.4616,3.4735963,3.447852,3.4222803,3.3902369,3.3805695,3.3409503,3.3417234,3.2991564,3.3031592,3.2641733,3.244861,3.2207725,3.1797721,3.157518,3.13775,3.121108,3.1035607,3.085187,3.0715406,3.0552182,3.0400107,3.0249722,3.0206726,3.0009413,2.9620776,2.9747248,2.9615345,2.9453082,2.939589,2.9544673,2.9182777,2.9126062,2.911409,2.8857183,2.890888,2.9045851,2.8919735,2.8849764,2.8762624,2.8980832,2.866854,2.866324,2.8756416,2.8374052,2.8526576,2.850589,2.8559756,2.8506925,2.9273975,3.1437528,3.1330519,3.1029148,3.167807,3.1407888,3.1454718,3.1298032,3.129057,3.1434665,3.1586063,3.159415,3.1700957,3.1715257,3.1793814,3.1958115,3.1907601,3.2035432,3.218574,3.217454,3.2273507,3.2447956,3.2591786,3.2603083,3.2570086,3.2694314,3.2713017,3.2731204,3.2702677,3.2804136,3.286755,3.2916703,3.313809,3.2927778,3.2970772,3.2890718,3.3003192,3.303598,3.2903113,3.3091388,3.2915387,3.3266284,3.3041108,3.319306,3.3048162,3.3171623,3.3284273,3.318632,3.3190236,3.3129833,3.3215678,3.3249037,3.3240063,3.3205273,3.2990475,3.3098233,3.3153992,3.3068402,3.3083878,3.3007402,3.303229,3.30097,3.3088517,3.3070073,3.3044097,3.2778578,3.272897,3.2761557,3.254527,3.2818124,3.2612607,3.2530458,3.2532895,3.2703474,3.263803,3.2635536,3.2502096,3.2653248,3.25077,3.2545178,3.2562697,3.2511892,3.2454193,3.255725,3.2570658,3.259413,3.261159,3.2824593,3.2569296,3.2669282,3.2488782,3.248505,3.2469532,3.2478216,3.2435153,3.2367158,3.2463768,3.241458,3.250465,3.2584825,3.2147305,3.239229,3.250597,3.2320871,3.2486756,3.2401507,3.2308564,3.2345755,3.2434309,3.2229424,3.2404218,3.2444222,3.2226076,3.2274747,3.2328844,3.2298012,3.2381682,3.2391186,3.2472556,3.217194,3.2360363,3.2321765,3.2397506,3.248252,3.2173228,3.2296407,3.2261202,3.2451766,3.2333114,3.2508113,3.2521768,3.2452395,3.2384286,3.253473,3.2493117,3.2365983,3.2559643,3.2506814,3.256191,3.252456,3.2572706,3.2616193,3.258727,3.2628076,3.261393,3.263262,3.2615442,3.2581642,3.2608883,3.2693114,3.2630987,3.2763364,3.2618158,3.2564487,3.2710373,3.2597015,3.2572753,3.2762017,3.2740915,3.271082,3.2667398,3.267949,3.2744873,3.273421,3.2711973,3.2699635,3.26808,3.2664602,3.2637725,3.2591145,3.2596972,3.2608137,3.2600734,3.262433,3.259479,3.263741,3.2585428,3.2587233,,,,,,,,,,,,,,,,,,,,,,,,,,,,,,,,,,,,,,,,,,,,,,t104
