image_name,response_key,response_time,t1,t2,t3,t4,t5,t6,t7,t8,t9,t10,t11,t12,t13,t14,t15,t16,t17,t18,t19,t20,t21,t22,t23,t24,t25,t26,t27,t28,t29,t30,t31,t32,t33,t34,t35,t36,t37,t38,t39,t40,t41,t42,t43,t44,t45,t46,t47,t48,t49,t50,t51,t52,t53,t54,t55,t56,t57,t58,t59,t60,t61,t62,t63,t64,t65,t66,t67,t68,t69,t70,t71,t72,t73,t74,t75,t76,t77,t78,t79,t80,t81,t82,t83,t84,t85,t86,t87,t88,t89,t90,t91,t92,t93,t94,t95,t96,t97,t98,t99,t100,t101,t102,t103,t104,t105,t106,t107,t108,t109,t110,t111,t112,t113,t114,t115,t116,t117,t118,t119,t120,t121,t122,t123,t124,t125,t126,t127,t128,t129,t130,t131,t132,t133,t134,t135,t136,t137,t138,t139,t140,t141,t142,t143,t144,t145,t146,t147,t148,t149,t150,t151,t152,t153,t154,t155,t156,t157,t158,t159,t160,t161,t162,t163,t164,t165,t166,t167,t168,t169,t170,t171,t172,t173,t174,t175,t176,t177,t178,t179,t180,t181,t182,t183,t184,t185,t186,t187,t188,t189,t190,t191,t192,t193,t194,t195,t196,t197,t198,t199,t200,t201,t202,t203,t204,t205,t206,t207,t208,t209,t210,t211,t212,t213,t214,t215,t216,t217,t218,t219,t220,t221,t222,t223,t224,t225,t226,t227,t228,t229,t230,t231,t232,t233,t234,t235,t236,t237,t238,t239,t240,t241,t242,t243,t244,t245,t246,t247,t248,t249,t250,t251,t252,t253,t254,t255,t256,t257,t258,t259,t260,t261,t262,t263,t264,t265,t266,t267,t268,t269,t270,t271,t272,t273,t274,t275,t276,t277,t278,t279,t280,t281,t282,t283,t284,t285,t286,t287,t288,t289,t290,t291,t292,t293,t294,t295,t296,t297,t298,t299,t300,t301,t302,t303,t304,t305,t306,t307,t308,t309,t310,t311,t312,t313,t314,t315,t316,t317,t318,t319,t320,t321,t322,t323,t324,t325,t326,t327,t328,t329,t330,t331,t332,t333,t334,t335,t336,t337,t338,t339,t340,t341,t342,t343,t344,t345,t346,t347,t348,t349,t350,t351,t352,t353,t354,t355,t356,t357,t358,t359,t360,t361,t362,t363,t364,t365,t366,t367,t368,t369,t370,t371,t372,t373,t374,t375,t376,t377,t378,t379,t380,t381,t382,t383,t384,t385,t386,t387,t388,t389,t390,t391,t392,t393,t394,t395,t396,t397,t398,t399,t400,t401,t402,t403,t404,t405,t406,t407,t408,t409,t410,t411,t412,t413,t414,t415,t416,t417,t418,t419,t420,t421,t422,t423,t424,t425,t426,t427,t428,t429,t430,t431,t432,t433,t434,t435,t436,t437,t438,t439,t440,t441,t442,t443,t444,t445,t446,t447,t448,t449,t450,t451,t452,t453,t454,t455,t456,t457,t458,t459,t460,t461,t462,t463,t464,t465,t466,t467,t468,t469,t470,t471,t472,t473,t474,t475,t476,t477,t478,t479,t480,t481,t482,t483,t484,t485,t486,t487,t488,t489,t490,t491,t492
FS/311.png,right,0.1724274000152945,5.1412787,5.127779,5.106014,5.1419044,5.133065,5.1238647,5.1452365,5.126263,5.128098,5.139855,5.133404,5.122468,5.122573,5.1318274,5.120875,5.1293397,5.136194,5.131264,5.125554,5.1242795,5.137749,5.1351714,5.11296,5.1190057,5.129005,5.1444435,5.1263747,5.1245785,5.1403823,5.142808,5.1377687,5.135869,5.132731,5.148372,5.126259,5.1431527,5.109459,5.1545987,5.1422157,5.128355,5.1712956,5.1475616,5.1439347,5.13141,5.149816,5.1623135,5.159415,5.1691756,5.1640983,5.14076,5.153568,5.151128,5.1634765,5.1687202,5.166937,5.1666903,5.178693,5.185123,5.184606,5.157518,5.153486,5.135043,5.1489835,5.1240077,5.1116652,5.091634,5.0865393,5.0531425,5.0438743,5.045973,5.0190563,5.0353723,4.9986916,5.0094733,4.979169,4.9806495,4.9751725,4.974079,4.956847,4.9645944,4.9604807,4.960922,4.9529943,4.9430046,4.949662,4.9458246,4.942587,4.953862,4.939997,4.933603,4.9279857,4.939185,4.942814,4.945466,4.949812,4.9446,4.9455624,4.9571586,4.9658084,4.9454513,4.9444985,4.9576964,4.97816,4.973596,4.9750896,4.9775324,4.9784985,4.993824,5.0153637,5.0055428,4.9907165,5.000486,5.023651,5.0090923,5.0124984,5.031267,5.0491295,5.0668397,5.0638165,5.054526,5.080309,5.089602,5.084857,5.1006203,5.112265,5.087079,5.1035914,5.140323,5.123136,5.118731,5.134105,5.150207,5.147038,5.1426883,5.147337,5.141572,5.1224084,5.095737,5.104287,5.0414557,5.0094943,4.9963527,4.9818225,4.920706,4.9008527,4.8233967,4.7623563,4.7515326,4.72035,4.686465,4.62988,4.5691104,4.539646,4.5012093,4.473667,4.438628,4.3968735,4.368542,4.332437,4.3184,4.2965827,4.262464,4.230615,4.2359753,4.1904507,4.1667633,4.1258855,4.1444764,4.101137,4.1158834,4.100355,4.05735,4.0600085,4.029088,4.047087,4.040963,3.9838865,4.0078826,3.987082,4.0092845,3.9871256,4.0068874,3.9766774,3.9874198,3.993626,3.9860678,4.0027695,3.9920022,4.0035725,4.0032425,4.021724,4.0091786,4.0085483,4.0308003,4.0261393,4.045773,4.0359244,4.0189614,4.067752,4.057867,4.091924,4.0659137,4.1144295,4.132267,4.1412597,4.1713414,4.177319,4.1763334,4.214343,4.218905,4.231432,4.2621655,4.2544246,4.29293,4.306055,4.3068876,4.331395,4.3589725,4.3901095,4.371934,4.3812523,4.39135,4.412489,4.419389,4.4294486,4.478233,4.504212,4.5139656,4.4935584,4.550962,4.5458794,4.5588636,4.5845017,4.5863485,4.6019864,4.6052046,4.620933,4.645566,4.662179,4.6892676,4.6870174,4.7278247,4.710769,4.740499,4.7562075,4.7557774,4.771399,4.7562976,4.7731667,4.7892933,4.798375,4.810127,4.8203297,4.857193,4.8708525,4.8806944,4.896793,4.897522,4.9174795,4.8986645,4.9264436,4.9337783,4.9586873,4.9508295,4.961992,4.9578967,4.974763,4.9774327,4.972315,4.9749627,4.9938273,4.9932694,5.0139728,4.9935575,5.0027742,4.98834,5.0358863,5.04301,5.033827,5.0494394,5.02692,5.0559664,5.0664487,5.061814,5.071451,5.078395,5.072944,5.0894217,5.105493,5.0940776,5.1283565,5.1206965,5.1188116,5.123062,5.1476316,5.11238,5.158781,5.137292,5.1467514,5.153265,5.1535573,5.1458664,5.163566,5.1616726,5.161022,5.1606073,5.1761894,5.166815,5.1772294,5.192095,5.183685,5.175022,5.195826,5.1785946,5.1855016,5.20676,5.1939287,5.189997,5.194962,5.19618,5.2059712,5.1868496,5.1936245,5.206102,5.2025933,5.227608,5.2123938,5.197197,5.2105265,5.2057605,5.2243557,5.206365,5.213899,5.2229853,5.2165947,5.2118006,5.2226305,5.195334,5.216053,5.201176,5.2055383,5.2103844,5.206823,5.2111793,5.20971,5.208383,5.2035017,5.2119923,5.217607,5.2128716,5.220884,5.217988,5.1993933,5.2185225,5.2011065,5.214194,5.2169642,5.2203555,5.22604,5.2255764,5.2148757,5.226818,5.2337604,5.227714,5.2306275,5.242604,5.236363,5.229801,5.23883,5.2359757,5.228786,5.2494445,5.222953,5.2395697,5.2422905,5.24505,5.2454205,5.2381516,5.2412086,5.2492723,5.254621,5.231067,5.258818,5.247978,5.2428927,5.2532096,5.2409925,5.2571383,5.2568016,5.2589087,5.2708335,5.249085,5.245122,5.253725,5.2432055,5.2795615,5.258005,5.26462,5.269682,5.2441416,5.284237,5.245368,5.244433,5.269065,,,,,,,,,,,,,,,,,,,,,,,,,,,,,,,,,,,,,,,,,,,,,,,,,,,,,,,,,,,,,,,,,,,,,,,,,,,,,,,,,,,,,,,,t2
FS/271.png,right,0.2516814000118756,5.237068,5.2814674,5.257497,5.259863,5.234422,5.238365,5.268153,5.267001,5.254544,5.2507,5.2528286,5.245652,5.2743077,5.260778,5.239293,5.261456,5.2471995,5.2330966,5.2434506,5.257417,5.249989,5.2385445,5.2404013,5.2537956,5.2611923,5.2639613,5.2503996,5.266793,5.2475567,5.2504263,5.2540817,5.2510443,5.2361054,5.231178,5.2364564,5.2738295,5.2518644,5.2620177,5.2702746,5.2561445,5.2405353,5.251317,5.266388,5.2750874,5.26981,5.2591915,5.2741294,5.272999,5.2722054,5.255752,5.2798414,5.269726,5.280455,5.2785926,5.283391,5.265705,5.2909765,5.2707987,5.236883,5.267011,5.275794,5.262973,5.2617526,5.230317,5.2520275,5.251395,5.2341895,5.2310705,5.2442846,5.230534,5.2319484,5.2282863,5.2251916,5.216218,5.2254343,5.214474,5.211406,5.212066,5.220486,5.23015,5.2307267,5.2384157,5.2196274,5.211474,5.2129035,5.2288423,5.2179003,5.203867,5.2254977,5.229658,5.2351055,5.233389,5.2260017,5.2192483,5.245138,5.2418103,5.2562532,5.253419,5.239663,5.236518,5.236108,5.2465863,5.246185,5.2275357,5.2659473,5.2475023,5.2647314,5.2678657,5.277584,5.2683997,5.2637177,5.2496414,5.280285,5.2777257,5.257741,5.2672677,5.275337,5.2807407,5.28397,5.2762246,5.288314,5.2877846,5.283369,5.3137264,5.2903867,5.296813,5.311548,5.3214397,5.3194485,5.3007174,5.323611,5.3208675,5.3149085,5.307936,5.2825403,5.272331,5.253992,5.2252374,5.231402,5.2008967,5.1523466,5.078357,5.0740147,5.022933,4.969491,4.931638,4.902404,4.863554,4.8304834,4.7933173,4.7448435,4.6845617,4.664984,4.630368,4.5723023,4.535825,4.4962463,4.466556,4.465253,4.4493446,4.383818,4.362923,4.347577,4.3619294,4.3374205,4.2956057,4.2373877,4.225297,4.216259,4.190446,4.1689024,4.175726,4.174659,4.142109,4.1404786,4.149879,4.1440187,4.11849,4.124756,4.138698,4.1436834,4.1284475,4.116504,4.128571,4.1000733,4.113449,4.1176877,4.1127467,4.1120896,4.124059,4.1391606,4.1406965,4.1393404,4.1345987,4.1359963,4.149346,4.1475873,4.202994,4.1866035,4.199169,4.2256794,4.2433114,4.290291,4.271245,4.2629824,4.2993045,4.2930636,4.3043427,4.2999516,4.3294888,4.332566,4.3543286,4.4006586,4.4211617,4.4251404,4.4329963,4.4673314,4.4665213,4.500515,4.5264196,4.541651,4.5277653,4.544705,4.57455,4.580653,4.5661674,4.6375465,4.64526,4.6648765,4.666587,4.7025604,4.7169657,4.7298675,4.7501407,4.7522726,4.7628384,4.7569723,4.775717,4.7664967,4.8154035,4.8013043,4.840985,4.8321385,4.8581924,4.8479943,4.873654,4.8699393,4.9038186,4.905692,4.9342537,4.932753,4.935067,4.9406667,4.974738,4.968777,4.971942,4.979427,4.9842257,5.0054708,5.037758,5.0209293,5.0559983,5.0285826,5.0621896,5.0319614,5.0765004,5.0971146,5.0704784,5.114455,5.1338205,5.1152077,5.1193733,5.1254034,5.1347294,5.11913,5.1333203,5.1296296,5.1381063,5.133563,5.152943,5.161038,5.1582055,5.1567793,5.1620555,5.1683784,5.181969,5.185931,5.165631,5.2013693,5.191983,5.1825094,5.201237,5.1925907,5.1886826,5.198124,5.208188,5.17249,5.2172747,5.212474,5.205252,5.2265477,5.222278,5.2195644,5.248275,5.236926,5.2458787,5.2437596,5.2424135,5.2179585,5.216326,5.2448387,5.2344375,5.2208214,5.234936,5.242909,5.239218,5.2330575,5.200591,5.2186418,5.22636,5.2377067,5.218292,5.214159,5.2388954,5.222211,5.2382145,5.2211766,5.239375,5.2317853,5.200429,5.2184763,5.219297,5.2263756,5.243756,5.1978188,5.204172,5.2385416,5.2291408,5.2168975,5.2339826,5.245338,5.230667,5.222624,5.2170534,5.2217455,5.2213616,5.222031,5.2199173,5.230963,5.233726,5.2064447,5.2163806,5.236237,5.2106957,5.224491,5.2369537,5.2560964,5.2509713,5.218232,5.2305846,5.2314124,5.243436,5.23462,5.2349367,5.248389,5.250251,5.252236,5.2506733,5.244197,5.264134,5.2616286,5.227565,5.2495337,5.2750483,5.257042,5.264748,5.258372,5.249587,5.245767,5.26576,5.2571445,5.2680564,5.2616878,5.2543774,5.2629404,5.271045,5.270117,5.267995,5.272855,5.26555,5.264374,5.2757244,5.280841,5.245582,5.2757645,5.265418,5.27864,5.2688417,5.262122,5.2705364,5.275434,5.264691,5.2836423,5.2667327,5.2639174,5.28653,5.294825,5.2865367,5.263693,5.256423,,,,,,,,,,,,,,,,,,,,,,,,,,,,,,,,,,,,,,,,,,,,,,,,,,,,,,,,,,,,,,,,,,,,,,,,,,,,,,,,,,t3
FS/271.png,right,0.2512240000069141,5.445963,5.4882193,5.4642606,5.4658012,5.4724264,5.489204,5.4588284,5.44851,5.472475,5.4840918,5.47508,5.484751,5.4796247,5.460667,5.4633017,5.4616437,5.474078,5.4696994,5.4691877,5.44419,5.5053215,5.4954176,5.468463,5.493026,5.457372,5.4517803,5.4452963,5.4685645,5.446014,5.4568768,5.433109,5.463064,5.45729,5.437461,5.446036,5.461401,5.435928,5.436849,5.4481335,5.4498153,5.4842134,5.439628,5.431525,5.44904,5.4651895,5.4389997,5.4754796,5.445427,5.462476,5.4470153,5.4297867,5.4503646,5.448287,5.4430485,5.4766455,5.4579396,5.452384,5.4617114,5.4753957,5.4507456,5.4573784,5.4598026,5.461708,5.4483995,5.4434695,5.4542584,5.434665,5.440135,5.4333267,5.4384913,5.4454155,5.436225,5.4378953,5.4400063,5.4391823,5.4275966,5.436449,5.445379,5.4095874,5.4191003,5.415848,5.4256544,5.4177237,5.440179,5.4334626,5.436502,5.4196305,5.418813,5.4243965,5.4287143,5.438031,5.4520564,5.431967,5.444894,5.449691,5.4545517,5.438351,5.452327,5.4506235,5.4512167,5.439413,5.4462957,5.454052,5.444624,5.4607267,5.45069,5.444626,5.4598856,5.450932,5.464758,5.4613357,5.457706,5.4666495,5.46766,5.4727774,5.465182,5.467133,5.4725494,5.46148,5.464073,5.471159,5.4686046,5.4883804,5.4682074,5.4647927,5.472995,5.471946,5.475716,5.48065,5.467807,5.4928937,5.466175,5.4811726,5.4715776,5.46958,5.459403,5.4604344,5.4410396,5.4160705,5.402513,5.374711,5.3205023,5.249598,5.2334094,5.207562,5.143324,5.100831,5.071613,5.0458355,4.9653983,4.9308887,4.893287,4.8456225,4.796066,4.7622976,4.6942787,4.6917925,4.6200876,4.5720797,4.570515,4.5261593,4.5296755,4.4803753,4.452009,4.3708444,4.363657,4.345926,4.3168807,4.3066545,4.2630634,4.239169,4.211136,4.165116,4.1950326,4.158276,4.177924,4.134893,4.1175694,4.1034074,4.103714,4.110556,4.0950174,4.082063,4.081385,4.053685,4.06608,4.097252,4.067461,4.0689945,4.0469446,4.061877,4.0733275,4.062941,4.0655727,4.0622253,4.063825,4.080908,4.0833826,4.082055,4.0793033,4.12149,4.1241074,4.091715,4.136297,4.1414638,4.160574,4.152794,4.1881366,4.178659,4.1811934,4.218473,4.2248616,4.2444806,4.2697544,4.2724934,4.278824,4.292537,4.3046365,4.3362703,4.3496895,4.355123,4.3808303,4.376016,4.4392505,4.441153,4.451847,4.4573913,4.4660783,4.508874,4.541676,4.542727,4.5660863,4.575209,4.574176,4.6294413,4.648993,4.659472,4.663851,4.6833186,4.666223,4.710168,4.7462425,4.7036643,4.7580404,4.7615523,4.762341,4.799317,4.8140154,4.8359013,4.861304,4.8581014,4.8822007,4.8589735,4.899843,4.8986363,4.9159193,4.932641,4.9634495,4.923601,4.972113,4.997321,5.0090623,5.004337,5.024877,5.0173326,5.0310206,5.0565996,5.066537,5.064619,5.076072,5.0892987,5.085606,5.0886683,5.0862417,5.1105046,5.1101136,5.0994167,5.1217804,5.106581,5.1173406,5.136205,5.168522,5.1544695,5.15308,5.1642323,5.1777124,5.181979,5.1820817,5.2020006,5.1789503,5.2014103,5.184233,5.2241025,5.219642,5.2122836,5.2336955,5.2561774,5.249078,5.25633,5.2388883,5.2448573,5.2531037,5.244897,5.251899,5.235013,5.2488184,5.2556,5.2598658,5.247417,5.2452383,5.240556,5.262377,5.266498,5.252037,5.255497,5.2900925,5.2792764,5.290418,5.2700953,5.257864,5.253091,5.2742124,5.2653584,5.2670836,5.264387,5.25837,5.26573,5.2475624,5.2637215,5.2703276,5.2747216,5.265089,5.2614665,5.265926,5.255151,5.264319,5.2561173,5.2556124,5.277336,5.262126,5.272572,5.2533665,5.25847,5.2574363,5.2557755,5.262297,5.256919,5.2653975,5.2512155,5.2500877,5.236871,5.2600536,5.26065,5.259631,5.265043,5.2331357,5.2498856,5.246229,5.249017,5.2400765,5.2623305,5.253494,5.266456,5.266324,5.256249,5.2512274,5.266483,5.2597775,5.242673,5.2672763,5.267232,5.245457,5.2504926,5.2520375,5.2639194,5.2751007,5.2743917,5.2920427,5.286196,5.2866735,5.271469,5.300199,5.2909026,5.292833,5.272246,5.2724953,5.276623,5.2831483,5.2878156,5.266606,5.295706,5.3204427,5.3080974,5.2978234,5.294767,5.3247538,5.312869,5.3085217,5.317935,5.299146,5.3044815,5.3180594,5.308699,5.3030825,5.310633,5.3103323,5.2912407,5.3132663,5.337664,5.304242,,,,,,,,,,,,,,,,,,,,,,,,,,,,,,,,,,,,,,,,,,,,,,,,,,,,,,,,,,,,,,,,,,,,,,,,,,,,,,,,,,t43
FS/151.png,right,0.2223182000016095,5.0632067,5.077929,5.073422,5.0848765,5.0823493,5.0717564,5.0717473,5.06845,5.0899615,5.0865135,5.0923443,5.0781946,5.078305,5.0919046,5.0947185,5.100587,5.078857,5.093925,5.1078014,5.0913954,5.072904,5.1081634,5.103755,5.093847,5.122152,5.101356,5.1228194,5.1019707,5.119204,5.129015,5.0917845,5.1134315,5.0975814,5.109713,5.120291,5.1060224,5.1187944,5.118166,5.1383,5.1326575,5.1349597,5.1112075,5.1326585,5.118622,5.1373744,5.10062,5.1136355,5.1104603,5.1094537,5.128206,5.0891066,5.1278014,5.1019297,5.0973,5.108428,5.0932264,5.0747643,5.0720997,5.077504,5.0670376,5.0549917,5.0487156,5.026429,5.007474,4.9997954,4.9819913,4.9515023,4.919713,4.9358053,4.896152,4.8976808,4.903451,4.867359,4.8837023,4.831614,4.8375416,4.820952,4.8166785,4.8040094,4.8088946,4.80805,4.8040385,4.820241,4.8084526,4.7927275,4.8003254,4.806493,4.8009214,4.801398,4.7959814,4.813245,4.7788463,4.795723,4.8057733,4.8228073,4.8007135,4.8129263,4.8130336,4.8057,4.8254805,4.808853,4.840753,4.835978,4.8759007,4.8539147,4.8605795,4.9152923,4.870438,4.9012876,4.9040494,4.906679,4.9209843,4.923675,4.9357133,4.9354777,4.944633,4.9484878,4.935051,4.949234,4.9502587,4.9573226,4.9682918,4.970883,5.00091,4.999683,5.028803,5.030613,5.0230346,5.0094275,5.0269012,5.073425,5.075587,5.0514464,5.087307,5.0632663,5.057497,5.0572195,5.070471,5.056401,5.0281157,5.029655,4.975461,4.9522467,4.9273453,4.9315295,4.8884115,4.83839,4.795325,4.7668767,4.7186065,4.669162,4.627848,4.564608,4.5633526,4.5446296,4.5031962,4.47939,4.383976,4.3642163,4.330394,4.331118,4.323452,4.3113027,4.2563252,4.269417,4.227897,4.203813,4.1893697,4.1627717,4.1649475,4.1659703,4.158114,4.1210585,4.104379,4.096675,4.0790057,4.08761,4.0905447,4.0732923,4.0679984,4.0442324,4.06555,4.055875,4.0539713,4.0271053,4.0445237,4.0537853,4.047976,4.0635786,4.0714607,4.0386777,4.0847635,4.0663967,4.062818,4.09266,4.0907607,4.118686,4.1285157,4.1052504,4.134571,4.13377,4.152821,4.1431546,4.1874733,4.2251344,4.2212267,4.245243,4.244046,4.2594275,4.2520385,4.2976785,4.3034363,4.314491,4.3303647,4.335597,4.357462,4.364566,4.3809357,4.416073,4.450282,4.466359,4.4689994,4.4892154,4.5316663,4.5495067,4.525025,4.552791,4.567306,4.567891,4.583669,4.592955,4.613694,4.621909,4.6603785,4.7084823,4.7242017,4.724415,4.7277718,4.7438164,4.7497706,4.7582426,4.7903748,4.7978396,4.807649,4.798922,4.7877965,4.844472,4.852306,4.861097,4.888908,4.8831635,4.920934,4.939008,4.947703,4.967362,4.9661827,4.9604597,4.976572,4.993149,4.98707,5.0039096,5.0159345,5.00776,5.0217166,5.0005226,5.0281696,5.0444365,5.055236,5.0512056,5.0850716,5.0829296,5.0911126,5.111937,5.1252766,5.111585,5.1067743,5.1103616,5.137421,5.1332912,5.1441727,5.142887,5.136977,5.149941,5.1661577,5.167506,5.188435,5.174294,5.1741333,5.1737795,5.1875434,5.2131042,5.22685,5.22721,5.216898,5.224773,5.195242,5.2177653,5.2552767,5.240189,5.2384267,5.2147813,5.2145386,5.230042,5.2200465,5.261874,5.25104,5.2444115,5.2675166,5.231675,5.270888,5.2473536,5.2456727,5.2232885,5.2370286,5.2383776,5.251881,5.200107,5.223973,5.2437267,5.226706,5.2378283,5.250936,5.213699,5.195473,5.2198005,5.2101383,5.203352,5.221515,5.2169137,5.2360806,5.2090044,5.2392817,5.216277,5.1970096,5.186314,5.193811,5.2233973,5.1912513,5.201481,5.2142663,5.2091384,5.198657,5.223639,5.2029047,5.220373,5.2092867,5.2218223,5.225036,5.1980357,5.222798,5.215703,5.2095394,5.206138,5.2172055,5.2321396,5.207801,5.210998,5.2224097,5.185632,5.1886506,5.2022724,5.1914325,5.2011046,5.2185364,5.1974635,5.192012,5.195051,5.1879625,5.1849833,5.191219,5.2195854,5.175717,5.2205176,5.2032394,5.205795,5.2156897,5.1935234,5.1864533,5.2023816,5.17297,5.2034273,5.183476,5.208026,5.1997423,5.2039695,5.1829076,5.1937675,5.195537,5.179409,5.1899066,5.224945,5.1914763,5.176384,5.219546,5.1758127,5.176477,5.181729,5.205355,5.2120976,5.2118874,5.2055564,5.200238,5.17575,5.1998043,5.1744566,5.2015195,5.187162,5.1989994,5.192534,,,,,,,,,,,,,,,,,,,,,,,,,,,,,,,,,,,,,,,,,,,,,,,,,,,,,,,,,,,,,,,,,,,,,,,,,,,,,,,,,,,t6
FS/151.png,right,0.2290026999980909,5.0633984,5.0893106,5.123445,5.124876,5.1165915,5.092046,5.100289,5.0826015,5.0823755,5.104717,5.100781,5.126464,5.110209,5.1330566,5.126606,5.128055,5.118837,5.1339903,5.140365,5.13419,5.145049,5.1475782,5.129825,5.14063,5.1373477,5.1547017,5.166259,5.143716,5.167836,5.172277,5.1889677,5.1600003,5.187932,5.15789,5.1769423,5.162928,5.1668386,5.1881604,5.186652,5.17744,5.171397,5.201935,5.1659436,5.187697,5.1779084,5.175689,5.1882,5.2024026,5.171951,5.159948,5.1763015,5.178372,5.1854606,5.1783323,5.169071,5.190821,5.1604624,5.14652,5.1536207,5.1490574,5.121956,5.147556,5.1248217,5.121492,5.0933933,5.0860667,5.075463,5.0570927,5.0403366,5.025408,5.0128117,5.0126123,4.990321,4.96011,4.9718957,4.95341,4.9576693,4.9572043,4.9429865,4.95272,4.9386954,4.956913,4.9345126,4.9522476,4.9456806,4.9517946,4.9448967,4.9429483,4.9404483,4.9606194,4.936679,4.934505,4.95417,4.9535956,4.9557533,4.9509034,4.9550314,4.956824,4.961512,4.9688005,4.9661236,4.9972954,5.000935,4.999909,5.0023413,5.013563,5.0384016,5.0306616,5.041454,5.0596747,5.048846,5.061482,5.085463,5.087614,5.086416,5.0878735,5.1124983,5.1298604,5.1361747,5.1177087,5.1515794,5.13059,5.176883,5.1742177,5.188768,5.1817846,5.2196336,5.213723,5.1899896,5.2276225,5.2087255,5.2208176,5.251653,5.237523,5.2335525,5.2416215,5.2341557,5.2070737,5.218486,5.19606,5.163914,5.1306405,5.11152,5.058976,5.0478053,4.994475,4.9411473,4.9265394,4.917453,4.862917,4.8017235,4.794273,4.7537255,4.7340837,4.6997786,4.7019196,4.640319,4.58317,4.530203,4.5234065,4.514426,4.5173817,4.5109034,4.515807,4.4759636,4.4846406,4.444495,4.4198246,4.409161,4.3743086,4.346159,4.3445683,4.3391595,4.341292,4.3547344,4.3455596,4.325823,4.3241143,4.316772,4.3215365,4.3171945,4.3165073,4.3175783,4.341027,4.3451223,4.3473125,4.3548307,4.3371825,4.3430133,4.3501263,4.3526444,4.3709693,4.368393,4.375068,4.397995,4.397004,4.4340034,4.4296203,4.4446955,4.447173,4.46001,4.4552236,4.458068,4.480052,4.515054,4.523455,4.5363016,4.554767,4.5742373,4.584885,4.5809355,4.612662,4.6415396,4.633328,4.664412,4.6558313,4.6830306,4.706965,4.7115846,4.773744,4.7837057,4.78959,4.8149037,4.820482,4.8428135,4.8574915,4.85826,4.8731513,4.8721333,4.924114,4.9434943,4.950875,4.9478292,4.978938,5.0232363,5.0445013,5.05481,5.0644083,5.067634,5.0678678,5.087993,5.0908947,5.0908012,5.103474,5.121438,5.1390224,5.149193,5.1931868,5.2011347,5.1867356,5.2098823,5.2469716,5.2379913,5.2303386,5.243995,5.2646494,5.2769074,5.2592363,5.2876964,5.306492,5.3161616,5.339241,5.3332086,5.32665,5.334242,5.35828,5.326698,5.360733,5.363183,5.3639536,5.388655,5.3639655,5.36978,5.365904,5.400625,5.3985333,5.4009595,5.3876195,5.3959184,5.418947,5.4090967,5.417188,5.439706,5.4229136,5.452699,5.452861,5.456402,5.42961,5.4679856,5.461681,5.474443,5.4250293,5.442763,5.454681,5.446973,5.473163,5.4592633,5.4462986,5.4469824,5.440749,5.447337,5.4467907,5.4458957,5.4593,5.439262,5.430083,5.420357,5.4208293,5.421604,5.4197903,5.399726,5.3988466,5.3978815,5.421335,5.3737273,5.3865566,5.361399,5.341436,5.357838,5.362553,5.2962384,5.312177,5.287795,5.2904162,5.2772737,5.2764206,5.275816,5.270712,5.267075,5.2541924,5.247395,5.231578,5.2287683,5.237397,5.2231836,5.1870747,5.2093406,5.1632986,5.1925564,5.1523886,5.169259,5.149025,5.152298,5.151682,5.144521,5.1313834,5.1349635,5.1169615,5.1234436,5.107202,5.10542,5.1201396,5.1110973,5.1145983,5.128499,5.0929213,5.09584,5.123221,5.102648,5.100852,5.0997066,5.1080112,5.0793138,5.088162,5.1045136,5.0732093,5.1054707,5.109021,5.099444,5.089919,5.092297,5.1086707,5.098842,5.114453,5.115482,5.1140575,5.1307836,5.1117144,5.116056,5.1214266,5.139653,5.1237254,5.126607,5.1410904,5.1457977,5.1308413,5.1428013,5.145424,5.155475,5.1469984,5.1553497,5.1577134,5.157062,5.161797,5.184744,5.15961,5.1657214,5.209946,5.1714177,5.165379,5.1581607,5.1595936,5.163834,,,,,,,,,,,,,,,,,,,,,,,,,,,,,,,,,,,,,,,,,,,,,,,,,,,,,,,,,,,,,,,,,,,,,,,,,,,,,,,,,,,,,,,,,t87
FS/31.png,right,0.2391104999987874,5.228456,5.2354507,5.2353063,5.2593575,5.234628,5.250835,5.2444406,5.24867,5.2398057,5.2395954,5.254281,5.24298,5.2500687,5.249081,5.235141,5.249401,5.2503986,5.262438,5.25268,5.2558436,5.267918,5.260236,5.2627444,5.2556386,5.2741294,5.265676,5.257551,5.281692,5.260673,5.2728024,5.2634645,5.3086386,5.2823777,5.2816076,5.299746,5.290347,5.3068824,5.3203263,5.306409,5.3167114,5.3155913,5.3352804,5.3254466,5.3198028,5.337929,5.3207464,5.334634,5.33475,5.3301463,5.336611,5.333731,5.33343,5.336292,5.344824,5.339478,5.2882714,5.283015,5.2678757,5.2498875,5.26245,5.261853,5.2410665,5.2398424,5.1986556,5.1889987,5.169768,5.1380625,5.112646,5.1268144,5.0938935,5.1037335,5.078552,5.075603,5.0409575,5.029838,5.0344324,5.0363145,5.0100584,5.0226383,5.0125384,4.9657946,4.9792624,4.959444,4.9639287,4.971815,4.973864,4.954911,4.9396386,4.978296,4.9667625,4.97245,4.964777,4.959683,4.976044,4.9657364,4.963815,4.955719,4.946692,4.979546,4.9937296,4.997741,5.006984,4.998419,5.0027432,5.0067325,5.0160413,5.02632,5.025843,5.037401,5.046103,5.048539,5.0310054,5.056481,5.060972,5.091958,5.1114035,5.1114507,5.123516,5.104723,5.1411695,5.1421533,5.1396904,5.1377378,5.14125,5.1431923,5.1359878,5.164903,5.1552577,5.169234,5.1976247,5.1806645,5.199813,5.1676292,5.1795325,5.174042,5.1924443,5.1718984,5.2031317,5.1667337,5.1538715,5.127141,5.1555295,5.124794,5.09612,5.0717893,5.012608,5.0171638,4.9367156,4.9208555,4.890201,4.86192,4.8338585,4.771095,4.7600145,4.7452517,4.701534,4.6566978,4.634006,4.6225843,4.6070256,4.5961223,4.556572,4.532898,4.523409,4.5171843,4.5036473,4.5165896,4.4832563,4.4634476,4.484175,4.4639482,4.4450865,4.4574256,4.4179196,4.4350305,4.4134965,4.405029,4.374745,4.3727136,4.3894706,4.3786407,4.3959627,4.3804483,4.384489,4.3769617,4.3885174,4.409362,4.4020963,4.3805485,4.3918686,4.4037914,4.4196506,4.4396567,4.423814,4.4490952,4.4746375,4.476335,4.461332,4.4839053,4.485921,4.5230017,4.5258775,4.521561,4.5444484,4.5905833,4.574514,4.5865808,4.6075573,4.606454,4.624068,4.6523304,4.649504,4.697525,4.712188,4.7236037,4.7237253,4.730828,4.745618,4.741092,4.78161,4.749149,4.743969,4.7656436,4.766341,4.83485,4.6761084,4.9922585,4.661611,4.693914,4.57641,4.7089047,5.1111927,5.093921,5.0701323,5.0063605,5.0515447,5.04172,5.0537515,5.092796,5.1353126,5.1310816,5.1810637,5.179948,5.160576,5.190945,5.2010717,5.22871,5.238824,5.2352333,5.2508726,5.2323766,5.2366986,5.242785,5.261857,5.3011065,5.2950754,5.3035703,5.316577,5.308206,5.327618,5.3127623,5.356978,5.37149,5.3391204,5.3622503,5.3546286,5.389515,5.3766904,5.389683,5.3997483,5.396608,5.4127436,5.409846,5.4110045,5.416192,5.4283333,5.4105515,5.4432974,5.454979,5.4426613,5.442434,5.4630184,5.4523783,5.466096,5.4804587,5.4681487,5.4727383,5.46353,5.4720573,5.422818,5.465929,5.4738026,5.461208,5.460038,5.481657,5.4738383,5.4831295,5.4780345,5.465524,5.489577,5.4831605,5.489413,5.503059,5.5072722,5.4911256,5.4905086,5.5014696,5.5235133,5.521628,5.5359282,5.510042,5.529184,5.5431957,5.515894,5.5289683,5.4962435,5.52431,5.5241885,5.515202,5.524939,5.5397205,5.4824905,5.5212507,5.5076313,5.503319,5.5396137,5.532182,5.527054,5.508296,5.5085516,5.5154424,5.5181947,5.504318,5.5110893,5.505487,5.5091324,5.5151043,5.496345,5.5050273,5.4993887,5.502409,5.4927106,5.493714,5.498098,5.5022984,5.4909005,5.4861317,5.4907103,5.4904265,5.4957433,5.491257,5.4858212,5.482718,5.4651856,5.4778295,5.4793863,5.489984,5.483982,5.4504795,5.456048,5.4663506,5.47424,5.46147,5.463526,5.4450474,5.4354973,5.449019,5.454017,5.455084,5.4637036,5.44549,5.4379077,5.4479346,5.4285727,5.461997,5.4286327,5.4465823,5.420913,5.441745,5.437958,5.4365697,5.4286685,5.454854,5.4335613,5.4403987,5.456247,5.4441214,5.4214783,5.4403815,5.4517045,5.4503083,5.4486785,5.460394,5.4494724,5.4237924,5.4280553,5.441963,5.4571,5.459985,5.433087,5.4398265,5.446564,5.4462824,5.4513865,5.4575157,5.491007,5.455557,5.469758,5.4586773,5.4776983,,,,,,,,,,,,,,,,,,,,,,,,,,,,,,,,,,,,,,,,,,,,,,,,,,,,,,,,,,,,,,,,,,,,,,,,,,,,,,,,,,t15
FS/581.png,right,0.2185491999989608,5.3353415,5.3607717,5.3486385,5.354744,5.362623,5.3377366,5.3531656,5.356189,5.35214,5.361726,5.368911,5.394902,5.362861,5.366052,5.350363,5.3426104,5.347754,5.3717327,5.370872,5.358733,5.361675,5.371255,5.3606825,5.3593225,5.356248,5.3549356,5.3656626,5.3515596,5.3536696,5.3774285,5.3894043,5.36967,5.391172,5.3681583,5.3657084,5.363415,5.396632,5.371598,5.3865643,5.381293,5.3756914,5.3845735,5.3855896,5.390847,5.3977685,5.3957567,5.3710814,5.3880444,5.38235,5.38022,5.401655,5.394541,5.39074,5.398859,5.383091,5.390206,5.4155717,5.395043,5.3920803,5.383431,5.394602,5.3923216,5.37615,5.3757834,5.3909793,5.359453,5.358294,5.3559318,5.363795,5.3424664,5.3389506,5.3408704,5.3348284,5.3249216,5.3513365,5.3349686,5.3305674,5.3209643,5.327047,5.3335986,5.318392,5.3100944,5.3108172,5.3024745,5.325588,5.315847,5.3164244,5.315195,5.313179,5.3070436,5.2999063,5.315135,5.3112054,5.3148785,5.292765,5.306554,5.304009,5.30178,5.3135185,5.311061,5.3006086,5.313884,5.308346,5.307216,5.317309,5.3149905,5.3404098,5.3173594,5.3326464,5.321695,5.309109,5.348369,5.330471,5.3539004,5.3477025,5.3502436,5.3690076,5.372411,5.353981,5.3694863,5.357399,5.3721375,5.3795614,5.3860445,5.394692,5.4053288,5.383842,5.4211464,5.409067,5.422371,5.4150867,5.421063,5.4210835,5.424448,5.415142,5.4181414,5.388952,5.3998666,5.3767595,5.3517666,5.343401,5.2941084,5.278046,5.213719,5.201204,5.1751437,5.137093,5.106066,5.054715,5.015845,4.9825993,4.950973,4.909941,4.847801,4.8443522,4.7767572,4.7567625,4.7171774,4.6755567,4.6504354,4.6359534,4.5933995,4.6028776,4.5630174,4.5552444,4.5300984,4.509527,4.456416,4.4788504,4.448934,4.4323926,4.4262533,4.3948417,4.3900585,4.3398786,4.364946,4.3555307,4.363893,4.3207273,4.3130684,4.3311415,4.3492475,4.2952666,4.3172045,4.3202376,4.3244147,4.297691,4.2950683,4.3273654,4.303699,4.316054,4.324806,4.3249106,4.3174233,4.3326283,4.3371854,4.3432636,4.3453035,4.3763113,4.383163,4.4076266,4.39202,4.4024367,4.4234734,4.440231,4.425867,4.396816,4.4023204,4.4398355,4.4380164,4.4653463,4.455246,4.4768333,4.544987,4.526437,4.5824924,4.515963,4.762906,4.8604717,4.7591724,4.8461757,4.832135,4.8058133,4.824688,4.8205,4.825399,4.870494,4.9053597,4.904485,4.9390945,4.9299917,4.9572425,4.980686,4.9836783,4.992685,5.0087233,5.026265,5.0282116,5.044787,5.0584064,5.06187,5.0521727,5.0888114,5.102804,5.1008744,5.1074185,5.1255674,5.152779,5.1629496,5.188887,5.158563,5.16781,5.2063417,5.2049336,5.194607,5.195972,5.2454014,5.232767,5.221502,5.251745,5.261188,5.2804475,5.273542,5.2710176,5.269522,5.2859225,5.3049088,5.2982183,5.3193293,5.3247156,5.323295,5.3172607,5.3454537,5.3475575,5.331703,5.3514113,5.3310957,5.345362,5.350283,5.3530216,5.3703346,5.3453517,5.3676457,5.3911185,5.3725452,5.3819966,5.4177275,5.3951874,5.4118557,5.3779926,5.3869996,5.4387245,5.42839,5.4263177,5.4109983,5.4091115,5.4248605,5.4330688,5.436836,5.4429393,5.4679832,5.450785,5.4484434,5.4782934,5.4484653,5.452568,5.450942,5.4367814,5.458555,5.439534,5.4577956,5.4638424,5.4562707,5.470411,5.4463925,5.4466934,5.466587,5.4596157,5.462379,5.4559407,5.4612713,5.4733944,5.4471407,5.4619956,5.4525733,5.4460564,5.441399,5.4339156,5.428891,5.4271703,5.434164,5.408584,5.4248824,5.405575,5.4060664,5.4192867,5.4324226,5.432068,5.4193516,5.420128,5.3983665,5.4054656,5.42136,5.4092,5.4078026,5.4091496,5.39375,5.402947,5.4167624,5.4009237,5.4011946,5.3906827,5.3891478,5.395755,5.3781595,5.404586,5.374026,5.3938227,5.3833547,5.4032173,5.391118,5.384467,5.3996058,5.3865976,5.4020324,5.4062014,5.403081,5.375953,5.3868594,5.4146647,5.4085817,5.4196515,5.4028807,5.388622,5.401953,5.4046445,5.4019895,5.401798,5.4040184,5.4211116,5.4154463,5.4249525,5.401784,5.4070106,5.4302826,5.4088635,5.434261,5.4303155,5.4503098,5.4218125,5.4169025,5.4521427,5.437853,5.444554,5.4421406,5.4349623,5.424958,5.402951,5.4133716,,,,,,,,,,,,,,,,,,,,,,,,,,,,,,,,,,,,,,,,,,,,,,,,,,,,,,,,,,,,,,,,,,,,,,,,,,,,,,,,,,,,,,,,,,,,,t18
FS/361.png,right,0.2182100999925751,5.52338,5.507929,5.524459,5.5035625,5.5172777,5.525825,5.506133,5.508695,5.512454,5.5133715,5.517165,5.5082574,5.5062356,5.509748,5.5366774,5.4950953,5.50003,5.49034,5.4802074,5.529777,5.5281363,5.503306,5.4972696,5.5010195,5.508556,5.4972124,5.511203,5.501924,5.5164356,5.4978166,5.5145044,5.488717,5.511515,5.5006037,5.513632,5.519091,5.505921,5.520669,5.4996047,5.5088687,5.5145407,5.482036,5.5034976,5.4907656,5.517391,5.492032,5.5057926,5.5111313,5.513686,5.4930434,5.5206633,5.507094,5.5006294,5.505197,5.486011,5.4842033,5.4845634,5.488577,5.496745,5.488898,5.489803,5.4901714,5.4987364,5.4724374,5.4801135,5.4792676,5.487613,5.4858193,5.4919868,5.4892178,5.4836917,5.4801188,5.4866166,5.474557,5.465852,5.4733405,5.4874263,5.4773993,5.453721,5.4833636,5.4817104,5.4711347,5.469383,5.4795527,5.471928,5.4829907,5.486019,5.477507,5.4752073,5.4830294,5.4603457,5.490064,5.48902,5.4842143,5.490382,5.4926505,5.476629,5.479154,5.4789987,5.495714,5.491804,5.4831963,5.496337,5.510346,5.4948177,5.502684,5.509902,5.520612,5.492704,5.5111313,5.5150375,5.5118318,5.5388875,5.5381036,5.539893,5.5153522,5.5392585,5.569341,5.534005,5.5327992,5.5610976,5.572064,5.5614567,5.5597258,5.5369716,5.550686,5.5769367,5.5652633,5.5658693,5.569032,5.567535,5.560204,5.546807,5.554297,5.5338535,5.538135,5.497392,5.4534636,5.4229283,5.4211416,5.38311,5.3696127,5.350937,5.290678,5.236876,5.2147274,5.1818485,5.13424,5.0869904,5.0535917,5.026954,4.9937644,4.9419312,4.9276805,4.886297,4.812775,4.776448,4.766318,4.7274194,4.7109394,4.709857,4.646749,4.639042,4.614148,4.5872025,4.5571294,4.526501,4.5031676,4.5033307,4.498876,4.4909167,4.458007,4.469588,4.4464803,4.4453115,4.424437,4.419455,4.424742,4.4015555,4.362046,4.378642,4.3464527,4.3570395,4.375779,4.3658905,4.3595552,4.3672295,4.382049,4.359652,4.403234,4.353833,4.3518124,4.3704386,4.410708,4.388414,4.3901887,4.4012403,4.3848157,4.383956,4.417423,4.39159,4.4392743,4.467202,4.429487,4.4492006,4.4769206,4.472604,4.4959507,4.5100145,4.5311985,4.53623,4.529873,4.535868,4.5670395,4.581719,4.6129923,4.612655,4.6017556,4.639163,4.6642017,4.659906,4.676325,4.6702456,4.711978,4.7336264,4.746618,4.7613974,4.7796526,4.8021145,4.8046594,4.803692,4.824692,4.820642,4.8549685,4.8815355,4.8921046,4.890311,4.917277,4.9328094,4.946914,4.9579754,4.9516044,4.974792,4.995369,4.993314,4.998501,5.0416837,5.0590744,5.046671,5.07628,5.090201,5.0859575,5.113515,5.1085916,5.137371,5.1424637,5.1646447,5.1577296,5.1704082,5.1735973,5.1866684,5.2457223,5.2358775,5.253995,5.2816234,5.266036,5.2989225,5.3039513,5.2988324,5.3073864,5.3045697,5.331305,5.3149123,5.3168654,5.317951,5.36519,5.3492985,5.357172,5.3664613,5.355115,5.3738074,5.3764777,5.4090676,5.3922014,5.385395,5.3958516,5.4311213,5.4101667,5.453475,5.4240727,5.4423347,5.4516196,5.4435763,5.483314,5.470235,5.4650664,5.4851866,5.483701,5.4696,5.4827847,5.492971,5.472346,5.483892,5.5027986,5.5050964,5.5095687,5.5005794,5.5077925,5.5131965,5.5005245,5.514198,5.5060053,5.500574,5.5137763,5.5230536,5.5184274,5.5147467,5.543315,5.501241,5.5166316,5.499598,5.534743,5.5179696,5.5100026,5.512853,5.5231895,5.5009766,5.5130596,5.5265894,5.5224166,5.4992914,5.516966,5.5177264,5.5191946,5.511469,5.510756,5.518452,5.5161657,5.5228086,5.514074,5.5359783,5.514996,5.5248885,5.5176115,5.5167537,5.5100408,5.52776,5.518629,5.5219755,5.5339193,5.509713,5.515804,5.526556,5.5100913,5.5347333,5.5401125,5.5192733,5.535715,5.5099845,5.530024,5.52495,5.523597,5.5348005,5.5218434,5.5173974,5.533815,5.5131836,5.519523,5.525436,5.518521,5.5197372,5.5315123,5.521921,5.548095,5.5131974,5.5181108,5.536586,5.5271955,5.537399,5.5430746,5.5524693,5.579796,5.5329413,5.5351276,5.552966,5.5223002,5.518605,5.4843807,5.507377,5.508604,5.5091214,5.5065293,5.520292,5.4995627,5.497806,5.5018063,5.4855537,5.520494,5.4941273,5.496039,5.4834194,5.498597,5.49762,5.487785,5.506665,5.4958344,5.4961047,5.494482,,,,,,,,,,,,,,,,,,,,,,,,,,,,,,,,,,,,,,,,,,,,,,,,,,,,,,,,,,,,,,,,,,,,,,,,,,,,,,,,,,,,t22
FS/221.png,right,0.3917222000018228,5.5054502,5.4974847,5.5101104,5.49242,5.498565,5.5002756,5.502997,5.506311,5.5060163,5.5037394,5.4923573,5.5034657,5.5005064,5.503073,5.4993005,5.5000114,5.5075526,5.5106177,5.505481,5.495325,5.5147657,5.4915943,5.506217,5.505673,5.5078363,5.5140395,5.5247593,5.4995303,5.5072184,5.5280194,5.504981,5.515628,5.508837,5.514273,5.5002594,5.5132594,5.513753,5.501387,5.5141997,5.522416,5.530293,5.5269623,5.529748,5.5092473,5.518589,5.534767,5.5121665,5.534427,5.518189,5.5112576,5.5332336,5.529091,5.5063186,5.4973407,5.5153885,5.508385,5.485025,5.4839854,5.4638023,5.4731026,5.4647207,5.441132,5.4225035,5.429906,5.404666,5.391143,5.339869,5.3436475,5.3214655,5.342785,5.2973394,5.3043246,5.294322,5.2914605,5.2589355,5.260038,5.2504277,5.241311,5.233727,5.209971,5.2128563,5.2271576,5.2022295,5.189826,5.194002,5.1842933,5.172836,5.1899276,5.1968217,5.1802673,5.166552,5.175455,5.1967206,5.1901655,5.1858253,5.1813474,5.177874,5.1855264,5.183513,5.1966105,5.1910067,5.2143397,5.2331786,5.2363296,5.259292,5.258298,5.2527657,5.239277,5.2399,5.2504706,5.2782116,5.2768965,5.2721343,5.3077292,5.309558,5.3030043,5.3154273,5.314777,5.331463,5.343135,5.3206153,5.346127,5.3337636,5.344065,5.349617,5.345651,5.3645997,5.3898396,5.3631077,5.392872,5.3836436,5.3926554,5.378922,5.377643,5.380532,5.3738704,5.3650603,5.360995,5.3238506,5.300568,5.2640557,5.224829,5.1879487,5.165421,5.145443,5.1103354,5.078872,5.0176797,4.989184,4.958437,4.9173813,4.870902,4.8111796,4.7908225,4.7622924,4.7361197,4.7326493,4.6865954,4.683331,4.6477323,4.5981107,4.584972,4.5552144,4.544918,4.5306683,4.5140886,4.4906116,4.454513,4.451464,4.4441323,4.4454565,4.4310503,4.4327626,4.4172797,4.43641,4.4292326,4.4038196,4.418341,4.399089,4.397037,4.3938203,4.375084,4.4191513,4.373301,4.409922,4.3693476,4.408528,4.3772025,4.3988967,4.36561,4.3872037,4.404797,4.4226737,4.4263525,4.420716,4.4433494,4.4232945,4.4436874,4.43632,4.4553924,4.451859,4.4576163,4.4946995,4.4889336,4.5058174,4.5380683,4.562786,4.5772877,4.605091,4.6207943,4.6346025,4.621651,4.6454053,4.6587315,4.6451583,4.672029,4.6930585,4.707434,4.727789,4.770066,4.785396,4.7899914,4.8324313,4.8318906,4.823585,4.852661,4.8573527,4.8664327,4.906799,4.934011,4.9245186,4.9362597,4.9643474,4.9634194,4.9667854,4.9851294,4.9966655,4.992398,5.0005794,5.031067,5.016067,5.014459,5.040162,5.0724955,5.0802593,5.102,5.132153,5.113886,5.10886,5.099962,5.154544,5.158106,5.1472445,5.1506114,5.184908,5.1770663,5.1942835,5.195206,5.2080903,5.204467,5.227472,5.197329,5.2234807,5.2211986,5.2374096,5.2520275,5.255065,5.2850127,5.2910066,5.2743025,5.2832556,5.283497,5.29434,5.3273745,5.3214903,5.3251653,5.3329506,5.3332157,5.326177,5.3493237,5.3511086,5.317228,5.3727784,5.346383,5.350911,5.3632097,5.3902264,5.396487,5.400112,5.3997083,5.3965015,5.4015865,5.4164968,5.414176,5.3952074,5.409923,5.421735,5.4076433,5.429611,5.4349566,5.4219923,5.429131,5.428671,5.4291425,5.424078,5.42131,5.42027,5.436146,5.425159,5.4203644,5.4483685,5.425263,5.4188128,5.4530416,5.428038,5.4272094,5.430337,5.432325,5.4391727,5.423023,5.4288445,5.4272394,5.421518,5.4287863,5.4206333,5.4340367,5.4377704,5.4407067,5.439596,5.4166265,5.428744,5.4488935,5.43844,5.4177246,5.445643,5.4411836,5.4464073,5.4169097,5.438725,5.4803915,5.4570804,5.4658413,5.4901896,5.412228,5.445132,5.4719415,5.430109,5.4330544,5.4424143,5.4478207,5.4593973,5.472237,5.459912,5.4727874,5.4392924,5.4564037,5.4403048,5.4423337,5.4708576,5.453007,5.4740043,5.4580073,5.4702954,5.441393,5.438572,5.450005,5.4129887,5.4394603,5.4472957,5.471315,5.471564,5.447531,5.4711833,5.446046,5.465123,5.432501,5.43737,5.4637527,5.4325857,5.433909,5.43152,5.4240584,5.4467263,5.424875,5.4438734,5.431912,5.430557,5.451344,5.4524484,5.4327908,5.449885,5.449581,5.4443884,5.4391084,5.444724,5.423412,5.442967,5.4327826,5.4333653,5.4340277,5.4078593,5.4292703,5.4187326,5.423221,5.4183087,5.425932,5.4419475,5.4237885,5.428413,5.44401,5.411527,5.410862,5.4342318,5.4097486,5.4316964,5.4114733,5.4274487,5.42818,5.4138007,5.4207525,5.426041,5.4227505,5.4178534,5.4301004,5.442725,5.418038,5.4321246,,,,,,,,,,,,,,,,,,,,,,,,,,,,,,,,,,,,,,,,,,,,,,,,,,,,,,,,,,,,,,,,,t23
FS/221.png,right,0.344789300012053,5.404586,5.412575,5.3972588,5.4031043,5.4398932,5.4110503,5.4079347,5.413207,5.417859,5.4140506,5.4207754,5.425559,5.412314,5.407772,5.3988442,5.431763,5.4221363,5.416652,5.427209,5.430168,5.430035,5.436771,5.430036,5.4412003,5.4157248,5.4171576,5.429263,5.4226904,5.4367585,5.430687,5.432836,5.4400783,5.443111,5.4321055,5.426951,5.4236574,5.4252386,5.434021,5.438948,5.4242387,5.4318757,5.459314,5.433617,5.431891,5.4661255,5.4556565,5.4556046,5.470622,5.4540305,5.468542,5.458684,5.4748282,5.451636,5.4495673,5.4522233,5.467049,5.4597383,5.4472075,5.454569,5.440263,5.4310346,5.439234,5.386772,5.4044375,5.3613524,5.3401604,5.331418,5.319538,5.2901115,5.2676926,5.287803,5.2654324,5.2409463,5.2311997,5.2381177,5.2141876,5.206068,5.187652,5.206589,5.1693215,5.150468,5.151937,5.157,5.1465545,5.146771,5.160156,5.123795,5.1161284,5.1297884,5.121878,5.1333017,5.103775,5.106516,5.0918913,5.1142817,5.1276526,5.114346,5.1117578,5.1310086,5.12189,5.1580873,5.1183076,5.1341367,5.1428785,5.1368837,5.167344,5.1517124,5.161001,5.152211,5.1816907,5.160142,5.199153,5.1792245,5.1909723,5.2142496,5.220735,5.1939344,5.212439,5.2356524,5.258121,5.254671,5.252126,5.274616,5.292744,5.280426,5.3019447,5.29922,5.3159556,5.346036,5.330593,5.3279138,5.337862,5.3407936,5.3279953,5.3385344,5.342373,5.3216624,5.2796106,5.2797937,5.2074623,5.183085,5.1856494,5.1518726,5.140664,5.094625,5.0820055,5.031184,4.961977,4.923369,4.9144654,4.880979,4.815001,4.795794,4.772105,4.7678466,4.758601,4.6852427,4.6180573,4.6118236,4.58185,4.555444,4.5302515,4.5322666,4.5152884,4.4963756,4.4688616,4.471838,4.430849,4.4200783,4.4207706,4.409311,4.4134645,4.3632884,4.3534675,4.3376017,4.366406,4.361419,4.3239193,4.33222,4.3221955,4.29849,4.277432,4.30261,4.314386,4.3164053,4.2853236,4.3187356,4.2937174,4.3322086,4.3229485,4.3048906,4.2891417,4.304917,4.312308,4.363497,4.34922,4.3505487,4.363896,4.394704,4.375822,4.395188,4.40104,4.4348073,4.430014,4.427999,4.463507,4.4706397,4.482828,4.439166,4.49698,4.4891014,4.539137,4.539321,4.5782294,4.5746913,4.56376,4.577431,4.6213155,4.6133876,4.6354966,4.629382,4.6265235,4.665373,4.67537,4.68534,4.7047944,4.708954,4.7285843,4.7306805,4.759272,4.792354,4.780654,4.7789464,4.82476,4.819283,4.8299813,4.851252,4.8442183,4.8476267,4.861288,4.872379,4.9179935,4.9188814,4.919446,4.9285765,4.927152,4.9370522,4.944224,4.981686,4.9931087,4.9848313,5.013278,5.018492,4.998888,5.0369287,5.032614,5.0627155,5.0552297,5.0705595,5.062903,5.094412,5.0911484,5.1229887,5.1169167,5.144393,5.123405,5.1350913,5.143386,5.1435103,5.1448183,5.1473794,5.149519,5.19433,5.1911693,5.221315,5.215222,5.225874,5.232429,5.2696786,5.259621,5.2910204,5.2924533,5.304548,5.293364,5.3073707,5.3139763,5.3208046,5.315117,5.319986,5.3302493,5.3199234,5.32873,5.335491,5.343387,5.3385367,5.3333197,5.342786,5.351151,5.3461614,5.3610926,5.3607516,5.3695526,5.345619,5.3567786,5.3645706,5.3639293,5.3628097,5.3613744,5.3714757,5.3781,5.377238,5.3889623,5.3795977,5.3766465,5.385774,5.3758793,5.3947163,5.3990297,5.4071445,5.390357,5.414223,5.416366,5.3973503,5.4105535,5.3957415,5.4035645,5.406532,5.391266,5.4134045,5.41907,5.4158735,5.406858,5.3905745,5.385866,5.3930454,5.4126697,5.373145,5.416543,5.4021926,5.4040227,5.429741,5.4302983,5.3983407,5.430085,5.4274096,5.4265656,5.409747,5.4418163,5.4311953,5.4130583,5.411351,5.4282722,5.428949,5.4197645,5.404485,5.4336143,5.4364347,5.4340024,5.4274435,5.4145927,5.418315,5.4056377,5.4107404,5.4193344,5.4303203,5.4321413,5.4347906,5.442723,5.419594,5.426107,5.427026,5.430206,5.453054,5.428893,5.4449487,5.423945,5.449384,5.4429274,5.440417,5.438148,5.4399357,5.427198,5.444995,5.446139,5.4491754,5.4517794,5.454946,5.4531775,5.464845,5.4425116,5.435852,5.4598794,5.429336,5.466754,5.4683695,5.44804,5.4666166,5.449557,5.4552956,5.4730024,5.4656153,5.4702682,5.4558544,5.4579163,5.458734,5.4629116,5.4792585,5.481315,5.4618425,5.4838643,5.4751167,5.4933906,5.4873276,5.4687657,5.465964,5.457783,5.4714746,5.459789,5.4900317,5.447026,5.445963,5.4882193,,,,,,,,,,,,,,,,,,,,,,,,,,,,,,,,,,,,,,,,,,,,,,,,,,,,,,,,,,,,,,,,,,,,,,t42
FS/611.png,right,0.2202676000015344,5.443244,5.425863,5.424415,5.4318213,5.426619,5.4261127,5.4411116,5.4323025,5.4290853,5.432736,5.432588,5.444439,5.4352183,5.4145174,5.40645,5.421557,5.440116,5.4285626,5.4618397,5.4191427,5.4303575,5.403433,5.415407,5.4164886,5.4303365,5.421267,5.430606,5.4281654,5.447475,5.413854,5.4416485,5.442586,5.4113665,5.4165187,5.4292364,5.4136868,5.436475,5.451382,5.439549,5.4344206,5.4316936,5.4432693,5.4216933,5.428062,5.4393854,5.426451,5.440386,5.4408975,5.404387,5.4259353,5.4085665,5.417986,5.432762,5.4133043,5.4089828,5.397159,5.3783984,5.3983417,5.372542,5.3803015,5.3698764,5.3373723,5.332154,5.349408,5.3130236,5.3248024,5.285203,5.270807,5.246507,5.2467046,5.2362766,5.2270274,5.2104006,5.1822643,5.197382,5.1852307,5.177394,5.1715684,5.1669645,5.150827,5.1475496,5.1351275,5.1506863,5.118659,5.1046405,5.1237016,5.1365595,5.1068854,5.1178813,5.0915403,5.1159863,5.0950694,5.114941,5.1206326,5.134382,5.118758,5.12394,5.1258926,5.084821,5.0999346,5.12871,5.159392,5.1324863,5.139725,5.151733,5.1476326,5.1712956,5.151916,5.149326,5.171387,5.185286,5.1723847,5.170647,5.187155,5.1895494,5.2043433,5.1918955,5.220325,5.211249,5.195815,5.218394,5.232692,5.236115,5.23892,5.244233,5.2349806,5.2512884,5.239779,5.251065,5.270894,5.264886,5.2661004,5.279414,5.251271,5.2638474,5.2591305,5.234499,5.2253833,5.205685,5.149349,5.1453075,5.1019254,5.0766635,5.033872,5.00185,4.971835,4.9053907,4.880724,4.8505626,4.8030715,4.7511296,4.746765,4.6958632,4.648434,4.640676,4.5756364,4.558094,4.537096,4.487108,4.479173,4.455592,4.3886642,4.404744,4.3679757,4.3680506,4.346514,4.321116,4.3154507,4.3078337,4.29054,4.2952085,4.271895,4.278749,4.2461443,4.2622137,4.230818,4.214037,4.197344,4.203616,4.214113,4.2206283,4.220806,4.186747,4.199452,4.194571,4.198054,4.187789,4.2199306,4.1992073,4.2160726,4.218157,4.2165527,4.2304654,4.2419157,4.2221193,4.2392726,4.2724705,4.3085084,4.2726083,4.32156,4.3271646,4.3091125,4.321577,4.3253994,4.3284264,4.348085,4.306502,4.366796,4.3239913,4.3575406,4.3536253,4.4149337,4.5383496,4.6295786,4.573746,4.588333,4.55297,4.5307894,4.559926,4.573217,4.584013,4.636349,4.634886,4.6577606,4.682762,4.691768,4.7243705,4.7401037,4.7709026,4.7775617,4.7866383,4.8223047,4.8316875,4.8452497,4.858561,4.8724217,4.8767834,4.9050727,4.9067674,4.9380765,4.923504,4.968146,4.967704,4.998596,4.9799395,5.020815,5.0279527,5.0291104,5.04773,5.069179,5.067835,5.0736194,5.0643077,5.0662417,5.0962076,5.0982175,5.131171,5.123569,5.1494913,5.1687446,5.1775384,5.1463804,5.196176,5.1959095,5.189002,5.218893,5.198625,5.2095475,5.2130976,5.228857,5.2311907,5.2279005,5.260692,5.2578273,5.257506,5.255176,5.254215,5.2721305,5.2714224,5.2763333,5.272122,5.288941,5.302157,5.3003597,5.2977076,5.3062305,5.306168,5.3243456,5.3305793,5.333117,5.332097,5.3393183,5.3413606,5.313366,5.337577,5.3484144,5.346536,5.366111,5.3640423,5.3643413,5.3555007,5.3607903,5.3519573,5.3731365,5.3662686,5.3693104,5.366473,5.369399,5.3762984,5.374661,5.3688083,5.367653,5.3691382,5.3635206,5.3637047,5.3595138,5.3516297,5.358584,5.3696623,5.3624654,5.364522,5.3640985,5.378548,5.353059,5.3598323,5.373496,5.392776,5.373324,5.3676753,5.3614864,5.3492885,5.343627,5.3596444,5.3586564,5.367237,5.335728,5.3475423,5.359412,5.3531866,5.338421,5.353689,5.3392572,5.341009,5.338787,5.335599,5.337168,5.3380976,5.3448625,5.339279,5.3369546,5.3285065,5.3247776,5.3325596,5.339576,5.325446,5.3334126,5.3144307,5.332133,5.3325486,5.3057246,5.311684,5.3249364,5.3225675,5.315592,5.325123,5.322208,5.3120055,5.3112564,5.313777,5.3185577,5.3121595,5.307164,5.3086042,5.313291,5.291653,5.3072205,5.3066506,5.3229513,5.298922,5.2811646,5.3079867,5.313753,5.309617,5.3200407,5.3151574,5.323174,5.309837,5.3054595,5.3250685,5.3276787,5.3034315,5.3005567,5.305472,5.324011,5.3170404,5.336094,5.3035116,5.312382,5.307903,5.340518,5.3318696,5.3140507,,,,,,,,,,,,,,,,,,,,,,,,,,,,,,,,,,,,,,,,,,,,,,,,,,,,,,,,,,,,,,,,,,,,,,,,,,,,,,,,,,,,,,,,,,t24
FS/611.png,right,0.2642430000123568,5.1922626,5.20788,5.225856,5.2275352,5.2357545,5.233173,5.2652555,5.223897,5.2196574,5.2525053,5.2633224,5.25821,5.264092,5.27029,5.277407,5.259886,5.284935,5.286686,5.2883263,5.2825937,5.273602,5.2869616,5.2915926,5.2813616,5.2944374,5.2945385,5.29081,5.2928686,5.2966213,5.306087,5.287288,5.3138566,5.279548,5.2859125,5.305012,5.313342,5.3223867,5.3046484,5.311161,5.30492,5.307997,5.2901454,5.3249497,5.3214517,5.2899084,5.3019633,5.322156,5.315878,5.3025455,5.3117094,5.3097396,5.3128233,5.290254,5.2960835,5.307614,5.308258,5.289151,5.3046904,5.2816124,5.270488,5.261434,5.2479844,5.2410808,5.2252936,5.2272124,5.2193513,5.2140036,5.1903696,5.184337,5.196266,5.152333,5.140181,5.132488,5.1388354,5.123185,5.1025167,5.081438,5.064991,5.0636363,5.0578656,5.07095,5.052277,5.0430064,5.0012054,4.9744945,4.979514,4.9974513,4.952958,4.9636784,4.977385,4.973048,4.968581,4.9653234,4.970007,4.9642076,4.9618764,4.98027,4.991898,4.978618,4.999952,4.9872594,4.974832,4.9974775,5.0089927,4.99182,5.0220275,4.988891,5.0246816,5.028279,5.0151277,5.0310607,5.0442758,5.041035,5.0429745,5.0481143,5.0598774,5.063957,5.0886765,5.094679,5.11332,5.125018,5.134437,5.095664,5.1438227,5.171696,5.1543293,5.1651244,5.1828666,5.182428,5.1848555,5.190596,5.183741,5.1847568,5.19852,5.207585,5.1998043,5.1862493,5.187155,5.1869173,5.136853,5.1381426,5.0804534,5.03358,5.0408926,5.0032563,4.9688487,4.9067154,4.870369,4.833904,4.8123217,4.751764,4.7344093,4.665529,4.6233044,4.5976834,4.587518,4.5567017,4.4936957,4.446159,4.441449,4.4008303,4.3708086,4.3277526,4.3312664,4.320747,4.303571,4.2819076,4.263837,4.2462378,4.234136,4.2346044,4.201086,4.2377505,4.2077847,4.1616526,4.1670265,4.144504,4.121371,4.109042,4.112919,4.132344,4.1087313,4.1155276,4.0997734,4.105095,4.098364,4.1115274,4.1358976,4.0707917,4.109874,4.098345,4.1154037,4.129414,4.1261353,4.1394286,4.171985,4.159786,4.183702,4.203128,4.182566,4.183407,4.179652,4.191694,4.243142,4.2753606,4.283046,4.271895,4.248253,4.2361913,4.2427053,4.2469816,4.2860456,4.3058753,3.979398,3.9587219,4.425566,4.476501,4.901823,4.894663,4.846681,4.8641295,4.8974895,4.89723,4.887943,4.917492,4.9230175,4.9353967,4.9657183,4.9695363,4.994007,5.015419,5.028396,5.0225077,5.018558,5.0374923,5.0697026,5.0899763,5.0997434,5.113013,5.105942,5.10931,5.1262116,5.1222363,5.1473007,5.1567836,5.159289,5.177163,5.188111,5.183922,5.1895523,5.1882997,5.185601,5.195393,5.2101984,5.2100463,5.2260447,5.2085814,5.205752,5.2168846,5.2164726,5.2073627,5.2118692,5.2071495,5.2194266,5.2188807,5.2265105,5.237939,5.2095404,5.220312,5.227975,5.2040567,5.220808,5.2240076,5.214107,5.2274556,5.2111692,5.2016993,5.18847,5.2282114,5.234357,5.2070756,5.2163835,5.214808,5.2215533,5.22643,5.2121353,5.2050056,5.213227,5.2182255,5.2089186,5.1971154,5.2007875,5.2178855,5.2186646,5.208402,5.221713,5.2113185,5.206263,5.227427,5.2033925,5.1931615,5.2086115,5.1791105,5.173763,5.1901755,5.216327,5.184599,5.1861057,5.2283816,5.210837,5.1956997,5.217376,5.185053,5.199304,5.169337,5.1609354,5.154091,5.1557775,5.1295075,5.121442,5.161735,5.185533,5.157149,5.154856,5.1659575,5.1740675,5.1526966,5.1663384,5.150581,5.1535373,5.1513147,5.142243,5.176514,5.1434813,5.153616,5.1640396,5.143633,5.132153,5.12141,5.1233215,5.10881,5.1381917,5.1420865,5.1215754,5.121805,5.1356716,5.109539,5.1068335,5.105061,5.1231318,5.116675,5.111012,5.129681,5.092681,5.0837526,5.120727,5.0972977,5.1077785,5.0947356,5.1154833,5.120045,5.104399,5.105576,5.108603,5.1105785,5.0956097,5.099189,5.1244807,5.098451,5.1158714,5.123333,5.141399,5.1212535,5.124249,5.1403766,5.1394095,5.138571,5.14397,5.1304073,5.1383233,5.1714272,5.1688247,,,,,,,,,,,,,,,,,,,,,,,,,,,,,,,,,,,,,,,,,,,,,,,,,,,,,,,,,,,,,,,,,,,,,,,,,,,,,,,,,,,,,,,,,,,,,,,,,,,,,,,,,,,,,,t63
FS/491.png,right,0.2951576000050409,5.449178,5.4602585,5.47127,5.452412,5.4719105,5.443157,5.4388294,5.4523473,5.461551,5.4795423,5.4724584,5.486538,5.4631066,5.4819326,5.4656672,5.486328,5.4623947,5.4821925,5.4836297,5.482004,5.4737678,5.4888854,5.4868007,5.499631,5.4958234,5.5035324,5.4935117,5.496972,5.479021,5.4807763,5.49816,5.4647226,5.4767537,5.4918375,5.4748325,5.4866743,5.4608307,5.4955525,5.4857745,5.4876995,5.504382,5.4711013,5.4970746,5.4782944,5.5024114,5.490559,5.5218277,5.512811,5.4609504,5.5156446,5.4925675,5.4927278,5.4977126,5.484081,5.5089636,5.4789,5.459126,5.4468756,5.4107475,5.4569297,5.429724,5.4504294,5.38965,5.369669,5.376221,5.3585944,5.367422,5.352464,5.3428497,5.329851,5.326826,5.3088818,5.2923,5.285686,5.2861648,5.2865896,5.2526855,5.239572,5.224161,5.2443347,5.2213984,5.249031,5.219692,5.2304792,5.1990395,5.208076,5.2031374,5.217767,5.217956,5.2263527,5.2397785,5.2188287,5.236485,5.2079268,5.2078247,5.222553,5.2278543,5.226502,5.244516,5.2316723,5.2257442,5.2245216,5.236252,5.246184,5.243553,5.2541003,5.250586,5.2607436,5.2669544,5.2575946,5.2514944,5.279055,5.284954,5.2848606,5.2947474,5.307336,5.310248,5.333501,5.329512,5.31092,5.316333,5.345356,5.3263803,5.373318,5.3452487,5.3611255,5.366019,5.374364,5.3594923,5.369032,5.3719845,5.3987503,5.386425,5.376551,5.3838806,5.3710985,5.324149,5.305333,5.2862067,5.2605705,5.2369137,5.2156706,5.1446905,5.106584,5.101069,5.036328,4.99891,4.938535,4.9132614,4.8689265,4.819967,4.78535,4.731398,4.7128434,4.6989584,4.6440783,4.5945463,4.559237,4.516818,4.5011277,4.4519286,4.4592905,4.37676,4.3789783,4.356347,4.33993,4.3294563,4.3159304,4.309606,4.2465305,4.2372622,4.2419133,4.223664,4.1918025,4.2143583,4.1878166,4.162686,4.1425776,4.1440086,4.1729627,4.1228766,4.1644216,4.1497746,4.137278,4.13205,4.140289,4.122207,4.128484,4.126369,4.1168923,4.1348944,4.1474223,4.150249,4.1365814,4.11299,4.1429014,4.1521544,4.1474743,4.1755204,4.1733346,4.1903977,4.1936703,4.211111,4.205024,4.233464,4.246677,4.2492075,4.2502327,4.257143,4.2500367,4.274262,4.2979074,4.291821,4.3209763,4.337893,4.354906,4.368685,4.3782845,4.4154644,4.446475,4.4363484,4.4978395,4.457732,4.4621644,4.5133605,4.5102797,4.5233054,4.5448704,4.5561137,4.558854,4.606754,4.6454306,4.61632,4.6535826,4.670156,4.675045,4.6812983,4.6950345,4.685627,4.7428865,4.742214,4.7901826,4.768668,4.813043,4.794942,4.8220615,4.822019,4.8439417,4.871619,4.8672624,4.8771505,4.9018493,4.897575,4.916277,4.912264,4.9441566,4.91739,4.966531,4.978219,4.970456,4.980906,4.9979553,5.0254874,5.008628,5.03249,5.0411983,5.0629315,5.0477023,5.075954,5.0981503,5.1026397,5.1285367,5.1388674,5.1496315,5.138996,5.166734,5.1610603,5.167723,5.168563,5.1624703,5.1644926,5.193984,5.1922083,5.190971,5.185325,5.197337,5.220624,5.212853,5.2493224,5.248797,5.2571507,5.2596474,5.253799,5.2576327,5.2534785,5.2646585,5.2590365,5.263746,5.2621384,5.2632294,5.2982764,5.2776537,5.302203,5.284115,5.2979918,5.296195,5.3170257,5.33186,5.323492,5.335668,5.3146033,5.3061967,5.3198,5.3088393,5.3311696,5.3348684,5.339047,5.3264523,5.3101435,5.3445034,5.3309503,5.335489,5.3572097,5.3460083,5.337929,5.3415246,5.330383,5.34961,5.350018,5.348599,5.3117228,5.3370924,5.346259,5.3259435,5.318652,5.3412905,5.338065,5.316306,5.3201604,5.334899,5.3378572,5.34013,5.3187747,5.3451796,5.343516,5.336157,5.331795,5.304352,5.3448462,5.314871,5.3229127,5.2862897,5.2940254,5.3311706,5.3014555,5.3082066,5.2922034,5.3014536,5.273569,5.2981486,5.3012247,5.2919602,5.286077,5.2936406,5.298537,5.278387,5.293075,5.27356,5.294232,5.2997336,5.2943354,5.276999,5.2866187,5.278235,5.295032,5.3008003,5.3104997,5.3014145,5.3066487,5.3018627,5.2954416,5.2977247,5.307394,5.2926507,5.298146,5.298702,5.2915773,5.3031716,5.3046575,5.302168,5.301313,5.314369,5.3103113,5.307972,5.311462,5.3083825,5.3034544,5.3027925,5.3218718,5.3068285,5.308141,5.3321223,5.314151,5.321889,5.3284693,5.330273,5.3388352,5.329254,5.322967,5.331484,5.320633,5.338357,5.334227,5.3514047,5.347646,5.3317213,5.3702884,5.337986,,,,,,,,,,,,,,,,,,,,,,,,,,,,,,,,,,,,,,,,,,,,,,,,,,,,,,,,,,,,,,,,,,,,,,,,,,t27
FS/491.png,right,0.2704746999952476,4.974249,4.9860215,4.9607844,4.9503837,4.966522,4.9712996,4.9926844,4.9903855,4.964358,5.004741,4.9802294,5.003199,4.98362,5.003957,4.9582715,5.018315,4.989478,4.992392,5.011515,5.022872,5.020862,5.003638,5.0184584,5.0125833,4.986902,5.0062356,5.0258083,5.018483,5.0257196,5.0236025,5.015019,5.006395,4.9747715,5.0043497,5.022121,4.9991045,4.973365,4.997422,5.0220456,4.997372,5.006727,5.0016274,4.9833665,5.010113,4.970358,4.982419,5.008966,5.0082326,4.9970427,4.9779015,4.9695916,4.9727473,4.9839487,4.9772735,4.9770684,4.962403,4.9631076,4.963643,4.9605746,4.951167,4.9544897,4.9311047,4.9553022,4.9023266,4.9073834,4.8835235,4.878964,4.895071,4.864508,4.841121,4.8453426,4.782038,4.7986073,4.7761064,4.792839,4.753277,4.724582,4.7391496,4.7240467,4.696918,4.6984763,4.680994,4.7327237,4.6799045,4.6782103,4.6817026,4.6831627,4.68904,4.6841445,4.682854,4.672047,4.6774297,4.6781826,4.6896157,4.676916,4.6892643,4.686679,4.685655,4.7293277,4.6878233,4.7211113,4.750013,4.750696,4.7617607,4.7708664,4.7861323,4.77096,4.7957683,4.792127,4.7965503,4.8003225,4.808937,4.79497,4.825565,4.8237624,4.8144784,4.823433,4.857942,4.8604817,4.8661523,4.8695006,4.893813,4.9241385,4.939543,4.9372644,4.9320827,4.9243073,4.9445925,4.940082,4.9489646,4.949012,4.952203,4.9448853,4.971692,4.9600534,4.9488955,4.947836,4.937267,4.936201,4.884613,4.857149,4.845526,4.796028,4.801521,4.7556114,4.7107854,4.644917,4.626106,4.592134,4.544103,4.489878,4.496127,4.4493823,4.4240103,4.3955903,4.354128,4.329892,4.2744784,4.262719,4.216443,4.2229605,4.210299,4.1620393,4.156051,4.133183,4.092999,4.088885,4.1041374,4.074472,4.052969,4.080115,4.053755,4.0325747,4.011531,4.0054364,4.0080876,3.975193,3.9728847,3.9602828,3.9663403,3.937673,3.9705114,3.9387062,3.9489439,3.965099,3.977564,3.9612675,3.9608643,3.9803681,3.9979246,3.9839616,3.9707437,3.9967823,3.9990656,4.008184,4.009118,4.0153127,4.014447,4.040006,4.033535,4.062843,4.070309,4.08597,4.0805936,4.076235,4.089653,4.1285944,4.1485057,4.154343,4.1641946,4.165633,4.1942673,4.182769,4.209991,4.228905,4.235151,4.24597,4.25201,4.2752447,4.3026915,4.3377857,4.3370233,4.3576875,4.3562813,4.3520484,4.3890705,4.4192233,4.443157,4.459928,4.4650927,4.4700613,4.487199,4.486339,4.499386,4.526731,4.5260096,4.5618286,4.593775,4.593878,4.611628,4.6252875,4.5977335,4.616072,4.632375,4.6422567,4.6490874,4.678294,4.681244,4.717114,4.7110496,4.740671,4.7366424,4.741969,4.7485147,4.780429,4.7797046,4.8070736,4.810993,4.8107753,4.8289194,4.8345747,4.837099,4.8123393,4.8669634,4.881271,4.894379,4.8856525,4.9272604,4.9277596,4.9256344,4.951208,4.976741,4.9691925,4.936231,4.972022,4.9935546,4.9865212,5.0119863,4.993265,5.0073566,5.032078,5.0369105,5.052598,5.0486217,5.0671396,5.0808992,5.076628,5.075205,5.1139145,5.1262913,5.1188264,5.1162624,5.134687,5.122168,5.135562,5.1257615,5.1318974,5.128147,5.1198616,5.119666,5.143339,5.1497493,5.1662855,5.170938,5.187493,5.1690984,5.1674814,5.1802177,5.169716,5.176163,5.1961436,5.2221103,5.1666236,5.1727304,5.175597,5.1985116,5.1946063,5.189881,5.203314,5.22423,5.177367,5.212249,5.1720695,5.1800275,5.209182,5.2150297,5.203142,5.2079053,5.195865,5.1779227,5.1866393,5.1974177,5.1811776,5.185931,5.18143,5.1784515,5.1716914,5.1816406,5.142496,5.1295033,5.173729,5.163756,5.160239,5.152639,5.1649013,5.160225,5.148533,5.1595225,5.1343374,5.167265,5.14186,5.155925,5.1590066,5.1298857,5.1422944,5.1483417,5.155279,5.1369796,5.1294765,5.117563,5.1427026,5.147687,5.1648827,5.1605463,5.156823,5.153011,5.142579,5.1521897,5.1444464,5.1618905,5.1669617,5.1625495,5.1814666,5.19244,5.175004,5.185051,5.1801405,5.189196,5.184236,5.1878967,5.2076964,5.2006693,5.1953735,5.19012,5.2059894,5.2143106,5.217952,5.1878295,5.21353,5.2067924,5.2311487,5.2274404,5.215915,5.2116723,5.2106986,5.2177105,5.2443395,5.213842,5.2373757,5.2506537,5.2531996,5.245118,5.2584805,5.249549,5.208622,5.2386537,5.2501054,5.215123,5.2443132,5.256181,,,,,,,,,,,,,,,,,,,,,,,,,,,,,,,,,,,,,,,,,,,,,,,,,,,,,,,,,,,,,,,,,,,,,,,,,,,,,,,,,,t36
FS/571.png,right,0.1998166999983368,5.095749,5.1460643,5.109075,5.1223674,5.138145,5.1051674,5.122615,5.1290746,5.1155787,5.117462,5.1286874,5.141149,5.1398683,5.1354537,5.1270533,5.1438727,5.152396,5.1665854,5.1350794,5.1647353,5.159571,5.1552773,5.158929,5.160455,5.17241,5.1647315,5.1737003,5.1648884,5.163272,5.1763067,5.168542,5.165169,5.171119,5.1649246,5.170543,5.1643205,5.1717486,5.1769395,5.1844897,5.1893697,5.1728997,5.1654005,5.194384,5.1852164,5.1836905,5.1910944,5.178484,5.1845193,5.1942997,5.2119293,5.193922,5.203956,5.182189,5.1852593,5.192187,5.18109,5.2029567,5.1943297,5.1819253,5.1682596,5.1565676,5.135853,5.1784334,5.099572,5.0789056,5.081251,5.0773687,5.065223,5.046079,5.030468,5.0006557,5.0115128,4.994736,4.97805,4.9639754,4.939184,4.9336715,4.915452,4.9208493,4.894956,4.9118667,4.9103775,4.8985844,4.890057,4.876138,4.874037,4.882726,4.844738,4.8738317,4.8442273,4.843049,4.8401766,4.8652735,4.8501973,4.86006,4.8654065,4.8609586,4.8740973,4.8590336,4.8689594,4.869265,4.8947344,4.9107924,4.9169803,4.8827477,4.9046803,4.924207,4.946052,4.9400926,4.959217,4.9751673,4.9702334,4.9646034,4.972272,4.988178,4.9873843,4.993956,5.006802,5.009116,5.0316887,5.0012,5.0186906,5.0392528,5.0352087,5.024138,5.0854053,5.109795,5.102107,5.0895658,5.1379743,5.111432,5.133644,5.148084,5.15125,5.1601095,5.159311,5.1354027,5.147854,5.112982,5.124604,5.0913706,5.060049,5.0246825,5.0255713,4.985236,4.973906,4.9386525,4.9338202,4.8953815,4.8312263,4.7749877,4.7583485,4.7397013,4.731622,4.710804,4.6600327,4.629294,4.625394,4.598683,4.5737743,4.5417285,4.5046587,4.504967,4.488153,4.475475,4.4683743,4.400762,4.3846927,4.381255,4.3915925,4.3713894,4.364068,4.365766,4.3672433,4.370157,4.3458166,4.3648944,4.367613,4.3677697,4.3588867,4.34931,4.368924,4.366222,4.3515687,4.3603215,4.352234,4.3536253,4.361384,4.3601017,4.3695984,4.3940244,4.365367,4.380835,4.4015083,4.3995233,4.4095864,4.425368,4.401513,4.4083066,4.414505,4.4348845,4.414883,4.4392796,4.4385376,4.461848,4.4523087,4.4633813,4.4775376,4.5252867,4.529227,4.5551825,4.576853,4.5709944,4.589946,4.6144195,4.6384473,4.6307945,4.672918,4.663633,4.690774,4.7244244,4.705516,4.723067,4.758641,4.7585692,4.7863507,4.796097,4.7913914,4.8331704,4.8535066,4.8631935,4.866789,4.869084,4.8702917,4.8725433,4.910995,4.934168,4.9564433,4.9850416,4.990477,5.0097666,5.023583,5.019165,5.046256,5.0346117,5.042602,5.0525503,5.0483313,5.073013,5.093004,5.109336,5.083132,5.132118,5.111624,5.1232257,5.135354,5.151514,5.1679516,5.170244,5.169929,5.191892,5.1907454,5.1927276,5.2240953,5.2222443,5.2480154,5.231926,5.2600846,5.2671747,5.2560687,5.2478957,5.281576,5.2776814,5.2459335,5.281491,5.291284,5.2896404,5.2962112,5.3064523,5.308358,5.3309383,5.321458,5.3147683,5.333906,5.326581,5.332799,5.3362885,5.3320665,5.346798,5.3619695,5.3456297,5.3535614,5.3298845,5.334207,5.338659,5.345397,5.35106,5.335074,5.374084,5.3750234,5.369266,5.361171,5.3633957,5.362792,5.349387,5.339784,5.353535,5.3648434,5.3463063,5.342313,5.365075,5.350696,5.345401,5.3469844,5.3450465,5.341868,5.3270464,5.3323526,5.3420043,5.34805,5.3402767,5.337386,5.3299823,5.3245673,5.3376384,5.305378,5.2923994,5.3269625,5.2962236,5.300145,5.296985,5.2884297,5.2994876,5.2617416,5.2646585,5.287532,5.257553,5.26843,5.2579556,5.2722273,5.279687,5.276244,5.2893515,5.2556844,5.2431526,5.2572904,5.233383,5.240462,5.245184,5.222053,5.246151,5.2359595,5.245188,5.251493,5.236874,5.2289777,5.260528,5.2209387,5.2309384,5.236185,5.2492785,5.2356935,5.252797,5.2457824,5.232548,5.2362895,5.2278366,5.2383523,5.232938,5.2461596,5.2234564,5.23888,5.220468,5.228785,5.2462244,5.2525053,5.233096,5.230949,5.2125807,5.2268286,5.254121,5.2722716,5.2312374,5.265046,5.2238445,5.245651,5.219072,5.221944,5.2257314,5.2149625,5.24385,5.2470083,5.2272134,5.2201753,5.2170215,5.2098665,5.214129,5.1953797,5.2435846,5.232836,5.24404,5.2364535,,,,,,,,,,,,,,,,,,,,,,,,,,,,,,,,,,,,,,,,,,,,,,,,,,,,,,,,,,,,,,,,,,,,,,,,,,,,,,,,,,,,,,,,,,t32
FS/191.png,right,0.2241731000103755,4.812563,4.831819,4.814385,4.816902,4.8398786,4.8208566,4.8269463,4.832629,4.819317,4.84135,4.8224735,4.8362365,4.827321,4.832343,4.832926,4.82772,4.8335576,4.8277392,4.8349285,4.827921,4.831202,4.843881,4.835188,4.8166294,4.8176937,4.8197803,4.813129,4.814378,4.8127847,4.8254056,4.8332734,4.839288,4.828231,4.848578,4.8301253,4.81197,4.821258,4.8488345,4.8473296,4.848071,4.8386116,4.852358,4.8550367,4.8223886,4.867171,4.8882537,4.90192,4.885553,4.85825,4.887803,4.886018,4.8766165,4.9087105,4.9167986,4.9051466,4.916911,4.8836308,4.932802,4.89723,4.910758,4.9133782,4.90819,4.8888235,4.8857245,4.878474,4.887682,4.8713346,4.871377,4.861738,4.826691,4.8467083,4.8270845,4.8209925,4.8104887,4.7806425,4.775567,4.748327,4.7381344,4.705688,4.7000957,4.693685,4.6966734,4.7032485,4.7266746,4.689506,4.6856885,4.6767273,4.6870794,4.674147,4.6763964,4.6733313,4.6747503,4.683367,4.6853805,4.6830006,4.6907706,4.6976686,4.6885915,4.6805105,4.684357,4.714476,4.693467,4.6951027,4.6947484,4.7141924,4.723342,4.7056837,4.738536,4.7320385,4.79024,4.7676525,4.7813635,4.8112683,4.812286,4.783863,4.8166437,4.824654,4.8526692,4.849767,4.8654923,4.847814,4.8730135,4.853843,4.881071,4.883259,4.9101934,4.9246683,4.9172344,4.923878,4.939843,4.950108,4.9546275,4.94455,4.936711,4.9401784,4.961832,4.942187,4.950295,4.948735,4.9160967,4.851655,4.811039,4.7735076,4.7449393,4.7374687,4.7279134,4.653639,4.610074,4.588293,4.547856,4.5084896,4.4699764,4.420837,4.39506,4.375289,4.3158054,4.289199,4.2585883,4.234848,4.2031374,4.196525,4.1546416,4.133843,4.1043715,4.088855,4.062933,4.033648,4.0325933,4.0204864,4.0031223,3.9997354,3.9972434,3.976097,3.9904802,3.9476357,3.9257452,3.9727159,3.9469569,3.9720502,3.9106898,3.9140186,3.9216597,3.9315944,3.9430938,3.9156318,3.923748,3.9392142,3.938906,3.9470563,3.9329822,3.9154596,3.9504852,3.9322133,3.98278,3.9724467,3.9739547,3.9926674,3.965314,4.0026035,4.0058985,3.987131,4.0324144,4.0053506,4.0317793,4.029931,4.071206,4.047416,4.0776706,4.0755787,4.0692897,4.0781603,4.1001277,4.1386504,4.1602926,4.1686177,4.1416764,4.183571,4.2214355,4.193191,4.2438297,4.258978,4.289832,4.2982335,4.3036203,4.309449,4.3370395,4.3553443,4.355376,4.378577,4.3720856,4.431432,4.447876,4.4566164,4.4845705,4.484419,4.503569,4.5302124,4.5415764,4.5373716,4.591725,4.607056,4.5965314,4.617286,4.6175404,4.6373405,4.6481757,4.6754465,4.7065034,4.6947656,4.724468,4.727237,4.7356167,4.7399616,4.745647,4.7483544,4.7591805,4.790358,4.8059726,4.798189,4.8375196,4.8470554,4.85881,4.8792458,4.882451,4.880432,4.888213,4.9115877,4.9242334,4.9465365,4.933312,4.9392505,4.9676247,4.960432,4.987226,5.0035286,4.992492,5.0022516,5.0178246,5.01217,5.012165,5.0157914,5.0129337,5.025573,5.0537496,5.044802,5.0509896,5.056084,5.060435,5.0612364,5.059015,5.0758176,5.117029,5.0873528,5.1189003,5.1156044,5.1173515,5.1146717,5.156779,5.122396,5.174005,5.1346564,5.1536636,5.1619,5.178924,5.197496,5.179148,5.186126,5.2040305,5.1895766,5.2124834,5.217623,5.2063165,5.2131896,5.207227,5.2163754,5.214954,5.232889,5.2276025,5.2329164,5.2355843,5.2012396,5.227803,5.2231817,5.2227755,5.2263904,5.219608,5.2304797,5.212311,5.2218957,5.2434354,5.219468,5.2347264,5.2169356,5.2058606,5.210457,5.2200875,5.2068486,5.2044783,5.201846,5.187177,5.194359,5.2035017,5.1956887,5.1941056,5.160556,5.182746,5.15986,5.1720376,5.1696463,5.132856,5.1324477,5.133056,5.1558304,5.1670814,5.117669,5.129112,5.1294894,5.1226344,5.119767,5.1153646,5.106095,5.1126947,5.1091857,5.0985928,5.1027303,5.1038594,5.100354,5.1089597,5.1426134,5.118036,5.1127462,5.1097326,5.142089,5.1067476,5.114577,5.127247,5.12609,5.1193595,5.1212273,5.1370344,5.1243005,5.133598,5.125368,5.1373277,5.125011,5.133526,5.139307,5.1284704,5.130183,5.1330667,5.118491,5.1333303,5.1253777,5.13359,5.135549,5.127698,5.1465898,5.1358404,5.136861,5.1417847,5.127858,5.13677,5.1396713,5.1559663,5.1494417,5.1392894,5.1600184,5.1529403,5.15372,,,,,,,,,,,,,,,,,,,,,,,,,,,,,,,,,,,,,,,,,,,,,,,,,,,,,,,,,,,,,,,,,,,,,,,,,,,,,,,,,,,t34
FS/51.png,right,0.3014722999942023,5.1593957,5.1853194,5.185628,5.1902294,5.1647334,5.1704764,5.1739397,5.1751304,5.184816,5.169464,5.1878314,5.184359,5.1755285,5.1830125,5.194775,5.2056427,5.179196,5.1812973,5.1942196,5.1662455,5.198217,5.192036,5.200417,5.1669965,5.177398,5.1660066,5.1821156,5.170601,5.2014494,5.185499,5.180967,5.177118,5.185325,5.1440964,5.186287,5.1665573,5.1517806,5.150567,5.162593,5.1852627,5.130126,5.1511126,5.151127,5.1793647,5.140853,5.144028,5.1548343,5.118477,5.1185284,5.1254005,5.116733,5.0981827,5.1062837,5.1066933,5.109518,5.1110034,5.086408,5.0984373,5.0843253,5.084458,5.02557,5.0547256,5.041489,5.0374765,4.9802465,5.001137,4.990575,4.9587827,4.9564214,4.920648,4.931948,4.911567,4.8984356,4.909267,4.8873267,4.8716474,4.8570075,4.880956,4.845272,4.875049,4.840964,4.8565416,4.8696413,4.847332,4.8599343,4.838634,4.8498945,4.8356156,4.828012,4.8284144,4.829205,4.8674946,4.857986,4.846529,4.869597,4.859131,4.8749785,4.856988,4.871806,4.875681,4.863089,4.890197,4.8980303,4.890519,4.8800235,4.8970532,4.899295,4.909141,4.8898892,4.9346976,4.920061,4.95536,4.960995,4.9657335,4.973158,4.991567,5.0069227,5.012419,5.0098176,5.0333614,5.0401273,5.0386286,5.036068,5.0466266,5.06782,5.053759,5.0744853,5.062438,5.0742645,5.0920777,5.0885925,5.082867,5.0855713,5.080856,5.075882,5.074858,5.06396,5.0465927,5.021049,4.9515634,4.950267,4.890433,4.845812,4.8263116,4.8043184,4.7669244,4.703057,4.686327,4.6368504,4.592822,4.5735035,4.5255756,4.462866,4.463698,4.4007144,4.3868957,4.3531127,4.315567,4.2884207,4.2511196,4.257338,4.2029376,4.180644,4.1953793,4.1792545,4.127807,4.146317,4.0926642,4.0861483,4.089752,4.051327,4.030791,4.0294323,4.021248,4.023396,4.02527,4.028739,4.0019765,4.0116577,4.0185304,3.9974074,4.002716,3.9786026,4.0076795,4.026775,3.9906921,4.0149655,3.9938073,4.011925,4.003208,4.0295568,4.030133,4.0294614,4.0407557,4.055305,4.0526967,4.0643106,4.076193,4.116993,4.1077023,4.124908,4.1289625,4.1692715,4.179725,4.1865773,4.1801744,4.184667,4.2235622,4.224675,4.2382135,4.2681623,4.258033,4.2749443,4.309338,4.3264756,4.3479114,4.374093,4.3677254,4.403725,4.402969,4.4293118,4.437984,4.4422493,4.437827,4.4459634,4.4798827,4.522389,4.519539,4.5139375,4.5013046,4.52965,4.572344,4.5560446,4.5767694,4.5859656,4.5961275,4.621174,4.643665,4.6564403,4.639531,4.647806,4.659184,4.6818595,4.694163,4.690812,4.707436,4.72308,4.7493463,4.7616386,4.7634892,4.7640443,4.7850523,4.7959228,4.8173532,4.8207736,4.843079,4.8493304,4.8750453,4.8727546,4.884235,4.8895583,4.896367,4.9041595,4.905469,4.920344,4.9364605,4.9348874,4.968217,4.9634657,4.9623656,4.965809,5.0007296,4.9589467,4.999732,4.9852986,5.004922,5.0032926,5.0210214,5.026631,5.048488,5.0467215,5.0645566,5.055676,5.0756283,5.0571566,5.064108,5.1085887,5.0665283,5.094261,5.123429,5.101621,5.1175575,5.1082873,5.1082754,5.1204424,5.0994906,5.1338162,5.123712,5.129057,5.152583,5.102637,5.1448703,5.121098,5.153784,5.117485,5.1293554,5.130235,5.1191087,5.1168857,5.1242394,5.1266375,5.1327543,5.1119776,5.141318,5.1338515,5.144424,5.127935,5.1257772,5.124166,5.1306286,5.130875,5.131916,5.1117587,5.1234274,5.1261234,5.1087737,5.087053,5.094542,5.0590873,5.04767,5.08441,5.1141057,5.1486497,5.1330123,5.082395,5.0927305,5.112814,5.1390266,5.1200643,5.083254,5.0797553,5.0925097,5.0877585,5.081839,5.088383,5.0912466,5.0973334,5.10091,5.0471315,5.087021,5.0735435,5.080594,5.057207,5.0798025,5.071922,5.0461874,5.0612726,5.0457625,5.0452094,5.0540752,5.0470448,5.054638,5.0383263,5.03654,5.035785,5.0519695,5.035386,5.015828,5.034578,5.006748,5.0351715,5.0096083,5.013321,5.001339,4.9846396,5.0066304,5.01309,4.995425,4.9922166,5.0010595,5.0133915,4.990464,4.9726086,5.0105386,4.9979024,4.9654756,4.978308,4.9748077,4.9745646,4.9872885,4.9648066,4.9809823,4.984524,4.9801936,4.963341,4.9947987,4.988809,4.9851003,4.953736,4.952492,4.95581,4.9697824,4.983001,4.937751,4.9597883,4.9423685,4.9545116,4.9673247,4.955098,4.9898868,4.9613037,4.959511,4.981668,4.974249,4.9860215,,,,,,,,,,,,,,,,,,,,,,,,,,,,,,,,,,,,,,,,,,,,,,,,,,,,,,,,,,,,,,,,,,,,,,,,,,,,,t35
FS/51.png,right,0.2576727000123355,5.199078,5.17638,5.1726108,5.1752043,5.1822796,5.1683054,5.18285,5.1824226,5.1838665,5.1842566,5.1736197,5.1848187,5.1756325,5.185771,5.1552424,5.169951,5.1570997,5.162347,5.1677694,5.1664386,5.186014,5.151367,5.192799,5.157761,5.1806903,5.17527,5.165624,5.1421523,5.1595116,5.1688857,5.153749,5.1465306,5.1692457,5.1723156,5.1601562,5.1680455,5.1655073,5.1654763,5.173664,5.1657257,5.175251,5.1684113,5.1662526,5.1697664,5.165581,5.1726036,5.1463585,5.177468,5.181106,5.169819,5.150502,5.1485925,5.1700563,5.1636887,5.15142,5.1476984,5.139944,5.1305904,5.1245756,5.123476,5.114865,5.11483,5.114839,5.0980144,5.0837703,5.06729,5.0356307,5.0612116,5.00813,5.0225153,4.9983478,5.004459,4.9913764,5.0019217,4.9635334,4.9777946,4.9608974,4.9646235,4.936304,4.965039,4.9446526,4.9629383,4.9401402,4.92318,4.9108896,4.8915396,4.9271083,4.926551,4.9248996,4.9202495,4.9322753,4.921879,4.930663,4.9495473,4.947098,4.945066,4.9500766,4.9563556,4.9591966,4.9612393,4.970867,4.9527326,4.9867043,4.99905,4.9936223,4.9884257,4.9909997,5.009925,5.0129213,5.0291615,5.016756,5.007923,4.9992347,5.032018,5.027932,5.0219135,5.030152,5.0265183,5.0581393,5.04747,5.046113,5.0799584,5.072958,5.0493774,5.065197,5.1041045,5.0669947,5.1062317,5.123101,5.0973783,5.125867,5.1232905,5.1077166,5.124038,5.074913,5.0642934,5.03786,5.0198965,4.978136,4.947625,4.954428,4.8664236,4.8641176,4.818259,4.773462,4.7334714,4.693811,4.6416955,4.6205406,4.5667605,4.5336094,4.5057883,4.451858,4.414116,4.3870826,4.356982,4.346934,4.2966456,4.258066,4.24867,4.216251,4.21613,4.1993756,4.1725783,4.132899,4.1360717,4.1119757,4.120545,4.1224575,4.124952,4.1115794,4.106827,4.072838,4.0628495,4.0355716,4.0376315,4.036576,4.0653014,4.0442424,4.017067,3.9710743,3.9827962,3.9878037,3.9880545,3.9812176,3.9952052,4.032523,4.0020247,4.0022025,3.9969988,4.0379057,4.0333962,4.0815854,4.0933647,4.0991406,4.054679,4.0738072,4.0857577,4.100612,4.1169076,4.098646,4.111209,4.116047,4.1759872,4.203032,4.2123694,4.219205,4.235727,4.2725654,4.3016267,4.2851243,4.3228197,4.32661,4.3277216,4.3427334,4.3679595,4.4029703,4.37751,4.4068913,4.4450693,4.466746,4.4885726,4.4773574,4.4681015,4.496389,4.5246224,4.5259366,4.577704,4.5417237,4.587741,4.608564,4.6024427,4.6285057,4.6482387,4.662776,4.662721,4.669004,4.675552,4.712682,4.724035,4.745606,4.738266,4.769612,4.802534,4.7968655,4.809306,4.808181,4.855204,4.8453965,4.838309,4.8991466,4.881219,4.8823423,4.9226184,4.924244,4.955991,4.9402604,4.968496,5.0157213,4.9848113,4.9819727,5.02941,5.0333266,5.0494,5.062931,5.0567527,5.0650115,5.0660295,5.050881,5.0626793,5.09245,5.11899,5.1059837,5.0975075,5.1207433,5.149865,5.1732235,5.160488,5.1588955,5.1710443,5.1626225,5.1685286,5.1733074,5.1961546,5.209301,5.2081823,5.193583,5.2166805,5.195909,5.202404,5.2243094,5.2138805,5.2021585,5.194521,5.2203636,5.222901,5.2087994,5.211908,5.2117906,5.2278147,5.197845,5.1908374,5.227377,5.2123995,5.210212,5.173311,5.166315,5.1698213,5.183875,5.1532145,5.14802,5.1474957,5.1272507,5.129755,5.1224504,5.111084,5.1025367,5.0739436,5.0617094,5.061711,5.0471187,5.004953,5.006599,4.9922214,4.969883,4.9551487,4.942606,4.940333,4.930606,4.8994164,4.901608,4.8823714,4.8633466,4.8796897,4.851694,4.8317685,4.864553,4.828701,4.7825894,4.802137,4.809282,4.765406,4.769388,4.7587667,4.7695913,4.7602415,4.7674437,4.765432,4.7682304,4.7524223,4.749871,4.7346272,4.733528,4.7513037,4.7697825,4.745782,4.73101,4.7602763,4.752248,4.7359796,4.763839,4.7476063,4.740337,4.7537274,4.7344294,4.780116,4.770347,4.768764,4.792561,4.7815075,4.8023767,4.7929277,4.78423,4.8149624,4.8014297,4.815714,4.8162003,4.83958,4.850667,4.850531,4.862602,4.8665705,4.8569555,4.860315,4.8802915,4.879993,4.8827486,4.8806252,4.8695264,4.898117,4.920194,4.89204,4.9196267,4.945637,4.9417753,4.938665,4.9450746,4.9455056,4.9550376,4.9603596,4.948635,4.9457526,4.9625864,4.9515543,4.9893007,4.9861145,5.0247455,5.0194545,5.0186434,5.042068,,,,,,,,,,,,,,,,,,,,,,,,,,,,,,,,,,,,,,,,,,,,,,,,,,,,,,,,,,,,,,,,,,,,,,,,,,,,,,,,,,t88
FS/81.png,right,0.2661162000003969,5.2035193,5.207189,5.2084684,5.2097425,5.2123356,5.2131634,5.203059,5.197444,5.2198563,5.211825,5.185642,5.2120504,5.2156467,5.2053833,5.217014,5.2024617,5.229742,5.233574,5.210001,5.2148466,5.220952,5.213953,5.2126393,5.218926,5.219678,5.199308,5.2085657,5.2117248,5.2326407,5.2039137,5.2107406,5.2216086,5.2301855,5.225402,5.2204185,5.220896,5.229795,5.224712,5.221106,5.2237124,5.2234545,5.224078,5.227831,5.234936,5.2366796,5.244662,5.228739,5.221912,5.2206864,5.230935,5.244535,5.223065,5.230364,5.238056,5.2335773,5.233668,5.2104936,5.2153034,5.1921387,5.1821337,5.186239,5.168571,5.1736264,5.1519647,5.1392126,5.131804,5.119521,5.105112,5.094481,5.097038,5.0913286,5.066395,5.0178494,5.024531,5.054514,5.0137825,5.003446,4.981124,4.9854603,4.978218,4.973614,4.9640336,4.972842,4.9672294,4.955951,4.956953,4.962052,4.9651866,4.9532256,4.960631,4.9618635,4.9620137,4.967062,4.955005,4.9586782,4.982355,4.965768,4.9656086,4.9659452,4.980074,4.964941,4.9959154,5.0312595,4.9929423,5.008371,5.0186996,5.016356,5.012024,5.0648756,5.071216,5.0558333,5.068904,5.0650983,5.0968695,5.0798573,5.095681,5.086165,5.0991707,5.107722,5.122851,5.110938,5.145245,5.138383,5.1547227,5.1618714,5.1553373,5.160431,5.173076,5.185278,5.2124853,5.197939,5.2219744,5.2075973,5.2048216,5.2114,5.2251515,5.21031,5.2048535,5.1982765,5.163224,5.1630096,5.1183105,5.1099443,5.083606,5.0115066,5.0010567,4.9757724,4.9539013,4.9234757,4.8604064,4.812134,4.8003454,4.7812366,4.714747,4.697783,4.65474,4.619169,4.567127,4.5515037,4.5547705,4.5403013,4.495459,4.463254,4.4486012,4.449445,4.43092,4.386882,4.356525,4.361282,4.327359,4.310702,4.3213005,4.3009024,4.299129,4.281907,4.2692804,4.297528,4.2768745,4.2619143,4.2677073,4.2724724,4.270306,4.254915,4.24344,4.2454653,4.255941,4.2777357,4.267808,4.264737,4.2843323,4.263535,4.26884,4.286802,4.3069296,4.3065004,4.323472,4.3225603,4.3241873,4.3307447,4.3141646,4.3502774,4.356515,4.38363,4.415758,4.4174466,4.426886,4.434308,4.4559097,4.4342937,4.445291,4.461382,4.430753,4.4650283,4.493553,4.3805723,4.200506,4.134359,4.3810534,4.5385365,4.587194,4.6984143,4.754706,4.7671833,4.804653,4.783383,4.8046074,4.819963,4.8715425,4.880694,4.877345,4.9034624,4.9228296,4.905313,4.925352,4.9297357,4.962033,4.943456,4.952812,4.973275,5.0047126,5.0208383,5.0232525,5.02752,5.0249605,5.012531,5.0283837,5.0321283,5.0487833,5.067493,5.0676165,5.080119,5.0614967,5.094137,5.0995407,5.104337,5.109381,5.105002,5.166025,5.1383653,5.1309304,5.1436434,5.175678,5.189295,5.190915,5.193204,5.1898513,5.2073617,5.1985135,5.201715,5.2015395,5.205347,5.217885,5.210799,5.222533,5.2282863,5.2021027,5.228967,5.222479,5.2265577,5.22718,5.232589,5.2479415,5.2396226,5.2353535,5.2342486,5.2552476,5.269257,5.253314,5.2727227,5.2803802,5.2816443,5.292176,5.295122,5.3000994,5.3033566,5.310488,5.311027,5.30517,5.2994514,5.3093777,5.3022795,5.2872124,5.304952,5.3251762,5.301472,5.306048,5.303091,5.291077,5.3262434,5.319188,5.310021,5.2798634,5.317779,5.2966857,5.304717,5.2902,5.299137,5.2835827,5.2706494,5.2863536,5.2731504,5.2750883,5.293853,5.26237,5.2901416,5.2569475,5.2480254,5.259473,5.2893686,5.2729006,5.288053,5.300296,5.281014,5.283472,5.2847,5.295217,5.292005,5.2768984,5.272205,5.2629776,5.267907,5.280254,5.2819147,5.2782755,5.2796965,5.280059,5.2564645,5.268551,5.262932,5.2496567,5.2536197,5.2553787,5.2652254,5.2734423,5.283088,5.245861,5.2594376,5.256355,5.25298,5.2480702,5.249051,5.2627916,5.2386312,5.263595,5.2463984,5.245294,5.249507,5.2474685,5.25062,5.2372766,5.2518706,5.2466445,5.252036,5.2583942,5.2500997,5.2721953,5.2534614,5.2553363,5.2594743,5.2413626,5.2477274,5.2372637,5.247554,5.260789,5.249104,5.2575955,5.2694845,5.2688184,5.274323,5.284204,5.278726,5.2750773,5.302919,5.3001237,5.3157287,5.323836,5.343277,,,,,,,,,,,,,,,,,,,,,,,,,,,,,,,,,,,,,,,,,,,,,,,,,,,,,,,,,,,,,,,,,,,,,,,,,,,,,,,,,,,,,,,,,,,,,,,t39
FS/321.png,right,0.2876167000067653,5.606907,5.590421,5.5815573,5.5836062,5.586503,5.5930047,5.578151,5.592918,5.602687,5.610909,5.6031866,5.5890746,5.590491,5.5708723,5.6043186,5.5755434,5.57782,5.5674257,5.5798845,5.6242394,5.593577,5.6072025,5.613115,5.5784802,5.5995183,5.606635,5.6107383,5.5918574,5.5845523,5.5950675,5.5867314,5.6013293,5.623721,5.6070204,5.589172,5.6226535,5.6036096,5.6270957,5.60575,5.605732,5.60492,5.6070375,5.60887,5.6322904,5.6265497,5.5820947,5.593467,5.592724,5.601938,5.602413,5.6145053,5.572991,5.5996757,5.613288,5.610847,5.6241145,5.6088505,5.579499,5.594864,5.5803256,5.5619965,5.5515847,5.5585213,5.556426,5.5448737,5.5480905,5.515028,5.5210056,5.518141,5.4974437,5.510024,5.491504,5.4688196,5.46339,5.442398,5.431302,5.4356594,5.4228806,5.422989,5.406687,5.418693,5.406217,5.412411,5.395559,5.397858,5.3866143,5.3845897,5.4042807,5.3792396,5.373128,5.388061,5.3740816,5.3756094,5.39385,5.373888,5.377594,5.3892474,5.396086,5.3910174,5.4129195,5.3935776,5.4040484,5.405048,5.3713455,5.4145193,5.4216976,5.4091654,5.4317513,5.433028,5.4420156,5.446799,5.4503274,5.4518514,5.454886,5.4564695,5.4628897,5.476474,5.4661527,5.5046844,5.504551,5.4866204,5.4942603,5.5026927,5.5199614,5.5054717,5.54615,5.5436406,5.5401545,5.5265136,5.5515723,5.533798,5.5450664,5.5428777,5.527483,5.5479364,5.5415263,5.5132575,5.531941,5.479179,5.4764366,5.438787,5.385008,5.3380814,5.307904,5.281671,5.2243724,5.177575,5.16665,5.0958486,5.0570917,4.999655,4.9890723,4.950215,4.9019623,4.8466797,4.8264146,4.788471,4.7490406,4.739644,4.7071185,4.6182942,4.6098967,4.5836782,4.569768,4.5682387,4.513982,4.477806,4.442933,4.4152164,4.400023,4.3805933,4.373372,4.370509,4.38405,4.3613353,4.344631,4.35748,4.3573647,4.3261843,4.322291,4.3328233,4.3043156,4.304497,4.2786903,4.2907577,4.288293,4.2753735,4.2820525,4.294233,4.264906,4.2871118,4.247336,4.2720776,4.266554,4.2977476,4.277518,4.30304,4.283936,4.3103986,4.3015394,4.320253,4.3518414,4.3373,4.3388896,4.3558445,4.3342857,4.383519,4.3793287,4.381507,4.4247336,4.4380665,4.4212537,4.4341936,4.48243,4.4768357,4.4845862,4.48347,4.504662,4.537237,4.5557084,4.557885,4.5740066,4.5880237,4.6136966,4.6243944,4.643178,4.635989,4.7155647,4.7060266,4.739325,4.7402396,4.771774,4.7680755,4.7910323,4.802025,4.837032,4.8142185,4.8684707,4.842592,4.8618007,4.9066806,4.950465,4.9611683,4.9840846,4.986246,4.997306,5.0140696,5.004105,5.0313644,5.0315237,5.054294,5.0470734,5.047322,5.065166,5.090161,5.100971,5.1350965,5.1217194,5.163646,5.1732388,5.1915746,5.1895957,5.1956935,5.2057858,5.225427,5.234862,5.2435713,5.246699,5.25715,5.2550416,5.2518253,5.2683463,5.289895,5.286434,5.2901754,5.297832,5.3350334,5.3277225,5.3331356,5.3329344,5.346649,5.340467,5.3511205,5.376103,5.375828,5.382197,5.367274,5.403042,5.392681,5.393299,5.3768287,5.3953676,5.3990183,5.4256406,5.396191,5.4195023,5.391961,5.418074,5.4420652,5.4134727,5.431602,5.463042,5.4524508,5.4622684,5.448717,5.445385,5.434306,5.451424,5.4454646,5.4481525,5.4492397,5.440801,5.454043,5.4428916,5.4444013,5.4379625,5.4393973,5.4439282,5.445366,5.4327345,5.444243,5.4605107,5.449082,5.4518943,5.4292665,5.4381585,5.4392743,5.44079,5.4388423,5.4174843,5.4167633,5.4384356,5.4345765,5.451995,5.425008,5.4173956,5.4160423,5.4344707,5.411829,5.4452906,5.4262776,5.421654,5.444342,5.417122,5.425135,5.415318,5.428004,5.4197845,5.432565,5.414366,5.4139934,5.415371,5.447727,5.4086432,5.4161224,5.4126515,5.424739,5.4169602,5.402397,5.4196787,5.3985004,5.380035,5.356724,5.3916125,5.407472,5.382905,5.37877,5.401923,5.39015,5.391346,5.4002843,5.3973217,5.4059906,5.402098,5.397868,5.4238677,5.400767,5.4094944,5.400415,5.427921,5.414791,5.4240046,5.4189816,5.4452806,5.436473,5.427646,5.465102,5.474739,5.481245,5.4806175,5.4619255,5.467373,5.468753,5.4642076,5.4819493,5.4858747,5.4909,5.482297,5.4597263,5.483764,5.4715953,5.4878273,5.473045,5.489454,5.509978,5.493068,5.484459,5.490709,5.4726634,5.501075,5.4983597,5.49093,5.4818983,5.4649267,5.497197,,,,,,,,,,,,,,,,,,,,,,,,,,,,,,,,,,,,,,,,,,,,,,,,,,,,,,,,,,,,,,,,,,,,,,,,,,,,,t54
FS/281.png,right,0.2968346999987261,5.501582,5.4919286,5.496173,5.5017753,5.496965,5.5092893,5.508297,5.4814267,5.481674,5.496321,5.498627,5.501843,5.4963274,5.491153,5.50341,5.503988,5.4962916,5.5125566,5.500515,5.492621,5.495492,5.5044713,5.49458,5.4969482,5.503135,5.4937954,5.5064983,5.5060544,5.507452,5.500024,5.5254393,5.512407,5.511149,5.515539,5.521885,5.525809,5.508712,5.5173655,5.517386,5.5163436,5.524798,5.5030904,5.528131,5.512424,5.5142,5.5136013,5.522953,5.5250645,5.518528,5.508747,5.512628,5.5050883,5.5036235,5.5174913,5.520007,5.5017843,5.4933267,5.4766498,5.495951,5.465015,5.4507384,5.4872913,5.443761,5.448112,5.4336834,5.429419,5.4265213,5.4061346,5.3878636,5.3842034,5.379959,5.3483706,5.3386126,5.363611,5.3460417,5.3255553,5.3319273,5.3184776,5.3216305,5.3120384,5.3050017,5.319635,5.307524,5.3011985,5.2778993,5.2932167,5.310315,5.3060846,5.2987733,5.2949433,5.292913,5.3063555,5.2912793,5.310346,5.330383,5.3218865,5.2965794,5.302657,5.299227,5.3106055,5.2939334,5.3062887,5.338438,5.342505,5.344355,5.370367,5.379794,5.3698854,5.349791,5.3774467,5.3752537,5.378496,5.387267,5.389562,5.4232087,5.4137383,5.417918,5.409203,5.419445,5.424913,5.4197054,5.4546566,5.4326663,5.4144006,5.457363,5.4535813,5.465207,5.458155,5.483527,5.4585586,5.4670734,5.499053,5.466,5.476236,5.4825854,5.452509,5.453049,5.407536,5.3797846,5.338426,5.333297,5.316324,5.2594895,5.210037,5.1734524,5.1309223,5.09675,5.06618,4.999369,4.961747,4.9214525,4.91249,4.865241,4.850055,4.8094864,4.7676,4.719372,4.6791716,4.6730127,4.6465073,4.6067224,4.589188,4.583621,4.5300593,4.5092654,4.4800444,4.4573293,4.425594,4.3929405,4.382546,4.3764386,4.3654504,4.361273,4.361299,4.3599634,4.3428006,4.3570924,4.334961,4.331586,4.3450727,4.3170958,4.340136,4.3168383,4.3138924,4.3092933,4.2904315,4.3323298,4.320752,4.303594,4.3161855,4.2859473,4.308672,4.3072376,4.288962,4.3229446,4.3493104,4.3202515,4.319218,4.3229785,4.380071,4.3817654,4.419828,4.4224586,4.407808,4.424823,4.40587,4.436196,4.4575863,4.4597454,4.4820776,4.481606,4.481036,4.5460835,4.5647554,4.5516768,4.5860543,4.592191,4.599447,4.622997,4.62365,4.6398683,4.656116,4.68726,4.710095,4.691038,4.76815,4.770984,4.7867618,4.791678,4.845374,4.8338084,4.8409257,4.866846,4.8749776,4.9020085,4.8905835,4.905369,4.921756,4.9406204,4.951909,4.981003,4.9889064,5.010758,5.0263286,5.042941,5.0759373,5.0745,5.08429,5.0889373,5.112827,5.0919447,5.118731,5.1443534,5.1447377,5.124261,5.148771,5.1640105,5.1834135,5.216005,5.209204,5.2259145,5.2056303,5.2349596,5.2194366,5.234557,5.2871814,5.295741,5.2957253,5.296458,5.2945495,5.314326,5.3190136,5.3166423,5.321686,5.352819,5.337871,5.3564076,5.36608,5.349667,5.336246,5.3386846,5.3656816,5.374529,5.3857183,5.410608,5.409787,5.3834324,5.432939,5.429344,5.433969,5.4214067,5.415447,5.4342394,5.4012237,5.425175,5.455836,5.450534,5.4439135,5.4300237,5.4321313,5.460989,5.4409065,5.4850116,5.450128,5.4794297,5.431954,5.442658,5.4449363,5.4379478,5.4535522,5.4649944,5.465784,5.455605,5.4519176,5.445803,5.4527826,5.438947,5.450506,5.4704227,5.4628706,5.4433,5.4450397,5.44538,5.4382443,5.439346,5.426528,5.4337044,5.441532,5.433391,5.409876,5.441585,5.4389,5.4101577,5.4091735,5.43119,5.4275203,5.4280148,5.411979,5.395345,5.406684,5.3863964,5.3884,5.3640885,5.368138,5.3865676,5.3989778,5.3820963,5.3371487,5.359055,5.3231697,5.351374,5.359066,5.327744,5.350033,5.3344736,5.331242,5.3301916,5.32754,5.3208404,5.3473077,5.335438,5.352832,5.3252087,5.32486,5.337067,5.348044,5.3517804,5.3240476,5.355897,5.340308,5.374022,5.3110657,5.329921,5.32684,5.3330135,5.3125463,5.324371,5.3476768,5.329528,5.3449826,5.3597293,5.349367,5.364309,5.3679814,5.3662763,5.3616924,5.342869,5.3411984,5.3839974,5.3606853,5.362841,5.358231,5.344175,5.3645844,5.3574114,5.3909264,5.3763485,5.384506,5.386336,5.376252,5.3918595,5.4057403,5.402725,5.3850255,5.411,5.380414,5.369285,,,,,,,,,,,,,,,,,,,,,,,,,,,,,,,,,,,,,,,,,,,,,,,,,,,,,,,,,,,,,,,,,,,,,,,,,,,,,,,,,,,,,t55
FS/301.png,right,0.234840199991595,5.0563474,5.0720177,5.0755453,5.068554,5.0793757,5.0872784,5.057571,5.0597625,5.080836,5.0721684,5.06478,5.071698,5.070119,5.052429,5.084733,5.0719433,5.07294,5.0722966,5.053176,5.0678067,5.071353,5.059024,5.0448136,5.067201,5.0335135,5.0704784,5.07992,5.046285,5.0592003,5.06116,5.0633717,5.0770764,5.064637,5.0701504,5.0606008,5.0942535,5.0525055,5.0505366,5.066154,5.0385776,5.0700297,5.066242,5.072932,5.058022,5.071626,5.065144,5.0662518,5.0525274,5.05035,5.071051,5.0666018,5.0789413,5.0573072,5.0442953,5.057766,5.0465665,5.04055,5.0288005,5.034022,5.041531,5.053141,5.0362597,5.053741,5.013661,5.020763,5.0152955,5.011311,5.017086,5.002505,5.0172744,4.9949408,5.0037007,4.9575806,5.008671,4.994899,4.9802136,4.999972,4.95917,5.0007014,4.974325,4.9927993,4.975138,4.959304,4.9781275,4.990891,4.97717,4.978768,4.9945416,4.9797482,4.964376,4.992971,4.9866967,5.016774,5.0132337,5.017616,5.0368986,5.0242877,5.0693097,5.039375,5.043578,5.0787826,5.0977197,5.1056914,5.1157084,5.0997524,5.109567,5.121746,5.10729,5.1216736,5.1180515,5.144699,5.1561465,5.159988,5.15318,5.1394916,5.1766343,5.1728387,5.1864543,5.211809,5.2207212,5.219986,5.204846,5.2078257,5.221169,5.219314,5.2293067,5.2246885,5.2603006,5.2464733,5.256712,5.2747426,5.261601,5.280779,5.271439,5.278364,5.285692,5.2673697,5.2468076,5.2187614,5.229412,5.195658,5.183246,5.1378164,5.1031017,5.0428414,5.0314918,5.0120845,4.9648933,4.933384,4.8863816,4.84271,4.825346,4.7760606,4.7443523,4.7119226,4.6925645,4.649538,4.6098337,4.5875874,4.559343,4.541559,4.5031605,4.48829,4.4743114,4.4428916,4.4137096,4.433119,4.3754516,4.374673,4.363392,4.3455606,4.324638,4.336692,4.310456,4.2942967,4.282634,4.2856116,4.296084,4.281969,4.2721443,4.2714643,4.286075,4.2788997,4.286985,4.291548,4.2798033,4.276521,4.281274,4.2767906,4.256356,4.299894,4.2953115,4.2875123,4.2894864,4.300818,4.3148537,4.339341,4.3349957,4.3531513,4.3708525,4.35916,4.3749948,4.409826,4.416721,4.421112,4.416906,4.4306684,4.451489,4.501767,4.4980564,4.52608,4.531592,4.546693,4.550551,4.5976915,4.608224,4.6266093,4.645127,4.6820397,4.6829667,4.6976795,4.6999583,4.74653,4.752641,4.772202,4.8016953,4.807815,4.8222775,4.821436,4.820196,4.8419824,4.8591723,4.8636103,4.899167,4.942308,4.972608,4.9596443,4.955246,4.985426,4.984909,4.9889092,5.0332246,5.043242,5.0421767,5.047544,5.0409513,5.0420465,5.074987,5.0859876,5.103871,5.1179156,5.11444,5.1391096,5.1498575,5.150276,5.1651506,5.1790266,5.1717668,5.1780233,5.185276,5.199689,5.229998,5.223073,5.2395635,5.235067,5.226441,5.2681217,5.2659907,5.2650127,5.304599,5.295366,5.27802,5.3147016,5.3289857,5.3190227,5.3151627,5.324947,5.3364024,5.329104,5.384907,5.3806567,5.3760414,5.3927455,5.3876877,5.380712,5.3932104,5.393365,5.4056463,5.3921905,5.3953166,5.3999386,5.409558,5.406994,5.4095654,5.3996096,5.405743,5.37527,5.4223013,5.405518,5.400265,5.4035983,5.388316,5.3925753,5.404535,5.382048,5.3902955,5.4040313,5.398218,5.3932686,5.3979235,5.3709955,5.375128,5.3639383,5.3832083,5.3632045,5.349771,5.343078,5.341874,5.3396816,5.3386374,5.338851,5.3376284,5.3133945,5.3303237,5.327778,5.340868,5.3197656,5.3056984,5.314,5.3042665,5.294327,5.3066177,5.3184004,5.29631,5.312883,5.3275137,5.3223534,5.3110523,5.2814894,5.290678,5.2947927,5.275576,5.245925,5.2730446,5.222141,5.2242465,5.243474,5.236849,5.223628,5.225477,5.2170053,5.2058797,5.2165666,5.2162504,5.2225204,5.213965,5.1951804,5.2142057,5.195041,5.2125,5.20539,5.1944246,5.2092037,5.2036524,5.199441,5.201468,5.1971245,5.1987824,5.194251,5.195123,5.2012787,5.198586,5.212969,5.21337,5.2135844,5.225004,5.2429843,5.2341433,5.2465506,5.2076044,5.2322392,5.2215805,5.208998,5.223424,5.220795,5.264186,5.2339187,5.257478,5.2297506,5.230854,5.2505813,5.241183,5.2518644,5.2540455,5.2467656,5.267072,5.2648473,5.2609787,5.2631226,5.2701597,5.252113,5.272752,5.2843704,5.2767615,5.2731533,,,,,,,,,,,,,,,,,,,,,,,,,,,,,,,,,,,,,,,,,,,,,,,,,,,,,,,,,,,,,,,,,,,,,,,,,,,,,,,,,,,,,,,t59
FS/201.png,right,0.2362476000125752,5.1645274,5.1887674,5.169118,5.1702514,5.1606684,5.1664605,5.1711206,5.1872325,5.1829543,5.168402,5.1341777,5.126624,5.161438,5.1458454,5.15741,5.1339526,5.119255,5.118632,5.13305,5.115368,5.121041,5.1249065,5.1457634,5.1483755,5.102251,5.1465607,5.1372433,5.148134,5.0853367,5.1015797,5.1076455,5.096022,5.088139,5.1416936,5.121569,5.1114554,5.065811,5.1093006,5.0944967,5.0872374,5.1055007,5.105852,5.087792,5.0994983,5.072464,5.1017895,5.088597,5.0830274,5.0756073,5.0741124,5.065616,5.0539403,5.0777264,5.0814047,5.0883303,5.07661,5.052684,5.038595,5.0299067,5.0159216,5.010832,5.018638,5.007131,5.014256,4.991582,4.981619,4.9643893,4.96352,4.907908,4.9028783,4.923425,4.858864,4.883349,4.8515015,4.866836,4.845482,4.8345413,4.8159256,4.820934,4.807623,4.8113785,4.789461,4.7951846,4.8041472,4.797467,4.7889833,4.7927756,4.784308,4.7826624,4.784378,4.7820354,4.7913694,4.7894945,4.803506,4.79436,4.795781,4.8228655,4.820088,4.835623,4.839501,4.853888,4.854995,4.841196,4.8621,4.860989,4.8516355,4.873905,4.866601,4.8826213,4.895201,4.897348,4.8949704,4.9000597,4.899911,4.900017,4.922021,4.941539,4.913312,4.943661,4.951478,4.955785,4.9554663,4.958208,4.959572,4.999516,4.971615,4.991791,4.998223,4.9713387,5.0007863,5.0321083,5.0320973,5.0011196,5.0170903,4.9921165,5.010335,5.007302,4.964665,4.9459405,4.9249454,4.9093113,4.8825564,4.844083,4.805799,4.7788014,4.745669,4.7035403,4.6542754,4.6210523,4.5589437,4.573627,4.527394,4.497832,4.445959,4.412899,4.398802,4.357076,4.3468056,4.2950225,4.3094854,4.2741985,4.243253,4.2340255,4.225107,4.231376,4.176742,4.16558,4.161027,4.1509843,4.1035004,4.0774856,4.077291,4.0383515,4.077413,4.057003,4.068003,4.023711,4.0257087,4.0060525,4.016112,4.0183806,3.977452,3.9789631,4.007887,3.9971118,4.0024295,4.0222197,4.0046463,4.0549974,4.0977592,4.1072087,4.085237,4.1087446,4.1144605,4.1112876,4.1089325,4.121588,4.119652,4.1309886,4.14097,4.1726627,4.1560116,4.188275,4.212197,4.221229,4.2563853,4.2677355,4.265118,4.274077,4.2957077,4.3343124,4.3525434,4.356896,4.344959,4.377129,4.372231,4.415781,4.462772,4.434056,4.461393,4.46246,4.469664,4.504707,4.4950504,4.5276046,4.52782,4.523776,4.5616903,4.556956,4.60557,4.611763,4.6507416,4.627592,4.6762147,4.6847644,4.7033577,4.724588,4.7125497,4.7088823,4.7484083,4.737704,4.7370095,4.7347155,4.7763987,4.7652783,4.7719817,4.7993255,4.840265,4.824353,4.8685575,4.8634458,4.8739505,4.8627725,4.8968034,4.916736,4.927944,4.9311824,4.929628,4.9255714,4.9641933,4.969981,5.001839,5.0106797,4.9910808,5.0147114,5.012822,5.0494576,5.0452676,5.0538487,5.0527782,5.068728,5.0499406,5.056048,5.077468,5.102142,5.042987,5.102034,5.130384,5.126508,5.1243787,5.118753,5.143074,5.1131268,5.145926,5.130288,5.1651006,5.147403,5.143959,5.161053,5.1403866,5.147448,5.1250057,5.1379385,5.171465,5.133373,5.148871,5.1447215,5.1654067,5.150236,5.1476846,5.136146,5.145168,5.1584744,5.1542144,5.1422634,5.1687016,5.1589622,5.156177,5.144836,5.150657,5.1281576,5.1488843,5.155139,5.155553,5.144696,5.1284866,5.140351,5.144879,5.1248527,5.1020865,5.0990844,5.1060233,5.0920887,5.0887966,5.0986137,5.092072,5.0887513,5.054887,5.024565,5.018117,5.04029,5.0332775,5.034822,5.0258718,5.038476,5.029858,5.0155416,5.038654,5.0243726,5.030198,5.0258923,5.035189,5.018771,4.996372,5.019698,5.0218077,5.0054197,4.9966254,5.009933,4.978944,5.005243,4.9750175,4.9737535,4.979239,4.9821978,4.9753785,4.9535933,4.968958,4.961175,4.9523706,4.9435596,4.9400573,4.942483,4.9445744,4.928659,4.9549155,4.913877,4.908328,4.898512,4.893854,4.8872414,4.9099016,4.9049873,4.9022512,4.914126,4.906286,4.904963,4.92378,4.9152575,4.9139557,4.8997006,4.9151125,4.888799,4.863279,4.875031,4.8745923,4.901242,4.8796434,4.91701,4.869616,4.886801,4.905463,4.897628,4.893019,4.9039373,4.9086037,4.9045362,4.9168434,4.923268,4.9009356,4.9263697,4.912069,4.871198,4.88361,4.862247,,,,,,,,,,,,,,,,,,,,,,,,,,,,,,,,,,,,,,,,,,,,,,,,,,,,,,,,,,,,,,,,,,,,,,,,,,,,,,,,,,,,,,,t61
FS/241.png,right,0.2819986000104109,4.9616385,4.958829,4.95508,4.969131,4.962193,4.957743,4.9646597,4.9583435,4.986214,4.9591675,5.0000796,4.96696,4.978172,4.9741335,4.9615264,4.9952226,5.0067215,4.9825983,4.9783187,5.011712,5.0084186,5.002572,4.967134,4.997425,5.004561,4.993286,5.0292354,5.0199633,5.032287,5.016239,5.029755,5.044645,5.040371,5.054707,5.0254464,5.0500236,5.076395,5.068072,5.071552,5.0832963,5.096431,5.0609627,5.0885305,5.110313,5.1135592,5.1005573,5.088568,5.11261,5.1130877,5.1096063,5.118231,5.113837,5.1338153,5.1439133,5.1619234,5.161788,5.1397486,5.157552,5.162551,5.170276,5.157861,5.1839275,5.162501,5.1752925,5.1556387,5.157427,5.1754675,5.1527166,5.1679473,5.1616163,5.1512094,5.1658173,5.1536493,5.160651,5.1589856,5.149185,5.1604137,5.1724014,5.1563625,5.1663833,5.1685605,5.1382933,5.1719017,5.1455812,5.160781,5.168119,5.155091,5.1564317,5.175889,5.175918,5.156454,5.1537156,5.164161,5.171229,5.1684575,5.187755,5.161417,5.1853795,5.195171,5.189058,5.1978264,5.1780086,5.2089086,5.186492,5.20357,5.1887784,5.1853824,5.186439,5.184554,5.1920605,5.200139,5.1985393,5.186866,5.2072425,5.2297783,5.2356677,5.2326427,5.2275834,5.224643,5.2492065,5.265459,5.2608533,5.2792025,5.289624,5.287724,5.3003054,5.328876,5.316204,5.314691,5.318879,5.320832,5.3340797,5.323867,5.315125,5.323195,5.31784,5.317675,5.3044667,5.268427,5.235014,5.218944,5.18252,5.1450534,5.116971,5.087623,5.056746,4.9865804,4.9520884,4.90846,4.8954706,4.8617616,4.834388,4.794727,4.724639,4.703911,4.6817966,4.6263304,4.5895357,4.5691876,4.5418625,4.5317907,4.4993362,4.4952207,4.435716,4.4115725,4.4073486,4.409085,4.3712473,4.337667,4.335625,4.3200893,4.2898045,4.2907295,4.30158,4.297178,4.2959437,4.2897253,4.2838483,4.2627907,4.2814827,4.258126,4.256543,4.2547874,4.2399945,4.247027,4.2594666,4.240548,4.271993,4.2746077,4.270431,4.244174,4.270816,4.2627163,4.2951074,4.2738924,4.294913,4.2975607,4.2960615,4.3390155,4.3463845,4.340969,4.3708005,4.3806515,4.372906,4.42323,4.432069,4.4353395,4.430437,4.4928875,4.512977,4.527153,4.5475845,4.5703216,4.578516,4.5859394,4.6157613,4.633168,4.6320114,4.6723356,4.676495,4.704683,4.712523,4.769028,4.7810636,4.8055854,4.8105645,4.801066,4.7728753,4.7827077,4.7842884,4.8237,4.849419,4.687715,4.427933,4.275735,5.1770315,5.047152,5.129503,5.1341186,5.228802,5.251689,5.243342,5.221835,5.2366114,5.2267637,5.2568593,5.2650814,5.282007,5.280731,5.303648,5.2865586,5.296991,5.3190556,5.3392005,5.3201475,5.3177905,5.3263593,5.341832,5.3429675,5.38105,5.361783,5.3804016,5.4063525,5.4107947,5.400234,5.416953,5.4157834,5.432193,5.4218936,5.429321,5.4465194,5.4626036,5.4384217,5.4516344,5.453081,5.445535,5.454599,5.4664655,5.4600863,5.476236,5.493899,5.5176334,5.5284104,5.5231166,5.4905953,5.500046,5.5319324,5.522808,5.509075,5.570273,5.5061693,5.5374427,5.5045843,5.538165,5.554736,5.566326,5.54681,5.52749,5.5348134,5.563707,5.5743876,5.5218577,5.545243,5.53165,5.565133,5.562112,5.563148,5.562713,5.5540347,5.564468,5.5518208,5.559151,5.5602384,5.5494475,5.5704956,5.559103,5.545084,5.5721455,5.56673,5.566177,5.5443897,5.5372524,5.5281224,5.568709,5.540793,5.529711,5.524494,5.5615926,5.5592694,5.5434065,5.552224,5.539014,5.5410066,5.5391335,5.5403423,5.539256,5.533568,5.5344853,5.5310593,5.5384336,5.5456634,5.541623,5.5147114,5.505203,5.548112,5.5148077,5.541861,5.53747,5.5333676,5.489859,5.491849,5.487317,5.490717,5.5075192,5.4958715,5.481014,5.4715557,5.4751654,5.4661417,5.4548945,5.4659824,5.442492,5.463975,5.4467826,5.4463334,5.4635453,5.4419937,5.455509,5.4514794,5.4585915,5.452525,5.4422636,5.454415,5.453116,5.452135,5.4535527,5.443475,5.4467854,5.461821,5.4455748,5.4302974,5.4606075,5.4425755,5.44639,5.4526615,5.464501,5.4576564,5.460444,5.445834,5.4557943,5.4308577,5.4550004,5.4483705,5.472777,5.4588547,5.4474573,5.487952,5.4850497,5.4815726,5.4905906,5.463544,5.488083,5.460238,5.480063,5.4735565,5.4770846,5.492956,5.491423,,,,,,,,,,,,,,,,,,,,,,,,,,,,,,,,,,,,,,,,,,,,,,,,,,,,,,,,,,,,,,,,,,,,,,,,,,,,,,,,,,,,t66
FS/231.png,right,0.437624300000607,5.7530627,5.785419,5.762589,5.780317,5.749766,5.755807,5.763029,5.7648025,5.7479534,5.748035,5.7546926,5.770431,5.759544,5.740423,5.7568545,5.7501316,5.733141,5.7598934,5.752797,5.7547555,5.696581,5.7209487,5.721538,5.720128,5.7095046,5.7021646,5.7080083,5.7060995,5.7038126,5.7139015,5.7021604,5.707545,5.698076,5.7021627,5.704668,5.695767,5.6998606,5.704632,5.6932745,5.6998897,5.7066135,5.701567,5.694103,5.702259,5.7075386,5.7030864,5.679896,5.670004,5.6700463,5.678464,5.674674,5.6688166,5.68764,5.690056,5.6772366,5.6886187,5.6807647,5.6806874,5.6795497,5.690955,5.667944,5.674445,5.667953,5.664714,5.6691027,5.6772704,5.6687007,5.652011,5.6829004,5.6665735,5.672483,5.681687,5.66621,5.677425,5.679482,5.668255,5.6674066,5.659847,5.686826,5.6613245,5.6629834,5.678672,5.675577,5.6561766,5.661308,5.6589665,5.6613827,5.6578097,5.653701,5.6596847,5.6563087,5.6544776,5.660048,5.6564217,5.6539445,5.665526,5.658067,5.6601887,5.6430855,5.6502666,5.659258,5.650267,5.6332045,5.6554003,5.634691,5.6594257,5.6610856,5.651584,5.6405373,5.6465645,5.6498194,5.6668677,5.651885,5.659244,5.6384497,5.6140084,5.691416,5.6637106,5.66394,5.6695185,5.6635613,5.6602182,5.658301,5.6592216,5.678421,5.644431,5.694271,5.66739,5.662844,5.691379,5.6656,5.66537,5.6907053,5.671098,5.6415267,5.6457067,5.598074,5.580417,5.543503,5.534816,5.50547,5.4795504,5.4254384,5.3699203,5.3044076,5.257736,5.2696652,5.2186193,5.160934,5.0703917,5.0288486,4.98381,4.967522,4.9340653,4.9113026,4.8394914,4.788577,4.759959,4.718796,4.6962214,4.674829,4.6116395,4.6083717,4.5821643,4.5299053,4.5106044,4.5258255,4.500798,4.462743,4.4617295,4.381802,4.393254,4.3811088,4.3537536,4.353839,4.3255777,4.3342814,4.3382983,4.304599,4.294457,4.3011637,4.3035846,4.2989817,4.302695,4.280902,4.3008323,4.2984705,4.2856197,4.292591,4.265852,4.2779846,4.2736645,4.285142,4.304967,4.273518,4.292759,4.28725,4.322589,4.302756,4.318663,4.3367405,4.345371,4.339475,4.365644,4.3762307,4.365112,4.3922243,4.4351087,4.4387445,4.4890447,4.480864,4.514699,4.5190454,4.529576,4.533316,4.54046,4.524442,4.55889,4.5615625,4.5793114,4.6149993,4.647077,4.6495066,4.682832,4.729117,4.7322607,4.7364764,4.77307,4.778523,4.8095636,4.7740407,4.793677,4.8125114,4.850872,4.8742204,4.914205,4.9109817,4.9271474,4.9464827,4.95685,4.978457,4.9849057,5.013474,5.007382,5.042738,5.0349708,5.0548286,5.070687,5.1032076,5.1188464,5.1256824,5.127794,5.1391926,5.1698346,5.175105,5.1890774,5.190963,5.210891,5.2160416,5.1996183,5.245838,5.252249,5.267694,5.2642593,5.2748156,5.268558,5.2720246,5.3061686,5.2899857,5.3184094,5.3452845,5.352002,5.3607917,5.380928,5.396141,5.409484,5.416622,5.4243937,5.431564,5.431477,5.4446054,5.4558487,5.4602265,5.4575553,5.4790525,5.479385,5.4818916,5.4803777,5.498796,5.4909205,5.489112,5.503839,5.5188503,5.532281,5.553084,5.522103,5.5424876,5.555874,5.553016,5.5583167,5.564159,5.551661,5.5817866,5.5815735,5.610169,5.577847,5.5794396,5.585368,5.61426,5.631568,5.6300707,5.5976863,5.6282716,5.6153445,5.6438556,5.6480513,5.6080027,5.6565504,5.6352615,5.655929,5.66106,5.644825,5.653506,5.6827326,5.640647,5.6624317,5.663551,5.6755824,5.6401553,5.6401634,5.6430326,5.654591,5.6428785,5.648055,5.6214128,5.600945,5.619311,5.6040573,5.601088,5.5971007,5.6191254,5.673165,5.2926254,5.593614,5.6789293,5.6503925,5.694868,5.663859,5.571,5.6081038,5.586906,5.610268,5.580573,5.5541058,5.54696,5.5559173,5.5497375,5.5589657,5.577402,5.5594945,5.5569077,5.5638895,5.5501866,5.556449,5.5387607,5.543325,5.5340447,5.535695,5.531009,5.5189853,5.5263057,5.5189795,5.548569,5.5300593,5.524811,5.534526,5.519801,5.5161214,5.523141,5.516672,5.506498,5.507375,5.5136876,5.534741,5.518387,5.5117884,5.529198,5.5093107,5.5215664,5.5065174,5.535114,5.549376,5.5308957,5.538348,5.5316906,5.5110345,5.5371885,5.5439186,5.5493665,5.545423,5.524078,5.5380173,5.558067,5.531444,5.5449853,5.554183,5.5696034,5.552787,5.553836,5.5627456,5.566898,5.53501,5.561945,5.558599,5.5425153,5.5430813,5.56897,5.559021,5.552776,,,,,,,,,,,,,,,,,,,,,,,,,,,,,,,,,,,,,,,,,,,,,,,,,,,,,,,,,,,,,,,,,,,,,,,,,t70
FS/91.png,right,0.2829879999917466,5.4333096,5.41461,5.4596653,5.4414244,5.4437103,5.431795,5.445223,5.449532,5.44419,5.450659,5.431459,5.4231977,5.463136,5.4526477,5.466015,5.446289,5.450381,5.4638867,5.472553,5.457822,5.450597,5.456223,5.4586196,5.458912,5.483946,5.462744,5.474051,5.464161,5.474508,5.462381,5.4692225,5.4726143,5.4678364,5.459065,5.4817915,5.471037,5.4664483,5.487643,5.4822187,5.481956,5.4919333,5.4737473,5.412836,5.4799743,5.4744916,5.4872813,5.4871173,5.478923,5.5058866,5.445211,5.477073,5.467774,5.4602327,5.479774,5.469315,5.4597273,5.483855,5.456747,5.464639,5.4821873,5.4294667,5.4754386,5.440336,5.428851,5.421174,5.4147873,5.405663,5.3775053,5.3671675,5.35587,5.3692503,5.3360066,5.344871,5.3433504,5.323306,5.3175454,5.2784834,5.290809,5.2577934,5.254421,5.233237,5.2417836,5.252997,5.234165,5.230015,5.1977973,5.2219954,5.215315,5.1871257,5.1905093,5.195626,5.1898417,5.196506,5.1863713,5.207146,5.172124,5.1837397,5.1890836,5.181485,5.1892457,5.2020693,5.181208,5.1930976,5.1864448,5.1901608,5.21546,5.2373934,5.200839,5.237541,5.2576385,5.265354,5.263649,5.2658367,5.275156,5.3083997,5.292914,5.2815113,5.2803235,5.3125806,5.3046803,5.3251266,5.3218246,5.339214,5.3550406,5.3698153,5.333693,5.3742933,5.3676586,5.380301,5.3668356,5.356374,5.366968,5.328702,5.3472595,5.3233576,5.2843575,5.253564,5.2509313,5.1971107,5.1922326,5.144824,5.1285453,5.0933847,5.056621,5.042637,4.9899993,4.9091935,4.892463,4.84769,4.817405,4.805359,4.748362,4.7500944,4.7061553,4.655732,4.6353292,4.6332545,4.6373453,4.6137376,4.571552,4.542754,4.552162,4.528,4.4868956,4.480849,4.4520135,4.4431896,4.4261127,4.4135785,4.412013,4.390512,4.4089317,4.3958,4.4108515,4.410794,4.3679566,4.396665,4.3884335,4.393474,4.3681602,4.394649,4.3866463,4.390146,4.400887,4.3879223,4.3982744,4.415584,4.4232035,4.423982,4.414799,4.4237595,4.4240365,4.4477916,4.464683,4.510959,4.547998,4.529922,4.5398498,4.553119,4.5661125,4.61233,4.5839024,4.5912848,4.620948,4.6391454,4.639334,4.683116,4.6568785,4.6596546,4.688364,4.685105,4.7127504,4.5476,4.2245116,4.9539485,5.169021,5.1984534,5.159877,5.1366506,5.187846,5.1832523,5.2312274,5.204003,5.2318845,5.2620006,5.2770443,5.2749104,5.305066,5.316741,5.3190103,5.321185,5.313138,5.3263564,5.337396,5.3545327,5.3687806,5.3894076,5.403427,5.346041,5.421591,5.4318595,5.459106,5.4281025,5.4659376,5.45679,5.455537,5.4826336,5.478834,5.490744,5.501658,5.5011525,5.5155396,5.508693,5.494863,5.504376,5.492585,5.5364447,5.5046287,5.515287,5.523745,5.5004277,5.510489,5.503271,5.5110526,5.4979877,5.4921417,5.5026793,5.503074,5.5275702,5.508416,5.4945,5.4920173,5.5081434,5.4956183,5.4940295,5.493707,5.501125,5.5072947,5.497874,5.49916,5.50211,5.482734,5.4924803,5.4989624,5.488071,5.4784427,5.4869447,5.4941263,5.4847646,5.4671326,5.4924226,5.4984593,5.4924355,5.4859962,5.505336,5.4736967,5.464507,5.4768596,5.4682307,5.491409,5.4605374,5.4543114,5.4352,5.4674206,5.4338517,5.4294963,5.485679,5.446651,5.450682,5.3853087,5.3914638,5.419267,5.41112,5.402723,5.3717747,5.3734713,5.3652396,5.3827915,5.364044,5.3581133,5.37124,5.366483,5.372619,5.3482895,5.358427,5.354808,5.359304,5.3567653,5.3439693,5.3298154,5.3291707,5.33273,5.333322,5.3244977,5.335125,5.328598,5.315061,5.302216,5.3099174,5.294611,5.309024,5.256404,5.23347,5.2615137,5.285782,5.2695003,5.252163,5.2452226,5.2520695,5.2656536,5.2135015,5.238171,5.236448,5.2071533,5.200372,5.244835,5.204464,5.2115974,5.2558174,5.2164707,5.2379136,5.2469316,5.2440147,5.2466683,5.227265,5.251664,5.2646346,5.233684,5.26736,5.2514906,5.2639537,5.2971983,5.2683215,5.2876463,5.283156,5.274512,5.278021,5.265517,5.276977,,,,,,,,,,,,,,,,,,,,,,,,,,,,,,,,,,,,,,,,,,,,,,,,,,,,,,,,,,,,,,,,,,,,,,,,,,,,,,,,,,,,,,,,,,,,,,,,,,,,,,,,,,,,,,,,,t72
FS/711.png,right,0.2475020999991102,5.284233,5.2805705,5.2923603,5.301277,5.294364,5.3161716,5.3073936,5.3138833,5.308549,5.324033,5.3231397,5.30408,5.331752,5.317757,5.3232284,5.339637,5.3139834,5.327237,5.3383145,5.342788,5.3431582,5.3383894,5.347073,5.338211,5.3481674,5.328679,5.334482,5.333636,5.355611,5.349818,5.3236833,5.3432546,5.3483977,5.339267,5.3447614,5.3486605,5.3343935,5.3248305,5.34548,5.3517036,5.368584,5.3603315,5.3916135,5.3667645,5.360001,5.351745,5.370232,5.3661084,5.3709636,5.375056,5.3852615,5.3803024,5.393575,5.399417,5.402789,5.3882785,5.3799915,5.367376,5.3504834,5.361665,5.3667088,5.357506,5.3627486,5.3341165,5.3592024,5.338343,5.3449802,5.33845,5.324943,5.3307986,5.3280783,5.3233147,5.2992034,5.3094435,5.280402,5.2772384,5.287049,5.267869,5.2689085,5.2555814,5.2587323,5.250953,5.268812,5.2582917,5.2668686,5.2557397,5.2535486,5.277003,5.277964,5.269369,5.2716646,5.269781,5.28227,5.281497,5.279111,5.2663064,5.27207,5.2806854,5.278876,5.2792263,5.278385,5.2773933,5.276369,5.2763968,5.2951427,5.306152,5.307006,5.315944,5.3038244,5.3019314,5.3272376,5.33739,5.3269253,5.3366256,5.343085,5.3137765,5.32309,5.339129,5.3322673,5.360692,5.341247,5.348937,5.355887,5.3540654,5.36346,5.3723297,5.368462,5.3591375,5.3946643,5.411197,5.406909,5.396541,5.40055,5.401561,5.3768606,5.3438396,5.3741283,5.3339944,5.286737,5.2720275,5.257831,5.234568,5.177896,5.171519,5.0942373,5.085936,5.00115,4.9648476,4.952897,4.926988,4.8358703,4.784642,4.7536097,4.7453914,4.657708,4.6371875,4.6267543,4.5735946,4.5273128,4.53351,4.4943085,4.479973,4.3797045,4.3866506,4.3641796,4.369055,4.3146195,4.3059545,4.275253,4.2773404,4.2637353,4.236409,4.238078,4.1834974,4.1884055,4.169571,4.179385,4.1694484,4.1676493,4.1611147,4.165244,4.160615,4.146267,4.1460886,4.154934,4.136758,4.131668,4.1389627,4.1405616,4.158039,4.135066,4.13841,4.143149,4.135557,4.130107,4.1387873,4.138287,4.1564865,4.2020893,4.175002,4.221964,4.221287,4.1922507,4.216168,4.2118907,4.247627,4.2277555,4.2221923,4.2253375,4.217691,4.262773,4.445303,4.4175043,4.3875704,4.351233,4.4413223,4.387568,4.4499645,4.5023246,4.548181,4.5347786,4.5540824,4.583805,4.5792947,4.610405,4.651121,4.6358047,4.677125,4.6899734,4.70324,4.734074,4.755349,4.7767673,4.79559,4.8003416,4.794786,4.806868,4.847722,4.8893566,4.925057,4.913831,4.927577,4.9335165,4.9367166,4.9510593,4.9523115,4.9845057,4.9771237,5.0070252,5.02311,5.0301905,5.053782,5.0704217,5.101405,5.1078324,5.088169,5.1504145,5.1529365,5.176997,5.1871595,5.1807394,5.1731696,5.1999216,5.2068486,5.2148757,5.2220654,5.229633,5.249999,5.265008,5.259838,5.2810493,5.2805,5.280421,5.263846,5.322647,5.3320255,5.322942,5.3528137,5.3636665,5.346206,5.3610435,5.388225,5.3885694,5.4103217,5.39727,5.407587,5.4245934,5.4198093,5.434061,5.4257402,5.440403,5.4358363,5.4541655,5.4506288,5.4513807,5.4597754,5.469747,5.462121,5.486317,5.4848433,5.5028353,5.4987416,5.495773,5.5013223,5.4649487,5.500796,5.478522,5.5112634,5.486271,5.4774556,5.5112696,5.4962964,5.496004,5.508776,5.5114775,5.4883776,5.48832,5.497395,5.4956627,5.484282,5.485208,5.448898,5.4764004,5.4585266,5.490545,5.4653645,5.4611397,5.4727073,5.4650025,5.4490047,5.457026,5.4482684,5.4576187,5.42634,5.407823,5.401715,5.3829546,5.394023,5.379651,5.3664913,5.392696,5.3612146,5.3645835,5.3652673,5.373766,5.3676014,5.3753524,5.337795,5.326314,5.344013,5.325269,5.3407755,5.3333774,5.304548,5.2922144,5.321491,5.340007,5.3607526,5.3039355,5.304107,5.2931027,5.284946,5.323364,5.317803,5.3248577,5.309492,5.3113194,5.2843833,5.3124433,5.2943,5.2714972,5.2940474,5.3181305,5.280807,5.295504,5.3126693,5.290927,5.3156123,5.286808,5.316616,5.30713,5.3135114,5.3060417,5.302184,5.296788,5.313479,5.3125215,5.3274903,5.2700677,5.3223524,5.3078594,5.3173447,5.3475094,5.3123155,5.317099,5.3273206,5.337017,5.332438,5.3344917,5.3373604,5.302079,5.31954,5.289337,5.293396,,,,,,,,,,,,,,,,,,,,,,,,,,,,,,,,,,,,,,,,,,,,,,,,,,,,,,,,,,,,,,,,,,,,,,,,,,,,,,,,,,,,,,,,t73
FS/381.png,right,0.2609616000117967,4.9889708,4.991273,4.967149,4.96315,4.975579,4.9896755,5.004105,4.9818945,4.9600277,4.9714355,4.994064,4.9653716,4.9774065,4.978974,4.9886217,4.9687347,4.9848742,4.9808893,4.982727,4.995489,4.9872174,4.9852614,4.9919543,4.975402,4.993008,4.9751368,4.99357,4.960418,4.990994,4.979887,5.016396,5.0045533,4.9841733,4.9753227,4.978896,4.995838,5.0040894,5.0027614,4.987839,4.9975057,5.0017076,4.9974284,4.986074,5.0048156,4.9933295,5.0124345,5.0029755,5.003056,4.999273,5.005284,5.0185475,4.9914513,4.975716,4.9904466,4.9770722,4.9934163,4.997858,4.972955,4.9738145,4.9589534,4.939081,4.927283,4.912723,4.891295,4.883206,4.8485146,4.838846,4.8545003,4.84406,4.841158,4.824547,4.8026047,4.804299,4.8066797,4.770751,4.7773952,4.7804976,4.771989,4.7658076,4.7602625,4.7577925,4.7848887,4.8053575,4.7732835,4.7631183,4.735511,4.751528,4.7357793,4.7899528,4.760249,4.761307,4.7475433,4.7962413,4.794813,4.8008566,4.7863355,4.8040323,4.808254,4.8062186,4.8160834,4.823795,4.808568,4.8143687,4.813714,4.8440385,4.84203,4.8478136,4.8495307,4.865215,4.8702106,4.9052625,4.93825,4.930355,4.966683,4.9523287,4.989596,5.0033817,5.010343,5.0060663,4.99997,5.01905,5.0051036,5.0111237,5.017271,5.023351,5.0394225,5.039156,5.0672917,5.030595,5.0380487,5.057462,5.074283,5.0436068,5.0724187,5.052634,5.0260434,5.0334983,5.000767,5.014315,4.9526258,4.9371424,4.8522367,4.832831,4.81907,4.79608,4.725941,4.7202134,4.6875844,4.644985,4.6059723,4.551886,4.507683,4.4894934,4.4693584,4.449141,4.417594,4.3609056,4.3364267,4.337041,4.300436,4.308006,4.2671556,4.2105846,4.190668,4.172869,4.1554756,4.1585064,4.1649694,4.1189485,4.1429214,4.139071,4.109159,4.075253,4.065102,4.067682,4.0531445,4.072035,4.070463,4.05431,4.0652204,4.051915,4.044267,4.0434484,4.034615,4.0547085,4.0464177,4.0629787,4.057825,4.079254,4.04765,4.0692654,4.0752673,4.1190825,4.112401,4.111877,4.118153,4.144458,4.138213,4.1472526,4.173202,4.188719,4.2038608,4.2126884,4.2149706,4.2303495,4.262812,4.262985,4.252109,4.28174,4.3266683,4.365263,4.369214,4.395503,4.3837986,4.438239,4.4380255,4.4607167,4.480414,4.5129437,4.5058956,4.506044,4.550428,4.577102,4.5932817,4.606721,4.622255,4.6184897,4.6787,4.688045,4.703615,4.712338,4.7315598,4.7440715,4.7483883,4.7635784,4.7800136,4.7732882,4.8073235,4.8327165,4.863175,4.874364,4.890766,4.9143105,4.9256887,4.9256735,4.925939,4.9255447,4.947464,4.982285,4.9574504,4.994249,5.017966,5.0265255,5.028513,5.018893,5.040738,5.0527997,5.0433173,5.0562177,5.085298,5.095293,5.1114726,5.131129,5.1284423,5.1537967,5.1092706,5.151489,5.1654863,5.153751,5.1609015,5.16201,5.161368,5.1835885,5.20226,5.2161746,5.173655,5.1951556,5.204384,5.1895275,5.2303367,5.239629,5.229881,5.2654643,5.2314544,5.255572,5.24402,5.2311344,5.252055,5.245816,5.243813,5.2424946,5.2449274,5.240658,5.23837,5.242301,5.2520776,5.242145,5.257738,5.2400627,5.2354503,5.2295184,5.229123,5.244004,5.254947,5.24024,5.2315164,5.2255507,5.224395,5.231796,5.2177644,5.2235117,5.224124,5.230718,5.225396,5.1956987,5.2054977,5.1950555,5.180582,5.177041,5.165172,5.175841,5.162261,5.152991,5.149425,5.146968,5.1584435,5.1473308,5.1435175,5.1488714,5.143858,5.1323643,5.1247277,5.1278925,5.1334157,5.141335,5.1154494,5.1586714,5.1531754,5.111725,5.1170664,5.1473455,5.1257396,5.100797,5.100218,5.0810585,5.0710917,5.085662,5.0772514,5.094918,5.092111,5.067855,5.083275,5.0853424,5.0593634,5.0628247,5.088645,5.061995,5.0681386,5.0681443,5.075476,5.0658364,5.0716424,5.0736485,5.0561852,5.0654354,5.0609384,5.081409,5.079067,5.068632,5.081105,5.0640416,5.0688744,5.0703435,5.079287,5.0736446,5.0826283,5.056602,5.0925293,5.073358,5.085649,5.083777,5.0905814,5.1063576,5.1040077,5.106902,5.0999045,5.106285,5.0883303,5.117932,5.10665,5.1328664,5.13842,5.12256,5.112551,5.114035,5.1225376,5.1359253,5.1346216,5.1413636,5.119073,5.147347,5.14006,5.149254,5.1231318,5.110619,5.123272,5.1313167,5.122149,,,,,,,,,,,,,,,,,,,,,,,,,,,,,,,,,,,,,,,,,,,,,,,,,,,,,,,,,,,,,,,,,,,,,,,,,,,,,,,,,,,,t76
FS/561.png,right,0.2145596999907866,4.90375,4.854634,4.857914,4.896604,4.8865924,4.8881607,4.919379,4.917984,4.904759,4.8729906,4.8891387,4.909423,4.9140515,4.8950377,4.921738,4.9196715,4.9169264,4.930165,4.9137173,4.9329376,4.9283366,4.921538,4.923676,4.9084425,4.9251356,4.9434104,4.9473433,4.9303994,4.936668,4.9475746,4.944395,4.938962,4.956922,4.950288,4.964561,4.97625,4.9567914,4.9889817,4.9902225,5.0015035,4.970954,5.007961,4.9943056,5.012244,5.0072384,5.009369,5.0213265,4.9990563,4.9987907,4.9958916,5.0006223,5.0117283,4.98694,5.0027533,5.0082955,5.0046453,4.975989,4.9783287,4.96502,4.9380465,4.961942,4.948227,4.926958,4.912301,4.8933077,4.8830605,4.8533015,4.835629,4.8282027,4.8120723,4.810499,4.7897835,4.7720466,4.770352,4.751122,4.7484937,4.7591166,4.7289567,4.730454,4.723147,4.7263985,4.7174387,4.6717925,4.69691,4.6770854,4.679299,4.6909227,4.679681,4.6650653,4.672264,4.6846747,4.666075,4.668787,4.6907516,4.6916094,4.7622824,4.686313,4.7132287,4.7179785,4.719752,4.7523293,4.7623816,4.756233,4.770129,4.786281,4.7741685,4.7959027,4.797398,4.8128896,4.798877,4.8172927,4.835847,4.8211107,4.843677,4.858582,4.855778,4.8595686,4.900274,4.881891,4.9007587,4.90602,4.8943515,4.9139853,4.910766,4.925498,4.941471,4.9371552,4.9394336,4.9751167,4.9565964,4.9685125,4.9664474,4.971857,4.9736195,5.0006256,4.9418154,4.9270825,4.922719,4.926075,4.8974667,4.8512216,4.8278923,4.766941,4.7021003,4.6984124,4.651911,4.6441097,4.5771885,4.5595536,4.512341,4.485334,4.4159684,4.3673644,4.3392243,4.329063,4.3072653,4.3160825,4.255532,4.2431364,4.1868334,4.132658,4.1390004,4.0997806,4.0777526,4.073609,4.066373,4.0749435,4.0602584,4.0351586,4.0257998,4.024818,4.0048137,4.040678,4.0026402,3.9960015,3.987518,3.9812381,3.9625022,4.003369,3.9969952,3.9914644,3.9662447,3.9918463,4.0156746,3.974997,3.9606607,3.9936671,4.0371222,4.0163164,3.9799232,3.9994304,4.031291,4.055597,4.0443954,4.09217,4.1002483,4.070459,4.0727134,4.1134796,4.124099,4.1305566,4.191802,4.193182,4.20725,4.257979,4.252361,4.3007526,4.306686,4.3119407,4.323093,4.323672,4.3263764,4.32883,4.3767214,4.4198494,4.4283237,4.461962,4.472364,4.4947286,4.5072837,4.5119934,4.5440335,4.5625734,4.5635433,4.5806155,4.615099,4.6609316,4.6892505,4.677068,4.6959615,4.699523,4.7393756,4.7711325,4.755028,4.778216,4.8176565,4.8295627,4.867118,4.8885226,4.8968663,4.876455,4.8790636,4.910711,4.9410386,4.943419,4.9497085,4.983908,5.0220017,5.0275817,5.0271425,5.035082,5.0643997,5.060469,5.0674243,5.08836,5.11574,5.1065135,5.113126,5.123557,5.127646,5.144109,5.15331,5.1783466,5.176063,5.1615715,5.168764,5.2048354,5.234766,5.227325,5.2430186,5.2333493,5.230675,5.229468,5.2197495,5.2300887,5.236759,5.226124,5.2301106,5.256181,5.238525,5.2393184,5.2389975,5.2352066,5.2286773,5.2336497,5.237774,5.236758,5.2268014,5.2312574,5.2288337,5.220589,5.206636,5.2229586,5.1949267,5.2263684,5.177206,5.201017,5.1737933,5.166772,5.191608,5.179902,5.1648817,5.1644273,5.1618667,5.149554,5.1607695,5.1491575,5.1539474,5.1333694,5.1384926,5.121285,5.1234307,5.092407,5.102196,5.1183715,5.101193,5.0811186,5.05361,5.074044,5.063485,5.0482407,5.03694,5.0395713,5.048834,5.030574,5.0223904,5.0232267,5.0057187,4.9919233,4.9769444,4.94907,4.9307494,4.932512,4.9421153,4.921777,4.9386816,4.9289155,4.9353766,4.9173923,4.9249754,4.917286,4.911239,4.9033146,4.92298,4.9043865,4.900629,4.890926,4.8886733,4.8775883,4.8849106,4.905681,4.8584223,4.8648314,4.8844295,4.879935,4.8760066,4.863988,4.8850665,4.9049983,4.8957095,4.8851914,4.8878775,4.8880234,4.8980465,4.8994975,4.888358,4.9041877,4.9038434,4.9285426,4.9307656,4.9238906,4.9192796,4.935531,4.941874,4.933803,4.936398,4.9375205,4.965063,4.960187,4.990582,4.990853,5.0060945,4.9733596,5.0080733,5.0106077,5.0019646,5.0106044,5.0322466,5.0360274,5.0475183,5.041552,5.0449266,5.056922,5.038936,5.0455046,5.0760126,5.0628505,5.100504,5.086923,5.082008,5.1036315,5.076018,,,,,,,,,,,,,,,,,,,,,,,,,,,,,,,,,,,,,,,,,,,,,,,,,,,,,,,,,,,,,,,,,,,,,,,,,,,,,,,,,,,,,,,,,,t86
