image_name,response_key,response_time,t1,t2,t3,t4,t5,t6,t7,t8,t9,t10,t11,t12,t13,t14,t15,t16,t17,t18,t19,t20,t21,t22,t23,t24,t25,t26,t27,t28,t29,t30,t31,t32,t33,t34,t35,t36,t37,t38,t39,t40,t41,t42,t43,t44,t45,t46,t47,t48,t49,t50,t51,t52,t53,t54,t55,t56,t57,t58,t59,t60,t61,t62,t63,t64,t65,t66,t67,t68,t69,t70,t71,t72,t73,t74,t75,t76,t77,t78,t79,t80,t81,t82,t83,t84,t85,t86,t87,t88,t89,t90,t91,t92,t93,t94,t95,t96,t97,t98,t99,t100,t101,t102,t103,t104,t105,t106,t107,t108,t109,t110,t111,t112,t113,t114,t115,t116,t117,t118,t119,t120,t121,t122,t123,t124,t125,t126,t127,t128,t129,t130,t131,t132,t133,t134,t135,t136,t137,t138,t139,t140,t141,t142,t143,t144,t145,t146,t147,t148,t149,t150,t151,t152,t153,t154,t155,t156,t157,t158,t159,t160,t161,t162,t163,t164,t165,t166,t167,t168,t169,t170,t171,t172,t173,t174,t175,t176,t177,t178,t179,t180,t181,t182,t183,t184,t185,t186,t187,t188,t189,t190,t191,t192,t193,t194,t195,t196,t197,t198,t199,t200,t201,t202,t203,t204,t205,t206,t207,t208,t209,t210,t211,t212,t213,t214,t215,t216,t217,t218,t219,t220,t221,t222,t223,t224,t225,t226,t227,t228,t229,t230,t231,t232,t233,t234,t235,t236,t237,t238,t239,t240,t241,t242,t243,t244,t245,t246,t247,t248,t249,t250,t251,t252,t253,t254,t255,t256,t257,t258,t259,t260,t261,t262,t263,t264,t265,t266,t267,t268,t269,t270,t271,t272,t273,t274,t275,t276,t277,t278,t279,t280,t281,t282,t283,t284,t285,t286,t287,t288,t289,t290,t291,t292,t293,t294,t295,t296,t297,t298,t299,t300,t301,t302,t303,t304,t305,t306,t307,t308,t309,t310,t311,t312,t313,t314,t315,t316,t317,t318,t319,t320,t321,t322,t323,t324,t325,t326,t327,t328,t329,t330,t331,t332,t333,t334,t335,t336,t337,t338,t339,t340,t341,t342,t343,t344,t345,t346,t347,t348,t349,t350,t351,t352,t353,t354,t355,t356,t357,t358,t359,t360,t361,t362,t363,t364,t365,t366,t367,t368,t369,t370,t371,t372,t373,t374,t375,t376,t377,t378,t379,t380,t381,t382,t383,t384,t385,t386,t387,t388,t389,t390,t391,t392,t393,t394,t395,t396,t397,t398,t399,t400,t401,t402,t403,t404,t405,t406,t407,t408,t409,t410,t411,t412,t413,t414,t415,t416,t417,t418,t419,t420,t421,t422,t423,t424,t425,t426,t427,t428,t429,t430,t431,t432,t433,t434,t435,t436,t437,t438,t439,t440,t441,t442,t443,t444,t445,t446,t447,t448,t449,t450,t451,t452,t453,t454,t455,t456,t457,t458,t459,t460,t461,t462,t463,t464,t465,t466,t467,t468,t469,t470,t471,t472,t473,t474,t475
FS/310.png,left,0.3460828999959631,4.9675717,4.9574413,4.9423947,4.9571285,4.9663963,4.9485574,4.967129,4.9423914,4.965766,4.9599686,4.9865403,5.0027175,4.961603,4.953975,4.9650116,4.9662075,4.9570465,4.964452,4.9615617,5.001406,4.99619,4.9750714,4.9904504,4.9962683,4.9888897,4.96856,4.998482,4.9662724,4.9364924,4.989402,5.009698,5.0033417,4.994156,4.98944,5.0238714,5.0241847,4.98603,5.033171,5.0132427,4.9961843,5.022708,5.0194583,5.015328,5.0170145,5.039064,4.996804,5.030015,5.022473,5.009654,5.0191016,5.041943,5.00889,5.0106378,5.0217204,5.022957,5.0242853,5.0022507,5.017702,5.0064464,4.996024,4.985069,4.981726,4.9793053,4.9337835,4.936121,4.9126453,4.916682,4.9143896,4.8877897,4.8797617,4.8560433,4.8452816,4.820268,4.824431,4.8008885,4.7982903,4.8008924,4.795425,4.788982,4.786067,4.7822757,4.7798924,4.8002434,4.777915,4.7576723,4.7704353,4.7663875,4.760012,4.769847,4.7689977,4.7727766,4.782448,4.7520185,4.772749,4.768067,4.757835,4.7980237,4.7746882,4.790303,4.8183537,4.8083763,4.8397737,4.8092113,4.8527527,4.8261385,4.836509,4.835447,4.8282247,4.87249,4.8639355,4.837986,4.8370876,4.854612,4.878587,4.899054,4.8598447,4.8587255,4.8594613,4.8935556,4.897594,4.897492,4.8992443,4.8956666,4.8961143,4.892847,4.923027,4.9232416,4.9257407,4.923394,4.9690266,4.924883,4.9703493,4.913152,4.9079075,4.9375424,4.9331126,4.9017525,4.8839307,4.853923,4.8408813,4.800951,4.789634,4.7461987,4.71046,4.6675467,4.582709,4.5862093,4.550737,4.509785,4.489375,4.4449925,4.3905315,4.3444176,4.327182,4.3221173,4.278235,4.243532,4.1700225,4.166069,4.137837,4.135651,4.1233296,4.1009727,4.061389,4.0314803,4.060015,4.0399613,4.0259933,3.985888,3.9751194,3.9643643,3.954348,3.9434485,3.924405,3.932897,3.917286,3.9097216,3.9158347,3.885087,3.9173205,3.9018538,3.8958936,3.8716085,3.9153473,3.8725138,3.9012132,3.9082737,3.9297109,3.9206045,3.8915296,3.91439,3.9151409,3.9589195,3.9303644,3.9415903,3.94979,3.9750795,3.9961572,4.0023813,4.0161605,4.043022,4.0251794,4.039064,4.0382237,4.0484095,4.0845327,4.0706415,4.1098022,4.132052,4.1445036,4.1615734,4.1896253,4.1834025,4.205547,4.196403,4.22648,4.233155,4.2619524,4.2773466,4.2847357,4.321025,4.326935,4.320651,4.334706,4.366988,4.372678,4.3870745,4.390221,4.3827314,4.4321413,4.4306293,4.4509096,4.465466,4.4906754,4.5134525,4.4956336,4.511402,4.5279717,4.543158,4.5439363,4.5666356,4.567881,4.5650673,4.5617814,4.586943,4.5742292,4.591645,4.6247683,4.6272783,4.6245027,4.6435337,4.639501,4.6518307,4.674121,4.6738577,4.677611,4.6803865,4.7251587,4.701988,4.697418,4.7350135,4.702782,4.7319856,4.7321863,4.733391,4.7590065,4.7561684,4.768961,4.7770905,4.786265,4.7917337,4.8082895,4.8103704,4.8253846,4.8193455,4.8086276,4.815115,4.8391943,4.846459,4.826995,4.826388,4.8288608,4.8458104,4.840421,4.8369727,4.834387,4.8726096,4.872901,4.845812,4.8737235,4.8727813,4.877713,4.894572,4.8984976,4.9064665,4.900316,4.893283,4.909063,4.918404,4.905939,4.9154763,4.913084,4.930741,4.91284,4.926745,4.9248123,4.928024,4.9158006,4.928513,4.9271665,4.934244,4.952804,4.9455204,4.9417357,4.9643807,4.9561067,4.9469914,4.9436674,4.9535522,4.9398437,4.9649343,4.955756,4.935347,4.9508452,4.9576445,4.9424477,4.9619966,4.9594173,4.939903,4.9603806,4.957521,4.9716043,4.955777,4.9472556,4.938031,4.9349446,4.923725,4.9378448,4.959099,4.970663,4.948938,4.9375644,4.957148,4.9519734,4.9814444,4.965826,4.952356,4.950046,4.9420924,4.9606266,4.950833,4.951306,4.9545317,4.947251,4.961169,4.9417315,4.943533,4.963782,4.948864,4.9540005,4.9807076,4.984665,4.9681454,4.957217,4.9629974,4.9741635,4.974222,4.960225,5.002282,4.960943,4.9770827,4.992455,4.972837,4.989201,4.9843936,4.9668355,4.9712753,4.967391,4.9874244,4.9948506,5.000269,4.9741154,4.986107,4.9835453,4.9856243,5.0044875,4.992024,4.995221,4.9896774,5.0014834,4.9859324,4.982263,4.9803567,5.015608,5.0003552,5.009752,5.0135355,5.0061526,5.0029144,5.014455,5.0051823,5.0102224,5.0044165,5.0064416,5.0007777,5.010645,5.012731,5.006385,5.023818,5.0132403,5.01707,4.9991107,5.032036,5.0285106,5.0062656,5.0059204,5.027482,5.014933,,,,,,,,,,,,,,,,,,,,,,,,,,,,,,,,,,,,,,,,,,,,,,,,,,,,,,,,,t2
FS/310.png,left,0.2031896999978926,5.0331993,5.036262,5.0430045,5.0472836,5.0545764,5.0009904,5.000928,5.0348,5.008486,5.0388603,5.052261,5.045717,5.0449557,5.047497,5.035912,5.049545,5.045338,5.052491,5.036833,5.04676,5.057984,5.059015,5.0673637,5.0493445,5.0601535,5.049533,5.061156,5.0561047,5.059425,5.0533633,5.0585375,5.0646925,5.0726314,5.0694723,5.0565906,5.057903,5.0541844,5.070989,5.083688,5.073787,5.0807137,5.059637,5.070298,5.080451,5.068165,5.055861,5.0676656,5.0693994,5.07642,5.082179,5.067863,5.061225,5.0788865,5.075536,5.0735893,5.0467873,5.0927987,5.075539,5.0668435,5.0819516,5.0700183,5.0712805,5.067646,5.0618415,5.0802517,5.072939,5.046679,5.0542083,5.0402217,5.0547013,5.054191,5.067965,5.059316,5.052415,5.034209,5.0432777,5.0375485,5.028016,5.0435557,5.044155,5.037484,5.036865,5.049272,5.0598187,5.0321813,5.039417,5.0497613,5.0439634,5.057669,5.0531716,5.0427732,5.065276,5.054836,5.0640397,5.064481,5.0609417,5.0632467,5.0775094,5.0746303,5.0679607,5.071098,5.079767,5.0779376,5.0948358,5.0922236,5.0804915,5.094857,5.102562,5.1077633,5.120614,5.1044188,5.1244254,5.1439,5.1376505,5.173985,5.1561937,5.16579,5.1661997,5.1686,5.1691847,5.1879754,5.185889,5.191259,5.211966,5.221298,5.2300444,5.21374,5.197584,5.228967,5.2482147,5.2559013,5.2449718,5.2581134,5.271397,5.2744627,5.224791,5.2076797,5.198628,5.190328,5.189845,5.1687493,5.155181,5.0969496,5.0858226,5.003034,4.963782,4.9569755,4.9041734,4.869014,4.8518004,4.814047,4.7995653,4.741331,4.7023845,4.650169,4.633656,4.6227417,4.59766,4.5878587,4.5230737,4.5133605,4.49043,4.4583917,4.434332,4.4159794,4.4250884,4.3815665,4.372016,4.351204,4.3380203,4.3193827,4.324444,4.314283,4.3033857,4.3057137,4.3155704,4.2678566,4.2611146,4.2760797,4.279827,4.283653,4.269841,4.2783256,4.265493,4.2787056,4.235279,4.2646585,4.2629247,4.274881,4.2864103,4.264115,4.2959456,4.2950788,4.2945924,4.3141255,4.3332124,4.3100905,4.3217382,4.3257604,4.35842,4.3455396,4.3726215,4.35985,4.372628,4.378542,4.441902,4.4427624,4.4693627,4.4780874,4.480124,4.4837985,4.498316,4.513018,4.5242324,4.507236,4.535487,4.542505,4.5637627,4.6127806,4.6172104,4.6347575,4.662241,4.6669903,4.673358,4.703914,4.7172146,4.693274,4.7113385,4.730792,4.770533,4.7512608,4.7722726,4.784612,4.7935376,4.8005557,4.8066025,4.836495,4.8304873,4.8509445,4.8660493,4.8880935,4.9030437,4.8825502,4.8905454,4.9276123,4.901244,4.931747,4.951776,4.965361,4.9551883,4.9640326,4.956554,4.9922996,4.9731684,5.0104446,5.0046196,4.999321,5.033162,5.0403605,5.048872,5.05681,5.0736084,5.0645814,5.0690947,5.0761967,5.0939837,5.083419,5.0961304,5.1067114,5.122604,5.0823174,5.1407576,5.133431,5.1519084,5.138169,5.157091,5.1392922,5.151543,5.163393,5.170229,5.1418467,5.1540174,5.163343,5.17219,5.155564,5.1617093,5.1701574,5.1664777,5.174989,5.1497684,5.1390295,5.1678257,5.1704545,5.1688924,5.1310167,5.127296,5.158619,5.1598744,5.1502624,5.125183,5.1251817,5.114426,5.148893,5.1113467,5.1104083,5.133145,5.103934,5.0883574,5.109768,5.0887957,5.1005797,5.107601,5.1105123,5.101488,5.0852323,5.069922,5.067538,5.0674806,5.078475,5.078365,5.0745854,5.0674906,5.0513697,5.0549803,5.05868,5.059609,5.0293,5.0466385,5.030975,5.031385,5.048219,5.0499573,5.018712,5.016153,5.0255637,5.0098243,5.022742,4.986455,4.9757805,4.9826,4.980406,4.977689,4.9731503,4.9803863,4.976026,4.970603,4.9752316,4.9691343,4.9752846,4.962719,4.9693947,4.962532,4.9632063,4.9849734,4.958791,4.9788437,4.960392,4.973896,4.9794993,4.980752,4.9606414,4.96315,4.9956055,4.982685,4.977486,4.965369,4.9981723,4.9902782,4.991209,4.999093,5.0004215,4.9992166,4.9976406,5.000376,4.9979286,5.0094905,5.0081425,5.038711,5.0325017,5.0504975,5.0759697,5.0459642,5.091816,5.08809,5.075961,5.092122,5.0942125,5.092205,5.124901,5.0873566,5.090965,5.0985885,5.1052494,5.1256223,5.125917,5.1352534,5.1406617,5.1263084,5.1289206,5.1328087,5.127981,5.138448,5.136429,,,,,,,,,,,,,,,,,,,,,,,,,,,,,,,,,,,,,,,,,,,,,,,,,,,,,,,,,,,,,,,,,,,,,,,,t83
FS/310.png,right,0.1656029000005219,4.7382355,4.749786,4.782923,4.7961593,4.7890816,4.7759504,4.7839193,4.8051953,4.7972703,4.8027043,4.808101,4.7972803,4.8277392,4.8362174,4.8479714,4.834252,4.830739,4.853022,4.8521857,4.8248925,4.8563232,4.8613677,4.865325,4.8504896,4.8680024,4.881441,4.8843117,4.880361,4.8912177,4.8956966,4.9133554,4.9018974,4.9014487,4.8951993,4.9137306,4.9101834,4.906874,4.91129,4.9057527,4.9529457,4.9302535,4.9133472,4.9298787,4.926373,4.94371,4.9405174,4.9521437,4.988364,4.9410396,4.9578648,4.9826827,4.979027,4.962489,4.9872475,4.9763727,4.9481344,4.974629,4.963476,4.9487844,4.9504995,4.927085,4.9185824,4.9312553,4.90879,4.88473,4.8724556,4.8547807,4.8312197,4.8273687,4.808021,4.8062587,4.7920957,4.7931876,4.800506,4.7925363,4.7919645,4.7929177,4.756358,4.769689,4.769708,4.748483,4.7453156,4.7451925,4.7550273,4.700387,4.7317367,4.7293754,4.729802,4.7345977,4.7451015,4.722313,4.729831,4.735707,4.751092,4.7400827,4.76852,4.743966,4.7669997,4.747728,4.7421665,4.7668066,4.7849975,4.7686596,4.773848,4.763014,4.782426,4.7824326,4.7910542,4.7948675,4.7897635,4.7858777,4.7940583,4.7997575,4.8013415,4.8346467,4.8176613,4.8722143,4.8539605,4.8683558,4.8784456,4.88403,4.9247303,4.950572,4.952339,4.9341407,4.949025,4.9569373,4.9622293,4.964266,4.993795,4.9696183,4.9844604,4.981232,5.017325,5.0004845,5.0014443,4.996773,4.9795547,4.9467797,4.909886,4.9024897,4.8833804,4.840673,4.7918797,4.7820754,4.746989,4.7232,4.6781836,4.63332,4.616675,4.558477,4.544676,4.5059047,4.4764876,4.4455514,4.3973093,4.370543,4.3706174,4.3139577,4.302878,4.292793,4.3055143,4.2571707,4.2068233,4.193899,4.178968,4.1827884,4.1821494,4.1631866,4.1408577,4.144713,4.1244802,4.124019,4.1152067,4.1133685,4.1275177,4.111056,4.077491,4.099917,4.101334,4.1501837,4.1097074,4.0831976,4.0852246,4.0974793,4.100954,4.1152053,4.1280527,4.0881743,4.1534615,4.136182,4.130386,4.138478,4.1631784,4.1753387,4.191717,4.1849456,4.2279067,4.230882,4.228997,4.2460003,4.263597,4.2440104,4.261099,4.274496,4.324824,4.3303304,4.3809032,4.3692703,4.3342876,4.3919325,4.3964734,4.426538,4.421969,4.422963,4.4369316,4.454139,4.467321,4.5242934,4.525477,4.522384,4.550654,4.5281677,4.546785,4.592845,4.599803,4.620685,4.6166244,4.6273837,4.612845,4.658142,4.6433306,4.651264,4.6869845,4.71624,4.710413,4.714115,4.7441163,4.7504907,4.7707624,4.777758,4.7812996,4.769531,4.76031,4.7721562,4.7899117,4.816126,4.8027644,4.8276787,4.846672,4.815003,4.855873,4.8569126,4.870624,4.889079,4.898832,4.9085326,4.9125,4.922844,4.9263325,4.9358625,4.9579444,4.9500556,4.9543157,4.951424,4.951806,4.9571085,4.968358,4.9851875,4.968015,4.982433,4.960737,4.98979,4.982129,5.0042386,5.01615,5.054073,5.0197964,5.050742,5.0536795,5.0397463,5.040541,5.026922,5.046452,5.0609417,5.053001,5.0815635,5.080865,5.084358,5.0768385,5.09065,5.0895267,5.0660477,5.0832953,5.082138,5.06525,5.0653167,5.08525,5.0641522,5.092344,5.1000867,5.1022253,5.09113,5.076809,5.085386,5.113591,5.076576,5.0880265,5.109001,5.0918145,5.100521,5.106613,5.1019297,5.099027,5.1004734,5.0924215,5.089872,5.090709,5.089213,5.0403385,5.079401,5.063015,5.075269,5.0819716,5.0653543,5.0655537,5.079205,5.0624638,5.0701485,5.0708723,5.0551605,5.034386,5.0741696,5.0378747,5.0490413,5.054128,5.01213,5.039881,5.030889,5.021374,5.0492206,5.0019846,5.0158143,5.027049,5.010711,5.0250106,5.006358,5.0317545,5.0061364,5.0318837,5.0030427,5.012321,4.9996333,5.0197663,5.022173,5.004456,5.044906,5.0400352,5.036266,5.0233927,5.0334077,5.047931,5.0319242,5.0558133,5.0463753,5.04235,5.0635223,5.048637,5.0731006,5.071273,5.0704346,5.0598264,5.0601454,5.0764604,5.0546126,5.090849,5.0732436,5.0799203,5.0801096,5.085195,5.086338,5.094243,5.0916195,5.082942,5.089923,5.1057,5.0780973,5.0914054,5.0868106,5.1045566,5.0895267,5.0860133,5.083832,5.093985,5.0944624,5.1059704,5.0967383,5.103122,,,,,,,,,,,,,,,,,,,,,,,,,,,,,,,,,,,,,,,,,,,,,,,,,,,,,,,,,,,,,,,,,,,,,,,,,,,,,t101
FS/240.png,right,0.1608981999888783,4.891444,4.8932295,4.88288,4.9108562,4.904843,4.8828683,4.901013,4.902166,4.8986034,4.8964157,4.9190984,4.9050784,4.922708,4.9221992,4.9191866,4.9254613,4.9184675,4.920291,4.9255238,4.9216647,4.921854,4.9154058,4.913882,4.9249253,4.909869,4.913438,4.918609,4.921154,4.9302115,4.9362893,4.94926,4.9296927,4.9349504,4.9281597,4.9352493,4.943526,4.940015,4.9365954,4.940868,4.9373274,4.9426312,4.9386797,4.935838,4.946912,4.945818,4.979151,4.978562,4.9611087,4.9706907,4.9588585,4.9606175,4.9604483,4.9805927,4.9660044,4.958399,4.958537,4.961667,4.9700685,4.9432993,4.944688,4.954401,4.9306073,4.93767,4.9400887,4.906104,4.886597,4.8692217,4.841827,4.861587,4.8402805,4.838654,4.8389435,4.800793,4.8051686,4.799654,4.8173723,4.8013906,4.810091,4.8064322,4.7933345,4.795055,4.7910776,4.815744,4.81086,4.789838,4.7701454,4.792718,4.759776,4.7911844,4.763375,4.747947,4.7957034,4.763133,4.7870245,4.766154,4.7682247,4.7840896,4.78822,4.775128,4.7811947,4.781931,4.7934055,4.8051205,4.7923646,4.782762,4.7944145,4.798722,4.799912,4.819556,4.809947,4.8131986,4.834953,4.830809,4.8558426,4.8388467,4.862438,4.8754015,4.88554,4.879552,4.8880305,4.888681,4.9275923,4.901647,4.912448,4.937375,4.9426007,4.930575,4.9356947,4.9488726,4.9396725,4.95168,4.9473853,4.961249,4.937766,4.9471602,4.9431787,4.9277205,4.9160776,4.864408,4.845549,4.8076086,4.7993426,4.7569118,4.7352247,4.7022595,4.6694427,4.6221566,4.594171,4.523349,4.4837837,4.47308,4.434474,4.40242,4.3625,4.3002434,4.279395,4.2594876,4.257182,4.2282486,4.1743183,4.1756973,4.157642,4.1490273,4.143797,4.0791016,4.0577736,4.050761,4.037822,4.034718,4.0342946,3.9963963,3.9851484,3.9765248,3.9868035,3.97066,3.9615684,3.967003,3.9589827,3.9647424,3.9750285,3.956182,3.9593854,3.9509537,3.9787927,3.9611957,3.9938903,3.9656456,3.9749954,4.0281744,4.0080037,3.993249,3.9857175,4.0125213,4.05489,4.043961,4.0746675,4.0386558,4.077841,4.099324,4.122432,4.1710005,4.149207,4.15166,4.151686,4.1670403,4.222105,4.239253,4.2226663,4.242523,4.244448,4.271806,4.270211,4.306003,4.29632,4.328127,4.3691063,4.3861785,4.378868,4.4019666,4.4208846,4.4493184,4.443503,4.4679575,4.4617615,4.4856343,4.466935,4.512414,4.5198345,4.553405,4.5972767,4.5933456,4.5886126,4.62716,4.618956,4.651018,4.65113,4.667442,4.6823454,4.679982,4.713168,4.722964,4.7302265,4.7391467,4.7460704,4.7688603,4.7737603,4.808887,4.811352,4.809039,4.8089542,4.8159523,4.8026133,4.825686,4.8338013,4.828179,4.861273,4.8661413,4.8686705,4.8794765,4.8919225,4.8930683,4.93155,4.916324,4.948622,4.9287653,4.9533687,4.942977,4.93196,4.9407263,4.9559155,4.9438667,4.9736013,4.957892,4.9751678,4.9714937,4.9465714,4.9613504,5.004096,4.990929,5.005663,5.002923,5.017916,4.9957604,5.0051274,5.0198326,5.048971,5.019502,5.0448875,5.0582767,5.044811,5.0697794,5.0582485,5.0680757,5.05323,5.049344,5.085927,5.0985565,5.080547,5.0726027,5.0673695,5.0753975,5.082326,5.079172,5.084048,5.1044,5.067932,5.0946126,5.0949645,5.114556,5.0865936,5.1151524,5.0793633,5.0938845,5.0812755,5.117408,5.1141787,5.104084,5.076387,5.098458,5.0839124,5.0838366,5.0695453,5.0843105,5.080045,5.0732245,5.096244,5.1111007,5.093685,5.096015,5.096789,5.0701714,5.099152,5.0966616,5.061625,5.0653176,5.0847454,5.0722213,5.1059895,5.127488,5.0984364,5.077536,5.0950603,5.090237,5.075725,5.085298,5.099178,5.063067,5.0997996,5.10803,5.1069074,5.1156,5.0776134,5.116307,5.10763,5.1095743,5.103223,5.097045,5.078659,5.1056557,5.1121635,5.1262126,5.115281,5.1090684,5.103129,5.1218166,5.1392617,5.0937495,5.1098533,5.1454687,5.1341004,5.1212034,5.1678624,5.0967813,5.118355,5.1206727,5.140351,5.152632,5.1178966,5.126324,5.137111,5.133002,5.141463,5.1308055,5.1483502,5.137746,5.1376357,5.1359854,5.159894,5.113737,5.139284,5.1363206,5.1664352,5.15477,5.1694775,5.133177,5.154644,5.1343164,5.148163,5.163922,5.1692114,5.168644,,,,,,,,,,,,,,,,,,,,,,,,,,,,,,,,,,,,,,,,,,,,,,,,,,,,,,,,,,,,,,,,,,,,,,,,,,t8
FS/240.png,left,0.1444256999966455,5.064459,5.045523,5.079257,5.05367,5.080655,5.079853,5.078266,5.0879345,5.0767717,5.080611,5.062779,5.0903587,5.0891643,5.08377,5.0953965,5.0986967,5.093944,5.0949364,5.119698,5.1236396,5.1098785,5.1283174,5.1249514,5.107281,5.0935063,5.097463,5.1180725,5.119781,5.1297493,5.105509,5.11765,5.101332,5.12881,5.11858,5.1029377,5.124668,5.1137066,5.130411,5.1358833,5.112569,5.1134334,5.1140156,5.1254535,5.121136,5.113022,5.1124167,5.130644,5.126578,5.1251173,5.12824,5.130179,5.122937,5.1247196,5.1084223,5.1002264,5.112573,5.1096888,5.076845,5.068773,5.0849395,5.063586,5.068045,5.0739,5.058616,5.014996,5.0256987,5.000872,5.0010457,4.9802356,4.9603724,4.9518313,4.9554577,4.9306016,4.9151964,4.911473,4.889269,4.9279156,4.9061737,4.90279,4.9145174,4.8803945,4.889612,4.8884697,4.850077,4.8629446,4.877888,4.860495,4.8657513,4.855596,4.8583946,4.8663206,4.868282,4.8568153,4.8643403,4.8724265,4.8732624,4.8555326,4.859419,4.8954954,4.888794,4.8847384,4.8801794,4.874767,4.8986464,4.883063,4.8966284,4.8981996,4.885201,4.890154,4.9170074,4.9221272,4.910608,4.9148297,4.908867,4.9096003,4.9028316,4.9077644,4.9279685,4.932614,4.910519,4.915592,4.9627237,4.9266534,4.9296975,4.9651537,4.929246,4.9801936,4.981452,4.990286,4.996061,4.9692316,5.003812,4.9747205,4.9937763,5.0061626,4.9737277,4.940024,4.940636,4.9139075,4.8986473,4.895751,4.864256,4.831499,4.7969193,4.7709093,4.7281957,4.69018,4.6295695,4.6231484,4.5592556,4.553755,4.4962597,4.500829,4.465042,4.410427,4.3932343,4.330075,4.3076806,4.295117,4.271008,4.2363153,4.210601,4.203934,4.165068,4.1714797,4.1334667,4.110886,4.0846715,4.103866,4.0846443,4.082248,4.047005,4.0686383,4.0373607,4.031321,4.0382757,4.032931,3.9876077,4.0011163,3.9991782,4.0036464,4.000801,4.0091486,3.9790037,4.0271316,3.9955475,3.9823377,4.014732,4.0222325,4.005034,4.030187,4.040084,4.0564933,4.054067,4.062449,4.039974,4.063577,4.0634236,4.0909204,4.109833,4.1089363,4.0927587,4.121312,4.139962,4.124878,4.125062,4.126409,4.1505527,4.1633677,4.1899776,4.190635,4.199851,4.217586,4.247682,4.2546525,4.2630825,4.2959,4.2977133,4.3083167,4.3204684,4.3189063,4.3366604,4.3268394,4.3707104,4.3514233,4.3890834,4.410504,4.417985,4.439758,4.435018,4.4648876,4.4619184,4.4987826,4.495675,4.520512,4.510124,4.5675836,4.5792446,4.585738,4.610407,4.6159916,4.6255717,4.6350136,4.6182976,4.647973,4.670115,4.6548934,4.6774044,4.6874747,4.699988,4.689395,4.715283,4.7453036,4.7297497,4.7415442,4.7575254,4.773784,4.7768598,4.7611585,4.780502,4.791475,4.7981153,4.790084,4.793879,4.7971334,4.8290367,4.8360915,4.8243446,4.817234,4.818718,4.849427,4.8215523,4.841976,4.860225,4.8372154,4.841959,4.8134007,4.8360476,4.8390656,4.8469315,4.8455553,4.8579397,4.852256,4.8465075,4.808546,4.83314,4.82064,4.8294916,4.8469925,4.8290877,4.833999,4.8707247,4.847698,4.8518615,4.835749,4.837283,4.8357053,4.8472905,4.8560424,4.8609457,4.825724,4.8698277,4.840362,4.85418,4.8709083,4.870696,4.8579264,4.8656344,4.848059,4.8895097,4.861934,4.8685923,4.891945,4.9016337,4.9051976,4.896224,4.8903756,4.8993716,4.8981385,4.876531,4.8994107,4.9003882,4.913092,4.913412,4.903129,4.9080195,4.918013,4.9044743,4.9351935,4.9144297,4.90457,4.930347,4.9326477,4.9251213,4.932297,4.923318,4.9217825,4.91736,4.927266,4.9354334,4.936757,4.938393,4.926846,4.9253836,4.945095,4.9341717,4.914565,4.9403396,4.9369245,4.9200025,4.928296,4.93955,4.9468656,4.9383435,4.9297953,4.9388285,4.9361,4.9440765,4.918938,4.924094,4.954923,4.915199,4.937018,4.963444,4.963606,4.931715,4.940468,4.928193,4.942914,4.954204,4.9521112,4.949589,4.9477777,4.95961,4.93201,4.9495025,4.929446,4.9514194,4.9394608,4.9393253,4.9330754,4.9394565,4.9452853,4.953681,4.941537,4.933794,4.9273915,4.9317,4.9441295,4.9341874,4.937102,4.9226294,4.927965,4.9361897,,,,,,,,,,,,,,,,,,,,,,,,,,,,,,,,,,,,,,,,,,,,,,,,,,,,,,,,,,,,,,,,,,,,,,,,,,,,,,,,,t44
FS/240.png,left,0.165795100008836,4.8598084,4.8800597,4.86603,4.8681183,4.8602686,4.8641706,4.8445997,4.867912,4.8562546,4.8565536,4.8665624,4.861017,4.8711333,4.885276,4.885297,4.8776474,4.8847513,4.8759685,4.865596,4.880535,4.859691,4.8595243,4.877367,4.858337,4.852615,4.874476,4.896235,4.8758903,4.874358,4.8643756,4.867689,4.8638334,4.865459,4.8552237,4.870694,4.8556566,4.8599353,4.8656483,4.8636627,4.8611813,4.857219,4.8855762,4.8658614,4.8768344,4.8680406,4.8784347,4.8822756,4.877525,4.8513017,4.867314,4.878417,4.887606,4.8714275,4.889771,4.88888,4.8695297,4.8737545,4.8747234,4.865956,4.8595176,4.881048,4.8562903,4.8529487,4.8383827,4.855996,4.841837,4.8408246,4.8397503,4.843027,4.8470864,4.8446326,4.846254,4.836052,4.8441896,4.839349,4.8194547,4.8163223,4.80396,4.8416715,4.8160486,4.838488,4.7913065,4.8103395,4.833032,4.837699,4.7967257,4.831627,4.794399,4.8338156,4.8192625,4.7767787,4.8240724,4.816062,4.821777,4.8262067,4.8364024,4.860213,4.848317,4.843769,4.8515835,4.841766,4.8481574,4.855346,4.8706093,4.879036,4.8575735,4.86387,4.8854003,4.8757386,4.8786163,4.911521,4.8867993,4.896447,4.9139194,4.9164224,4.909142,4.9055943,4.907973,4.9339976,4.9327564,4.9350595,4.935021,4.9528794,4.95533,4.9600377,4.954894,4.9634924,4.9739404,4.961977,4.9662895,4.9433928,4.973908,4.969163,4.9343915,4.9087734,4.911179,4.9021974,4.887791,4.8724017,4.8895283,4.8472075,4.831286,4.7724366,4.70622,4.675181,4.6506224,4.620987,4.5740523,4.5464053,4.5310373,4.4622827,4.411518,4.3452954,4.353247,4.30217,4.291457,4.274505,4.248047,4.2417746,4.1932144,4.1263776,4.081751,4.0796347,4.0692263,4.0446544,4.034784,4.042963,4.0181775,4.015905,4.0155377,3.968756,3.9739294,3.9590266,3.9375436,3.9415,3.921153,3.9103553,3.9088285,3.89827,3.891957,3.8840046,3.862246,3.8855298,3.84261,3.86772,3.869294,3.8749313,3.865237,3.86114,3.9144404,3.9029763,3.9030013,3.9252713,3.9458573,3.8802588,3.9461856,3.9450152,3.9621918,3.9663227,3.9846523,3.974148,3.9991345,4.0140657,4.046139,4.0423584,4.039747,4.01125,4.053353,4.050173,4.065464,4.08473,4.1268597,4.129529,4.1132846,4.1645775,4.2119875,4.215633,4.2200217,4.217167,4.2361245,4.231881,4.274559,4.2896338,4.314155,4.3243675,4.33941,4.338829,4.363018,4.380962,4.405088,4.3849716,4.378951,4.398368,4.412996,4.398708,4.0015893,4.34898,4.4966345,4.605754,4.633373,4.6112213,4.6336184,4.658361,4.6860547,4.685672,4.7207,4.711751,4.7373867,4.720516,4.747322,4.7768083,4.7931385,4.7810574,4.8040056,4.782895,4.803061,4.8317695,4.8314357,4.815998,4.833137,4.8232117,4.824955,4.845649,4.8666363,4.8739724,4.8778143,4.859556,4.891864,4.9075165,4.8805804,4.8768926,4.9029,4.8993416,4.90858,4.9358163,4.9344497,4.9273453,4.941276,4.9217396,4.9387407,4.9342027,4.9394493,4.931528,4.953272,4.925857,4.9548516,4.938438,4.9397483,4.934962,4.945625,4.93367,4.940869,4.9445467,4.964043,4.9556756,4.9447236,4.9560003,4.9433208,4.9577284,4.9636917,4.950761,4.9504805,4.93878,4.9812474,4.968253,4.966282,4.966436,4.9837904,4.9645553,4.9932017,4.974831,4.9888525,4.9902782,4.980706,4.989391,4.968027,5.012821,5.0307927,4.9995756,5.009143,5.017676,5.03259,4.964907,5.019541,5.0130887,4.989934,5.002593,5.0115247,4.9990344,5.014043,4.999915,5.0096707,5.0156183,4.988137,4.9988947,4.991905,4.986831,4.949811,4.9679656,4.9491873,4.9474483,4.963291,4.95201,4.943234,4.9513135,4.9471903,4.953217,4.950867,4.9442534,4.9401846,4.944884,4.9340186,4.9398146,4.952609,4.9396267,4.94785,4.9173937,4.927442,4.9350777,4.923921,4.9299393,4.9393435,4.9085293,4.9035854,4.923647,4.906416,4.8949594,4.9165277,4.889126,4.926207,4.9037037,4.905242,4.8669324,4.870897,4.8855762,4.907646,4.9238214,4.920575,4.8758655,4.922532,4.901113,4.918097,4.9351006,4.9133434,4.9324346,4.921489,,,,,,,,,,,,,,,,,,,,,,,,,,,,,,,,,,,,,,,,,,,,,,,,,,,,,,,,,,,,,,,,,,,,,,,,,,,,,,,,,,,,,,,,,t89
FS/260.png,right,0.2159555999969598,5.168644,5.135952,5.173135,5.13889,5.1266217,5.144633,5.176305,5.1741004,5.1558733,5.1635695,5.1727066,5.162497,5.17291,5.147357,5.144842,5.194772,5.178329,5.167856,5.1488333,5.160897,5.145486,5.1823597,5.1983724,5.170466,5.1912622,5.1630726,5.1616597,5.166091,5.1774917,5.207128,5.1771183,5.200579,5.182709,5.1582847,5.169322,5.1859097,5.186271,5.1687336,5.19629,5.195238,5.201255,5.163431,5.1777463,5.2065835,5.1762657,5.219972,5.1975265,5.1849055,5.2075152,5.2048187,5.198598,5.2019105,5.2031326,5.182749,5.1963797,5.17296,5.179643,5.179934,5.1852145,5.1835113,5.1713157,5.160997,5.1484637,5.118565,5.1252074,5.1194005,5.1114087,5.1167455,5.116291,5.0972,5.0891824,5.0753345,5.0576797,5.0807114,5.0441837,5.045286,5.014031,5.0196624,5.043744,4.992645,5.0186586,5.003426,5.0049767,4.999509,5.020275,5.00219,5.0038247,4.9745893,5.0024004,4.9851065,4.98452,4.981976,4.945434,4.997709,4.979107,4.99194,4.9756274,4.9948864,4.990499,4.9970226,5.007186,4.999265,5.0077896,5.005259,4.9986796,4.9934855,5.0031314,5.0226808,5.0470524,5.032971,5.031088,5.0730557,5.0568557,5.073531,5.0617375,5.087114,5.087328,5.0857887,5.0849376,5.085815,5.0739937,5.079746,5.1040783,5.0967197,5.109087,5.107961,5.1129084,5.110956,5.118718,5.1256785,5.123059,5.133593,5.1339025,5.1184554,5.1193833,5.1095324,5.108154,5.0902696,5.0705504,5.0636034,5.0279174,4.963874,4.936076,4.928122,4.874015,4.8725586,4.8093534,4.757891,4.7329664,4.697369,4.66657,4.6077905,4.5625086,4.547066,4.5190015,4.4746237,4.4400997,4.4023848,4.3799334,4.3727736,4.3174877,4.2984614,4.301296,4.2548494,4.2342763,4.219635,4.19959,4.198986,4.1599216,4.166927,4.1494718,4.146207,4.1407204,4.139818,4.1246862,4.13751,4.122932,4.10762,4.0839124,4.1112986,4.0942597,4.081048,4.1002803,4.0765386,4.103415,4.090303,4.0753264,4.058905,4.067968,4.067413,4.0866404,4.0712757,4.110257,4.0732546,4.1091685,4.115189,4.1405926,4.125484,4.137448,4.1382895,4.140837,4.146219,4.168361,4.153996,4.169815,4.1866603,4.2186604,4.2600765,4.2441154,4.278845,4.292818,4.316754,4.3125243,4.30926,4.3288007,4.3441143,4.3566275,4.3992276,4.3826284,4.4122534,4.4567847,4.467174,4.4611154,4.462146,4.5120006,4.505757,4.537433,4.5499253,4.553205,4.5765514,4.595411,4.60682,4.5955853,4.6330166,4.631462,4.6619835,4.659979,4.7075777,4.712778,4.732156,4.750246,4.7478423,4.7485805,4.760109,4.770098,4.79069,4.786694,4.8114157,4.811381,4.824322,4.8258696,4.8324394,4.8875704,4.8601274,4.8824987,4.8836517,4.8689437,4.893847,4.915985,4.9322004,4.931243,4.9383726,4.931679,4.9391484,4.948686,4.9404945,4.981514,4.9913483,4.96036,4.9961233,4.999904,5.019333,5.0107474,5.003376,5.0256934,5.024791,5.0431848,5.0505095,5.0389943,5.0493174,5.081847,5.071918,5.06505,5.08415,5.071557,5.0871577,5.1050487,5.0936413,5.1195884,5.101531,5.1151443,5.1149793,5.1076045,5.0977635,5.1006126,5.1117315,5.1162233,5.1020727,5.11592,5.1176996,5.11985,5.1088657,5.12714,5.1224365,5.1154222,5.144959,5.1301675,5.14658,5.146776,5.119381,5.1554747,5.1330075,5.145849,5.1339645,5.1491904,5.143421,5.154888,5.1566505,5.124029,5.151189,5.1505437,5.1514945,5.1473837,5.1431055,5.1446056,5.1458325,5.1504526,5.16505,5.1479425,5.146022,5.1583786,5.1648827,5.140841,5.1554594,5.1499205,5.1417856,5.144914,5.165263,5.1437635,5.1611,5.148651,5.1741757,5.1680937,5.156366,5.1826034,5.162686,5.177632,5.1569676,5.1634345,5.188092,5.1670876,5.1625834,5.187,5.191654,5.1844826,5.176124,5.1686254,5.1864223,5.1973667,5.15806,5.1783695,5.1660285,5.1898556,5.18365,5.2027073,5.196598,5.2038236,5.180302,5.1867037,5.199972,5.1929417,5.204181,5.1912837,5.189631,5.1864686,5.189994,5.2036214,5.2131934,5.19139,5.205953,5.213753,5.2073016,5.187897,5.208145,5.2016783,5.214256,5.2038016,5.214283,5.215724,5.225102,5.209712,5.2184105,5.205791,5.2182336,5.218079,5.232941,5.2222714,5.2229123,5.2025533,5.205772,5.2262983,5.2311406,5.23534,5.2118363,5.228536,5.252088,,,,,,,,,,,,,,,,,,,,,,,,,,,,,,,,,,,,,,,,,,,,,,,,,,,,,,,,,,,,,,,,,,,,,t9
FS/50.png,left,0.2146697999851312,5.2174067,5.19978,5.232875,5.2307496,5.211984,5.236015,5.2322044,5.224887,5.2076817,5.224935,5.222958,5.2197223,5.2119756,5.220823,5.230838,5.2105846,5.2279773,5.228673,5.229492,5.2452245,5.2352214,5.206697,5.2279096,5.238275,5.227389,5.236242,5.239672,5.220191,5.218663,5.229176,5.231114,5.2294693,5.2355103,5.223804,5.2339435,5.243381,5.225176,5.2330027,5.233429,5.2460217,5.2377725,5.2425466,5.2264466,5.21868,5.2521152,5.2287726,5.2386694,5.246416,5.2100244,5.2208405,5.2303457,5.2295933,5.2298827,5.217068,5.2081957,5.203378,5.201094,5.2197413,5.220961,5.2112217,5.19159,5.2068343,5.1880856,5.143281,5.155076,5.1293755,5.107577,5.122812,5.0818963,5.0550313,5.046869,5.055973,5.033759,5.0413375,5.010114,5.02499,4.986095,4.9927225,4.9739065,4.9814425,4.9667535,4.9664745,4.976784,4.9886394,4.9563766,4.95128,4.965799,4.95118,4.9597716,4.9428296,4.9446735,4.9343333,4.9421587,4.9449496,4.940597,4.9259048,4.9467382,4.9278083,4.943967,4.9346876,4.9439254,4.933005,4.9181156,4.9473433,4.931778,4.9367514,4.942016,4.940008,4.951375,4.9503336,4.9540277,4.9436665,4.94996,4.951369,4.9835205,4.9778185,4.967656,4.964179,4.961194,4.9730935,4.987958,4.971903,4.9885144,4.9904385,4.9952497,4.9899893,4.992368,5.0004034,4.9731755,4.9700236,4.981207,4.969925,4.9689612,4.9991183,4.973924,4.9695497,4.9689136,4.95722,4.950337,4.9041686,4.8783665,4.8228045,4.8065405,4.7797375,4.7344866,4.7237186,4.694255,4.615003,4.5574284,4.5279965,4.5049167,4.4403954,4.412692,4.3988566,4.3428173,4.311239,4.298762,4.256599,4.2344794,4.1729116,4.1626115,4.1492815,4.1281886,4.115993,4.09645,4.0941,4.0314164,4.0227094,4.017402,4.0131497,4.0061274,4.0173807,3.9550264,3.9705477,3.9651499,3.9552622,3.9507744,3.9486072,3.9361086,3.9110987,3.915875,3.9233873,3.8871593,3.9104075,3.9047258,3.8915317,3.8892615,3.9174733,3.8908327,3.9039924,3.931423,3.9472525,3.9584222,3.942203,3.9503496,3.9650705,3.9753232,3.963501,3.969661,3.9861774,3.9725924,3.9816682,3.9994102,3.9788346,4.014974,4.051445,4.0335417,4.074442,4.063696,4.054933,4.098239,4.1230297,4.142408,4.1358695,4.128386,4.198655,4.210349,4.2221746,4.242661,4.253605,4.2691703,4.2595253,4.2671027,4.2669063,4.3443384,4.3265767,4.3679585,4.3711104,4.392344,4.4032283,4.4192424,4.408112,4.4379463,4.459508,4.47347,4.4695396,4.5061846,4.5294933,4.5064797,4.518093,4.568055,4.550091,4.5610585,4.5833087,4.606879,4.585661,4.626697,4.6336837,4.625248,4.626077,4.635998,4.6243668,4.6481676,4.6473703,4.6391835,4.6534104,4.6796575,4.7005706,4.7357116,4.767481,4.7580767,4.78285,4.78841,4.79434,4.7987204,4.812967,4.813748,4.827078,4.829404,4.837938,4.825317,4.8385425,4.839233,4.871905,4.868553,4.8590183,4.870529,4.864054,4.8636084,4.8939366,4.865614,4.880511,4.883738,4.906651,4.8924966,4.8942804,4.9204535,4.9005637,4.9201975,4.950207,4.942029,4.9184203,4.9472632,4.937059,4.945043,4.951302,4.9469614,4.9424214,4.9706,4.9528666,4.953611,4.955196,4.955891,4.9548354,4.970297,4.942006,4.962535,4.963247,4.959476,4.965601,4.961906,4.964739,4.9624877,4.978139,4.962762,4.9622583,4.961899,4.995581,4.9926634,4.9829464,4.996046,4.9858775,4.991705,4.9894066,4.9855704,4.982733,4.9658327,4.978493,5.000129,4.978572,4.999973,4.987498,4.976743,4.993698,5.015406,4.997368,4.9923477,4.989253,4.9842606,5.013689,5.009653,5.0085554,5.0113277,5.005489,5.0106072,5.0007215,5.0171757,5.008585,5.0245056,5.020506,5.009615,5.0211897,5.0203505,5.0163207,5.0252295,5.023662,5.0533442,5.0294113,5.0218544,5.0238137,5.023711,5.0439277,5.038872,5.030225,5.0550995,5.055299,5.034497,5.0299397,5.045973,5.056705,5.0591884,5.0508676,5.0493636,5.0572686,5.0529747,5.054322,5.0444136,5.0455084,5.0472865,5.0590134,5.0550423,5.055965,5.051479,5.0627527,5.064988,5.059697,5.076904,5.0523686,5.0500507,5.0644507,5.0569057,5.0404015,5.0402474,5.051732,5.0594516,5.0591025,5.0581217,5.089979,5.0881233,5.0527625,5.0672035,5.061472,5.0595007,5.068792,5.089544,5.0682464,5.0709815,5.0776534,,,,,,,,,,,,,,,,,,,,,,,,,,,,,,,,,,,,,,,,,,,,,,,,,,,,,,,,,,,,,,,,,,,t11
FS/50.png,right,0.1680173000058857,4.971215,4.960385,4.953092,4.9445252,4.957149,4.9394116,4.9595065,4.9787273,4.952819,4.955286,4.9625244,4.952755,4.9526143,4.949337,4.9487834,4.9373207,4.9387255,4.950321,4.98738,4.9645905,4.9710474,4.993656,4.9782715,4.97425,4.983156,4.964798,5.000907,5.0075536,4.9595337,4.9724226,4.969537,4.963434,4.949649,4.9703183,4.975435,4.954913,4.978358,4.962412,4.9661603,4.984642,4.9927764,4.9914474,4.959229,4.973691,4.968156,4.9640174,4.9734316,4.9351416,4.9549465,4.9508686,4.9502163,4.9316797,4.9650855,4.9329705,4.9537315,4.9356747,4.935172,4.9389,4.9267483,4.9325852,4.9020343,4.918984,4.893757,4.9004135,4.902451,4.880194,4.8814154,4.858393,4.8465815,4.822536,4.828583,4.8038588,4.786517,4.8004966,4.74043,4.7185326,4.7191267,4.7145896,4.6977444,4.680044,4.6963654,4.679889,4.677678,4.658425,4.672697,4.648131,4.6604857,4.665958,4.648663,4.6712165,4.660385,4.664833,4.6592636,4.6345587,4.6355524,4.644599,4.651203,4.6290092,4.6478553,4.6455746,4.625597,4.6329627,4.6419525,4.6614175,4.641172,4.6612015,4.6379027,4.650472,4.6346493,4.6489716,4.632595,4.6552563,4.647629,4.651032,4.657945,4.6427402,4.641996,4.6640444,4.642651,4.6472716,4.6433005,4.64141,4.6360188,4.636249,4.6435843,4.6385045,4.6359634,4.6477365,4.645261,4.651796,4.629352,4.6358867,4.6442304,4.6515656,4.6413474,4.6202307,4.6039743,4.600838,4.5654635,4.5141106,4.5092854,4.455667,4.4485326,4.42055,4.415796,4.412931,4.3349795,4.314882,4.2875156,4.284613,4.200756,4.184466,4.1650906,4.137945,4.108543,4.0947766,4.0842094,4.069932,4.072974,4.0551896,4.0189366,3.9858375,3.9968734,3.9869003,3.9769158,3.9433427,3.945907,3.9303992,3.9101734,3.9040382,3.9253778,3.892752,3.8896186,3.8899207,3.85006,3.8572505,3.8771741,3.912056,3.8722405,3.8872077,3.8939965,3.9156113,3.9227548,3.9320748,3.9082854,3.9306757,3.9451334,3.9591143,3.938554,3.9739816,4.0095053,4.0090528,4.034324,4.0000196,4.038956,4.054282,4.067978,4.0555296,4.074798,4.0995955,4.0690045,4.1063685,4.121872,4.121479,4.1333513,4.1456866,4.168084,4.2123785,4.203168,4.1975245,4.212228,4.2547297,4.261226,4.2651057,4.310791,4.32051,4.3251452,4.3484936,4.351736,4.374187,4.3745356,4.406227,4.431914,4.4484086,4.446991,4.4794474,4.4702663,4.5285497,4.482335,4.5180497,4.544279,4.554038,4.555878,4.5794425,4.5915294,4.6183114,4.631957,4.6413064,4.704608,4.701534,4.692843,4.70629,4.7393622,4.7408066,4.7283144,4.7596464,4.766319,4.7631783,4.7847567,4.7902575,4.802094,4.8457904,4.855604,4.8454247,4.8451385,4.9056516,4.874747,4.9001102,4.904364,4.916936,4.9212737,4.9236364,4.9649105,4.9673305,4.9980307,4.9939795,5.010087,5.0110035,5.005166,4.993074,5.0212984,5.01556,5.025136,5.025737,5.019341,5.030421,4.996095,5.0516987,5.061487,5.042854,5.0319176,5.020581,5.052571,5.0149426,5.0411506,5.0703926,5.006561,5.007074,5.044518,5.0477843,5.0234103,5.0467687,5.033027,5.0262666,5.012327,5.0137353,5.020844,5.0107417,4.9854236,4.9977026,4.988137,5.0004005,4.9809856,4.985041,4.9740276,4.978381,4.9516354,4.951972,4.948703,4.942036,4.9533186,4.9338403,4.9499135,4.9444733,4.946814,4.943927,4.9349875,4.9392767,4.959833,4.935086,4.8859167,4.871933,4.9035387,4.892993,4.8735857,4.901318,4.8684015,4.893322,4.9036245,4.8952074,4.865413,4.8664436,4.8762946,4.8824134,4.8800263,4.9276104,4.918224,4.9189005,4.895338,4.904805,4.9119916,4.883238,4.872691,4.8909473,4.8994503,4.8877044,4.905864,4.9107304,4.8936605,4.909527,4.8624873,4.9308558,4.902287,4.8963323,4.8998165,4.877428,4.9028916,4.9071236,4.8963037,4.907767,4.888207,4.933324,4.9159937,4.928625,4.937314,4.948572,4.9318976,4.938942,4.9404955,4.9290743,4.940862,4.948445,4.962206,4.957423,4.947998,4.9705048,4.953177,4.963896,4.956832,4.9638033,4.974308,4.958693,4.9753413,4.9651103,4.9734063,4.9670653,4.982306,4.9625897,4.986706,4.9891143,5.0038075,4.9955063,,,,,,,,,,,,,,,,,,,,,,,,,,,,,,,,,,,,,,,,,,,,,,,,,,,,,,,,,,,,,,,,,,,,,,,,,,,,,,,,,,,t112
FS/200.png,left,0.187296599993715,5.1168065,5.111686,5.1053624,5.1091805,5.1191707,5.1056123,5.1177115,5.1122675,5.1064186,5.1117024,5.1166744,5.122553,5.1169767,5.124678,5.1356397,5.109616,5.1194463,5.1370764,5.131598,5.1355777,5.1273685,5.1475153,5.136133,5.1290436,5.1436243,5.157711,5.1578226,5.149282,5.1414523,5.128289,5.1527076,5.148587,5.1520405,5.137626,5.1386166,5.163958,5.1549006,5.1424417,5.1428785,5.166398,5.1228476,5.145007,5.1562414,5.14314,5.155315,5.144047,5.134434,5.1728697,5.1646113,5.16637,5.147001,5.1277294,5.1419234,5.1320395,5.144435,5.1442513,5.1470094,5.143413,5.1591725,5.120417,5.1404715,5.122283,5.115609,5.10606,5.123296,5.130106,5.135483,5.1011395,5.0933433,5.120071,5.1070933,5.1001554,5.08098,5.0975337,5.107212,5.0902786,5.0861363,5.0909047,5.095049,5.0936546,5.083066,5.090043,5.0694633,5.0719457,5.070087,5.0660415,5.089882,5.0722365,5.072605,5.0671115,5.075907,5.092648,5.071235,5.0636096,5.0631294,5.058111,5.068246,5.055125,5.064734,5.065358,5.063605,5.0828447,5.087077,5.067647,5.085582,5.0708323,5.082631,5.0912237,5.0988975,5.093009,5.0932393,5.107095,5.0710893,5.1081243,5.118742,5.104483,5.135632,5.1004877,5.1081095,5.1191864,5.1280704,5.1410317,5.144099,5.136751,5.150053,5.178022,5.1474833,5.1556334,5.1836004,5.17807,5.180205,5.181478,5.164972,5.1839933,5.1604123,5.1571226,5.128427,5.076709,5.047962,5.0388346,5.0283337,4.981489,4.9742274,4.903295,4.900151,4.8212714,4.7847714,4.751709,4.7383566,4.6821284,4.6330934,4.562565,4.5051436,4.509128,4.491157,4.4601,4.424299,4.389955,4.3579745,4.310112,4.2994356,4.3010077,4.283901,4.218505,4.2301464,4.161971,4.144789,4.141258,4.143236,4.130605,4.128328,4.0966563,4.039644,4.061085,4.0617437,4.050893,4.018153,4.0358005,4.0238075,4.022021,4.016746,4.0144596,3.9892502,4.0025244,3.9992712,3.9971669,4.018482,4.0141177,4.007071,4.01858,4.010342,4.026754,4.0256896,4.036728,4.040593,4.053528,4.043561,4.0733466,4.078545,4.07963,4.11135,4.11743,4.1316166,4.146505,4.1414537,4.14905,4.130819,4.1558723,4.146839,4.172122,4.201486,4.2600465,4.2656097,4.2442946,4.2679243,4.2743354,4.289282,4.330078,4.3712907,4.379485,4.3737645,4.4024544,4.4243174,4.4328094,4.441521,4.463484,4.4885826,4.506716,4.5377407,4.51408,4.55217,4.549217,4.5977755,4.5928755,4.6292644,4.633567,4.6365776,4.6437006,4.666747,4.658754,4.667863,4.6845236,4.686048,4.726123,4.7448053,4.7316732,4.7548285,4.7701263,4.792063,4.7752156,4.828385,4.83011,4.8316054,4.863818,4.8521204,4.861424,4.8729997,4.9081125,4.8926764,4.9037876,4.902217,4.900093,4.9227266,4.922058,4.9033995,4.9382057,4.930807,4.930932,4.9553127,4.950942,4.9486732,4.955638,4.951414,4.976987,4.946802,4.9628882,4.960922,4.9879756,4.9712543,5.013685,4.997228,4.9723377,4.9816666,5.01066,4.9865036,5.009847,4.993067,5.0303,5.0300207,5.007474,5.0109134,5.0180273,4.993882,5.0088305,5.0436826,5.0344863,5.045625,5.0327806,5.0435076,5.039654,5.045435,5.055835,5.0442324,5.0231543,5.042558,5.0522294,5.0380526,5.0290985,5.0431952,5.0563564,5.0434666,5.0386963,5.0600405,5.0416455,5.063159,5.007403,5.025259,5.0436735,5.028872,5.010093,5.0302434,5.02802,5.021076,5.0058208,5.0365753,5.0048842,5.019948,5.0166183,5.0089364,5.019258,5.019466,5.018861,5.046721,5.000916,4.980471,5.0312467,4.9929056,5.014728,4.999998,4.9854507,5.01696,4.9968967,5.047134,5.0332766,4.97798,4.988609,5.006633,5.0309963,4.9889436,4.9884686,5.0116777,4.998851,4.9942822,4.9876456,5.012282,5.0107136,4.9938426,5.00143,5.011568,5.016246,5.007569,5.0100703,5.0072384,5.016202,4.993787,5.0102553,5.003196,4.9959774,5.0003195,5.00616,4.9957957,4.9934735,5.0077405,5.014365,5.0120454,5.0103927,5.010779,5.0104413,5.021413,5.008226,5.0182257,5.034322,5.0149956,5.023217,5.031003,5.0168443,5.0301886,5.0343094,5.014915,5.0347867,5.025053,5.051543,5.0333176,5.052706,5.053113,5.0324903,5.043368,5.030659,5.057823,,,,,,,,,,,,,,,,,,,,,,,,,,,,,,,,,,,,,,,,,,,,,,,,,,,,,,,,,,,,,,,,,,,,,,,,,,,,t17
FS/200.png,right,0.5634745999996085,5.0804057,5.0945535,5.0738144,5.085243,5.0876284,5.085233,5.094943,5.1063766,5.130197,5.1077747,5.1203256,5.1122255,5.113112,5.1254067,5.1355414,5.1339264,5.125574,5.123284,5.1127386,5.114203,5.12015,5.1198134,5.1123304,5.0970974,5.1068697,5.113791,5.1009417,5.109862,5.1086884,5.095024,5.110349,5.10007,5.0963683,5.091919,5.0956388,5.098469,5.095454,5.094934,5.0996737,5.0805917,5.073564,5.090103,5.071684,5.0750914,5.085628,5.0867925,5.083204,5.05752,5.0602,5.0540404,5.0639215,5.060443,5.0606256,5.0580935,5.0711474,5.0548925,5.0584226,5.0664606,5.066743,5.056121,5.058747,5.05588,5.063887,5.0506787,5.0475354,5.064771,5.046448,5.0774074,5.0490794,5.049628,5.051319,5.0399184,5.055537,5.0615463,5.051012,5.049738,5.0423975,5.0480433,5.051032,5.0496683,5.0551305,5.0550313,5.100083,5.073258,5.1062264,5.0868125,5.0905027,5.0778327,5.089501,5.0991306,5.113732,5.100749,5.1042495,5.0955815,5.1217146,5.1332984,5.117095,5.112881,5.119998,5.129937,5.134534,5.128954,5.1354094,5.138337,5.152388,5.137014,5.149543,5.152254,5.157567,5.1594677,5.152079,5.1534886,5.1730976,5.184134,5.1577187,5.182163,5.177599,5.2008166,5.1621094,5.1877685,5.200746,5.207129,5.2033505,5.2092795,5.222827,5.194541,5.198294,5.2097125,5.2004952,5.2474356,5.2148438,5.209941,5.174205,5.1541653,5.1654572,5.1549587,5.1541457,5.1348667,5.0872083,5.07533,5.003573,4.961896,4.9541793,4.9113417,4.8642416,4.8269053,4.7852077,4.7541733,4.718903,4.658592,4.616699,4.604907,4.5737567,4.564657,4.504374,4.449723,4.437792,4.4344344,4.3981814,4.38944,4.3585577,4.340235,4.3395224,4.2897305,4.2565746,4.2466016,4.2323747,4.2309036,4.2081323,4.2178617,4.189612,4.1934743,4.192915,4.1897125,4.147148,4.1635656,4.164744,4.161281,4.139075,4.153159,4.142004,4.128024,4.148671,4.139611,4.1542764,4.143363,4.157262,4.1687713,4.1627464,4.151405,4.16525,4.18,4.17378,4.1889963,4.1948814,4.2061567,4.1990705,4.210489,4.2235913,4.2391677,4.231083,4.2456894,4.263145,4.261037,4.2963357,4.300917,4.312198,4.3408976,4.3657155,4.3844204,4.418959,4.4150176,4.452293,4.443095,4.4406734,4.449942,4.4584503,4.449281,4.534007,4.5297046,4.5316143,4.598335,4.592491,4.582834,4.610157,4.618429,4.636852,4.6479797,4.669976,4.6753,4.6915317,4.707129,4.7093353,4.729872,4.7353425,4.796548,4.7835455,4.81134,4.8215437,4.827259,4.824443,4.8367176,4.8438916,4.839544,4.89714,4.877193,4.904606,4.9215007,4.9318542,4.960682,4.9556556,4.9473495,4.96025,4.984171,5.007014,4.990815,4.9986176,5.0094867,5.0110607,5.0223002,5.012455,5.032244,5.02536,5.0413423,5.0685897,5.0838604,5.090354,5.078199,5.091942,5.106912,5.104515,5.1197233,5.1362157,5.128468,5.1405272,5.1491857,5.1531844,5.1508727,5.159722,5.1718946,5.161489,5.1704493,5.1786156,5.1829147,5.2142234,5.205023,5.2094045,5.2101493,5.255752,5.2385354,5.2715807,5.2356153,5.272383,5.281097,5.2853603,5.287663,5.2795258,5.2886834,5.305231,5.2872195,5.3097734,5.3285804,5.3022585,5.304604,5.3092723,5.327715,5.313276,5.338818,5.344475,5.327766,5.3426785,5.352311,5.3490515,5.35528,5.3707337,5.372318,5.376394,5.3461404,5.408588,5.3867908,5.3995924,5.4113364,5.416442,5.422318,5.4080563,5.410863,5.4294086,5.439319,5.4248557,5.4266124,5.46025,5.4496818,5.425919,5.423175,5.4452434,5.450066,5.4559693,5.445996,5.4515653,5.4633994,5.463421,5.469891,5.486265,5.457511,5.4748178,5.4947257,5.4706745,5.46815,5.486648,5.465994,5.4932685,5.491922,5.5121617,5.503124,5.4867682,5.491761,5.4946585,5.508976,5.504228,5.500134,5.5012417,5.5011015,5.503347,5.5109477,5.499997,5.4957147,5.511023,5.5038776,5.5181017,5.51731,5.520608,5.518994,5.518397,5.518521,5.524164,5.514105,5.5325074,5.5189557,5.530206,5.5241103,5.522841,5.5271845,5.5136538,5.5336514,5.557221,5.5530753,5.539419,5.5805693,5.5536737,5.5447674,5.561471,5.556336,5.557129,5.5415034,5.567332,5.575744,5.5540695,5.5515466,5.5675974,5.5905275,5.5649385,5.568122,5.569933,5.5633965,5.570348,5.564018,5.565239,5.574117,5.5640993,5.5745316,5.557624,5.5719676,5.5795093,5.565327,5.551545,5.5875535,5.5714207,5.57121,5.5654883,5.570401,5.5880604,5.5614347,5.570335,5.568444,5.5851793,5.569175,5.5746827,5.5891485,5.568137,5.577492,5.581061,5.559002,5.5724587,5.578369,5.573072,5.560726,5.581272,5.61332,5.552091,5.595732,5.596361,5.558834,5.5706606,5.58892,5.5777974,5.57786,5.5788217,5.5642567,5.565738,5.574662,5.5811467,5.5812726,5.58823,5.578871,5.5742474,5.5645146,5.5571237,5.5645127,,,,,,,,,,,,,,,,,t60
FS/200.png,left,0.1845266000018455,4.962342,4.9806395,4.9707956,4.990319,4.9957747,5.010034,5.022413,5.0163436,4.9973187,5.032405,5.003187,5.0299478,5.048504,5.038383,5.0520096,5.0286613,5.0523705,5.0579085,5.0598774,5.0596604,5.0628448,5.086928,5.063251,5.076304,5.0816436,5.093073,5.0856495,5.1042943,5.0899224,5.112269,5.110037,5.0876794,5.105253,5.1317625,5.1344376,5.124843,5.1407266,5.137819,5.1206083,5.142155,5.159959,5.154624,5.155231,5.158802,5.1540933,5.1527305,5.170751,5.1627946,5.1523848,5.1774783,5.1655264,5.1613736,5.1944327,5.153999,5.164024,5.1715455,5.1418695,5.140238,5.145605,5.14009,5.1319213,5.117823,5.0870566,5.0973167,5.080514,5.049372,5.0469494,5.0005336,5.0121493,4.9927,4.9819903,4.9834504,4.9776974,4.9650145,4.9530463,4.9036164,4.9172354,4.8962927,4.8825517,4.8645573,4.880449,4.873199,4.878773,4.885678,4.864168,4.860907,4.8683643,4.8497105,4.8772326,4.8839192,4.8753686,4.879248,4.8750987,4.8698816,4.8678265,4.8736286,4.895282,4.8741326,4.8771496,4.874156,4.8900237,4.9164405,4.930661,4.9235525,4.9344206,4.940895,4.958796,4.952829,4.973581,4.9650745,5.007853,5.005717,4.9974847,5.0057845,5.0095506,5.047759,5.0594087,5.066392,5.044426,5.0704966,5.0798774,5.067273,5.078627,5.096733,5.099556,5.1170883,5.094748,5.134855,5.129509,5.1332135,5.120071,5.1268196,5.12841,5.086074,5.0952997,5.071884,5.0446057,5.010486,4.984455,4.9536276,4.914956,4.8819294,4.8741837,4.8103585,4.79045,4.74085,4.7168484,4.6879716,4.664868,4.6191034,4.6003656,4.555855,4.52999,4.5088882,4.471757,4.450805,4.4441204,4.4099913,4.3857017,4.373054,4.3443956,4.328349,4.3290825,4.317435,4.3110547,4.299616,4.301101,4.3018146,4.2715406,4.2714953,4.272501,4.2640266,4.2664595,4.239292,4.229368,4.2441397,4.2478228,4.2307568,4.2433147,4.2432876,4.2336555,4.222127,4.25648,4.2344065,4.243769,4.258425,4.2647867,4.263412,4.273279,4.2567444,4.2451696,4.2150655,4.2522044,4.2519226,4.2595043,4.2892103,4.295016,4.079487,4.016022,4.3490343,4.310474,4.602175,4.6712146,4.65574,4.6116595,4.609534,4.6220503,4.690062,4.6482053,4.7043247,4.688552,4.7202907,4.730878,4.760396,4.7552724,4.749833,4.810074,4.7871075,4.788833,4.832909,4.825089,4.814796,4.799585,4.8142724,4.84691,4.8612695,4.8538113,4.8875875,4.8652883,4.866724,4.8794117,4.875791,4.905027,4.901026,4.936105,4.916959,4.9403973,4.946128,4.920774,4.9262657,4.956051,4.962024,4.956898,4.9738617,4.9733267,4.964557,4.980187,4.9706264,4.9852715,4.966691,4.9498315,4.963522,4.9461055,4.9601345,4.926242,4.9481335,4.9467297,4.9472003,4.9026103,4.915424,4.895467,4.913872,4.9096985,4.9239726,4.92183,4.9096084,4.91965,4.9107137,4.910262,4.914264,4.8862433,4.917669,4.9076643,4.898781,4.8881574,4.8998256,4.8901134,4.8773403,4.8942876,4.8850994,4.8696413,4.897355,4.898307,4.895855,4.8674455,4.8668537,4.8331833,4.8681684,4.8438864,4.8463235,4.833651,4.8260074,4.825213,4.8223147,4.820559,4.8005414,4.809635,4.797242,4.792322,4.7907386,4.7749057,4.76747,4.776233,4.795582,4.77641,4.8000145,4.790351,4.7764974,4.7788973,4.76869,4.7154484,4.7209253,4.727968,4.735708,4.7069697,4.7171373,4.699449,4.6656656,4.68221,4.684227,4.674237,4.666719,4.685064,4.7004304,4.6756277,4.6670103,4.6631937,4.667369,4.6696696,4.6483703,4.66456,4.668495,4.667896,4.6641107,4.6400304,4.634357,4.6397686,4.655675,4.6285715,4.6490545,4.648512,4.642886,4.6478195,4.625873,4.638554,4.6468554,4.6337757,4.6375804,4.66644,4.643128,4.6305337,4.638474,4.6524687,4.640482,4.639535,4.647735,4.6538744,4.6573772,4.637215,4.6579804,4.6517444,4.6399145,4.675565,4.6683393,4.673397,4.662763,4.700653,4.6510935,4.684901,4.685464,4.6755843,4.6694336,4.682393,4.6761193,4.6928654,4.69692,4.702705,,,,,,,,,,,,,,,,,,,,,,,,,,,,,,,,,,,,,,,,,,,,,,,,,,,,,,,,,,,,,,,,,,,,,,,,,,,,,,,,,,,,,,,,,,,,,,,,,,t79
FS/200.png,right,0.1903351000073598,5.395032,5.4044914,5.3961287,5.4081326,5.4031296,5.391088,5.384975,5.4140024,5.4229484,5.432964,5.406543,5.392781,5.3854423,5.4072495,5.404977,5.39223,5.4128933,5.42144,5.4209843,5.406754,5.4071674,5.42207,5.419022,5.42753,5.4221644,5.4029346,5.417992,5.4142075,5.423448,5.419664,5.4179516,5.4187546,5.4178176,5.4194713,5.413044,5.429653,5.4111247,5.4212265,5.4199114,5.435756,5.4404182,5.4399605,5.435393,5.440648,5.44917,5.4401455,5.4322042,5.4287624,5.452059,5.454467,5.453679,5.489016,5.4715247,5.4863048,5.4797297,5.4919205,5.4602795,5.450829,5.48375,5.4754415,5.4569263,5.4883747,5.4729314,5.4898686,5.4560814,5.4475927,5.4465632,5.446219,5.4257965,5.427639,5.449802,5.4317465,5.4416094,5.3965516,5.4137454,5.4111524,5.410266,5.416078,5.3909216,5.412973,5.4329023,5.402887,5.3945713,5.417974,5.40909,5.4161572,5.4162903,5.408656,5.4272375,5.417426,5.4203196,5.427316,5.4324894,5.419504,5.3840356,5.449693,5.4347706,5.430651,5.4391913,5.438428,5.43374,5.4332786,5.432447,5.4424663,5.435622,5.458633,5.4606266,5.4472747,5.4486785,5.4363165,5.454252,5.4740295,5.451586,5.4663506,5.4758635,5.4598618,5.455293,5.4676743,5.4776335,5.502894,5.4797926,5.4593616,5.4659543,5.500737,5.469891,5.490165,5.4731846,5.4776363,5.4606347,5.470222,5.4709578,5.4438257,5.4600525,5.435388,5.429036,5.3748827,5.351175,5.3197036,5.260212,5.2330894,5.199686,5.1441207,5.0859175,5.051311,5.020101,4.991479,4.9060287,4.8521295,4.840257,4.8067145,4.7454343,4.7038264,4.6649103,4.6447754,4.6016345,4.550778,4.534626,4.481039,4.432029,4.4219656,4.394475,4.412434,4.3610106,4.337532,4.2771,4.275927,4.2600102,4.2387586,4.235878,4.216894,4.2064867,4.1817417,4.187447,4.1725483,4.1008086,4.142212,4.0924954,4.0986056,4.1201344,4.1009207,4.1083226,4.0842557,4.1091704,4.097346,4.1035814,4.096575,4.0892267,4.107125,4.115416,4.098579,4.103051,4.1120715,4.099819,4.117517,4.1283073,4.1253777,4.119437,4.1253347,4.1334577,4.148564,4.1294107,4.1928816,4.1986446,4.209458,4.221836,4.231337,4.2457585,4.2808776,4.264752,4.306789,4.291541,4.3413353,4.364445,4.372044,4.374441,4.3774548,4.4217076,4.4126506,4.446714,4.471716,4.496637,4.4996324,4.520262,4.527492,4.5648584,4.571528,4.583282,4.5864363,4.6019144,4.658908,4.6482134,4.665135,4.6958594,4.707902,4.7201905,4.725963,4.762664,4.765815,4.7951055,4.806845,4.8390894,4.810717,4.8497486,4.8605013,4.8659616,4.908671,4.895418,4.909604,4.899961,4.9404106,4.9217935,4.949503,4.964685,4.9543366,4.975299,4.996826,4.9776597,4.989719,5.027544,4.9979444,5.0481567,5.0517817,5.082991,5.079447,5.0800815,5.0715327,5.0774937,5.1088605,5.1032434,5.109301,5.117558,5.1221137,5.1509876,5.147244,5.1613135,5.1504316,5.1668434,5.1757402,5.180529,5.174333,5.1875825,5.2000213,5.196185,5.212758,5.2243133,5.238202,5.224675,5.2439837,5.230197,5.2408423,5.253268,5.2669787,5.2632556,5.2610826,5.2720256,5.2851276,5.290871,5.2729974,5.281253,5.2884345,5.2787037,5.30028,5.299412,5.30226,5.2950816,5.3077445,5.3160133,5.304941,5.3260465,5.3335967,5.3326693,5.3359737,5.321862,5.3446183,5.345362,5.344571,5.3364215,5.3500695,5.358384,5.353466,5.3630033,5.354403,5.3636136,5.372344,5.3629584,5.388983,5.369839,5.389758,5.395468,5.356127,5.374629,5.4052677,5.402755,5.4312296,5.3990016,5.405477,5.4034142,5.4354496,5.4400296,5.419783,5.4231424,5.446932,5.4272532,5.415749,5.421474,5.4295344,5.4306035,5.439092,5.405703,5.447964,5.450515,5.464281,5.4166446,5.4310265,5.438521,5.418506,5.4533753,5.4472346,5.4605474,5.439693,5.4658813,5.4350033,5.447688,5.410594,5.418315,5.467867,5.434306,5.4539194,5.4334083,5.4223547,5.4360013,5.410124,5.4278903,5.4182353,5.414403,5.4061184,5.4140105,5.444692,5.431422,5.385587,5.398246,5.4248843,5.4193516,5.3998623,5.4091406,5.393935,5.3946037,5.382185,5.3829927,5.3745427,5.3871226,5.376193,5.393358,5.3637815,5.370849,5.3799386,5.385424,5.366558,5.397585,5.376835,5.390571,5.3861704,5.3549604,5.380923,5.386308,5.3784304,5.385201,5.3955317,5.394081,5.367913,5.4009147,5.385214,5.398494,5.397281,5.394253,5.4035482,5.370698,5.4072914,5.430198,5.4228463,5.4025264,5.418194,5.4155726,5.4151936,,,,,,,,,,,,,,,,,,,,,,,,,,,,,,,,,,,,,,,,,,,,,,,,,,,t106
FS/40.png,right,0.1823448999930406,5.035119,5.045678,5.0786405,5.0518384,5.064891,5.0885396,5.0501204,5.0698996,5.0536165,5.0663886,5.0641055,5.072095,5.0722423,5.070321,5.073767,5.062033,5.0609446,5.0830345,5.090409,5.0637336,5.06355,5.0750685,5.0774546,5.0799055,5.0761166,5.085597,5.09449,5.0724177,5.07862,5.081056,5.080636,5.087575,5.1010423,5.09893,5.0778036,5.0753384,5.089473,5.0903273,5.091837,5.0967116,5.093913,5.0761538,5.0855603,5.0836306,5.0904946,5.1014657,5.084368,5.0947537,5.0834217,5.080593,5.0888276,5.07181,5.059463,5.078201,5.0418057,5.051765,5.0505753,5.0355372,5.042863,5.0126963,5.03783,4.9856043,5.0024233,4.9659624,4.96465,4.952705,4.9583535,4.931805,4.900054,4.885177,4.882359,4.8745623,4.889528,4.873355,4.8456264,4.857792,4.8558335,4.837495,4.842105,4.8666434,4.8046966,4.8459697,4.8464336,4.8288836,4.818343,4.8287535,4.8398232,4.8018985,4.8304567,4.8231487,4.8393526,4.846531,4.859281,4.854331,4.8602686,4.863875,4.869418,4.8450236,4.874734,4.861957,4.868538,4.8530397,4.8833604,4.8704658,4.8952837,4.9082475,4.8850827,4.8978033,4.9217587,4.9299617,4.918222,4.9205923,4.93316,4.9546404,4.937185,4.931673,4.9564104,4.9624577,4.9669085,4.9772253,4.957283,4.9779305,4.973007,4.990034,5.0030947,4.9784102,5.022012,4.9964666,5.00903,5.0088267,5.0217247,5.03483,5.0056944,5.0102468,5.003623,5.00256,4.9894624,4.9491143,4.9333315,4.878873,4.861329,4.822434,4.7719393,4.7086325,4.7512436,4.6691647,4.633918,4.5986805,4.5518146,4.517169,4.4630494,4.436662,4.4088287,4.370742,4.339626,4.295895,4.281651,4.2399883,4.222945,4.166824,4.1498947,4.143932,4.142538,4.122919,4.095215,4.090204,4.0747266,4.048388,4.0285378,4.002559,3.9806364,3.9809132,3.9786625,3.9762013,3.9627447,3.9537158,3.953274,3.951461,3.9517608,3.9616702,3.947461,3.9488926,3.9570932,3.955092,3.9310648,3.913737,3.94107,3.9407606,3.9339368,3.9346657,3.9429853,3.9700332,3.9657462,3.9346907,3.9626474,3.957425,3.9399848,3.98806,4.02473,4.0202637,4.035108,4.0313683,4.0417686,4.0532074,4.083856,4.129512,4.124313,4.122416,4.1381173,4.158627,4.1537323,4.159577,4.167217,4.2216682,4.2059455,4.1903863,4.230448,4.288208,4.271356,4.286029,4.310531,4.340443,4.3525457,4.369737,4.379855,4.380708,4.3836575,4.420566,4.4074545,4.442914,4.439175,4.450051,4.48236,4.4735546,4.53018,4.532904,4.5602374,4.521457,4.557322,4.577272,4.579195,4.568929,4.592251,4.5837092,4.5584164,4.6017113,4.615164,4.628226,4.623003,4.641794,4.6693487,4.692843,4.678913,4.715545,4.73475,4.7381434,4.774381,4.7698298,4.809966,4.8131065,4.816789,4.8252835,4.8251095,4.8281035,4.821471,4.846377,4.8569646,4.882083,4.871657,4.8868427,4.9229317,4.924788,4.9174867,4.9151464,4.94595,4.9480715,4.9458957,4.9462314,4.9387627,4.9349065,4.9703717,4.9743557,4.9559727,4.9664617,4.984291,4.9929104,4.984749,5.0052495,5.0187793,5.012022,5.034549,5.0262284,5.035926,5.0241904,5.0329266,5.025019,5.0365486,5.04853,5.0399895,5.030435,5.0318384,5.028849,5.050493,5.0586367,5.035571,5.039634,5.051069,5.037469,5.0680127,5.0607195,5.0405145,5.039794,5.05378,5.056311,5.0626674,5.0377707,5.0519624,5.0546637,5.056323,5.052416,5.044668,5.0651035,5.060807,5.0622253,5.0439916,5.0646853,5.0797043,5.09483,5.0663342,5.0803823,5.078174,5.0690007,5.0677047,5.0597434,5.082156,5.0783243,5.0681353,5.1039805,5.0665307,5.087144,5.074374,5.088386,5.121875,5.0741944,5.077975,5.0960503,5.0767145,5.09888,5.090908,5.0580935,5.103565,5.0885954,5.0949,5.107769,5.120941,5.1163626,5.0667973,5.087822,5.096247,5.086971,5.0951,5.1062,5.1047583,5.105184,5.0813975,5.1080403,5.104361,5.0897646,5.1054964,5.0809855,5.105222,5.0690227,5.0999756,5.0918694,5.112521,5.093124,5.090607,5.094388,5.0864415,5.080752,5.0967827,5.083203,5.071678,5.061763,5.101253,5.0746875,5.06744,5.1020813,5.0878115,5.0551805,5.059016,5.0765476,5.058976,5.0712304,5.071594,5.060378,5.0837097,5.07422,5.0807056,5.060454,5.0426774,5.0586777,,,,,,,,,,,,,,,,,,,,,,,,,,,,,,,,,,,,,,,,,,,,,,,,,,,,,,,,,,,,,,,,,,,,,,,,,t18
FS/40.png,right,0.1690636999992421,5.1935906,5.1810637,5.1852927,5.1832223,5.187269,5.196072,5.210431,5.1934915,5.199375,5.2007194,5.197513,5.1916,5.206124,5.22424,5.1922417,5.198095,5.1834097,5.2275352,5.2166543,5.208666,5.2086253,5.2286963,5.2225494,5.221935,5.233838,5.2118773,5.2257047,5.2090144,5.2247796,5.21518,5.2330737,5.2240806,5.2311206,5.219902,5.2176566,5.209509,5.236357,5.2351413,5.2354255,5.24356,5.217523,5.230124,5.230822,5.224198,5.2204804,5.2167435,5.2289066,5.250284,5.230063,5.2129893,5.2269373,5.217081,5.205725,5.211124,5.1987014,5.19368,5.17223,5.148435,5.1428967,5.140829,5.121237,5.101015,5.0767455,5.031082,5.0420647,5.019704,4.9965463,4.976487,4.9553156,4.943275,4.925804,4.88241,4.88087,4.893309,4.831264,4.8273573,4.846953,4.826827,4.8314404,4.815668,4.7921095,4.813362,4.7994924,4.7964916,4.782229,4.7902684,4.7740865,4.7893567,4.7581334,4.767755,4.797379,4.7924685,4.77535,4.778256,4.785061,4.7955065,4.7773614,4.808441,4.799243,4.7925854,4.8251886,4.8105474,4.83928,4.8167214,4.8333173,4.837866,4.813493,4.846374,4.8203816,4.8671284,4.8450766,4.874852,4.8900537,4.902021,4.9021764,4.9107904,4.9101057,4.9207826,4.9482164,4.9400463,4.9614935,4.9676595,4.999622,5.001657,5.0174255,5.040554,5.0532537,5.0584993,5.064905,5.0457373,5.0753064,5.0731792,5.0914917,5.0879664,5.094565,5.0808578,5.098468,5.0951195,5.083127,5.08733,5.06951,5.0376754,5.022798,4.9795775,4.938825,4.94882,4.9042783,4.878769,4.8501287,4.81369,4.758033,4.7308984,4.7101593,4.7219334,4.6707983,4.6549716,4.603411,4.572391,4.569148,4.5277333,4.5284367,4.49301,4.4768157,4.482887,4.464196,4.453412,4.4365025,4.3945894,4.379668,4.3455377,4.355857,4.359176,4.3201437,4.3176875,4.3192863,4.315503,4.324127,4.3184023,4.317933,4.317896,4.3125076,4.309441,4.3307376,4.302597,4.3075843,4.346387,4.3620386,4.3339224,4.3596125,4.3695602,4.3914294,4.4082475,4.371555,4.376995,4.3795443,4.3743696,4.3913417,4.373,4.4022317,4.40369,4.430244,4.544336,4.531285,4.568407,4.6262217,4.5932827,4.5963206,4.657099,4.7428613,4.6895075,4.7144547,4.7203817,4.7289433,4.745878,4.7665396,4.7881646,4.788225,4.8084044,4.8063436,4.8531795,4.8691006,4.85725,4.8804827,4.8627334,4.892186,4.9237933,4.944819,4.957566,4.9566245,4.9797115,4.9656816,4.9937863,4.9992676,5.0292797,5.0292354,5.016327,5.041158,5.019981,5.0511208,5.058672,5.0509796,5.065226,5.071836,5.0830517,5.06596,5.0729275,5.075626,5.1020784,5.100497,5.161334,5.1650634,5.148343,5.162321,5.180645,5.182213,5.1783032,5.1848507,5.1848493,5.182911,5.1925993,5.1902113,5.197671,5.197551,5.2019897,5.199165,5.1927857,5.2101307,5.203256,5.1980567,5.222431,5.2138357,5.2135296,5.219724,5.2551026,5.247508,5.2396607,5.2359047,5.2664566,5.280364,5.2769117,5.269477,5.284332,5.2877135,5.2681375,5.2777915,5.259195,5.2609587,5.260107,5.276843,5.279352,5.2722797,5.2766924,5.2882533,5.2928166,5.30436,5.292824,5.2848406,5.281076,5.298105,5.2703304,5.2750106,5.3027935,5.29083,5.2838645,5.3036466,5.285729,5.265842,5.284619,5.2776794,5.278927,5.2840366,5.2674127,5.266786,5.267605,5.272148,5.272585,5.2349234,5.2443323,5.264118,5.256234,5.2501793,5.23161,5.2413616,5.2278986,5.227819,5.215271,5.197139,5.23441,5.217323,5.2374287,5.217308,5.1989675,5.2083282,5.213916,5.1935263,5.2086062,5.184555,5.203058,5.187367,5.172345,5.1771426,5.1781197,5.1690726,5.1512146,5.16372,5.151061,5.151942,5.153299,5.1807685,5.1481533,5.123529,5.138866,5.126395,5.1180983,5.1218004,5.131216,5.116209,5.120014,5.121637,5.1153946,5.136058,5.0987844,5.1112523,5.102427,5.1325526,5.10801,5.1112833,5.121901,5.1042247,5.0927515,5.1003494,5.0983667,5.1084924,5.1165566,5.0976176,5.108105,5.0991545,5.1023216,5.1114917,5.1052747,5.0942125,5.100173,5.1041136,5.113203,5.112275,5.083242,5.0596867,5.0472674,5.0983286,5.090067,5.0933714,5.103084,,,,,,,,,,,,,,,,,,,,,,,,,,,,,,,,,,,,,,,,,,,,,,,,,,,,,,,,,,,,,,,,,,,,,,,,,,,,,,,,,,,t56
FS/40.png,right,0.1690073999925516,4.4223843,4.419821,4.4130807,4.420663,4.427338,4.428741,4.420881,4.4260015,4.4483495,4.422464,4.4414716,4.4240437,4.434004,4.422043,4.444116,4.4572377,4.487867,4.4743295,4.459338,4.48671,4.505484,4.499092,4.491432,4.5147157,4.503373,4.5080333,4.5184317,4.5027423,4.5325036,4.5095797,4.5405164,4.5408673,4.55914,4.5405707,4.540102,4.5523405,4.539671,4.553155,4.5727625,4.5426483,4.5504274,4.5563154,4.5677404,4.5778785,4.5831857,4.5723743,4.577295,4.578104,4.558137,4.553951,4.567935,4.575367,4.535085,4.5487194,4.5741677,4.5498037,4.553336,4.528284,4.5458126,4.517406,4.502913,4.4979076,4.4990444,4.502495,4.489042,4.45639,4.457974,4.4627333,4.4553137,4.458156,4.468943,4.449734,4.4348955,4.452711,4.422447,4.405135,4.441533,4.421061,4.413548,4.42126,4.4104652,4.4037714,4.4027233,4.3957624,4.390341,4.3670387,4.3901496,4.381917,4.3731384,4.4098387,4.404061,4.408144,4.381376,4.384256,4.3823276,4.4050536,4.4359183,4.392941,4.4178343,4.4008927,4.4316845,4.405989,4.411226,4.416073,4.410336,4.4328756,4.426818,4.4451365,4.446541,4.4473014,4.449857,4.443289,4.442491,4.458146,4.451819,4.4628386,4.4661264,4.452303,4.4767017,4.474963,4.4534206,4.4772167,4.475534,4.493619,4.51156,4.5007634,4.4752703,4.4908204,4.5289598,4.5180993,4.463887,4.5104423,4.498565,4.4659843,4.468828,4.4413514,4.407066,4.380699,4.34553,4.3041344,4.2769313,4.222941,4.192028,4.1749806,4.1141143,4.1102133,4.03286,4.0210776,4.0034637,3.9817917,3.9440274,3.931856,3.8874528,3.868338,3.8398862,3.7902186,3.7968578,3.7731402,3.709811,3.6773448,3.6864562,3.6682792,3.6695576,3.674495,3.6607146,3.6490548,3.637479,3.6127174,3.5811672,3.5986545,3.6126604,3.5838995,3.6020753,3.5420244,3.5698056,3.549216,3.5462828,3.54327,3.5343416,3.5200312,3.5515687,3.582422,3.5960088,3.5955498,3.565619,3.5324786,3.590895,3.5951855,3.5913782,3.6069806,3.6282566,3.6592531,3.6683302,3.6761067,3.6898155,3.6932526,3.6888194,3.7063513,3.7025173,3.7195337,3.722153,3.73027,3.7490623,3.7581842,3.7831125,3.7800555,3.823072,3.8247614,3.870722,3.86461,3.9300961,3.8946977,3.913802,3.9674375,3.973357,3.9747238,4.014276,4.0311728,4.0162354,4.0331163,4.0817933,4.0851073,4.0930037,4.1349864,4.1346188,4.1412144,4.1697397,4.175475,4.1959314,4.2446537,4.250817,4.2596183,4.2622685,4.257234,4.2967906,4.3219786,4.3123436,4.351838,4.341098,4.356896,4.348281,4.382963,4.3755383,4.4130535,4.4114046,4.4208765,4.427027,4.431796,4.4785337,4.488213,4.4884925,4.498787,4.5220437,4.5235634,4.519313,4.5581584,4.5438833,4.5670824,4.569248,4.580025,4.5887985,4.5965004,4.614876,4.657387,4.662718,4.6492887,4.6796184,4.681651,4.680502,4.702104,4.711099,4.7227316,4.730376,4.736358,4.7305746,4.7303004,4.74358,4.762737,4.7608547,4.763681,4.7658544,4.785681,4.789228,4.8015065,4.830993,4.809283,4.8250875,4.829471,4.842023,4.8718257,4.8609133,4.8563447,4.872099,4.869548,4.887664,4.8449545,4.8574786,4.8600097,4.871241,4.8537664,4.8616614,4.8798866,4.8833036,4.8775144,4.8661504,4.867972,4.875282,4.883707,4.8954396,4.885832,4.882393,4.868354,4.8701744,4.8644037,4.8935404,4.858845,4.8593144,4.866436,4.8750153,4.8695617,4.8765855,4.8617625,4.855753,4.833941,4.8600316,4.8375072,4.8278875,4.842466,4.83829,4.8208156,4.8314676,4.812807,4.80435,4.78423,4.8172836,4.7983503,4.794305,4.74256,4.763244,4.7265625,4.756122,4.7504826,4.721867,4.7533464,4.7254295,4.7321405,4.7474585,4.71016,4.718497,4.7184615,4.713066,4.714124,4.714966,4.7118325,4.711947,4.7030196,4.7156715,4.7273703,4.7134953,4.7023234,4.7286243,4.7088156,4.7157507,4.713945,4.7042594,4.700691,4.7040195,4.7129645,4.7151647,4.699589,4.71087,4.716067,4.726751,4.7095294,4.70982,4.7024927,4.719593,4.7119355,4.7329984,4.7212586,4.752089,4.7438617,4.7572265,4.7457447,4.7421293,4.7411485,4.7599497,4.7474256,4.7363825,4.7448125,4.747036,4.754729,4.7524137,4.7574334,4.750819,4.757393,4.757091,4.763607,4.7609076,4.7590413,4.759636,4.763053,4.771632,4.794298,4.7872996,4.7896905,4.771004,4.7732353,4.802347,4.803997,4.8094707,4.8373823,4.826643,4.833044,4.8219943,4.8499446,4.841876,4.85201,4.849938,4.8502526,,,,,,,,,,,,,,,,,,,,,,,,,,,,,,,,,,,,,,,,,,,,,,,,,,,,,,,t95
FS/140.png,right,0.202965899996343,5.134854,5.110062,5.131914,5.115708,5.1136203,5.137627,5.106418,5.134291,5.1509805,5.120188,5.1206827,5.1263437,5.1095815,5.1074915,5.0918837,5.100334,5.108589,5.115475,5.093964,5.1042404,5.0914884,5.0991635,5.0997753,5.0878515,5.094025,5.082418,5.0991073,5.090811,5.0970507,5.0886345,5.09598,5.078293,5.096903,5.09768,5.103758,5.0914254,5.0993276,5.0831847,5.103229,5.1293983,5.0997167,5.100998,5.0966015,5.1050406,5.0956354,5.0994654,5.091891,5.087113,5.0933433,5.1145806,5.09512,5.0934753,5.100743,5.1017146,5.0975876,5.0824337,5.0789948,5.088294,5.0629125,5.0643735,5.05166,5.051678,5.009658,5.0040307,5.003018,4.9701595,4.973817,4.951945,4.9333177,4.937815,4.8971615,4.888861,4.8896303,4.8813148,4.896261,4.856937,4.8834186,4.8486333,4.850745,4.834797,4.8258786,4.8337827,4.8454423,4.850629,4.82586,4.834402,4.8339167,4.8340898,4.828639,4.821687,4.827252,4.8338947,4.829534,4.8333044,4.835079,4.8391156,4.8505993,4.8715744,4.851637,4.863114,4.8647823,4.8719897,4.8671393,4.8562484,4.9143453,4.8710074,4.88008,4.8677354,4.884433,4.898615,4.9331126,4.935913,4.953231,4.94757,4.9675403,4.969628,4.988318,4.973073,5.0049257,5.0171027,5.0191336,5.016812,5.03134,5.0366,5.033818,5.0498934,5.058223,5.063684,5.0533633,5.0775585,5.0837765,5.056623,5.062928,5.0671644,5.0806723,5.055965,5.082169,5.0757976,5.048418,5.042224,4.9888988,4.955192,4.930786,4.9084535,4.9048696,4.8503795,4.818856,4.773079,4.7376366,4.7257795,4.7043853,4.6473227,4.594016,4.556783,4.5504436,4.522328,4.506211,4.4736543,4.4262247,4.4161825,4.4063306,4.357027,4.3390512,4.332096,4.320832,4.295032,4.3023906,4.2983794,4.2793074,4.2518044,4.2237806,4.236678,4.232037,4.216929,4.2143145,4.1943097,4.188411,4.182002,4.1787786,4.1558695,4.1843667,4.177216,4.1752524,4.1811194,4.176756,4.1547227,4.1785183,4.193923,4.192529,4.180706,4.1946726,4.1981783,4.225521,4.216777,4.2633166,4.232563,4.2751036,4.274866,4.289315,4.268035,4.2757897,4.2950883,4.305642,4.297705,4.3378606,4.353075,4.3616858,4.357466,4.389003,4.4210963,4.373039,4.430737,4.438932,4.466273,4.4733334,4.5001364,4.503588,4.528969,4.538786,4.5400677,4.558574,4.5604005,4.6041765,4.6170278,4.645858,4.67641,4.698848,4.6770706,4.693209,4.7223096,4.711073,4.7451386,4.7550626,4.752069,4.789634,4.8002815,4.81017,4.856024,4.8596992,4.8598623,4.880704,4.894106,4.88919,4.91175,4.919838,4.932729,4.9165516,4.960776,4.966811,4.9777455,5.005204,4.995107,5.0081334,5.0115995,5.0473127,5.0684934,5.064167,5.0771885,5.0779166,5.0944457,5.0869174,5.0827117,5.102509,5.1202455,5.1226535,5.1078653,5.109269,5.127405,5.124903,5.154422,5.155667,5.131896,5.169958,5.1752405,5.168782,5.1718316,5.1709905,5.194508,5.189278,5.1708426,5.19261,5.1807137,5.180425,5.1951294,5.1890388,5.181165,5.194539,5.1852026,5.228992,5.2188606,5.2174196,5.2496877,5.2109127,5.2189684,5.2477703,5.226089,5.2209373,5.216609,5.2601643,5.250578,5.2291536,5.2717366,5.2478094,5.2558265,5.236551,5.2618957,5.2559705,5.2260666,5.274432,5.275642,5.2785606,5.2606215,5.276623,5.287851,5.275871,5.280608,5.275791,5.2722507,5.265395,5.269643,5.2677035,5.2715397,5.2726393,5.261202,5.2754626,5.274434,5.2988806,5.2765923,5.2650123,5.2738748,5.2804976,5.2909474,5.2929726,5.275616,5.257812,5.2672443,5.257352,5.2933106,5.278828,5.27996,5.295421,5.264162,5.2751255,5.268708,5.2931366,5.278135,5.2880545,5.2727427,5.2791696,5.2790537,5.2844787,5.2516537,5.2859883,5.238802,5.266423,5.261136,5.2653756,5.25952,5.275563,5.2527466,5.23508,5.258043,5.2598977,5.257951,5.252843,5.2423067,5.2243886,5.227978,5.2361593,5.240243,5.23263,5.229853,5.2262945,5.2191005,5.2161007,5.2198286,5.2157245,5.2292223,5.2162275,5.217746,5.2189093,5.2252192,5.2057643,5.2218595,5.2264304,5.2180543,5.1991405,5.2139854,5.1995974,5.2114344,5.21601,5.182739,5.2231655,5.2260666,5.202941,5.2075715,5.2238083,5.200722,5.2072525,5.212868,,,,,,,,,,,,,,,,,,,,,,,,,,,,,,,,,,,,,,,,,,,,,,,,,,,,,,,,,,,,,,,,,,,,,,,,,,,t24
FS/140.png,right,0.1541888999927323,4.927965,4.9361897,4.9362273,4.933022,4.8974977,4.896898,4.9046106,4.902839,4.9121823,4.92938,4.872248,4.888717,4.88544,4.923905,4.8709297,4.9085455,4.9294395,4.890819,4.923664,4.8964987,4.914237,4.938187,4.916071,4.909943,4.883159,4.918875,4.9307494,4.9330125,4.9280868,4.9356174,4.924707,4.9219365,4.922552,4.940751,4.9481444,4.9529266,4.940064,4.935164,4.93974,4.9493833,4.95904,4.979052,4.9503546,4.9653406,4.9483423,4.9745564,4.9408784,4.950688,4.9794946,4.962148,4.955569,4.9547205,4.950901,4.963898,4.9778423,4.9542766,4.935566,4.9097886,4.932591,4.913676,4.8765836,4.88796,4.879595,4.8499494,4.852818,4.8442283,4.833751,4.8117657,4.819181,4.794178,4.7707014,4.7721915,4.7529826,4.72452,4.6996927,4.705148,4.707746,4.6834507,4.6705265,4.660026,4.6500134,4.664909,4.6416693,4.6411467,4.646755,4.643942,4.6356196,4.653018,4.626773,4.622957,4.6272273,4.6337514,4.6235476,4.624607,4.628345,4.6266236,4.6331015,4.6380706,4.639441,4.6273274,4.63495,4.6294265,4.636458,4.632719,4.647623,4.659569,4.643954,4.6533904,4.669968,4.6822085,4.6662445,4.67737,4.6866255,4.674842,4.6694627,4.6830883,4.681245,4.676186,4.7094,4.700554,4.73497,4.702217,4.697789,4.724891,4.7309957,4.7047844,4.7539015,4.766043,4.7480593,4.758508,4.749926,4.7511983,4.779151,4.750213,4.750504,4.769393,4.7482142,4.7223706,4.705977,4.7009983,4.640546,4.614259,4.5725703,4.544499,4.5073357,4.4984736,4.4389944,4.436471,4.3307896,4.3203516,4.305629,4.266299,4.235344,4.200578,4.183715,4.1506033,4.0991664,4.083144,4.0241957,4.036461,3.9854543,3.9636998,3.9520347,3.9552083,3.956674,3.92093,3.9138532,3.871055,3.8771255,3.8619375,3.8354015,3.8155348,3.767775,3.804328,3.7928677,3.770948,3.7754512,3.7806194,3.7563002,3.7965057,3.7674146,3.753268,3.7734444,3.7730844,3.7710903,3.7504387,3.759744,3.7545228,3.7965639,3.7843814,3.7775178,3.774958,3.802354,3.8001869,3.8193986,3.8366103,3.8204877,3.8350515,3.8993244,3.8803475,3.896373,3.93619,3.9167378,3.9466987,3.9648652,3.9660244,3.9709506,3.9884658,3.9996834,4.0077667,4.003709,4.0227885,4.0296893,4.043578,4.0530415,4.058847,4.0894976,4.0941267,4.102546,4.124457,4.116991,4.1478543,4.1859527,4.283325,4.3626914,4.344435,4.2997174,4.277756,4.2937336,4.310129,4.359729,4.3693247,4.3989844,4.415666,4.4058723,4.4258637,4.43222,4.4504247,4.4731326,4.5133877,4.509297,4.5113,4.579221,4.5648384,4.578453,4.5713806,4.5859404,4.6081223,4.6004453,4.624402,4.6254897,4.654315,4.636057,4.662266,4.659017,4.686481,4.7089305,4.704974,4.751829,4.7362294,4.7595696,4.749503,4.757801,4.749144,4.799843,4.7740226,4.7993307,4.80065,4.8277526,4.841936,4.85988,4.8460827,4.8791375,4.8744874,4.915218,4.9108825,4.941615,4.9439607,4.9274645,4.941631,4.923573,4.936091,4.966023,4.983541,4.9527345,4.9461927,5.0037866,4.9782543,5.004598,5.027401,4.986967,5.0362964,5.027536,5.05606,5.0469203,5.0680695,5.07818,5.096044,5.101524,5.094125,5.094488,5.12455,5.1202054,5.119557,5.1133122,5.15148,5.148676,5.1437697,5.166523,5.1594706,5.1904507,5.168444,5.183341,5.186704,5.193286,5.218316,5.210869,5.200459,5.2056623,5.203937,5.229157,5.2527122,5.255645,5.2251306,5.23189,5.2360134,5.2077703,5.2299995,5.2423964,5.2478905,5.261565,5.230761,5.217142,5.225008,5.227969,5.225095,5.23265,5.2172275,5.2254534,5.2134495,5.2206273,5.224434,5.1931553,5.190041,5.216734,5.173148,5.189331,5.1965084,5.1904283,5.1796136,5.151942,5.17429,5.176244,5.1715283,5.1624703,5.1451807,5.161325,5.1299033,5.148859,5.127561,5.1070476,5.1186967,5.1416693,5.1153345,5.108972,5.1193185,5.106668,5.091893,5.1057158,5.0640597,5.07549,5.0758257,5.0662785,5.0564227,5.0639787,5.0720086,5.0449524,5.057223,5.048588,5.0719137,5.0667324,5.055389,5.0609674,5.0505533,5.052614,5.0517273,5.049887,5.0568686,5.0386915,5.035949,5.0416927,5.043243,5.053916,5.0511203,5.069776,5.0437045,5.0764265,5.0436296,5.0554266,5.0797777,5.030525,5.0853662,5.0869145,5.0526056,5.070023,5.064782,5.0660615,5.079371,5.058553,5.052489,5.078325,5.0847125,5.0352,5.0734987,5.068386,5.0672827,5.0430856,,,,,,,,,,,,,,,,,,,,,,,,,,,,,,,,,,,,,,,,,,,,,,,,,,,,,,,,,,t45
FS/460.png,left,0.2446428999974159,5.3607135,5.3374577,5.3829465,5.379339,5.38986,5.3551955,5.3284836,5.3634214,5.3397264,5.358487,5.404886,5.372356,5.378271,5.3570538,5.3473268,5.3527884,5.3738794,5.356319,5.368564,5.354209,5.3490167,5.3855968,5.352198,5.340444,5.351018,5.3383427,5.348366,5.3404746,5.374983,5.349889,5.3432126,5.3325105,5.344009,5.349624,5.3250175,5.337759,5.3431196,5.3530607,5.3426485,5.343114,5.3287544,5.3361177,5.336196,5.35003,5.3371162,5.3443766,5.3208194,5.360007,5.3659887,5.359451,5.3773165,5.3652544,5.317645,5.3532476,5.3371763,5.317288,5.3069057,5.2969813,5.2818975,5.2681108,5.246515,5.204729,5.197926,5.189343,5.166445,5.128139,5.13812,5.1177845,5.106182,5.0828314,5.079984,5.0827713,5.048374,5.0394983,5.0099034,4.9811926,4.9820857,4.9513135,4.9683547,4.9682956,4.9554667,4.9560494,4.947363,4.9375005,4.9590936,4.9459195,4.9112115,4.9314785,4.9358726,4.918102,4.927988,4.925776,4.9264903,4.906833,4.9098754,4.934789,4.922736,4.9301577,4.9478993,4.9254236,4.949624,4.9443316,4.9513955,4.945778,4.9389153,4.954912,4.9698596,4.975742,4.972897,4.970788,4.975653,4.9891014,5.000336,5.0001397,5.013954,5.033884,5.020691,5.0412126,5.0331097,5.0452275,5.0799174,5.056345,5.0897326,5.074279,5.1067533,5.111172,5.121339,5.149311,5.1425853,5.1396327,5.1565056,5.144778,5.1464276,5.1552787,5.1792784,5.1473627,5.1408625,5.1225677,5.080465,5.063363,5.046006,5.0048866,4.9905453,4.9473996,4.9131336,4.8930817,4.8472996,4.828347,4.769406,4.730159,4.6928635,4.6757693,4.620787,4.601606,4.554178,4.550058,4.513404,4.4771814,4.4717855,4.442928,4.406941,4.4012556,4.3950577,4.3505464,4.3352275,4.328946,4.2852426,4.287128,4.2760286,4.253734,4.242448,4.202672,4.171324,4.1631637,4.1728387,4.1912003,4.146692,4.142253,4.142869,4.131081,4.0741963,4.1066775,4.110441,4.1282926,4.1049976,4.088176,4.114757,3.7462718,3.9164414,3.9464688,4.2327323,4.32366,4.3061314,4.2494016,4.2204895,4.268993,4.2888613,4.2927003,4.3394346,4.3653827,4.404724,4.408065,4.41244,4.432847,4.463699,4.482657,4.5101733,4.5295887,4.5425296,4.5638757,4.590611,4.600587,4.634632,4.6447935,4.667997,4.671301,4.696565,4.7104316,4.7281957,4.7533503,4.7794175,4.7911882,4.797669,4.825528,4.8402224,4.851071,4.8723617,4.873602,4.8873334,4.90011,4.9109273,4.9083633,4.9212613,4.942155,4.950124,4.9817505,4.9989877,4.9980016,5.0595465,5.028216,5.060377,5.068052,5.0568075,5.0728893,5.0631,5.0899725,5.0896416,5.090855,5.1178856,5.1122417,5.114461,5.1162057,5.1492367,5.1431217,5.1418653,5.130647,5.167894,5.184079,5.1671767,5.1691656,5.190758,5.162736,5.208905,5.210634,5.202936,5.2298894,5.2188573,5.22196,5.2520823,5.236994,5.238582,5.2666416,5.2365785,5.2167716,5.259589,5.260071,5.2734303,5.2426844,5.257178,5.249069,5.258961,5.254347,5.2622304,5.2623134,5.2540627,5.2536907,5.2617517,5.2512565,5.2678676,5.2287908,5.2435546,5.2469316,5.2674384,5.2375183,5.2509546,5.250382,5.259694,5.2590194,5.228565,5.2532225,5.2386785,5.2382307,5.2312346,5.2475047,5.234292,5.2217917,5.2308435,5.236514,5.2316885,5.2312293,5.2322946,5.235691,5.223763,5.2285557,5.2076387,5.2233005,5.224386,5.2159925,5.2101245,5.2157087,5.2259827,5.212845,5.206315,5.2055883,5.20376,5.202799,5.210833,5.2107816,5.21348,5.201527,5.181997,5.195057,5.2017846,5.183268,5.2145524,5.17554,5.18954,5.196532,5.1792874,5.192417,5.192033,5.1862073,5.168204,5.194563,5.187469,5.221772,5.1951575,5.2088723,5.1910543,5.204714,5.2137647,5.2058306,5.2369137,5.237062,5.2046785,5.216922,5.234318,5.210668,5.2223167,5.222499,5.2121916,5.2253995,5.218854,5.214321,5.215797,5.204982,5.219703,5.206921,5.212792,5.208057,5.2030993,5.1939783,5.218819,5.2367573,5.2186956,5.212337,5.2192655,5.210773,5.2213364,5.2040634,5.2198067,5.217977,5.2172313,5.201322,5.232202,5.245683,5.219286,5.2325673,5.2194715,5.224177,5.2076,,,,,,,,,,,,,,,,,,,,,,,,,,,,,,,,,,,,,,,,,,,,,,,,,,,,,,,,,,,,,,,,,,,,,,,,,,,,,,,,,,,,t27
FS/460.png,left,0.2095072000083746,5.1951766,5.1990495,5.21785,5.1876574,5.1780605,5.1743083,5.1985598,5.18811,5.198125,5.2188525,5.1986604,5.1981883,5.199575,5.209004,5.2211137,5.1953793,5.21186,5.209029,5.199184,5.2149696,5.2015553,5.215604,5.217303,5.2216926,5.240131,5.230605,5.240312,5.2485595,5.23723,5.2479825,5.2504764,5.248984,5.247209,5.2660494,5.2650685,5.2542667,5.27903,5.2589507,5.2461143,5.277343,5.2794156,5.276259,5.278481,5.28345,5.2900295,5.28963,5.296429,5.291177,5.2657175,5.2749696,5.2868814,5.269338,5.292983,5.266078,5.258699,5.2585125,5.2751727,5.2337737,5.2454066,5.2419524,5.2444377,5.2312565,5.22553,5.211579,5.1995316,5.1758723,5.148015,5.1482306,5.121071,5.106201,5.1020675,5.0704765,5.063553,5.0556417,5.035454,5.0240736,4.974293,4.9789376,4.9567494,4.9492974,4.918863,4.924205,4.9148054,4.911115,4.921263,4.90484,4.9108357,4.9066105,4.936771,4.920125,4.9441752,4.9199386,4.931741,4.9272227,4.951541,4.9323845,4.9353495,4.9075437,4.941534,4.9340763,4.9406357,4.941428,4.9463644,4.956954,4.961665,4.953768,4.9537616,4.9571505,4.9818373,4.9825225,4.9901657,4.981929,4.9981346,5.0045033,5.004182,5.0052643,5.013041,5.013245,5.0366006,5.022152,5.017213,5.0453577,5.032134,5.075297,5.0692706,5.0645227,5.102041,5.1008253,5.1299562,5.12324,5.1320696,5.1183486,5.1219053,5.138205,5.1379213,5.133694,5.1067357,5.0886636,5.0800323,5.053745,5.010943,5.0046053,4.959568,4.9441504,4.8994637,4.8062224,4.7833066,4.773408,4.7486787,4.6946235,4.672178,4.6103826,4.5735884,4.5293856,4.5303316,4.475897,4.46942,4.4627037,4.410159,4.4029694,4.3636756,4.3454394,4.275297,4.267046,4.289939,4.237406,4.232135,4.1960936,4.186077,4.1811576,4.1712246,4.1636095,4.1677446,4.149573,4.1472573,4.156779,4.1451426,4.12422,4.121705,4.0841155,4.1073637,4.1086955,4.0373454,4.080706,4.100027,4.043791,4.097455,4.0705132,4.0434513,4.051721,4.1165624,4.076421,4.099206,4.0962167,4.0635986,4.1192966,4.10512,4.1026354,4.129933,4.1513677,4.1543803,4.1384425,4.167339,4.170602,4.174597,4.201492,4.2016535,4.213892,4.2074265,4.2468057,4.247552,4.2654414,4.3063865,4.312322,4.315892,4.3097744,4.3379445,4.348044,4.3792806,4.3598166,4.3919425,4.43454,4.448461,4.488819,4.501667,4.5045505,4.5346084,4.5377574,4.5391793,4.5644073,4.565195,4.5795846,4.601897,4.6081147,4.5986066,4.5953674,4.652486,4.6715784,4.6691966,4.6797805,4.7101684,4.7167916,4.7203555,4.752371,4.720396,4.7565994,4.746707,4.7724304,4.805066,4.796794,4.8058844,4.830204,4.843994,4.8558435,4.8481,4.877162,4.8851237,4.9113503,4.89183,4.900959,4.921085,4.91362,4.913905,4.9516134,4.9468555,4.9434814,4.9771795,4.917169,4.9944835,5.0048575,4.9978523,4.99108,4.988938,5.0165854,5.0183067,5.0326777,5.0151916,5.017175,5.0278125,5.031842,5.025129,5.0383563,5.0336175,5.056759,5.0572963,5.0637074,5.1038713,5.0417542,5.095431,5.093201,5.100461,5.1053457,5.108767,5.1249847,5.118877,5.116718,5.120324,5.107484,5.1020184,5.108085,5.119558,5.1333466,5.135204,5.1531725,5.1477757,5.1316094,5.15253,5.128142,5.1505713,5.1425376,5.1464257,5.150635,5.171736,5.1486125,5.1597075,5.1617794,5.163051,5.166244,5.16374,5.1621842,5.15886,5.1644764,5.1608114,5.157991,5.1745,5.1585455,5.1893296,5.1745377,5.1581264,5.1669393,5.180887,5.1882305,5.1516705,5.180666,5.1710315,5.1658006,5.1967425,5.1807895,5.187201,5.160647,5.1689196,5.1819153,5.1715827,5.165254,5.178498,5.177426,5.174002,5.165948,5.1651154,5.159342,5.1655645,5.161283,5.164682,5.179121,5.175828,5.1719947,5.1495943,5.1670394,5.1670475,5.1498365,5.1602607,5.1764855,5.158984,5.174996,5.1616683,5.19503,5.179297,5.1662674,5.159344,5.1843147,5.1726937,5.168324,5.174529,5.1726484,5.1916556,5.18338,5.171816,5.1821017,5.1929684,5.1779914,5.199412,5.1895294,5.189458,5.1650476,5.175696,5.1881304,5.1707916,5.1834307,5.1720905,5.173507,5.1583295,5.168319,5.1524,5.182628,5.162111,5.1760383,5.157677,5.153948,5.161818,5.1547933,5.156137,5.143771,5.1404505,5.1468806,5.122123,5.129137,5.128578,5.1303573,,,,,,,,,,,,,,,,,,,,,,,,,,,,,,,,,,,,,,,,,,,,,,,,,,,,,,,,,,,,,,,,,,,t70
FS/460.png,right,0.1894325000030221,5.193151,5.150814,5.1649585,5.162579,5.155488,5.171226,5.156739,5.1562138,5.1715364,5.171124,5.1687937,5.173863,5.1547923,5.1945863,5.1618314,5.1672325,5.2077413,5.2051005,5.197965,5.1752563,5.197611,5.1951823,5.1870465,5.20485,5.1888847,5.182178,5.194023,5.1820602,5.1819496,5.1662393,5.186843,5.1853323,5.1878057,5.1950617,5.190813,5.181329,5.1828685,5.190581,5.1850576,5.1922174,5.2066183,5.193729,5.195084,5.1985707,5.2066402,5.2258835,5.2356563,5.201243,5.191116,5.1787596,5.202068,5.2064667,5.2141113,5.209501,5.2085752,5.2262707,5.2098165,5.2004113,5.206527,5.198173,5.202254,5.210332,5.189833,5.1999273,5.2008696,5.2095985,5.1945777,5.2141333,5.1869144,5.1987185,5.18996,5.1883554,5.1869726,5.2043786,5.1768594,5.1827264,5.171659,5.1686015,5.183592,5.174062,5.1831975,5.1702704,5.17736,5.15408,5.1829367,5.1665735,5.1549225,5.153526,5.156051,5.1636953,5.1656876,5.154472,5.1564555,5.1701756,5.1697106,5.1520133,5.1428,5.1832104,5.180332,5.155466,5.171167,5.1510525,5.1885514,5.174358,5.168077,5.1637316,5.1983433,5.2049575,5.205148,5.1909404,5.222457,5.2019033,5.200452,5.206522,5.222121,5.2176476,5.2078786,5.2376714,5.2324843,5.243135,5.2350545,5.2320933,5.237737,5.2366276,5.2568607,5.248857,5.240476,5.2555256,5.276169,5.273602,5.2798815,5.265357,5.286646,5.2759366,5.2609477,5.257889,5.234683,5.20661,5.1771927,5.1381235,5.114477,5.0774937,5.060003,5.013855,4.9563746,4.9085026,4.8559656,4.823799,4.7835317,4.7508016,4.713313,4.654219,4.605448,4.582146,4.5546145,4.536207,4.4943213,4.441168,4.403805,4.399724,4.3690677,4.347324,4.3520403,4.2871985,4.2723346,4.237989,4.21922,4.2174363,4.190923,4.164314,4.142168,4.1410313,4.12687,4.120136,4.1173267,4.098223,4.106413,4.0944037,4.093068,4.091842,4.0910373,4.077242,4.0850954,4.0848107,4.0681095,4.051943,4.0809193,4.089007,4.029373,4.063345,4.051925,4.0435014,4.06251,4.0486813,4.0390625,4.091174,4.07119,4.075051,4.128225,4.1003585,4.127387,4.1516647,4.157633,4.174869,4.1789575,4.188048,4.203463,4.2284484,4.225404,4.224383,4.247665,4.2615986,4.294373,4.277291,4.335427,4.3607655,4.3534384,4.356377,4.3958964,4.369352,4.428315,4.4394593,4.466358,4.451657,4.481034,4.472984,4.530231,4.5406494,4.5357404,4.5784006,4.5726657,4.600294,4.5918245,4.638028,4.627253,4.665729,4.6621904,4.66394,4.701319,4.7247624,4.745328,4.755522,4.7755327,4.758894,4.807172,4.8208923,4.837778,4.848348,4.865689,4.853768,4.867708,4.8644323,4.8753886,4.8651648,4.8740444,4.9124203,4.891962,4.915627,4.905571,4.9979196,4.9830117,4.988062,5.001807,5.016935,5.0383296,5.028858,5.0508213,5.024992,5.0509195,5.074178,5.0853667,5.0897245,5.1214747,5.072408,5.1205516,5.109798,5.118627,5.115406,5.1330357,5.1326137,5.120819,5.151867,5.1350837,5.1578183,5.1366777,5.1439605,5.1567593,5.1699643,5.1542263,5.1530814,5.1512237,5.171885,5.1645246,5.1631165,5.181613,5.185882,5.2146573,5.151827,5.1638207,5.215117,5.189981,5.216543,5.235371,5.218428,5.2125583,5.205655,5.2406955,5.2099385,5.2266755,5.2209573,5.206877,5.221238,5.222445,5.2167387,5.234284,5.18815,5.2093463,5.23039,5.194951,5.2195406,5.193845,5.217669,5.2416573,5.229406,5.2428827,5.2229223,5.2030535,5.1992407,5.2135563,5.228651,5.23147,5.2366943,5.218096,5.2359333,5.214995,5.2267423,5.2155437,5.233494,5.2036853,5.222316,5.2149777,5.227291,5.2406964,5.2420745,5.2229095,5.1982493,5.2661242,5.2562766,5.2762737,5.2109995,5.2345986,5.253399,5.228094,5.203999,5.215775,5.2504287,5.244209,5.2185607,5.235166,5.251274,5.2338567,5.231497,5.2346535,5.2639813,5.274901,5.2502184,5.2415705,5.252581,5.285853,5.292371,5.239007,5.2863574,5.289362,5.259421,5.2801447,5.270888,5.2726316,5.283713,5.297153,5.285094,5.2972875,5.2985673,5.309521,5.28093,5.3053265,5.2970076,5.2867866,5.3019958,5.3077683,5.2822266,5.319266,5.31808,5.316691,5.303738,5.299881,5.317442,5.308163,5.312381,5.331769,5.318667,5.312661,,,,,,,,,,,,,,,,,,,,,,,,,,,,,,,,,,,,,,,,,,,,,,,,,,,,,,,,,,,,,,,,,,,,,,,,,,t108
FS/710.png,right,0.1330963999935193,5.2114215,5.182847,5.169837,5.2132807,5.193157,5.200417,5.20146,5.199103,5.225341,5.208541,5.2024436,5.2074413,5.1865153,5.205366,5.2154403,5.2132792,5.2006845,5.2132607,5.207611,5.2234554,5.2117834,5.209955,5.2032743,5.1962147,5.200032,5.213531,5.2049575,5.1974945,5.1928596,5.232232,5.209574,5.2104115,5.1860228,5.2121997,5.209023,5.243659,5.208963,5.2347274,5.2547164,5.232333,5.2277694,5.2593956,5.252746,5.253585,5.231902,5.258032,5.2556953,5.2361,5.2617216,5.2679176,5.2404203,5.264779,5.2758336,5.211715,5.2222085,5.203605,5.197392,5.1923795,5.184176,5.179919,5.178603,5.1693683,5.1546774,5.159777,5.109486,5.10903,5.084642,5.07924,5.059479,5.0574903,5.04043,5.0406647,5.0311003,5.0308657,5.011553,5.0223336,5.0009804,5.0141397,5.0078063,4.9994164,4.997136,4.984297,4.9854455,4.990239,4.9758496,5.0006385,4.981574,4.984747,4.985848,4.9878597,4.9730844,4.9804225,5.002321,4.9658866,4.9809594,4.9997587,4.9899125,4.9968934,5.0163274,4.9894524,5.0077605,5.0209885,5.0035663,5.013872,5.0256634,5.0242977,5.026272,5.020041,5.0205135,5.025855,5.0276184,5.038187,5.054413,5.0405436,5.05758,5.043799,5.073773,5.0761595,5.083144,5.1260448,5.103346,5.0855737,5.106339,5.1313534,5.13623,5.1504683,5.1255326,5.1360583,5.1213956,5.152066,5.1581626,5.1578555,5.163817,5.1526465,5.14191,5.1369815,5.1048293,5.093374,5.0506487,5.021434,5.003882,4.9754024,4.92586,4.899763,4.8645506,4.8269677,4.771427,4.7338805,4.7021585,4.6920614,4.647146,4.580806,4.554001,4.5325623,4.5120497,4.481954,4.465635,4.4177775,4.3682833,4.3431597,4.315436,4.34209,4.30519,4.2813606,4.2782125,4.2613997,4.2385488,4.214516,4.195576,4.1537294,4.140008,4.138448,4.141304,4.1337094,4.125334,4.102764,4.096975,4.1191173,4.1058717,4.09264,4.075807,4.096219,4.0589757,4.064218,4.109802,4.111837,4.058399,4.115749,4.097784,4.0853143,4.0849743,4.1059556,4.098943,4.1128125,4.1025457,4.10981,4.121854,4.140776,4.159519,4.173264,4.143507,4.1868033,4.182755,4.1902924,4.2011075,4.2004285,4.231473,4.264611,4.241769,4.291648,4.307456,4.3242483,4.3306003,4.334995,4.3479447,4.38388,4.371955,4.395986,4.4112177,4.464196,4.45614,4.4785953,4.494121,4.5077353,4.5031457,4.511283,4.5376816,4.558039,4.592418,4.5705276,4.5926833,4.6421204,4.666012,4.671914,4.689245,4.7100644,4.7170587,4.725264,4.714815,4.7161913,4.7396007,4.768325,4.8024187,4.8076315,4.8036094,4.8478026,4.82805,4.8587146,4.864178,4.8911815,4.883094,4.9091625,4.900944,4.9093056,4.9017935,4.9497914,4.9627743,4.955007,4.9822345,4.995346,4.996422,5.016767,4.997924,5.024331,5.03365,5.0123553,5.023952,5.0511875,5.0329537,5.060847,5.0518064,5.0723634,5.0706863,5.0970545,5.0949426,5.1240883,5.082758,5.102497,5.1276436,5.107996,5.12823,5.152926,5.159027,5.138381,5.141485,5.1531506,5.1453257,5.1236973,5.1575356,5.1740603,5.1771374,5.1495595,5.1670647,5.1721506,5.1733203,5.16577,5.165255,5.168806,5.164897,5.181664,5.179857,5.1860633,5.1702805,5.1930356,5.1780105,5.190728,5.181997,5.1919646,5.189649,5.1787677,5.183699,5.194241,5.1786704,5.215323,5.1734786,5.173792,5.206806,5.203185,5.2059727,5.195105,5.201563,5.2203784,5.171316,5.209815,5.2061095,5.2218204,5.2093334,5.217631,5.2187324,5.2368937,5.1935706,5.207892,5.206217,5.2286024,5.2313805,5.205,5.2378387,5.1973653,5.2281823,5.220066,5.234335,5.208964,5.2240295,5.23391,5.219355,5.215171,5.222426,5.246924,5.206647,5.230577,5.2299275,5.2429304,5.2279463,5.2376375,5.220014,5.202983,5.2091703,5.208222,5.217548,5.224844,5.216841,5.2207255,5.2075396,5.2215776,5.2142496,5.2088327,5.2136617,5.219933,5.202452,5.2078714,5.2041254,5.216882,5.2255073,5.217675,5.201785,5.2047167,5.2109814,5.228222,5.2155094,5.235997,5.2314873,5.2081347,5.2159185,5.236404,5.22795,5.209231,5.2067275,5.229318,5.2046614,5.2144656,5.200724,5.2202845,5.212291,5.194708,5.2044077,5.1935616,,,,,,,,,,,,,,,,,,,,,,,,,,,,,,,,,,,,,,,,,,,,,,,,,,,,,,,,,,,,,,,,,,,,,,,,,,,,,,,t31
FS/710.png,left,0.2190426000015577,4.926169,4.958865,4.9454656,4.938202,4.9314423,4.9020596,4.9422812,4.9524064,4.9628005,4.945384,4.961336,4.939394,4.959455,4.9687133,4.927379,4.9689317,4.966668,4.9883423,4.98133,4.951656,4.980508,4.978072,4.9880366,4.9731283,4.9804096,4.989199,5.004295,4.988285,4.981921,4.9872365,4.9920454,5.0077486,4.9953494,4.9987683,4.998466,5.0044246,4.9964886,5.005843,5.004089,4.989539,4.990721,5.0031085,5.003183,5.009018,5.0082774,4.995524,4.996995,4.99934,4.99935,5.003317,4.992236,5.00473,4.9976215,4.992674,4.981494,4.9796243,4.981703,4.9479513,4.9772515,4.9566617,4.9394493,4.917707,4.9061155,4.8956175,4.880271,4.8847947,4.860662,4.839011,4.789254,4.7703257,4.7442584,4.7183027,4.7183185,4.71935,4.7148027,4.708274,4.707801,4.6948524,4.670671,4.656415,4.6669855,4.666581,4.661124,4.6526136,4.6258793,4.632818,4.624617,4.610927,4.605374,4.590983,4.615836,4.596774,4.601759,4.6044865,4.6094484,4.6058946,4.614405,4.614769,4.615273,4.62964,4.625566,4.641706,4.6336665,4.633094,4.6639295,4.6254616,4.666876,4.667307,4.652221,4.664354,4.6572685,4.667532,4.668886,4.6634607,4.6851554,4.7127137,4.7288733,4.7027445,4.741667,4.746644,4.744546,4.7578473,4.753162,4.788273,4.7924457,4.775217,4.8057427,4.80628,4.8179116,4.7970276,4.8372865,4.8149676,4.815419,4.8385,4.813562,4.8316507,4.8187914,4.8267922,4.812612,4.7828803,4.7753296,4.7270255,4.699272,4.7189837,4.660964,4.637334,4.6213317,4.576388,4.5390153,4.4625306,4.4384065,4.4226108,4.4222927,4.38124,4.3511543,4.317121,4.2492967,4.2160916,4.1942883,4.1994643,4.1762586,4.1567206,4.1499057,4.0924425,4.1128798,4.1003423,4.10806,4.03464,4.0323358,4.001938,4.0054317,3.9784503,3.9737732,3.9700787,3.9609702,3.9456906,3.9607735,3.9561763,3.9438956,3.950342,3.948635,3.9372885,3.9364386,3.947076,3.935366,3.9380772,3.947467,3.9571338,3.9417455,3.961765,3.9783993,3.9739122,3.958824,3.969012,3.978507,3.9935827,3.9854448,3.9889786,3.9947696,4.0484996,4.0198584,4.0359626,4.041283,4.088539,4.0910573,4.1298976,4.1481285,4.153279,4.1650476,4.19869,4.231627,4.2384157,4.2490764,4.2541203,4.265933,4.2536774,4.255776,4.290935,4.322979,4.338299,4.357519,4.391776,4.3889666,4.4169936,4.4275174,4.4397097,4.4514956,4.447652,4.444579,4.462514,4.504317,4.5131507,4.5468435,4.546278,4.5609326,4.567219,4.605281,4.621492,4.6190486,4.634437,4.6424346,4.6437826,4.6533265,4.6794205,4.708941,4.7097683,4.718241,4.720893,4.729565,4.7333736,4.7332315,4.7473826,4.751917,4.768557,4.757488,4.818675,4.8023562,4.853619,4.824028,4.858262,4.888339,4.885787,4.867141,4.877318,4.878621,4.897568,4.8882246,4.9129415,4.926315,4.918033,4.92704,4.9284315,4.9343753,4.93738,4.9319687,4.9548645,4.958077,4.9667997,4.951623,4.95509,4.987047,4.9919972,4.9768915,4.985107,5.0002003,4.9990396,4.9800916,5.0152407,5.030306,5.0022497,5.023724,5.0424685,5.039024,5.027213,5.03686,5.0435266,5.02302,5.0544972,5.0457163,5.0435257,5.048388,5.0316033,5.0430107,5.054632,5.054985,5.0472107,5.064419,5.0572205,5.0468693,5.061912,5.0861354,5.066879,5.069533,5.073768,5.0777555,5.080703,5.0654755,5.0635138,5.0770493,5.0781436,5.078095,5.085398,5.0968013,5.0769076,5.08692,5.1077476,5.0945177,5.087398,5.1178265,5.096236,5.091167,5.1032734,5.108146,5.100375,5.100166,5.131169,5.117473,5.108279,5.1405864,5.1446366,5.1278486,5.123779,5.131336,5.138948,5.1329904,5.114069,5.120454,5.121509,5.114004,5.132619,5.120384,5.122716,5.129797,5.1172686,5.1176186,5.121745,5.1281204,5.114359,5.1125746,5.1221385,5.111236,5.1068397,5.10684,5.113401,5.114582,5.121185,5.1393614,5.108849,5.0997863,5.146423,5.1507883,5.13725,5.134739,5.1434784,5.1524043,5.1542997,5.153776,5.155719,5.163905,5.137062,5.153754,5.137216,5.1292577,5.1543636,5.1608105,5.1463575,5.1540403,5.165165,5.1607223,5.147905,5.139028,5.1520023,5.1656995,5.155345,5.1763954,5.1581755,5.18326,5.156754,5.183579,5.167681,5.180126,5.1791744,5.186956,5.186451,5.1693316,5.1668553,5.1707473,5.1929617,,,,,,,,,,,,,,,,,,,,,,,,,,,,,,,,,,,,,,,,,,,,,,,,,,,,,,,,,,,,,,,,,,,t38
FS/710.png,right,0.1491982000006828,5.2332406,5.2501636,5.2509403,5.2402487,5.2348137,5.234257,5.263945,5.262564,5.2532854,5.240336,5.2526464,5.244401,5.236372,5.253878,5.2558374,5.2688193,5.2550592,5.264842,5.266067,5.25971,5.2515693,5.28165,5.2663975,5.2761416,5.2683353,5.267767,5.2411222,5.279994,5.2654295,5.2790875,5.2852125,5.2816725,5.2812233,5.258261,5.261802,5.267686,5.2831817,5.262062,5.2771764,5.279816,5.2918134,5.2914715,5.2732086,5.290566,5.313417,5.276884,5.296111,5.295034,5.2888517,5.319174,5.3004136,5.302249,5.3022175,5.3168793,5.3074574,5.3222885,5.3171215,5.298061,5.309559,5.306482,5.2812014,5.286619,5.2681494,5.2494535,5.239376,5.2373652,5.2488317,5.2049813,5.1912546,5.1909676,5.167885,5.161624,5.1592827,5.172646,5.1483183,5.1234765,5.136943,5.11902,5.123326,5.1072316,5.116843,5.1083064,5.115689,5.102167,5.1031046,5.0943255,5.1069956,5.0984044,5.1033053,5.099959,5.103424,5.090816,5.095754,5.1005354,5.114653,5.107783,5.1163955,5.1062727,5.09966,5.102946,5.136782,5.1393995,5.1283517,5.147087,5.1371746,5.1255174,5.1308804,5.151966,5.134069,5.1552124,5.145696,5.143859,5.1668906,5.1565137,5.183962,5.195438,5.1620436,5.200501,5.221428,5.2130713,5.216217,5.223567,5.236693,5.254623,5.2788186,5.2726455,5.2599854,5.271426,5.272522,5.292502,5.28408,5.283358,5.3014436,5.272139,5.3001466,5.264385,5.2547393,5.235383,5.212693,5.1427007,5.138114,5.138714,5.098145,5.0667043,5.0383406,4.959418,4.924585,4.8938785,4.855667,4.8141327,4.810855,4.7904634,4.701848,4.6762977,4.6567354,4.6240892,4.584304,4.5532384,4.5111833,4.45427,4.452655,4.4273624,4.4217567,4.4218497,4.3972907,4.38317,4.3611374,4.320554,4.2876496,4.2905464,4.2503757,4.238853,4.249038,4.227674,4.227948,4.177571,4.1970406,4.2048297,4.1933784,4.1877413,4.1922994,4.193678,4.1823807,4.1761613,4.187597,4.177358,4.1711416,4.168548,4.1674895,4.1820016,4.185774,4.1717577,4.1813297,4.1994042,4.1830425,4.180089,4.179187,4.18471,4.1883664,4.1963654,4.216102,4.2427716,4.225185,4.25291,4.2569804,4.271809,4.2945743,4.303359,4.315056,4.3381376,4.3097005,4.353287,4.364049,4.355339,4.375172,4.38987,4.428337,4.4585958,4.462396,4.4904237,4.4501824,4.489744,4.505284,4.5162253,4.533669,4.5328727,4.5400295,4.5814123,4.6047664,4.59438,4.623376,4.6545334,4.687173,4.685924,4.695242,4.715559,4.703122,4.7097445,4.7233076,4.726123,4.7373037,4.743959,4.7816086,4.8055243,4.7989626,4.8285747,4.819526,4.8701587,4.852381,4.890929,4.8837724,4.900475,4.882512,4.9020605,4.9191246,4.9402084,4.9191437,4.9388022,4.964153,4.9501433,4.970798,4.9763036,5.0254946,5.0164995,5.0023155,5.018066,5.0329437,5.04232,5.082149,5.058261,5.0471315,5.0816336,5.0691338,5.0770264,5.088782,5.089354,5.091779,5.0922556,5.0805225,5.090416,5.104609,5.10523,5.1062026,5.1180797,5.0990276,5.114705,5.112299,5.1257505,5.1261754,5.172333,5.148322,5.1596875,5.1507077,5.1705036,5.150761,5.1874013,5.1741896,5.156125,5.17268,5.1663203,5.1806364,5.180821,5.1914515,5.201444,5.1871967,5.2016053,5.2015977,5.187955,5.1860113,5.2094393,5.1990395,5.19768,5.1881166,5.196166,5.192875,5.181033,5.1801357,5.1738377,5.175391,5.1721783,5.174212,5.1414776,5.160935,5.1667404,5.1433024,5.1373568,5.1333427,5.1469936,5.1396513,5.0994596,5.1307487,5.105065,5.0901327,5.1016154,5.0867047,5.082092,5.0814214,5.0809665,5.0699368,5.065421,5.076876,5.051378,5.046128,5.0512195,5.026886,5.0422297,5.0508327,5.0352626,5.0305905,5.0258636,5.024729,5.0399413,5.0429015,5.0376453,5.0364623,5.0211325,5.011516,5.0373373,5.0340767,5.034983,5.0236382,5.0260205,5.0263047,5.019268,5.0231075,5.0493217,5.035605,5.0501137,5.034393,5.039477,5.0609393,5.050148,5.0477853,5.050689,5.0486073,5.048277,5.050018,5.058571,5.0349693,5.060479,5.0667367,5.057038,5.058219,5.055547,5.091806,5.0849175,5.072195,5.0783,5.0918994,5.0895066,5.079075,5.0883365,5.07888,5.0993567,5.0983343,5.1124206,,,,,,,,,,,,,,,,,,,,,,,,,,,,,,,,,,,,,,,,,,,,,,,,,,,,,,,,,,,,,,,,,,,,,,,,,,,,,,,t62
FS/710.png,left,0.118364299996756,5.3981752,5.3762546,5.3690147,5.3829727,5.403834,5.377294,5.4018188,5.387107,5.3931794,5.3911858,5.38749,5.3801994,5.3721366,5.388476,5.3919024,5.387882,5.380114,5.3957696,5.3854547,5.37772,5.3657527,5.398555,5.399867,5.3910003,5.383949,5.372532,5.3875136,5.3690886,5.3685837,5.374386,5.3846817,5.3632,5.3858714,5.367821,5.371422,5.387585,5.371518,5.368655,5.394985,5.3799243,5.371622,5.3779836,5.347731,5.3499546,5.337006,5.3453755,5.3355937,5.3353,5.325271,5.3196883,5.309222,5.3140526,5.316046,5.313587,5.278929,5.274461,5.2686033,5.2699184,5.2549996,5.2801137,5.261237,5.2516394,5.2084236,5.1959643,5.173404,5.152033,5.1511254,5.1445136,5.143574,5.1468377,5.123061,5.1256166,5.102921,5.111878,5.099719,5.091861,5.089241,5.0805964,5.0870566,5.048378,5.043824,5.0535827,5.0450983,5.05791,5.065137,5.0404553,5.0584116,5.060806,5.048213,5.052296,5.0668144,5.07194,5.0500317,5.060902,5.064838,5.079887,5.073947,5.091776,5.0899005,5.10461,5.1110544,5.100765,5.1378503,5.105839,5.1286316,5.1148963,5.133378,5.125223,5.1470823,5.1463776,5.1345487,5.146692,5.1376925,5.159253,5.1587176,5.175362,5.1584964,5.204901,5.1837845,5.1624837,5.2049775,5.217781,5.21674,5.2779617,5.2487082,5.2605886,5.2686634,5.296429,5.3071656,5.3130574,5.288213,5.3088217,5.276676,5.2802753,5.235381,5.228956,5.183603,5.182915,5.1481576,5.1231723,5.1018553,5.061586,5.0205126,4.975058,4.944564,4.865637,4.868721,4.8327994,4.7855673,4.77602,4.7255683,4.6818027,4.674024,4.632683,4.616988,4.5912375,4.556201,4.5271797,4.4980087,4.49088,4.440734,4.4305716,4.4198203,4.427339,4.396424,4.3740244,4.399678,4.369283,4.3550563,4.3457685,4.3130403,4.3248787,4.294259,4.3117976,4.298265,4.296644,4.272054,4.280062,4.2651715,4.2768416,4.2566032,4.2573557,4.287756,4.275949,4.26767,4.2477427,4.296783,4.259346,4.2654953,4.26779,4.2669196,4.2732306,4.2916703,4.2643085,4.267118,4.266746,4.315525,4.3303695,4.4752197,4.4989862,4.501133,4.458986,4.472991,4.5035133,4.5319786,4.5368047,4.5457635,4.5985427,4.593434,4.6028547,4.6458035,4.662613,4.6633883,4.6882954,4.678485,4.7106347,4.7080517,4.729801,4.763622,4.7665925,4.804809,4.7889147,4.8295794,4.835266,4.8618274,4.851414,4.8606377,4.8746347,4.898356,4.9265447,4.938282,4.9268665,4.9821677,4.982104,4.983483,4.988199,5.00575,5.020626,5.020476,5.05612,5.0551343,5.0433097,5.072348,5.0908318,5.082937,5.067775,5.0972385,5.1234636,5.1220446,5.1250224,5.137045,5.1532063,5.1465383,5.1481214,5.163566,5.1681366,5.2022953,5.177471,5.1635365,5.169303,5.1846333,5.2116942,5.2231903,5.2259307,5.235304,5.227641,5.239809,5.2444615,5.2419963,5.2336574,5.248615,5.260925,5.251773,5.2790623,5.244536,5.2900243,5.260758,5.2971506,5.280309,5.2685237,5.272099,5.3076468,5.2925277,5.3068337,5.2757874,5.2942266,5.316613,5.339113,5.328778,5.3243785,5.297632,5.284543,5.310825,5.3162537,5.3236976,5.330429,5.329861,5.3305173,5.3159733,5.328732,5.3465796,5.321564,5.319034,5.274195,5.3219404,5.3276477,5.3202105,5.312369,5.3417554,5.3264832,5.295664,5.31254,5.323841,5.3057165,5.2739797,5.256819,5.284986,5.2633314,5.254648,5.267412,5.235449,5.275719,5.223329,5.2420263,5.2343507,5.203946,5.242946,5.224878,5.209923,5.2385054,5.236555,5.211572,5.204358,5.1991525,5.1735716,5.1969695,5.188568,5.1712527,5.184133,5.180843,5.172745,5.1202717,5.132683,5.1247663,5.1210914,5.1514006,5.1264377,5.1483397,5.1044765,5.1097813,5.1147313,5.132753,5.1102867,5.090202,5.086577,5.092416,5.0951147,5.086191,5.0888395,5.091607,5.1028857,5.090697,5.0860653,5.078733,5.0868773,5.085225,5.0722766,5.06945,5.072032,5.052867,5.0851755,5.0824003,5.0567293,5.0901303,5.053812,5.062167,5.0503263,5.0505133,5.076421,5.0764523,5.0202985,,,,,,,,,,,,,,,,,,,,,,,,,,,,,,,,,,,,,,,,,,,,,,,,,,,,,,,,,,,,,,,,,,,,,,,,,,,,,,,,,,,,,,,,,,,,,,t114
FS/490.png,right,0.1712604999920586,4.808058,4.804314,4.816904,4.805414,4.7903614,4.8063197,4.786693,4.795581,4.8182106,4.8101673,4.800136,4.7876863,4.794641,4.7947083,4.7833157,4.799775,4.8090053,4.7903433,4.801821,4.791829,4.80351,4.795172,4.807946,4.8045506,4.813387,4.7904162,4.804876,4.807057,4.800987,4.8148365,4.82233,4.82123,4.7883034,4.7804327,4.8015113,4.8136697,4.7762794,4.81314,4.812164,4.8020263,4.8008685,4.8132977,4.825727,4.818389,4.7913275,4.812403,4.8089347,4.809063,4.8271956,4.813669,4.8319125,4.804171,4.839758,4.811428,4.8156204,4.777364,4.76939,4.7859406,4.753945,4.750058,4.7346616,4.7328677,4.7299967,4.7209888,4.72904,4.66616,4.6814313,4.6526327,4.6510563,4.6423645,4.620434,4.5723367,4.557699,4.582619,4.575685,4.549118,4.524232,4.5376554,4.510224,4.5129285,4.524494,4.5020685,4.4735026,4.468768,4.469878,4.4639263,4.4535837,4.4453626,4.46375,4.453777,4.4625683,4.438754,4.478898,4.4493747,4.446657,4.470512,4.455147,4.4449477,4.474887,4.4891996,4.49491,4.4839787,4.5180554,4.5028577,4.5053353,4.5374804,4.559252,4.5155888,4.553187,4.566751,4.5768857,4.552608,4.581871,4.592104,4.6056156,4.6149344,4.615803,4.615014,4.6411614,4.6151156,4.639888,4.6573343,4.645722,4.6535764,4.672496,4.6912594,4.7242475,4.7229676,4.7475553,4.756778,4.758187,4.753929,4.7543535,4.7512746,4.790865,4.765579,4.7484984,4.745353,4.7187495,4.7005563,4.6535378,4.6656475,4.5997796,4.586189,4.5575285,4.538415,4.4963264,4.4344535,4.401996,4.3982673,4.349498,4.322464,4.2820034,4.269536,4.172845,4.192143,4.1510715,4.1390467,4.1342754,4.113639,4.107391,4.0565963,4.0228295,4.0454926,3.9908974,3.9537582,3.9509938,3.9449332,3.939618,3.9323776,3.9275992,3.9000468,3.9121244,3.8936846,3.9077704,3.9017825,3.882386,3.9035332,3.900172,3.89456,3.8639224,3.886487,3.906806,3.8973722,3.8912284,3.90303,3.9234214,3.8926096,3.8925009,3.89371,3.933957,3.931648,3.9372048,3.9298472,3.9603295,3.9735348,3.9766278,3.9781158,3.9930513,4.0250435,4.026094,4.029243,4.054791,4.078968,4.121843,4.1062837,4.1226306,4.1383796,4.128797,4.1527753,4.151937,4.172107,4.20371,4.2085123,4.226646,4.2736473,4.273245,4.3075967,4.3248525,4.3395696,4.3410544,4.3655148,4.397404,4.4006543,4.4049344,4.4223027,4.429223,4.475648,4.490887,4.5149994,4.499155,4.5482297,4.569623,4.5662374,4.5937624,4.5888805,4.593683,4.6089044,4.6177883,4.623726,4.653969,4.6658196,4.6858473,4.6864686,4.6941338,4.7310877,4.7478538,4.737334,4.769952,4.773443,4.7997484,4.7969356,4.8145795,4.81669,4.846743,4.85095,4.8818235,4.8580766,4.8455195,4.8546696,4.8979278,4.848482,4.8566813,4.9095206,4.903514,4.8964124,4.8983083,4.933231,4.940178,4.90145,4.9458113,4.9529104,4.958706,4.9616814,4.948757,4.973524,4.971971,4.956903,4.971007,4.9652834,4.9755564,4.9831467,4.9858575,4.987943,4.970184,4.973091,4.970829,4.995305,4.97295,4.990053,4.9868436,4.9884105,4.9879465,4.998742,4.9865475,4.9874578,4.988764,4.982308,4.9810247,4.990229,4.9922857,4.974287,4.9742503,4.97921,4.974788,4.9643817,4.9682693,4.976886,4.9750247,4.9724145,4.984965,4.9719405,4.979806,4.9677,4.993047,4.9908853,4.9720397,5.0003233,4.9842653,4.975274,4.982047,4.9751053,4.986287,4.9795794,4.9754305,4.9762726,4.99843,4.9780064,4.9890256,4.988742,4.9796324,5.0003157,4.9878435,4.996492,5.002707,5.0106654,5.0001464,4.997424,5.001219,5.0136228,5.018973,5.0026126,4.9975495,4.991419,5.0152965,4.998388,5.003732,5.0107536,5.0101447,5.0148506,5.0083237,5.027512,5.0020757,5.0193553,5.020119,5.023101,5.033807,5.01301,5.0134068,5.010359,5.031448,5.008308,5.0377774,5.024522,5.0275626,5.036587,5.0275483,5.028837,5.0629525,5.018283,5.030125,5.012485,5.0397058,5.0431643,5.040444,5.028062,5.0040326,4.9862714,5.0316486,5.01553,5.007212,4.9970665,4.99362,5.0056524,5.0039234,5.014745,5.007507,4.9934573,5.0048165,5.003089,5.013257,4.994331,5.01025,5.0156455,5.001585,5.0006394,5.0151443,5.009076,4.997953,,,,,,,,,,,,,,,,,,,,,,,,,,,,,,,,,,,,,,,,,,,,,,,,,,,,,,,,,,,,,,,,,,,,,,,,,,,,t35
FS/490.png,right,0.1807215000008,5.124079,5.118934,5.113258,5.1079893,5.11111,5.1222105,5.1220984,5.130152,5.1098833,5.0987754,5.1066775,5.0896683,5.0854545,5.1050973,5.1083584,5.0987554,5.105347,5.076325,5.1137366,5.1049953,5.1133337,5.0859394,5.0979624,5.097178,5.1035724,5.1110563,5.1033297,5.09318,5.110118,5.0984955,5.111799,5.0993204,5.1177335,5.1065006,5.0929465,5.108966,5.1133294,5.1058927,5.1192946,5.1125836,5.1138425,5.123505,5.1119785,5.1006227,5.1322813,5.1360493,5.1200137,5.119441,5.1569834,5.131401,5.1083026,5.1166954,5.092347,5.1081834,5.1161594,5.095528,5.091953,5.0936484,5.072141,5.0781054,5.0537267,5.0345325,5.0253534,5.020097,5.013137,5.0081067,5.0038104,4.9967294,4.9782414,4.9360228,4.956473,4.9133177,4.910555,4.916477,4.903292,4.86434,4.890842,4.8835745,4.85372,4.8644643,4.8497424,4.851993,4.835692,4.831472,4.8310657,4.8051267,4.8417363,4.801857,4.8095627,4.7927737,4.8104553,4.7815895,4.799419,4.8004227,4.820987,4.803156,4.7904043,4.81463,4.805314,4.7921724,4.830851,4.7897825,4.8609686,4.8534064,4.8535476,4.8531923,4.873873,4.8733273,4.8703346,4.8627696,4.879363,4.8845224,4.87595,4.896932,4.9119573,4.931324,4.922675,4.9317236,4.915822,4.9258094,4.9398003,4.9362974,4.9571705,4.952916,4.962297,4.934208,4.961501,4.961178,4.960179,4.9696784,4.9731836,4.9656963,4.9764185,4.9585886,4.952536,4.9626756,4.9549527,4.9522033,4.907735,4.8899965,4.8414483,4.8234386,4.748855,4.73378,4.7287025,4.7134295,4.6676264,4.5972495,4.557742,4.5223727,4.4929786,4.4899464,4.45351,4.417747,4.3771744,4.361855,4.327992,4.311976,4.296963,4.2787604,4.2468767,4.203631,4.2093453,4.1849046,4.1606584,4.160803,4.1481705,4.138146,4.138027,4.106623,4.0900316,4.1150517,4.0988417,4.056666,4.088784,4.047908,4.039278,4.044168,4.0678177,4.0424857,4.0536056,4.028766,4.064939,4.0633106,4.0570583,4.0620384,4.062859,4.0470433,4.075937,4.1109304,4.085794,4.089925,4.0999374,4.1295996,4.1407332,4.124553,4.1935215,4.186206,4.2258887,4.243484,4.2481217,4.245816,4.2522426,4.2587385,4.2702603,4.281489,4.306409,4.3088837,4.3258505,4.3524184,4.364609,4.360949,4.389788,4.4398217,4.441816,4.4454026,4.4784417,4.482022,4.510517,4.5154405,4.543786,4.546538,4.5498447,4.5454407,4.5683994,4.609628,4.6135063,4.6291337,4.632539,4.6515846,4.6808963,4.6822333,4.703615,4.7054553,4.74059,4.754842,4.7546363,4.77628,4.760562,4.77467,4.7751756,4.788003,4.820226,4.8074627,4.8370247,4.8684664,4.872724,4.8661695,4.8742604,4.8859434,4.9002957,4.8950787,4.9162874,4.933065,4.936846,4.9363313,4.976111,4.9540277,4.981509,5.005112,5.0140147,5.0020943,5.0306373,5.0292645,5.045706,5.065255,5.0762005,5.0658607,5.0572596,5.0802817,5.1012254,5.094306,5.083677,5.0982804,5.0912814,5.089095,5.101342,5.082092,5.1032033,5.099649,5.1001434,5.1170864,5.103057,5.155082,5.1234474,5.1431227,5.1377606,5.1193767,5.1437135,5.1538124,5.163454,5.173759,5.168447,5.176159,5.1628723,5.1834846,5.185387,5.1972013,5.168401,5.1867466,5.2028737,5.1889358,5.16568,5.197134,5.159438,5.1805334,5.181201,5.1715713,5.190185,5.1724434,5.1696844,5.1889915,5.1989903,5.198802,5.198161,5.1932206,5.198279,5.2081923,5.170422,5.154055,5.185193,5.181779,5.153599,5.170189,5.1757417,5.1448927,5.169462,5.132739,5.1467214,5.121469,5.1472616,5.1320333,5.146173,5.111699,5.141985,5.1204033,5.101388,5.103079,5.1115046,5.100441,5.10265,5.109593,5.108436,5.095468,5.0973506,5.0975275,5.0836887,5.103882,5.091634,5.068372,5.0843654,5.034743,5.0725436,5.073227,5.06467,5.0367904,5.062301,5.0577006,5.044115,5.058812,5.02435,5.0433197,5.0534306,5.0364385,5.033713,5.0314183,5.01193,5.0331764,5.023072,5.0129304,5.0125413,5.030436,5.0253606,5.012774,5.008679,5.0128555,4.999645,5.0109487,4.982963,4.983136,5.0029,4.984314,4.986275,4.992766,4.951236,4.9782004,5.012086,4.9918075,5.012223,4.9999843,5.0030117,4.991285,4.9705615,4.980814,4.9708376,4.994028,4.988039,4.985559,5.0001597,4.981247,4.984538,4.984397,4.9817553,4.981875,4.986209,4.991333,4.9937572,5.006679,4.990399,5.0018888,4.9918227,4.995348,5.021139,5.0058575,5.0042253,5.0221744,5.000951,5.0390344,5.0162196,5.0445876,5.0428767,5.0343566,5.032901,5.0404863,5.0387774,5.041277,5.0685906,5.0762715,5.064881,5.0796475,5.0594354,5.066416,5.0734615,5.059784,,,,,,,,,,,,,,,,,,,,,,,,,,,,,,,,,,,,,,,,,t67
FS/490.png,left,0.1679651999875204,4.779941,4.799292,4.781463,4.7891035,4.7881374,4.7904787,4.7798095,4.7703724,4.78337,4.798051,4.783457,4.7861514,4.784999,4.77665,4.781145,4.785894,4.7839684,4.785554,4.7795734,4.7846947,4.7864056,4.7778788,4.7959394,4.773929,4.7691836,4.778448,4.795572,4.7682223,4.7733936,4.7989326,4.777563,4.784095,4.7913904,4.7925262,4.796252,4.7929673,4.7874446,4.7837296,4.785204,4.7732897,4.7895956,4.7837257,4.803472,4.7946534,4.7866054,4.787541,4.7885203,4.7900834,4.7992353,4.805776,4.8057976,4.806984,4.787452,4.808513,4.781841,4.8253617,4.8077765,4.8076377,4.8030977,4.772182,4.80997,4.804449,4.7921443,4.7926826,4.757833,4.7735457,4.765095,4.759018,4.757422,4.7767105,4.7619705,4.768906,4.753529,4.7541065,4.760789,4.7605605,4.767229,4.772163,4.753788,4.758761,4.7443056,4.75041,4.7540317,4.75377,4.7575393,4.757543,4.738461,4.7471395,4.7391157,4.7585626,4.745511,4.761152,4.7744813,4.7626925,4.767937,4.773605,4.769904,4.7730064,4.766724,4.749747,4.7689776,4.771965,4.7717366,4.775248,4.767276,4.779754,4.772589,4.7913156,4.782313,4.782363,4.7853513,4.8082924,4.791165,4.8188887,4.8060217,4.860686,4.845838,4.8563814,4.8598814,4.878173,4.8590364,4.87842,4.8630624,4.877273,4.8863597,4.8769665,4.8953133,4.8830757,4.898435,4.913872,4.901173,4.909965,4.8870497,4.8933973,4.886499,4.8837476,4.8780384,4.849945,4.8353434,4.78744,4.759798,4.7350497,4.7205505,4.676875,4.6123247,4.591706,4.529219,4.510077,4.452459,4.419975,4.4069304,4.3454256,4.3384466,4.257481,4.235919,4.1797037,4.1599803,4.1468472,4.135407,4.0757117,4.033793,4.042366,4.015244,3.978714,3.9696836,3.9720292,3.950687,3.8893826,3.8578663,3.8565803,3.8615882,3.8191478,3.8507335,3.8258436,3.7948637,3.8222466,3.777162,3.806315,3.7681372,3.763069,3.7775643,3.7646606,3.7660627,3.7617874,3.7451103,3.7555838,3.7633476,3.7397966,3.760706,3.7822948,3.7741559,3.7937844,3.7542138,3.7748845,3.7598236,3.7555354,3.7690678,3.797493,3.780903,3.805937,3.7953584,3.8141584,3.8126802,3.8057733,3.8067324,3.827301,4.0383744,4.0348544,4.045076,4.00682,4.018412,4.0562925,4.0471716,4.086393,4.109176,4.115961,4.159291,4.152049,4.1588387,4.168435,4.189764,4.184858,4.212585,4.218049,4.214103,4.2663126,4.2604218,4.2749095,4.310472,4.2910457,4.3013573,4.3353443,4.306788,4.3207955,4.3597693,4.361498,4.380263,4.3655314,4.391057,4.391319,4.4192467,4.4284587,4.441188,4.439027,4.4501495,4.448405,4.450854,4.460245,4.4876647,4.499196,4.5143633,4.532356,4.543619,4.5457215,4.536089,4.5469947,4.576693,4.560197,4.571401,4.590736,4.594107,4.5975556,4.564725,4.625383,4.65209,4.657178,4.6641316,4.65178,4.678684,4.651982,4.6685348,4.667634,4.680621,4.6860824,4.687744,4.685978,4.6986685,4.708709,4.6974955,4.7078123,4.703883,4.708222,4.7168727,4.7009478,4.7084537,4.7149854,4.7101326,4.708655,4.730364,4.716437,4.7207355,4.725829,4.7185826,4.7253246,4.7299204,4.7184777,4.731085,4.7227163,4.721355,4.738606,4.7351446,4.7394457,4.728967,4.7172318,4.7449875,4.773288,4.791118,4.7677574,4.774085,4.7529597,4.762824,4.7590885,4.77408,4.7645297,4.7938366,4.7803197,4.797417,4.7694383,4.760727,4.7805634,4.758572,4.8001447,4.76828,4.783185,4.7789726,4.7771325,4.7440867,4.7722025,4.7639384,4.757711,4.7708645,4.759919,4.7634525,4.7577467,4.756522,4.741191,4.7242026,4.732827,4.738179,4.747181,4.726327,4.744727,4.719367,4.7217283,4.722358,4.7231684,4.74929,4.718541,4.723335,4.735349,4.7066784,4.7271166,4.7277293,4.697157,4.6950364,4.6988564,4.7153463,4.688865,4.696281,4.7056847,4.6880374,4.689735,4.6918206,4.716681,4.69616,4.6945186,4.685357,4.7030673,4.7082562,4.6949973,4.6926,4.708764,4.7049313,4.702567,4.707666,4.7022758,4.705516,4.7024794,4.688602,4.7039776,4.7193723,4.7251315,4.708172,4.745116,4.754706,4.747651,4.761867,4.7518725,4.764853,4.768757,4.7650027,4.7534623,4.7778597,,,,,,,,,,,,,,,,,,,,,,,,,,,,,,,,,,,,,,,,,,,,,,,,,,,,,,,,,,,,,,,,,,,,,,,,,,,,,,,,,,t98
FS/230.png,right,0.1854332999937469,5.009076,4.997953,5.002916,4.9979634,5.016165,5.00746,5.019829,5.020148,5.017607,5.0034976,5.012378,5.024207,5.0257425,5.0308537,5.0220046,5.017216,5.023417,5.0104246,5.0129867,5.0132666,5.048631,5.0339923,5.0519733,5.026879,5.029159,5.0487094,5.0533504,5.057167,5.012359,5.041258,5.037363,5.03359,5.045427,5.0623164,5.058959,5.0550356,5.046108,5.030108,5.033846,5.0402393,5.0365324,5.052562,5.0456114,5.051372,5.060176,5.0451703,5.071548,5.0747747,5.0659623,5.0729833,5.0874305,5.0624914,5.0570693,5.0726924,5.0513387,5.0417247,5.047306,5.027162,5.039519,5.002621,4.992029,4.988988,4.9791055,4.93743,4.937747,4.9041924,4.911987,4.8754597,4.8756394,4.856574,4.8163085,4.8110967,4.82415,4.803108,4.7874312,4.790085,4.783329,4.752344,4.7468166,4.733873,4.734449,4.716506,4.707254,4.714669,4.715879,4.6559434,4.687924,4.67929,4.6997232,4.691636,4.6567693,4.666499,4.673374,4.632206,4.702986,4.645581,4.648581,4.6745725,4.667396,4.670474,4.656228,4.6561627,4.684798,4.7068624,4.7072425,4.6820955,4.7003827,4.690813,4.7210245,4.7172456,4.7007623,4.7167034,4.709713,4.7223916,4.7469044,4.732184,4.7477245,4.735632,4.738472,4.7344685,4.762572,4.756326,4.7361064,4.742268,4.776859,4.7771735,4.798257,4.769112,4.7777267,4.7815266,4.796175,4.8199115,4.790793,4.81557,4.791709,4.7947836,4.7965803,4.759736,4.7420044,4.7341228,4.712973,4.6591187,4.6449704,4.6031423,4.605232,4.5345006,4.5165133,4.4871435,4.4307523,4.381074,4.3345046,4.306092,4.285839,4.2625957,4.199097,4.1961064,4.1587787,4.1357083,4.0956473,4.1016564,4.0729575,4.0223746,4.036045,3.9298036,3.9199889,3.9094849,3.9002643,3.8542306,3.8604925,3.8394275,3.8272147,3.8420875,3.8182194,3.8017862,3.7892041,3.7820532,3.80688,3.752728,3.750336,3.7458315,3.7476687,3.7548275,3.7539237,3.7433841,3.7475984,3.7474394,3.7517226,3.7360737,3.7487235,3.773279,3.7527943,3.76112,3.753868,3.7641077,3.7821035,3.7964237,3.802386,3.8185337,3.792062,3.8316772,3.839018,3.8435924,3.8317795,3.8355887,3.8556008,3.8797426,3.869691,3.913357,3.924958,3.9342911,3.9435894,3.954959,3.9620202,3.9684,3.9804041,3.9862244,4.0181103,4.020553,4.0467005,4.0827255,4.088481,4.0862317,4.093002,4.110118,4.143766,4.1298633,4.1706505,4.173377,4.1842375,4.193432,4.216161,4.2308125,4.265237,4.2686224,4.29077,4.272513,4.298604,4.3321085,4.355134,4.3639936,4.344346,4.3659177,4.3963304,4.4150634,4.414484,4.4069276,4.4725275,4.46254,4.4523373,4.4902287,4.526274,4.488984,4.5311704,4.5246468,4.553634,4.542648,4.548629,4.5872006,4.5815444,4.577959,4.586826,4.6270113,4.6219864,4.650978,4.619626,4.6248465,4.6119595,4.60116,3.8601434,4.2729096,4.6525397,4.6250453,4.64753,4.634414,4.6285934,4.652307,4.6901937,4.691013,4.669368,4.692897,4.674842,4.668756,4.6755104,4.662031,4.670752,4.6701026,4.663936,4.671372,4.6602545,4.6695166,4.6667256,4.6665707,4.675167,4.664052,4.6638656,4.668035,4.645315,4.6441965,4.6594734,4.6364455,4.644122,4.651677,4.6510158,4.624774,4.654825,4.623351,4.623796,4.5903707,4.6370215,4.6314163,4.6305337,4.620191,4.6145577,4.6232657,4.619102,4.622261,4.615051,4.6131053,4.6278043,4.614474,4.6099987,4.626073,4.618678,4.623777,4.655215,4.6346607,4.6484756,4.6481605,4.637384,4.652428,4.6337323,4.6407833,4.6769633,4.646196,4.6906786,4.6770205,4.687369,4.671764,4.7023854,4.6881638,4.679395,4.69087,4.7068315,4.7157745,4.6963563,4.6830854,4.686617,4.6977015,4.6987257,4.694914,4.733227,4.712963,4.720745,4.7451773,4.7063303,4.7279134,4.7109523,4.7118936,4.7301393,4.7191443,4.7204437,4.7167807,4.7020974,4.730898,4.728227,4.715783,4.7127376,4.7107954,4.735794,4.7270174,4.720188,4.713984,4.723756,4.711179,4.720965,4.6994476,4.720427,4.7169576,4.723753,,,,,,,,,,,,,,,,,,,,,,,,,,,,,,,,,,,,,,,,,,,,,,,,,,,,,,,,,,,,,,,,,,,,,,,,,,,,,,,,,,,,,,,,,,,,,,,,t36
FS/230.png,right,0.1172848999995039,5.134746,5.1207976,5.1347437,5.123079,5.1303377,5.116249,5.110635,5.1158495,5.1133246,5.1042485,5.1155186,5.127554,5.1049175,5.1160235,5.0888996,5.1042266,5.11112,5.078561,5.09276,5.1002,5.111189,5.1087923,5.127395,5.1117315,5.1060667,5.107385,5.154998,5.1196146,5.13299,5.1299386,5.1613193,5.135701,5.1532907,5.1378613,5.125738,5.1305256,5.1552343,5.139021,5.1498237,5.1507654,5.141093,5.153315,5.1412535,5.1503954,5.151664,5.158969,5.1512218,5.138004,5.1527777,5.1383424,5.1475863,5.178677,5.1779847,5.16323,5.1499567,5.115357,5.132474,5.122841,5.124872,5.10958,5.1044254,5.088964,5.0819573,5.0560045,5.0632777,5.0649266,5.056766,5.0418673,5.030022,5.0159154,5.019863,5.0125604,5.0126176,5.013927,5.0020223,5.009215,4.983269,4.9891396,4.978739,4.976423,4.985775,4.9941545,4.9506474,4.9713655,5.0034943,4.9754276,4.9782233,4.9672356,4.959547,4.9761186,4.967842,4.9776382,4.961298,4.9763293,4.975543,4.9481215,4.9792237,4.9924865,4.9825535,4.9847593,4.998478,5.005813,5.0000463,4.992929,5.016171,5.0116067,5.019988,5.041153,5.021268,5.0313,5.0419407,5.037749,5.0478973,5.029648,5.0496936,5.0528593,5.0454383,5.035922,5.0517554,5.0801854,5.07172,5.0786805,5.073904,5.101234,5.0923805,5.083671,5.107696,5.10987,5.105379,5.1221986,5.1061535,5.1261277,5.106002,5.103024,5.09606,5.0689864,5.06969,5.0234265,4.985031,5.001762,4.9474983,4.907215,4.8184185,4.777694,4.7654476,4.736278,4.684753,4.689043,4.6144094,4.584584,4.514317,4.5093465,4.468143,4.4418993,4.3642855,4.329706,4.3070297,4.3182473,4.30989,4.268493,4.2243223,4.228996,4.1820264,4.1907654,4.1292152,4.1229515,4.0800653,4.100194,4.0984316,4.0617723,4.0687103,4.0773783,4.027611,4.0406957,4.0236917,4.018995,4.007062,4.0162463,4.01765,4.0152497,4.000114,4.0123677,4.0111713,4.006691,4.0165296,4.0076203,4.003938,3.989984,4.005992,4.023782,4.0368876,4.0174522,4.0083284,4.0177565,4.0145755,4.0286627,4.0734773,4.06064,4.060771,4.0864,4.0963316,4.1029367,4.1256547,4.1731863,4.1602902,4.1569276,4.188161,4.1747193,4.205482,4.21964,4.212663,4.2470083,4.2712803,4.242137,4.280647,4.314828,4.3116236,4.35863,4.3865995,4.4221096,4.4218526,4.4432077,4.463525,4.464987,4.4822307,4.4733334,4.494823,4.502272,4.5399265,4.5470557,4.542698,4.5868025,4.576816,4.599806,4.6155906,4.6157784,4.6433787,4.6644063,4.6593037,4.665299,4.6827064,4.7254157,4.7188625,4.7267776,4.7461724,4.7315254,4.76834,4.78729,4.7741632,4.808194,4.820465,4.8311753,4.8195124,4.851706,4.845419,4.8818336,4.862734,4.88235,4.8688865,4.871087,4.8690014,4.873425,4.8913345,4.8927693,4.9147925,4.9091177,4.9128623,4.899592,4.941608,4.9500074,4.953858,4.9373612,4.970021,4.937892,4.9750257,4.9835587,4.9957023,4.9781404,4.981888,4.9892797,4.985299,5.0008817,5.0063305,5.009146,4.99958,5.013763,5.0103855,5.014024,5.01575,5.018442,5.0219917,5.025245,5.017742,5.0078306,5.0293455,5.0500526,5.0298476,5.0822134,5.047047,5.043791,5.0584197,5.054044,5.03813,5.0254107,5.0282493,5.003964,4.980751,4.9755936,5.00742,5.0376873,5.0222163,5.0687494,5.033397,5.0431423,5.0177183,5.001107,4.9764504,5.0196257,5.022387,5.0355706,5.0133452,5.025461,5.0164146,5.0199294,5.021212,4.9990625,5.030885,5.0207996,5.0122294,5.020813,5.023871,4.990078,5.0248027,5.0345697,5.0322833,5.0508842,5.036936,5.040894,5.0394096,5.0721593,5.0635333,5.0747585,5.072931,5.090658,5.0741463,5.085489,5.0809712,5.085026,5.0845137,5.0845633,5.0912366,5.0986466,5.0847106,5.061155,5.085855,5.0878973,5.080581,5.082827,5.073628,5.0682793,5.0780387,5.096579,5.120787,5.095147,5.1081815,5.1026087,5.115806,5.113789,5.1480246,5.144283,5.1342406,5.1464434,5.1315036,5.15615,5.164406,5.1343126,5.1646004,5.1468773,5.162456,5.172368,5.1834693,5.1784544,5.178415,5.176163,5.1755185,5.186564,5.184635,5.1847763,5.1790876,5.198777,5.191189,5.1833415,5.1834307,5.2029867,5.195343,5.2015247,5.203294,,,,,,,,,,,,,,,,,,,,,,,,,,,,,,,,,,,,,,,,,,,,,,,,,,,,,,,,,,,,,,,,,,,,,,,,,,,,,,t71
FS/230.png,right,0.1182200000039301,5.1463294,5.1318154,5.145603,5.1370597,5.1367083,5.145391,5.1445074,5.1427956,5.147225,5.1592603,5.1616254,5.1544867,5.166434,5.1772194,5.1724367,5.197307,5.1925545,5.156663,5.1956124,5.163473,5.1593814,5.1774592,5.174582,5.200934,5.1959405,5.1749644,5.1962724,5.1790986,5.2053027,5.1995497,5.194365,5.2253428,5.205696,5.204222,5.204651,5.196522,5.2059536,5.187912,5.2066884,5.2236495,5.234318,5.205153,5.222595,5.2033587,5.2412004,5.230363,5.219091,5.2329783,5.2394676,5.229214,5.2677116,5.277197,5.2416797,5.228285,5.2421155,5.248452,5.2567744,5.26065,5.2577267,5.242129,5.235335,5.2263837,5.215924,5.209251,5.1999383,5.146793,5.1804895,5.150486,5.131602,5.1497507,5.146058,5.1507235,5.1003184,5.1034966,5.115715,5.1100516,5.1178217,5.097344,5.0902715,5.078993,5.0850334,5.061065,5.0681114,5.0786557,5.0717835,5.056187,5.0763474,5.0568933,5.0647593,5.060377,5.075918,5.054494,5.0735493,5.068347,5.0619445,5.0630136,5.067292,5.0713305,5.06159,5.0842075,5.092173,5.0902104,5.107554,5.0786476,5.0998325,5.102834,5.1024666,5.1053467,5.097704,5.11474,5.1202006,5.128321,5.125277,5.134028,5.1320496,5.121978,5.14848,5.1517644,5.159811,5.170895,5.169561,5.181601,5.206472,5.1771274,5.195462,5.1741924,5.2154408,5.1928887,5.221724,5.215997,5.2153015,5.2230635,5.2345,5.2308974,5.2368193,5.2103143,5.2256937,5.2319393,5.202882,5.1949244,5.1742315,5.150034,5.1276045,5.0775785,5.0432944,5.026607,4.983838,4.9644995,4.973496,4.8899417,4.8569713,4.784986,4.7888017,4.76499,4.729271,4.688026,4.6776485,4.6333647,4.5911202,4.597516,4.5523734,4.5471888,4.49922,4.4762764,4.4531946,4.4333076,4.4342055,4.39224,4.370742,4.3706007,4.366599,4.3626957,4.3504434,4.3464284,4.3275847,4.3181815,4.322321,4.3161926,4.318802,4.30756,4.318811,4.3031197,4.305292,4.3002267,4.330652,4.3095155,4.3076425,4.3249755,4.3334174,4.315582,4.314352,4.3166804,4.3324614,4.351233,4.326362,4.380258,4.3878,4.3713365,4.3971896,4.411296,4.39458,4.4411836,4.41279,4.435013,4.4734764,4.451921,4.4655275,4.482794,4.519754,4.5030217,4.507929,4.5237556,4.5517273,4.5750318,4.57583,4.630051,4.6463046,4.673655,4.6909776,4.6936045,4.7234554,4.728411,4.7210402,4.7471113,4.764727,4.7589307,4.7829065,4.775116,4.81569,4.7819695,4.810373,4.825229,4.824258,4.817589,4.808223,4.8216953,4.8833013,4.8216357,4.7985816,5.104406,5.005785,5.4018807,5.421224,5.397912,5.399887,5.442647,5.469843,5.4526353,5.4782677,5.4742665,5.438074,5.495028,5.479658,5.475798,5.46049,5.4447827,5.4421177,5.4827337,5.4935527,5.4897103,5.4963627,5.5167875,5.508826,5.5062857,5.4963017,5.4961886,5.497096,5.4886775,5.5152373,5.5054946,5.4942813,5.517936,5.510349,5.5212126,5.506683,5.515485,5.511638,5.510814,5.5217533,5.511072,5.537091,5.518808,5.5030384,5.507004,5.5188046,5.5240574,5.491809,5.5149913,5.5292153,5.48401,5.522206,5.518591,5.512487,5.4911127,5.46783,5.5211167,5.5302486,5.442727,5.4682136,5.4573874,5.4686966,5.479131,5.4811463,5.465181,5.4660144,5.470203,5.4660177,5.45172,5.45307,5.4528766,5.4357266,5.445912,5.4128647,5.40991,5.426636,5.4284153,5.4153023,5.4183717,5.404137,5.430847,5.4117246,5.4045515,5.4030094,5.3975787,5.4221034,5.40604,5.3698177,5.3592963,5.357057,5.3596883,5.364748,5.3271837,5.309774,5.338954,5.3056326,5.326474,5.304249,5.3021693,5.302125,5.298377,5.3035617,5.3187375,5.3207855,5.3091393,5.292813,5.3120055,5.291648,5.3119373,5.304689,5.2981243,5.290479,5.2666707,5.249703,5.2321815,5.252577,5.255827,5.2471976,5.2568426,5.2494454,5.2530594,5.2378106,5.2562666,5.232319,5.261844,5.2416544,5.2505045,,,,,,,,,,,,,,,,,,,,,,,,,,,,,,,,,,,,,,,,,,,,,,,,,,,,,,,,,,,,,,,,,,,,,,,,,,,,,,,,,,,,,,,,,,,,,,,,,,,,,,,,,,,,,t104
FS/10.png,right,0.0868485999963013,5.0468206,5.040032,5.0349703,5.039525,5.021282,5.05247,5.0676284,5.0582924,5.044991,5.0660753,5.061287,5.0780983,5.065165,5.072286,5.096751,5.078737,5.0833125,5.0934763,5.102463,5.1149526,5.084412,5.1081634,5.097929,5.090323,5.095892,5.1226535,5.1194158,5.1021795,5.1218553,5.1122932,5.1138563,5.1148567,5.116281,5.130301,5.1159983,5.126011,5.114782,5.1118555,5.1206717,5.128594,5.111657,5.128209,5.128105,5.1188507,5.1414404,5.1292143,5.1206503,5.1336265,5.1344166,5.120663,5.160224,5.149933,5.146457,5.1187615,5.134071,5.114014,5.1058946,5.106389,5.0789747,5.0843163,5.051856,5.0256395,5.02659,5.0080285,4.9989214,4.9843307,5.0049286,4.982052,4.964511,4.9401875,4.9325843,4.9374332,4.914534,4.8914733,4.8950744,4.888932,4.8678823,4.8633895,4.852344,4.841247,4.834526,4.8182664,4.815134,4.81477,4.813823,4.8155127,4.821162,4.808854,4.8132772,4.8397512,4.8044157,4.8077273,4.827277,4.825829,4.8411827,4.8399386,4.824998,4.831481,4.83149,4.8383956,4.844562,4.850342,4.8554077,4.8686204,4.8755245,4.890308,4.860428,4.878875,4.897285,4.888562,4.9189997,4.916405,4.910268,4.946638,4.945134,4.9659915,4.9582825,4.9560366,4.964139,4.975729,4.9659276,5.002307,5.000122,4.9898033,5.010179,5.021091,5.015072,5.0165205,5.027791,5.0340285,5.0220075,5.01777,5.029488,5.017918,4.993712,4.9825716,4.960591,4.9599013,4.9000936,4.855245,4.8167477,4.8116918,4.771283,4.728697,4.6791787,4.6515245,4.6297045,4.6058383,4.554908,4.5031548,4.47642,4.458552,4.424681,4.408288,4.386205,4.35257,4.3144584,4.2785864,4.2414002,4.2470083,4.2392015,4.233617,4.1942825,4.1870594,4.1680346,4.1422615,4.1283383,4.122295,4.116955,4.0989876,4.121291,4.099235,4.0852933,4.0724635,4.082192,4.083961,4.091686,4.093708,4.07111,4.095441,4.0819864,4.0948496,4.090751,4.088519,4.0877256,4.0723934,4.105117,4.115265,4.1195445,4.1175213,4.119793,4.1110682,4.131867,4.1331244,4.1587195,4.1617966,4.1714478,4.1721034,4.205029,4.2095385,4.223935,4.231673,4.2697053,4.296224,4.3154583,4.285553,4.3580694,4.3486505,4.3391495,4.3838863,4.3965635,4.4183207,4.4402742,4.4707737,4.479497,4.4818835,4.526777,4.524662,4.5610766,4.572596,4.5735703,4.5842304,4.6130958,4.6230803,4.65177,4.6590905,4.707726,4.7027173,4.7226405,4.7188845,4.7437696,4.733713,4.7838106,4.7842493,4.8075604,4.8342023,4.838697,4.8522043,4.8547025,4.8671393,4.8902435,4.90618,4.903685,4.919477,4.8763256,4.9105024,4.9309716,4.9439335,4.9626355,4.96891,4.9616113,4.98037,4.9998193,4.993637,5.0026383,5.023682,5.040253,5.0386896,5.0572815,5.051748,5.054422,5.0766706,5.059353,5.088386,5.10034,5.0765805,5.105394,5.087622,5.105755,5.1198645,5.12408,5.1379366,5.1240797,5.155783,5.138578,5.1279945,5.147996,5.1309643,5.14009,5.1262617,5.1300406,5.1272254,5.1518164,5.1514034,5.13252,5.1301856,5.1354647,5.1310353,5.1535945,5.1416664,5.134398,5.1441855,5.137072,5.1623783,5.134628,5.1099534,5.137685,5.139146,5.13991,5.1435432,5.1349945,5.1375284,5.13026,5.138223,5.140196,5.1267767,5.13267,5.1284122,5.125147,5.1295805,5.1420484,5.132395,5.12714,5.1148634,5.1250086,5.116392,5.1306643,5.1184144,5.112764,5.1371093,5.1371055,5.1528273,5.1755433,5.1358275,5.137886,5.133544,5.147568,5.154542,5.155812,5.202336,5.1821995,5.1775165,5.1505995,5.165901,5.197806,5.1599755,5.172753,5.157916,5.1537967,5.170377,5.182878,5.1851897,5.176678,5.1730356,5.183463,5.1650133,5.1757317,5.1798124,5.1728935,5.1901283,5.1776986,5.176213,5.17326,5.166006,5.1685376,5.177011,5.1625195,5.157424,5.173412,5.1840644,5.157211,5.1584516,5.1583676,5.173333,5.163025,5.1578584,5.1551113,5.154739,5.156629,5.1624026,5.1694903,5.1638374,5.156296,5.1691833,5.1502414,5.163279,5.1590834,5.1348844,5.1518483,5.1270328,5.15589,5.133395,5.137524,5.1351724,5.134784,,,,,,,,,,,,,,,,,,,,,,,,,,,,,,,,,,,,,,,,,,,,,,,,,,,,,,,,,,,,,,,,,,,,,,,,,,,,,,,,,,,,,,,,,,t47
FS/160.png,right,0.2025045999907888,5.1515303,5.162532,5.1504374,5.1540294,5.1555758,5.1526265,5.1638746,5.16203,5.169735,5.181829,5.159522,5.1601257,5.179344,5.162067,5.1621995,5.165912,5.1765103,5.175167,5.177787,5.173644,5.2032084,5.1800685,5.202257,5.1910925,5.2290983,5.2376823,5.2392173,5.247421,5.2386117,5.221595,5.245871,5.237224,5.2268143,5.255641,5.261156,5.2536993,5.2506313,5.2577252,5.268007,5.2730684,5.277135,5.2777247,5.276663,5.2738886,5.2569394,5.2707953,5.2840605,5.2691493,5.2615666,5.2776437,5.2715282,5.271585,5.2882204,5.2732887,5.2558393,5.267621,5.275029,5.2610354,5.275036,5.26452,5.2698584,5.2633653,5.272787,5.2618465,5.2645307,5.233597,5.2357554,5.2391148,5.2311835,5.2210274,5.212425,5.1772833,5.203389,5.207291,5.1835237,5.152712,5.1477647,5.2046,5.1830087,5.173869,5.1703763,5.1636815,5.176804,5.1758704,5.1811795,5.1712832,5.147246,5.171778,5.1623783,5.1551433,5.169154,5.1771126,5.186289,5.2059608,5.187717,5.198678,5.186706,5.21349,5.195399,5.2123613,5.1961,5.212897,5.2122617,5.208252,5.1995144,5.2170663,5.2349896,5.2125344,5.239507,5.226639,5.2295737,5.2233524,5.2467217,5.241182,5.2377915,5.2396474,5.2667384,5.23551,5.23612,5.271791,5.2396526,5.243278,5.266995,5.259821,5.280276,5.251262,5.245161,5.290115,5.286017,5.295026,5.2709484,5.2918243,5.250522,5.282417,5.25775,5.253714,5.2344294,5.2026124,5.181324,5.1571565,5.134186,5.080678,5.047457,5.0171976,4.97983,4.941558,4.9152236,4.869335,4.7881985,4.7439237,4.7377806,4.6812706,4.650403,4.6126323,4.5679874,4.537365,4.514329,4.460201,4.4365807,4.4134793,4.3997025,4.363438,4.365972,4.345407,4.290412,4.2783713,4.248157,4.2190776,4.207957,4.166114,4.1621246,4.1430583,4.1502647,4.1374826,4.133666,4.14183,4.1329303,4.137494,4.11092,4.122416,4.126619,4.111936,4.1019554,4.075186,4.1047935,4.078053,4.110416,4.112412,4.105807,4.115881,4.11975,4.1295133,4.127186,4.123617,4.148051,4.1162257,4.132753,4.139613,4.135261,4.1512136,4.1447487,4.159325,4.1795087,4.1863966,4.2153754,4.2354636,4.215159,4.2609067,4.254802,4.2497025,4.2742505,4.2757573,4.3567905,4.33697,4.3709283,4.364496,4.371796,4.4059453,4.4301224,4.4414716,4.446407,4.455549,4.4957952,4.492208,4.5014386,4.5186386,4.523312,4.5361485,4.56659,4.6080794,4.581925,4.6083446,4.6270676,4.629076,4.601989,4.619072,4.629029,4.6473703,4.6574316,4.6538925,4.661794,4.625414,4.6584597,4.6946254,4.7197742,4.7243805,4.7276125,4.7493496,4.7700844,4.792202,4.8041296,4.813052,4.823913,4.838035,4.8429894,4.8468904,4.849833,4.8731384,4.902689,4.888636,4.9313664,4.918074,4.9485793,4.934846,4.948801,4.93981,4.973582,4.978856,4.9620957,4.976721,5.0007734,5.003672,5.0348134,5.0217533,5.066403,5.0436177,5.0503044,5.081175,5.0872707,5.083484,5.1009083,5.088375,5.1015377,5.100931,5.1222215,5.1131115,5.124393,5.1308904,5.1171966,5.1120005,5.1340923,5.134891,5.139064,5.1109104,5.175418,5.120573,5.138466,5.1568594,5.162796,5.15291,5.1992936,5.199735,5.1779966,5.204239,5.18238,5.1484623,5.183239,5.1868834,5.1838346,5.1723795,5.1980515,5.1665683,5.186243,5.1719055,5.1822634,5.2090955,5.1981897,5.1802726,5.199016,5.1829224,5.2048855,5.2115726,5.217507,5.2025986,5.213464,5.220263,5.2183414,5.2340617,5.2524624,5.230981,5.1960564,5.232625,5.2247047,5.2307363,5.242527,5.230125,5.237691,5.2440124,5.2208886,5.22178,5.225272,5.2175417,5.230936,5.2115917,5.224002,5.2158484,5.213997,5.234098,5.2178564,5.2124953,5.193822,5.206466,5.2183757,5.205631,5.2259603,5.2228627,5.228638,5.25172,5.2263165,5.2366676,5.1961055,5.179665,5.214492,5.177836,5.17491,5.188572,5.2102704,5.2141724,5.191779,5.1729746,5.165947,5.186269,5.183599,5.176665,5.1828623,5.1902723,5.1721764,5.191505,5.1622915,5.154144,5.1672435,5.1640706,5.17428,5.175377,5.155495,5.182469,5.1709003,5.161655,5.1766148,5.1756105,5.181586,5.163782,5.193783,5.180174,5.188844,5.196327,5.178642,5.1915746,5.1802936,5.1826453,,,,,,,,,,,,,,,,,,,,,,,,,,,,,,,,,,,,,,,,,,,,,,,,,,,,,,,,,,,,,,,,,,,,,,,,,,,t69
FS/160.png,right,0.1349628000025404,5.244589,5.2227373,5.2341757,5.2401667,5.232897,5.2475863,5.2448335,5.2360253,5.2495794,5.228909,5.230907,5.2135878,5.2365913,5.2495146,5.2387915,5.2354016,5.236967,5.236031,5.233876,5.231978,5.2157736,5.247531,5.2388277,5.233232,5.236588,5.199937,5.234725,5.233125,5.211658,5.214563,5.2385864,5.2190857,5.2378416,5.212291,5.213022,5.209267,5.243873,5.2237234,5.2194543,5.2200203,5.2195687,5.230269,5.1872816,5.2214727,5.1957607,5.203366,5.208665,5.204323,5.2088633,5.1993318,5.164612,5.1889763,5.224462,5.228146,5.209402,5.2009783,5.1921916,5.199553,5.162085,5.1677337,5.160944,5.156528,5.1710496,5.162279,5.143726,5.155389,5.157115,5.1536336,5.122152,5.114589,5.1427774,5.133077,5.134717,5.139829,5.1360373,5.110281,5.1300335,5.094169,5.1271677,5.108535,5.1135397,5.134226,5.134427,5.095683,5.0978713,5.1057525,5.1276217,5.1157117,5.1214657,5.1145425,5.1144404,5.1285057,5.1259274,5.1226163,5.1245008,5.098896,5.1214104,5.128513,5.1206927,5.138196,5.12974,5.1344876,5.14348,5.141419,5.1425533,5.1476893,5.1415744,5.140136,5.1193914,5.158566,5.1467166,5.153205,5.134749,5.13505,5.16202,5.1501102,5.1455817,5.148379,5.125917,5.1506763,5.119572,5.137827,5.139414,5.1380563,5.142821,5.135895,5.146116,5.1367207,5.139693,5.137818,5.137459,5.1292763,5.1463084,5.126709,5.112705,5.117917,5.0985827,5.113989,5.0558143,5.0085135,4.9895196,4.949912,4.911516,4.8271017,4.80855,4.7700777,4.734212,4.6891446,4.6553407,4.592256,4.55346,4.497477,4.4688783,4.4056168,4.3797307,4.356708,4.2977943,4.292027,4.2300663,4.2098002,4.197772,4.1520734,4.0978107,4.0828443,4.066069,4.053559,4.014925,3.9997232,3.9562142,3.9482415,3.9226215,3.9124007,3.9283488,3.877214,3.8687716,3.8824413,3.8588715,3.8379216,3.8522165,3.8440652,3.8381708,3.841836,3.8270955,3.8370187,3.8413699,3.81779,3.8196068,3.8213105,3.7855124,3.8055863,3.8239036,3.81189,3.7592084,3.7782586,3.7793312,3.7869608,3.7822335,3.804886,3.792955,3.817753,3.7926183,3.7878056,3.8014033,3.7897112,3.8474612,3.8169556,3.8566065,3.8788426,3.9200113,3.9485698,3.9386008,3.970227,3.96431,3.979096,3.9936357,4.0041466,4.0141697,4.0160785,4.055479,4.089434,4.0742044,4.0787964,4.126116,4.153926,4.1667066,4.1232595,4.1660423,4.215452,4.1901145,4.2374854,4.248818,4.2799654,4.272816,4.297299,4.305372,4.3440194,4.383511,4.3890524,4.406871,4.4158196,4.4355826,4.460027,4.465697,4.4628577,4.46684,4.475077,4.4927077,4.4887233,4.500601,4.5301003,4.524891,4.5593324,4.5844417,4.6091456,4.629884,4.630396,4.6539335,4.6685476,4.6731863,4.6707115,4.6964498,4.6817927,4.691942,4.704735,4.720901,4.754742,4.753643,4.7586875,4.7606807,4.7879877,4.7843184,4.8105392,4.8096886,4.841023,4.8408103,4.8373523,4.838954,4.839653,4.8713784,4.8712044,4.867776,4.879792,4.869211,4.8822064,4.8761835,4.875688,4.865819,4.8763957,4.874844,4.915607,4.8768067,4.884663,4.884044,4.8897996,4.8902564,4.8778763,4.902798,4.8745155,4.881392,4.874462,4.872118,4.887288,4.8786,4.889391,4.869122,4.8707623,4.8757057,4.8574767,4.863955,4.852707,4.8604407,4.847171,4.8513227,4.828846,4.8368936,4.82374,4.8154144,4.8258324,4.7984524,4.7964554,4.778173,4.788422,4.7696815,4.7748456,4.77017,4.760211,4.789938,4.801445,4.771612,4.7949452,4.758582,4.765171,4.764577,4.7573013,4.747038,4.7632427,4.7576723,4.7412405,4.7575274,4.755915,4.750506,4.7640576,4.7686596,4.7709846,4.7663546,4.7778816,4.763858,4.787747,4.7770934,4.7879887,4.787606,4.7971287,4.795748,4.8059344,4.787594,4.784801,4.8226457,4.8135786,4.8149796,4.8163,4.8112607,4.8333836,4.8213763,4.817539,4.8381853,4.8428264,4.8676896,4.8758135,4.8403144,4.8687334,4.8949075,4.8936543,4.866882,4.8816886,4.91211,4.8742847,4.9094424,4.939286,4.92553,4.9106774,4.9279385,4.91847,4.928399,4.938733,4.9343553,4.9249973,4.914845,4.90653,4.9525523,4.9494224,4.9623804,4.961085,4.9479904,4.954039,4.9737535,,,,,,,,,,,,,,,,,,,,,,,,,,,,,,,,,,,,,,,,,,,,,,,,,,,,,,,,,,,,,,,,,,,,,,,,,,,,,,,,t85
FS/580.png,right,0.165229400008684,4.833043,4.8305764,4.853477,4.821556,4.8639693,4.8271074,4.842343,4.844146,4.8357615,4.8543096,4.83811,4.842158,4.836118,4.841744,4.8349757,4.8326774,4.840446,4.838517,4.857371,4.843213,4.8370566,4.8401523,4.8347936,4.8316917,4.8348026,4.8340564,4.8641124,4.858416,4.8605537,4.8817015,4.8511367,4.8687596,4.859436,4.836774,4.8530498,4.843562,4.8540444,4.833132,4.830681,4.855052,4.8198466,4.8233347,4.8222494,4.838123,4.8305454,4.7988544,4.7973585,4.812675,4.818545,4.800331,4.820563,4.7888546,4.7719975,4.782498,4.7900977,4.7457137,4.7496715,4.745624,4.695855,4.692415,4.6668334,4.6587253,4.6533184,4.648752,4.6530023,4.631026,4.597125,4.5931454,4.559808,4.5663357,4.562884,4.5495296,4.5136094,4.5262117,4.510803,4.483496,4.4743805,4.498652,4.4750214,4.451021,4.458303,4.451601,4.453293,4.4518414,4.439639,4.446467,4.431198,4.446525,4.4441037,4.4450784,4.439425,4.43976,4.4424996,4.4665565,4.4486494,4.458685,4.4486136,4.4643106,4.4667068,4.4667134,4.4912205,4.477736,4.4874473,4.521391,4.5232806,4.5507135,4.5448775,4.5504713,4.5661864,4.577821,4.5949717,4.5953755,4.6086164,4.600661,4.59305,4.598703,4.6032567,4.599761,4.609774,4.628383,4.611845,4.6258736,4.643171,4.6536016,4.636791,4.6430144,4.6889863,4.679679,4.7050433,4.6951675,4.7054496,4.692858,4.7249403,4.708944,4.6958203,4.6724386,4.668193,4.652669,4.6139283,4.608853,4.581187,4.561649,4.5382237,4.466339,4.43607,4.3779783,4.3850274,4.3085437,4.293919,4.258876,4.189471,4.180139,4.1530585,4.1560464,4.1039934,4.0529475,4.0166044,3.9679978,3.951275,3.958418,3.9451118,3.9119995,3.9197974,3.900536,3.870038,3.8507779,3.855471,3.8602765,3.845288,3.8331194,3.808079,3.8156257,3.8328047,3.7874417,3.7773285,3.7964344,3.773461,3.7669637,3.7884872,3.7776866,3.7812684,3.741002,3.7370741,3.7557383,3.7597756,3.7514033,3.776614,3.755785,3.8063524,3.7985268,3.803742,3.8163896,3.8116367,3.8156695,3.8244228,3.8595583,3.8459296,3.8504605,3.8838282,3.891443,3.911473,3.9346032,3.9422145,3.9718285,3.9781349,4.015506,4.01553,4.0262604,4.0429106,4.071097,4.103234,4.1349106,4.1581664,4.1697783,4.160677,4.160592,4.207564,4.2321315,4.2596364,4.2823467,4.2936745,4.305955,4.30356,4.3042035,4.321068,4.335944,4.377129,4.3840747,4.4306726,4.4209433,4.4531307,4.4748034,4.474339,4.489285,4.4761167,4.472114,4.4952173,4.514684,4.568843,4.5544477,4.561189,4.581025,4.582423,4.6295414,4.599924,4.6095624,4.6317945,4.666032,4.67756,4.6810927,4.6920447,4.695373,4.6967783,4.7282877,4.7402496,4.7421803,4.741648,4.7666698,4.7736483,4.7864695,4.7890854,4.8054667,4.791465,4.844754,4.821157,4.845656,4.852113,4.8258557,4.85503,4.877564,4.881106,4.891184,4.897074,4.9135137,4.9060335,4.912587,4.942894,4.9163184,4.9336414,4.9375224,4.912503,4.9343176,4.942483,4.927549,4.948161,4.9149857,4.9292483,4.9253592,4.940163,4.944491,4.903078,4.963522,4.9586873,4.926176,4.920595,4.913358,4.785049,4.4933686,4.788643,4.816428,4.8506107,4.797238,4.8139224,4.786334,4.7884774,4.7891397,4.8055573,4.8004255,4.8171597,4.78235,4.7690415,4.7722197,4.7602396,4.751191,4.754941,4.7289243,4.7363214,4.7518425,4.7575784,4.7420263,4.7321577,4.7365165,4.7323833,4.7258186,4.7008657,4.7197623,4.687673,4.7006392,4.671077,4.6590357,4.6796494,4.672181,4.6961303,4.6997695,4.686379,4.6513143,4.691006,4.6907606,4.6726947,4.6457534,4.673801,4.6558666,4.66735,4.665945,4.6519117,4.662575,4.660082,4.6682773,4.671503,4.6673894,4.660958,4.6585712,4.669353,4.653643,4.654044,4.675645,4.6566606,4.642097,4.6724877,4.689697,4.683105,4.66201,4.694023,4.7008557,4.682445,4.677955,4.674874,4.6771193,4.6799936,4.6801305,4.6689878,4.6939116,4.6794305,4.692911,4.690044,4.6820354,4.6852984,4.6833997,4.7245665,4.729191,4.6946955,4.7134104,4.735387,4.71868,4.755046,4.727352,4.7257695,4.747253,4.76715,4.755156,4.72023,4.7773166,,,,,,,,,,,,,,,,,,,,,,,,,,,,,,,,,,,,,,,,,,,,,,,,,,,,,,,,,,,,,,,,,,,,,,,,,,,,,,,,,,,t73
FS/580.png,right,0.1825930000049993,5.120948,5.1185794,5.120045,5.1179724,5.142532,5.131847,5.1426096,5.1109786,5.1142693,5.126778,5.12153,5.123574,5.12006,5.143853,5.1449075,5.1390486,5.1475725,5.162479,5.0990615,5.1405,5.1409807,5.121799,5.111312,5.136236,5.1207495,5.1365156,5.1102242,5.112114,5.143547,5.114185,5.125048,5.1321406,5.1388674,5.143712,5.1393785,5.135301,5.1077986,5.117506,5.1163907,5.143545,5.1166253,5.1174088,5.1338935,5.1490164,5.1147,5.075357,5.0942245,5.0892644,5.0910573,5.0863166,5.1032605,5.07078,5.0760403,5.0689454,5.065396,5.0755377,5.065853,5.0673695,5.057634,5.0682325,5.0711055,5.06466,5.0741653,5.045912,5.062596,5.0449505,5.048174,5.047648,5.0296583,5.0454974,5.041242,5.0341578,5.043329,5.0433326,5.024685,5.032205,5.0414424,5.0338187,5.0299354,5.026627,5.0372195,5.0336742,5.0221786,5.035301,5.032879,5.0221868,5.0414424,5.031699,5.0150223,5.042084,5.0509553,5.048863,5.0523767,5.0423093,5.0744896,5.046661,5.065243,5.0902934,5.064015,5.0725923,5.0907493,5.05008,5.0741367,5.091976,5.104544,5.096221,5.0845923,5.0900335,5.1010833,5.1026077,5.116029,5.081115,5.143661,5.139976,5.132325,5.144326,5.154245,5.1474876,5.1592126,5.175303,5.1890264,5.1892147,5.173181,5.176547,5.18143,5.203126,5.207951,5.169322,5.203693,5.2021294,5.1796036,5.1773515,5.184737,5.1832685,5.1358423,5.092869,5.055159,5.049886,5.008003,4.9898767,4.9342403,4.8665223,4.8214927,4.778793,4.7532506,4.70752,4.652413,4.6212783,4.593654,4.543834,4.501183,4.4549923,4.4560776,4.405831,4.3482,4.3260865,4.252343,4.236733,4.1856747,4.159761,4.144961,4.1288366,4.0820813,4.0818934,4.0556293,3.9820223,4.0053988,3.9830668,3.955699,3.975878,3.934114,3.9741356,3.9237213,3.9285421,3.9162066,3.929728,3.9043736,3.8997781,3.8811908,3.8825874,3.8823066,3.8524613,3.8751774,3.8908787,3.8514297,3.8704822,3.87808,3.8622003,3.8529088,3.8555357,3.848997,3.83878,3.8911498,3.8721256,3.8989153,3.913155,3.9399703,3.9301214,3.9007945,3.8960998,3.9441214,3.948673,3.9575791,4.006211,4.0019836,4.0223327,4.0225663,4.024875,4.0428557,4.0358186,4.0699983,4.077782,4.0790195,4.114177,4.1280003,4.1483145,4.158622,4.1982465,4.2113376,4.2396417,4.2663636,4.297682,4.29958,4.303085,4.3084455,4.3104277,4.3455396,4.371367,4.3957057,4.3909597,4.423527,4.416759,4.437927,4.455324,4.4680996,4.4680624,4.5072765,4.529543,4.543604,4.5532713,4.5898376,4.621841,4.646538,4.6473756,4.6810737,4.6551924,4.693467,4.6898117,4.7103825,4.709744,4.724505,4.7538767,4.7535586,4.7728577,4.7604303,4.778646,4.781316,4.7791038,4.817433,4.8248563,4.8583083,4.8243093,4.8628707,4.883533,4.9148316,4.907468,4.9064975,4.9372835,4.925598,4.950635,4.9505553,4.9695883,4.9550886,4.967695,4.9596853,4.977891,4.96741,4.9901395,4.986661,4.9859986,4.997203,4.993073,5.000122,5.0146637,5.007009,5.012715,5.021021,5.0101438,5.025779,5.039484,5.0304494,5.0264306,5.0225415,5.0281324,5.060826,5.040922,5.050892,5.064511,5.04567,5.046669,5.0518713,5.055614,5.0811496,5.0687785,5.0727124,5.0733976,5.056251,5.0793614,5.073203,5.0700426,5.0674195,5.0597014,5.074108,5.088762,5.074917,5.0954804,5.0610666,5.0843487,5.0649037,5.0788465,5.0695133,5.1093197,5.0734572,5.0866537,5.081936,5.061083,5.089507,5.079099,5.0683136,5.0715613,5.0607266,5.0708265,5.0833287,5.0912995,5.04972,5.0405884,5.081291,5.066625,5.077594,5.064568,5.076502,5.0710125,5.0716534,5.0811563,5.0788126,5.0740075,5.0638366,5.0545597,5.0665183,5.067671,5.077175,5.0829363,5.0750475,5.0683346,5.067697,5.081563,5.073892,5.085677,5.0833044,5.0789514,5.0889497,5.0896907,5.0750175,5.08248,5.097718,5.0820246,5.1148167,5.0836554,5.0956187,5.0897655,5.08648,5.101489,5.103065,5.110484,5.107146,5.112612,5.115301,5.088259,5.1262584,5.127308,5.124877,5.112597,5.118857,5.1378503,5.1460657,5.132988,5.146045,5.1381717,5.110092,5.1376996,5.1435256,5.127845,5.1199207,5.147754,5.155715,5.1467795,5.1474667,5.153627,5.1686473,5.134243,5.1783752,5.151645,5.1905704,5.1596684,,,,,,,,,,,,,,,,,,,,,,,,,,,,,,,,,,,,,,,,,,,,,,,,,,,,,,,,,,,,,,,,,,,,,,,t76
