t87,t88,t89,t90,t91,t92,t93,t94,t95,t96,t97,t98,t99,t100,t101,t102,t103,t104,t105,t106,t107,t108,t109,t110,t111,t112,t113,t114,t115,t116,t117,t118,t119,t120,t121,t122,t123,t124,t125,t126,t127,t128,t129,t130,t131,t132,t133,t134,t135,t136,t137,t138,t139,t140,t141,t142,t143,t144,t145,t146,t147,t148,t149,t150,t151,t152,t153,t154,t155,t156,t157,t158,t159,t160,t161,t162,t163,t164,t165,t166,t167,t168,t169,t170,t171,t172,t173,t174,t175,t176,t177,t178,t179,t180,t181,t182,t183,t184,t185,t186,t187,t188,t189,t190,t191,t192,t193,t194,t195,t196,t197,t198,t199,t200,t201,t202,t203,t204,t205,t206,t207,t208,t209,t210,t211,t212,t213,t214,t215,t216,t217,t218,t219,t220,t221,t222,t223,t224,t225,t226,t227,t228,t229,t230,t231,t232,t233,t234,t235,t236,t237,t238,t239,t240,t241,t242,t243,t244,t245,t246,t247,t248,t249,t250,t251,t252,t253,t254,t255,t256,t257,t258,t259,t260,t261,t262,t263,t264,t265,t266,t267,t268,t269,t270,t271,t272,t273,t274,t275,t276,t277,t278,t279,t280,t281,t282,t283,t284,t285,t286,t287,t288,t289,t290,t291,t292,t293,t294,t295,t296,t297,t298,t299,t300,t301,t302,t303,t304,t305,t306,t307,t308,t309,t310,t311,t312,t313,t314,t315,t316,t317,t318,t319,t320,t321,t322,t323,t324,t325,t326,t327,t328,t329,t330,t331,t332,t333,t334,t335,t336,t337,t338,t339,t340,t341,t342,t343,t344,t345,t346,t347,t348,t349,t350,t351,t352,t353,t354,t355,t356,t357,t358,t359,t360,t361,t362,t363,t364,t365,t366,t367,t368,t369,t370,t371,t372,t373,t374,t375,t376,t377,t378,t379,t380,t381,t382,t383,t384,t385,t386,t387,t388,t389,t390,t391,t392,t393,t394,t395,t396,t397,t398,t399,t400,t401,t402,t403,t404,t405,t406,t407,t408,t409,t410,t411,t412,t413,t414,t415,t416,t417,t418,t419,t420,t421,t422,t423,t424,t425,t426,t427,t428,t429,t430,t431,t432,t433,t434,t435,t436,t437,t438,t439,t440,t441,t442,t443,t444,t445,t446,t447,t448,t449,t450,t451,t452,t453,t454,t455,t456,t457,t458,t459,t460,t461,t462,t463,t464,t465,t466,t467,t468,t469,t470,t471,t472,t473,t474,t475,t476,t477,t478,t479,t480,t481,t482,t483,t484,t485,t486,t487,t488,t489,t490,t491,t492,t493,t494,t495,t496,t497,t498,t499,t500,t501,t502,t503,t504,t505,t506,t507,t508,t509,t510,t511,t512,t513,t514,t515,t516,t517,t518,t519,t520,t521,t522,t523,t524,t525,t526,t527,t528,t529,t530,t531,t532,t533,t534,t535,t536,t537,t538,t539,t540,t541,t542,t543,t544,t545,t546,t547,t548,t549,t550,t551,t552,t553,t554,t555,t556,t557,t558,t559,t560,t561,t562,t563,t564,t565,t566,t567,t568,t569,t570,t571,t572,t573,t574,t575,t576,t577,t578,t579,t580,t581,t582,t583,t584,t585,t586,t587,t588,t589,t590,t591,t592,t593,t594,t595,t596,t597,t598,t599,t600,t601,t602,t603,t604,t605,t606,t607,t608,t609,t610,t611,t612,t613,t614,t615,t616,t617,t618,t619,t620,t621,t622,t623,t624,t625,t626,t627,t628,t629,t630,t631,t632,t633,t634,t635,t636,t637,t638,t639,t640,t641,t642,t643,t644,t645,t646,t647,t648,t649,t650,t651,t652,t653,t654,t655,t656,t657,t658,t659,t660,t661,t662,t663,t664,t665,t666,t667,t668,t669,t670,t671,t672,t673,t674,t675,t676,t677,t678,t679,t680,t681,t682,t683,t684,t685,t686,t687,t688,t689,t690,t691,t692,t693,t694,t695,t696,t697,t698,t699,t700,t701,t702,t703,t704,t705,t706,t707,t708,t709,t710,t711,t712,t713,t714,t715,t716,t717,t718,t719,t720,t721,t722,t723,t724
3.3729062,3.3778913,3.377645,3.3911114,3.3765988,3.3792233,3.3837435,3.3764412,3.3857808,3.393691,3.3864808,3.3989074,3.3935363,3.3935459,3.4163866,3.385721,3.404251,3.4221046,3.429223,3.4086535,3.4144006,3.4261978,3.4285839,3.446667,3.4502552,3.4560452,3.459049,3.4659715,3.4744406,3.4924436,3.472525,3.4759538,3.479339,3.4809797,3.504464,3.5074997,3.5122662,3.5108285,3.5130744,3.5087354,3.5043054,3.5057993,3.5116155,3.5134149,3.5323067,3.5273197,3.5126472,3.5262709,3.5264962,3.528852,3.5411503,3.5314631,3.5421991,3.530995,3.5225427,3.5212362,3.492904,3.4908419,3.464044,3.4229283,3.3860714,3.3905122,3.367211,3.3617043,3.3577614,3.3301601,3.3130338,3.2508645,3.25337,3.2095845,3.204094,3.1946678,3.1854284,3.1671004,3.1447885,3.1404748,3.1174474,3.121991,3.1136389,3.0963714,3.0958993,3.1012726,3.077587,3.0825443,3.0552676,3.058612,3.034485,3.0433784,3.0363133,3.0219207,3.0190294,3.0571158,3.0511878,3.0227294,3.042982,3.022445,3.0422878,3.033488,3.0606468,3.0427618,3.0422845,3.0797195,3.0840018,3.0834644,3.113284,3.1054547,3.1015399,3.1194463,3.1193194,3.13262,3.1420543,3.1377006,3.1604164,3.1513863,3.1612427,3.1753757,3.1722682,3.1904974,3.195016,3.2021196,3.2002604,3.1989706,3.2146332,3.2400594,3.2367713,3.245938,3.2439783,3.240706,3.2654076,3.2600951,3.2738838,3.2734873,3.2885218,3.28197,3.3025162,3.2959478,3.350925,3.3315792,3.3468304,3.3391037,3.32679,3.361322,3.3394,3.3627162,3.3562748,3.359711,3.3583064,3.358503,3.3572457,3.3715768,3.3912268,3.380796,3.383303,3.41198,3.4170866,3.4018931,3.42745,3.4448147,3.4487293,3.4405801,3.4489963,3.4590876,3.4568987,3.4672694,3.4725552,3.471664,3.4740908,3.4653509,3.4720604,3.469847,3.473104,3.4702926,3.4764903,3.4855402,3.483546,3.490333,3.4867482,3.4903717,3.489315,3.490748,3.4923368,3.5044565,3.4906764,3.499626,3.484167,3.509913,3.4884706,3.5031872,3.504547,3.5051088,3.5023305,3.5056372,3.5042503,3.5014567,3.5053642,3.5033312,3.5024884,3.4993398,3.4977875,3.5115473,3.5027974,3.501867,3.506594,3.5148935,3.499997,3.5073085,3.5118725,3.5070796,3.524981,3.5251615,3.5309749,3.5189152,3.5273085,3.5525057,3.5361867,3.5347075,3.5286355,3.546655,3.5366082,3.5397754,3.5467472,3.5494084,3.5710294,3.5648222,3.5510397,3.5643923,3.5590606,3.5697958,3.5696013,3.5604901,3.570357,3.5780766,3.576175,3.5707476,3.5847235,3.5707598,3.5907896,3.590535,3.5902174,3.5770574,3.5938454,3.5913973,3.6137614,3.5898466,3.606781,3.6147404,3.6013942,3.603444,3.62223,3.6145787,3.6056774,3.6056037,3.6094892,3.6379824,3.6181726,3.6237009,3.6385884,3.6441305,3.6410248,3.6367908,3.6322253,3.6495473,3.6402144,3.6616392,3.6713789,3.6503892,3.6523137,3.6694818,3.6469588,3.6637995,3.6477814,3.6606824,3.6821842,3.6928594,3.691333,3.677779,3.6662526,3.6902518,3.6910367,3.6958735,3.6855795,3.6878514,3.6751823,3.6783252,3.6799657,3.6907468,3.7098773,3.708968,3.7021616,3.7107356,3.7178922,3.6965563,3.6942418,3.690508,3.6881669,3.698027,3.6984768,3.6969106,3.6956327,3.701249,3.7050502,3.710589,3.7091825,3.7065976,3.706569,3.7164176,3.7042665,3.719163,3.7141852,3.7122698,3.7266815,3.7117457,3.707331,3.7146478,3.7170477,3.7150528,3.7219853,3.7241032,3.7191246,3.7261436,3.7291114,3.7343566,,,,,,,,,,,,,,,,,,,,,,,,,,,,,,,,,,,,,,,,,,,,,,,,,,,,,,,,,,,,,,,,,,,,,,,,,,,,,,,,,,,,,,,,,,,,,,,,,,,,,,,,,,,,,,,,,,,,,,,,,,,,,,,,,,,,,,,,,,,,,,,,,,,,,,,,,,,,,,,,,,,,,,,,,,,,,,,,,,,,,,,,,,,,,,,,,,,,,,,,,,,,,,,,,,,,,,,,,,,,,,,,,,,,,,,,,,,,,,,,,,,,,,,,,,,,,,,,,,,,,,,,,,,,,,,,,,,,,,,,,,,,,,,,,,,,,,,,,,,,,,,,,,,,,,,,,,,,
3.6313965,3.6309311,3.6295717,3.6281297,3.646019,3.6331682,3.631821,3.6469302,3.6502483,3.637012,3.6375303,3.662136,3.6494632,3.6624265,3.653988,3.6784668,3.6727898,3.6642854,3.6722977,3.6794,3.6590831,3.6800396,3.6880078,3.6873875,3.6916547,3.7112737,3.7288418,3.719852,3.7038424,3.7226098,3.7098053,3.7263713,3.7234633,3.715605,3.7347217,3.7375834,3.7246275,3.72857,3.7389102,3.7336795,3.7344928,3.7356105,3.7348766,3.7363496,3.7293384,3.7373073,3.7356064,3.7426064,3.7492597,3.740614,3.7449882,3.731821,3.729955,3.7230387,3.69434,3.6765492,3.672794,3.6340318,3.598349,3.5789354,3.5736525,3.5434196,3.5240214,3.4990387,3.464763,3.468377,3.4334722,3.4175339,3.391095,3.3602328,3.334946,3.3255854,3.3113885,3.2999015,3.3025534,3.2625313,3.2605913,3.2363966,3.2174728,3.2091668,3.1986113,3.1949959,3.194643,3.1967561,3.1976097,3.1928954,3.188268,3.1985104,3.1941333,3.1741223,3.1667085,3.1765254,3.1873624,3.1723955,3.180484,3.1792543,3.1819234,3.18337,3.1887448,3.1880436,3.1919544,3.1925476,3.1925468,3.2026255,3.2054124,3.2096634,3.2099614,3.219336,3.221516,3.2338166,3.2453642,3.265506,3.2780511,3.2845113,3.2929943,3.299685,3.311761,3.3196363,3.3249924,3.336522,3.3290906,3.3467264,3.345691,3.3617685,3.347988,3.3620698,3.3954039,3.406814,3.4373274,3.4351122,3.4187512,3.448908,3.4496522,3.4323514,3.4392421,3.4327376,3.4521968,3.4269602,3.4597638,3.4731672,3.4587798,3.4730337,3.476495,3.4803376,3.4649272,3.481142,3.474034,3.4823012,3.4754767,3.4638412,3.4907515,3.4789696,3.4818463,3.5126922,3.619675,3.5449111,3.5752382,3.5735278,3.5690203,3.580815,3.5662498,3.5761576,3.5665083,3.5725858,3.5829027,3.5969315,3.5910118,3.5967853,3.6014397,3.601833,3.6058087,3.6077878,3.604032,3.5953095,3.5946689,3.598235,3.5963225,3.5997229,3.59763,3.6161811,3.5823104,3.6220222,3.6164165,3.6200144,3.6269274,3.6265554,3.6385987,3.640028,3.6426065,3.625539,3.6447392,3.6440492,3.6420422,3.6402853,3.6355886,3.6394134,3.6478071,3.6532838,3.645168,3.6590304,3.6397862,3.6557214,3.6520004,3.657781,3.6695476,3.6704557,3.6620946,3.6614003,3.6724932,3.6594408,3.6514785,3.687471,3.6721199,3.6675491,3.6551926,3.667566,3.6689286,3.682721,3.6906722,3.6869543,3.662694,3.6899507,3.6909983,3.6851978,3.683048,3.6757143,3.6777472,3.6690423,3.6917758,3.6615546,3.671358,3.681266,3.6641576,3.6713157,3.6777587,3.682874,3.702441,3.698668,3.6942208,3.6865041,3.674416,3.7022297,3.6875355,3.6923413,3.7056432,3.6850312,3.6847584,3.682153,3.6874614,3.6791182,3.6881812,3.7087445,3.6877754,3.693637,3.7042181,3.6884775,3.7015922,3.6790793,3.7122145,3.672833,3.6979375,3.706516,3.708609,3.7052736,3.711738,3.7080736,3.6840324,3.7065187,3.71555,3.7025015,3.6852708,3.6940937,3.7099948,3.702775,3.704778,3.7093117,3.7027605,3.6916668,3.6966481,3.694041,3.705059,3.6966484,3.7089772,3.691018,3.706599,3.7101004,3.692061,3.700931,3.6996908,3.701163,3.706229,3.69475,3.7128296,3.7081916,3.7173817,3.7026286,3.7134657,3.7000258,3.7020838,3.7131865,3.7078657,3.727783,3.7285247,3.7256887,3.7166493,3.7124405,3.7253883,3.729107,3.7235882,3.7320225,3.7364876,3.7313426,3.725376,3.7378576,3.7306876,,,,,,,,,,,,,,,,,,,,,,,,,,,,,,,,,,,,,,,,,,,,,,,,,,,,,,,,,,,,,,,,,,,,,,,,,,,,,,,,,,,,,,,,,,,,,,,,,,,,,,,,,,,,,,,,,,,,,,,,,,,,,,,,,,,,,,,,,,,,,,,,,,,,,,,,,,,,,,,,,,,,,,,,,,,,,,,,,,,,,,,,,,,,,,,,,,,,,,,,,,,,,,,,,,,,,,,,,,,,,,,,,,,,,,,,,,,,,,,,,,,,,,,,,,,,,,,,,,,,,,,,,,,,,,,,,,,,,,,,,,,,,,,,,,,,,,,,,,,,,,,,,,,,,,,,,,,,,,,,,,,
3.9076257,3.9052007,3.9126394,3.9187243,3.913027,3.90615,3.9202724,3.9225326,3.9160492,3.9234908,3.9234915,3.9224968,3.9273758,3.9204304,3.9295793,3.9370053,3.9262671,3.9393356,3.9446602,3.963414,3.9388328,3.9396553,3.9618402,3.9697328,3.9593353,3.9661398,3.9818857,3.9719145,3.9828436,3.9890122,4.004224,3.9937367,4.009488,3.9961524,4.0009537,4.010738,4.0177646,4.00071,4.0199857,4.0133624,4.015659,4.017485,4.0355186,4.023709,4.0191855,4.005275,4.008053,4.0117726,4.0142813,4.0093646,4.004222,3.986738,3.984584,3.9443054,3.9244459,3.9143968,3.9140294,3.8948395,3.8805125,3.8440452,3.8076303,3.7787862,3.7551084,3.7278552,3.7245228,3.699919,3.6647198,3.6456876,3.6232162,3.6171162,3.565264,3.5421937,3.5194082,3.5205164,3.491185,3.4892292,3.4754267,3.4640431,3.447279,3.446834,3.4251366,3.3959427,3.3841476,3.3972723,3.3708675,3.3494084,3.347642,3.3189561,3.326147,3.307805,3.3154893,3.3231907,3.3187668,3.3161108,3.321647,3.3194234,3.3152645,3.307184,3.314591,3.309674,3.3059144,3.3117383,3.3190207,3.312504,3.3166041,3.3178756,3.3163598,3.3079937,3.3435194,3.3435502,3.3402681,3.3543928,3.367152,3.3542879,3.3870265,3.401621,3.4291527,3.4126227,3.4142208,3.4045963,3.4419808,3.424262,3.4319315,3.4650307,3.3697064,2.116092,1.6207838,3.7567441,3.7245722,3.7798738,3.773864,3.74749,3.7503195,3.7514067,3.753155,3.7627232,3.7599132,3.7732868,3.7707398,3.7826571,3.7965298,3.782333,3.7964475,3.8042967,3.7996337,3.809414,3.7781394,3.7723644,3.8115258,3.814351,3.8095498,3.8002675,3.809718,3.8113728,3.833185,3.8250751,3.830762,3.812193,3.831595,3.8169513,3.8289354,3.825413,3.8223813,3.8145683,3.8259003,3.8347661,3.821795,3.8072133,3.7687888,3.7909706,3.7700632,3.7578971,3.7516727,3.746774,3.760503,3.7516234,3.727653,3.7251136,3.702697,3.686943,3.6699047,3.6580122,3.6536362,3.6494021,3.6243875,3.6252549,3.5813696,3.583383,3.581656,3.5773497,3.5542078,3.561183,3.5531988,3.5475738,3.5348744,3.5126503,3.4980614,3.5046167,3.468808,3.4883287,3.4598422,3.4570796,3.4444327,3.4318697,3.3807278,3.4260907,2.0261636,3.719495,3.6979914,3.6850462,3.6857967,3.6627657,3.6789992,3.687911,3.6744018,3.6562295,3.6470587,3.6560295,3.6539679,3.656143,3.655665,3.666313,3.6513526,3.6690648,3.661763,3.656237,3.6628873,3.6614282,3.647827,3.6547172,3.6279452,3.6291854,3.59181,3.5885005,3.5613601,3.537217,3.5057821,3.4908736,3.4601736,3.4314108,3.4155629,3.4083655,3.3637388,3.328645,3.3018014,3.2686114,3.2507558,3.2311823,3.1859503,3.170533,3.1643205,3.1302962,3.1176307,3.100185,3.0647755,3.042398,3.0109806,2.9719644,2.9721258,2.9496784,2.9200678,2.9102914,2.9054546,2.886743,2.8757336,2.8642251,2.8555222,2.8331292,2.818021,2.803769,2.7881465,2.776587,2.7713337,2.7454116,2.7269807,2.7340868,2.71442,2.704567,2.6866407,2.6817067,2.666784,2.6749442,2.5546906,2.5457156,2.5234394,2.5260787,2.5035708,2.509702,2.4973145,2.5039704,2.4728146,2.4805853,2.4875898,2.4662213,2.4787326,2.4583657,2.4648697,2.4319148,2.4507296,2.4566486,2.434356,2.4375432,2.452257,2.4361713,2.4308145,2.44301,2.4321265,2.4487908,2.430221,2.4569478,2.4447844,2.472326,2.4681308,2.4654975,2.5035524,2.433975,2.436241,2.4396396,2.4532695,2.4452827,2.4612591,2.4627788,2.4595652,2.4694693,2.477186,2.479566,2.4874926,2.475007,2.5121424,2.5224555,2.5455284,2.5496323,2.5564308,2.5578172,2.5829718,2.571159,2.5951655,2.5925062,2.600218,2.6227188,2.6196501,2.6369236,2.627999,2.6390665,2.66371,2.6422467,2.6452858,2.6592395,2.6510239,2.6941133,2.7447448,2.6971188,2.717431,2.7104986,3.2613578,3.319771,3.286956,3.272843,3.2830691,3.321357,3.3064654,3.3184226,3.3019395,3.3021185,3.309337,3.3165565,3.3040032,3.3219285,3.320286,3.3231618,3.3131192,3.3196893,3.3194075,3.3258908,3.3304613,3.338241,3.3376567,3.3470085,3.328243,3.350071,3.3550382,3.3748522,3.3664818,3.3667984,3.3616362,3.368493,3.3591282,3.3558967,3.344649,3.344175,3.333965,3.307235,3.2980993,3.2826605,3.2589602,3.2338169,3.1916616,3.1811147,3.185019,3.1645942,3.1290731,3.1002727,3.082069,3.0661876,3.0732703,3.0699272,3.0452192,3.0202663,3.009172,3.0080652,2.9771519,2.974776,2.9316056,2.9328527,2.9193006,2.8994088,2.8844044,2.8749316,2.8624384,2.8821864,2.8784235,2.8364244,2.842613,2.8269017,2.8276513,2.8114727,2.8097131,2.805162,2.7956104,2.7863,2.7885537,2.7711062,2.7819788,2.7749722,2.7689965,2.781758,2.7754292,2.7739012,2.7627244,2.7614613,2.7799335,2.785564,2.7647684,2.767365,2.7751377,2.7881274,2.7928154,2.792887,2.7944636,2.776424,2.7748327,2.7839322,2.803653,2.7821991,2.7923617,2.7990434,2.8031092,2.8245573,2.819706,2.8114526,2.8129485,2.8313138,2.8317087,2.8442583,2.8398004,2.838486,2.8530262,2.8503382,2.8744442,2.871492,2.8678954,2.8682528,2.8731613,2.877224,2.893943,2.9135916,2.9120193,2.9101775,2.9259899,2.9686027,2.959638,2.9626496,2.9872305,3.0004272,2.988403,2.9924114,3.0031214,3.0283463,3.024112,3.0166838,3.0327754,3.029999,3.028586,3.0642085,3.0799568,3.083363,3.086525,3.0938735,3.1038013,3.1258883,3.1265368,3.1225054,3.1542528,3.1464558,3.173459,3.1750603,3.1878746,3.1801655,3.1891437,3.210553,3.2030737,3.2181745,3.234725,3.2571275,3.2493446,3.2556455,3.2633266,3.26084,3.281374,3.261763,3.2765267,3.267503,3.2691875,3.287149,3.2709782,3.284762,3.294168,3.295103,3.2989252,3.3101282,3.3111796,3.3021543,3.3137653,3.3341494,3.3339226,3.3215032,3.3251302,3.3276231,3.3312936,3.3345861,3.3288321,3.3438773,3.3330357,3.3269622,3.3393025,3.3253903,3.3337758,3.3256314,3.3357363,3.3361065,3.331699,3.33374,3.330726,3.3262792,3.3317912,3.3370576,3.3376362,3.3236618,3.3325803,3.327895,3.324631,3.3151019,3.3301737,3.3242147,3.329808,3.308117,3.3209805,3.324751,3.310846,3.3384883,3.3238475,3.3069057,3.3109038,3.3296573,3.3277254,3.323557,3.3052218,3.321773,3.3137867,3.320635,3.3173196,3.2958894,3.3102102,3.3282185,3.323569,3.3224788,3.3258035,3.3314192,3.3447397,3.3323429,3.3376827,3.349432,3.3402357,3.3492541,3.3508482,3.353028,3.369475,3.3385034,3.3621604,3.3693976,3.3721116,3.3804266,3.3607574,3.3983085,3.367643,3.3714163,3.3737638,3.3812456,3.392191,3.3741653,3.3959455,3.385775,3.392831,3.4034758,3.401082,3.4047456,3.4045467,3.4156997,3.4079773,3.404087,3.4200275,3.4141817,3.4365559,3.427774,3.4337995,3.4241154,3.428619,3.4378922,3.4265735,3.4224076,3.4530404,3.4224977,3.4400527,3.443908,3.4442897,3.438449,3.440111,3.4471796
3.5959446,3.586711,3.5849333,3.596644,3.5929515,3.5914693,3.584405,3.595042,3.6036036,3.602063,3.6044946,3.6093051,3.5978754,3.6092112,3.605294,3.622861,3.6178668,3.6084259,3.612854,3.614596,3.613164,3.6306093,3.6264262,3.621742,3.6309497,3.6416976,3.6455362,3.6351092,3.663451,3.6731844,3.650399,3.6720996,3.6789613,3.6677475,3.6774828,3.6884317,3.6751688,3.6745114,3.6984112,3.6757858,3.6798246,3.6752663,3.6839075,3.694744,3.695674,3.6893418,3.6912837,3.6900828,3.7023482,3.7154791,3.7021196,3.6874156,3.6957424,3.6860635,3.674513,3.6555274,3.6420534,3.6176705,3.6146145,3.6078393,3.5941298,3.5439022,3.508598,3.4878821,3.4898329,3.4484959,3.428737,3.394734,3.3718169,3.3537643,3.3220127,3.3133135,3.3133214,3.277581,3.2624135,3.2622,3.211107,3.21028,3.195073,3.1951401,3.1818721,3.163779,3.1581066,3.1448855,3.1279137,3.1375067,3.1279383,3.1125886,3.1231613,3.10933,3.0922937,3.0872276,3.1068888,3.0983098,3.0970864,3.0981865,3.0963604,3.1027234,3.1016312,3.0984018,3.102341,3.1022906,3.090362,3.09855,3.1145785,3.1019177,3.115421,3.1428132,3.1418638,3.1541963,3.1439555,3.1807258,3.1781828,3.1776621,3.198529,3.1794357,3.221388,3.2379177,3.2410505,3.257826,3.2671483,3.2504325,3.276631,3.280825,3.2917788,3.2995038,3.317634,3.3172076,3.3349304,3.3449244,3.3476458,3.3731275,3.3707602,3.3720343,3.3932033,3.408952,3.4206655,3.4130194,3.4346557,3.4461644,3.427882,3.434331,3.4465282,3.458922,3.4604359,3.4704065,3.481957,3.47396,3.4837184,3.4985325,3.5127435,3.5142052,3.5126987,3.5225058,3.5200276,3.535251,3.5442839,3.5441031,3.5416813,3.5545688,3.5438564,3.5418615,3.53823,3.555169,3.547582,3.5562365,3.5620186,3.5438924,3.5614614,3.562734,3.555174,3.5806847,3.5742714,3.5941603,3.5832934,3.5971375,3.5849082,3.588269,3.6264575,3.61927,3.6124437,3.6292484,3.6310506,3.6105158,3.6317692,3.6327944,3.6471515,3.6352708,3.625052,3.6387608,3.6096776,3.6238222,3.6313827,3.6277664,3.6466615,3.6432858,3.6294441,3.6189928,3.6398697,3.6421926,3.6300855,3.6322002,3.6447167,3.6288486,3.6344824,3.6434412,3.631578,3.6208093,3.627795,3.642811,3.636312,3.6148183,3.6347988,3.6117315,3.6191587,3.6244073,3.6280656,3.6120584,3.6104846,3.6204827,3.6290474,3.632728,3.6358411,3.6355126,3.6385198,3.641618,3.6378343,3.633482,3.649761,3.6364305,3.6561694,3.6627162,3.657785,3.645169,3.6608427,3.6587737,3.6688936,3.6525917,3.6700764,3.6665063,3.663762,3.6630275,3.6670706,3.6623802,3.672126,3.6699722,3.649895,3.6621203,3.6753101,3.6636674,3.6595643,3.6626618,3.6556072,3.6553247,3.6601138,3.661963,3.649449,3.6673722,3.6618416,3.659579,3.6552618,3.6576617,3.6541924,3.6627295,3.6668496,3.659311,3.672736,3.6573842,3.6703253,3.665095,3.6637588,3.6768029,3.6759737,3.680798,3.6624486,3.6748579,3.6524994,3.656407,3.6432877,3.7507637,2.7803319,3.6621335,3.6934395,3.7208736,3.694645,3.7003067,3.6724174,3.6866872,3.6782985,3.6849296,3.6813877,3.7100377,3.707906,3.7054598,3.7050045,3.7089207,3.709836,3.716336,3.711362,3.7140245,3.7100003,3.7167401,3.7177384,3.711958,3.6946986,3.70737,3.710925,3.7205527,3.6804268,3.734459,3.7189534,3.718836,3.7196276,3.7037663,3.715914,3.727623,3.6987827,3.7079654,3.7115242,3.713986,3.713635,3.733109,3.7317498,3.7336197,3.72574,3.724266,3.7362697,3.7283754,3.750677,3.749273,3.7304356,3.7353654,3.7491062,3.7453628,3.7354066,3.7442408,3.7472892,3.7368064,3.729718,3.7191312,,,,,,,,,,,,,,,,,,,,,,,,,,,,,,,,,,,,,,,,,,,,,,,,,,,,,,,,,,,,,,,,,,,,,,,,,,,,,,,,,,,,,,,,,,,,,,,,,,,,,,,,,,,,,,,,,,,,,,,,,,,,,,,,,,,,,,,,,,,,,,,,,,,,,,,,,,,,,,,,,,,,,,,,,,,,,,,,,,,,,,,,,,,,,,,,,,,,,,,,,,,,,,,,,,,,,,,,,,,,,,,,,,,,,,,,,,,,,,,,,,,,,,,,,,,,,,,,,,,,,,,,,,,,,,,,,,,,,,,,,,,,,,,,,,,,,,,,,,
3.4948857,3.5049918,3.4855692,3.4911985,3.4820237,3.4956276,3.4886386,3.5115273,3.4871154,3.5113316,3.5083551,3.5054607,3.5159292,3.5027585,3.5272043,3.5233736,3.5045314,3.5222893,3.5334682,3.5260122,3.5300434,3.541567,3.5479274,3.5283904,3.5557706,3.5617602,3.557808,3.5693898,3.5833178,3.599097,3.5928483,3.5827088,3.596663,3.601945,3.60227,3.6132054,3.6000137,3.6120129,3.6211035,3.6317084,3.63204,3.6235893,3.632805,3.648604,3.6672795,3.6606057,3.6671562,3.6619048,3.662667,3.6652982,3.649241,3.6570923,3.6542742,3.6586983,3.646305,3.640094,3.6200387,3.5772924,3.5464425,3.5329807,3.5182953,3.5007124,3.4885013,3.4782133,3.4733534,3.4461524,3.432312,3.4008372,3.3730268,3.3434134,3.3397121,3.3209555,3.311263,3.30955,3.2902415,3.2809317,3.2643754,3.2805555,3.2616882,3.2586985,3.2279215,3.2386298,3.2326334,3.2228985,3.213257,3.2149487,3.2101626,3.2185547,3.2076705,3.2017632,3.2165442,3.2129104,3.214045,3.215108,3.1942713,3.218648,3.2316914,3.2316976,3.2269754,3.2314646,3.2335615,3.2275057,3.225611,3.2526436,3.2199872,3.2585323,3.2664669,3.2747958,3.2921314,3.304169,3.3132498,3.3047771,3.324081,3.319557,3.3343575,3.3298817,3.3490803,3.3640852,3.36537,3.3834686,3.3912811,3.4120855,3.4089577,3.4155931,3.440849,3.4376848,3.4391024,3.4557977,3.4456458,3.4792175,3.4793594,3.487794,3.5087533,3.5284352,3.5149977,3.5490298,3.5572457,3.559583,3.5590575,3.5691795,3.5664477,3.5706768,3.5849202,3.5750244,3.5878382,3.5855873,3.5862088,3.5967546,3.599638,3.606902,3.602403,3.5998204,3.5998266,3.6096032,3.6191928,3.6587753,3.6581397,3.6563683,3.669344,3.6737955,3.681611,3.6700592,3.6838355,3.6769676,3.6815612,3.6944063,3.6849542,3.6904943,3.6923132,3.6876645,3.6991947,3.7025785,3.710108,3.6992671,3.7007537,3.6979322,3.6977053,3.700701,3.7130828,3.6997716,3.7175438,3.714476,3.730763,3.7215214,3.723638,3.7148447,3.7114995,3.729738,3.717047,3.7251732,3.7220738,3.720387,3.7194612,3.7202208,3.7286334,3.7260845,3.723467,3.730889,3.719524,3.7385533,3.7239592,3.7248783,3.7050843,3.718053,3.7207267,3.7086077,3.7387195,3.7314093,3.7257903,3.7190719,3.7153485,3.7307549,3.7035313,3.7279425,3.7369788,3.7401016,3.7390592,3.752831,3.7241995,3.7321208,3.7453532,3.7363977,3.737385,3.755327,3.7362747,3.734741,3.7285516,3.7349787,3.7182906,3.7324376,3.7070425,3.705388,3.708083,3.7172675,3.6937525,3.6736195,3.6878626,3.6707118,3.6370947,3.6920466,3.6879277,3.6770883,3.6605222,3.6780434,3.6827555,3.668553,3.6395235,3.6412446,3.636837,3.634927,3.6494653,3.6612716,3.657591,3.6524234,3.6590958,3.6655788,3.6704845,3.6563728,3.675828,3.6646678,3.6797547,3.7009907,3.6830618,3.668019,3.6829534,3.690497,3.692207,3.6984737,3.7012625,3.705804,3.7074575,3.7170167,3.7204034,3.7362833,3.7259676,3.7335575,3.7352774,3.7399583,3.7256253,3.737982,3.7287726,3.7376993,3.7351487,3.7299669,3.754816,3.7606342,3.759038,3.7635145,3.7597845,3.7645884,3.7708004,3.7579894,3.7545185,3.7654417,3.7776215,3.7697086,3.7716079,3.7713137,3.7630112,3.7699258,3.7590528,3.7540236,3.7550414,3.7433283,3.7474341,3.7400236,3.7410054,3.741352,3.7092748,3.731475,3.7228463,3.7134035,3.7192597,3.7196572,3.69759,3.7007954,3.7115948,3.6933365,3.6912112,3.6899552,3.693332,,,,,,,,,,,,,,,,,,,,,,,,,,,,,,,,,,,,,,,,,,,,,,,,,,,,,,,,,,,,,,,,,,,,,,,,,,,,,,,,,,,,,,,,,,,,,,,,,,,,,,,,,,,,,,,,,,,,,,,,,,,,,,,,,,,,,,,,,,,,,,,,,,,,,,,,,,,,,,,,,,,,,,,,,,,,,,,,,,,,,,,,,,,,,,,,,,,,,,,,,,,,,,,,,,,,,,,,,,,,,,,,,,,,,,,,,,,,,,,,,,,,,,,,,,,,,,,,,,,,,,,,,,,,,,,,,,,,,,,,,,,,,,,,,,,,,,,,,,,,,,,,,,,,,,,,,,,,,
3.4539216,3.4442852,3.4518564,3.461608,3.4643667,3.4576895,3.4644358,3.4623115,3.4680858,3.4721174,3.4562058,3.468968,3.4861107,3.4636202,3.4792428,3.506243,3.4959605,3.5060203,3.4984856,3.5139923,3.528275,3.5250862,3.5329037,3.544611,3.541148,3.5602016,3.5477445,3.5654118,3.576745,3.565319,3.5732148,3.5679793,3.5665917,3.593323,3.586759,3.591486,3.5976107,3.5989778,3.6050282,3.5935562,3.6048977,3.5988493,3.6074338,3.5981076,3.5980647,3.6005561,3.6190896,3.604997,3.6099231,3.6159694,3.6128368,3.5788376,3.593802,3.5656958,3.5615668,3.5066776,3.4832356,3.46432,3.4538786,3.4307523,3.398624,3.3566012,3.3426285,3.3116622,3.309377,3.2848434,3.2574375,3.21986,3.1780858,3.1782014,3.1582043,3.1362407,3.1191165,3.08908,3.0797613,3.0406313,3.0338194,3.040463,3.038221,3.0310748,2.9998052,2.9998107,2.9903502,2.9923513,2.9761934,2.9699736,2.936394,2.9303372,2.9231095,2.9224072,2.9214327,2.923636,2.9425695,2.9229426,2.927528,2.9118998,2.9283512,2.930744,2.9314625,2.9334953,2.9479778,2.9299493,2.9479687,2.9466877,2.9506004,2.9578915,2.9576519,2.9634929,2.9636467,2.9713664,2.979569,2.9855623,2.9951036,3.0013826,3.0284948,3.0508676,3.042019,3.0527978,3.0711398,3.0871208,3.1036816,3.1028318,3.085536,3.1025372,3.1132262,3.1109028,3.1225164,3.1199243,3.144145,3.1627965,3.177098,3.1914172,3.2161276,3.2129607,3.2104118,3.21844,3.2216148,3.2251294,3.238793,3.25093,3.2532399,3.2607272,3.261109,3.256656,3.281777,3.2906606,3.2909234,3.3048406,3.3313324,3.328094,3.3319695,3.3393989,3.3542626,3.3624535,3.361794,3.351504,3.3617551,3.367254,3.3871803,3.385851,3.3909123,3.3923879,3.387789,3.3948128,3.4040813,3.4043725,3.4193542,3.4085016,3.3933566,3.3960602,3.3969402,3.386545,3.405559,3.4216976,3.3957293,3.43172,3.4210348,3.4293613,3.4247293,3.4425685,3.4330068,3.4247992,3.4461734,3.4277687,3.4403565,3.452366,3.458389,3.4561758,3.447905,3.4513307,3.4605865,3.4519434,3.456001,3.455142,3.4592657,3.4616718,3.4598002,3.455233,3.4633718,3.45406,3.4437492,3.4626148,3.4567132,3.4630117,3.4513729,3.4499924,3.4594185,3.4599533,3.457883,3.451584,3.4556334,3.4704225,3.4510345,3.4596481,3.468149,3.46197,3.4797091,3.4567757,3.4642293,3.4652517,3.4540892,3.4698858,3.4841065,3.4763415,3.4771197,3.4717743,3.4730737,3.4644012,3.472948,3.481504,3.4731688,3.4726956,3.4731836,3.4803991,3.472339,3.4752123,3.4690924,3.4733407,3.467454,3.4762182,3.4736645,3.4840913,3.4827235,3.4902227,3.479534,3.4989457,3.482581,3.497027,3.4847674,3.4946363,3.500917,3.4879837,3.4900851,3.4944916,3.4913037,3.493949,3.497408,3.494635,3.5039535,3.5097396,3.4832578,3.503657,3.498633,3.5055037,3.5008903,3.4977956,3.5126104,3.5198293,3.5125673,3.509137,3.5232291,3.5278318,3.516891,3.5174525,3.5207553,3.5111725,3.523583,3.5253026,3.5162442,3.5203612,3.5264378,3.5239697,3.532714,3.5259964,3.518781,3.5279925,3.5164185,3.500165,3.522135,3.520745,3.5229788,3.5217602,3.5155616,3.5255005,3.5154886,3.4989786,3.5095236,3.508207,3.4973369,3.505394,3.5132043,3.510014,3.4942698,3.505297,3.506189,3.5005476,3.4934106,3.4990313,3.506318,3.5093145,3.5025766,3.4954112,3.5079627,3.5045366,3.5008652,3.5012476,3.507911,3.5216837,3.509004,3.5083463,3.4885464,,,,,,,,,,,,,,,,,,,,,,,,,,,,,,,,,,,,,,,,,,,,,,,,,,,,,,,,,,,,,,,,,,,,,,,,,,,,,,,,,,,,,,,,,,,,,,,,,,,,,,,,,,,,,,,,,,,,,,,,,,,,,,,,,,,,,,,,,,,,,,,,,,,,,,,,,,,,,,,,,,,,,,,,,,,,,,,,,,,,,,,,,,,,,,,,,,,,,,,,,,,,,,,,,,,,,,,,,,,,,,,,,,,,,,,,,,,,,,,,,,,,,,,,,,,,,,,,,,,,,,,,,,,,,,,,,,,,,,,,,,,,,,,,,,,,,,,,,,,,,,,,,,,,,,,,,,,,,
3.4877727,3.4822578,3.4820209,3.4785373,3.4974945,3.49679,3.5020304,3.4928756,3.48828,3.484675,3.5041676,3.50966,3.5071535,3.5015612,3.497222,3.5111678,3.5106068,3.5123615,3.5230734,3.5057044,3.5222237,3.5171638,3.5353756,3.527668,3.5464654,3.5250986,3.5555933,3.54526,3.5713036,3.560869,3.5649035,3.5582194,3.5614913,3.5884051,3.5678194,3.589414,3.5855458,3.581175,3.5830467,3.569264,3.5977454,3.5910103,3.5983953,3.5877507,3.5871062,3.6179187,3.604115,3.5970988,3.6097634,3.6215425,3.610456,3.6150763,3.6209466,3.6008558,3.5980024,3.5893755,3.582266,3.590471,3.570612,3.5426826,3.4946492,3.496117,3.4886246,3.4734907,3.4451947,3.4140525,3.3919804,3.371369,3.3501608,3.311739,3.3247828,3.294544,3.267999,3.2648106,3.2301261,3.2236617,3.210297,3.1845026,3.195288,3.192872,3.1596818,3.1377602,3.1362767,3.1420245,3.1373744,3.1394217,3.1291208,3.1158218,3.1271858,3.1317358,3.1222177,3.11684,3.095741,3.1179307,3.1125786,3.1124227,3.1151233,3.1260564,3.1185045,3.1109486,3.1129777,3.1056383,3.1135628,3.115743,3.1406438,3.1362414,3.1279576,3.1371174,3.1508052,3.1528811,3.1523788,3.1687245,3.1716669,3.1741362,3.1972535,3.2056684,3.2074528,3.217922,3.2136867,3.215131,3.2398844,3.2284043,3.2499056,3.275022,3.281792,3.2864823,3.2991004,3.3245208,3.2835448,3.3140023,3.3329537,3.339063,3.3455737,3.3472261,3.3696506,3.3668528,3.3682733,3.3707852,3.3733938,3.408256,3.4131813,3.4033942,3.4113946,3.419153,3.4311666,3.4434047,3.4333236,3.4611197,3.452713,3.46209,3.462958,3.4849648,3.4687197,3.4845512,3.4782498,3.4681363,3.471444,3.4814003,3.4855905,3.4930375,3.4999688,3.5040212,3.5114443,3.517644,3.50339,3.510723,3.5101323,3.5144496,3.5244603,3.5221484,3.5310245,3.5368216,3.5415921,3.536366,3.524103,3.54347,3.538925,3.5349238,3.5445476,3.5289295,3.530496,3.5385864,3.531847,3.5527592,3.5591903,3.5456383,3.540826,3.5406222,3.5375497,3.5523152,3.5416684,3.5649753,3.5574827,3.517568,3.554679,3.5424662,3.5286968,3.5306017,3.5320659,3.529419,3.5455956,3.5264385,3.5332813,3.5347717,3.5344713,3.525796,3.5302317,3.5283122,3.533946,3.5234506,3.5280592,3.5329168,3.5145524,3.5411375,3.5351691,3.531358,3.5324292,3.5384872,3.5317786,3.5424728,3.5343468,3.5224957,3.5216923,3.5412936,3.5365431,3.5439982,3.5428011,3.5582368,3.5480235,3.5410476,3.5413072,3.5418966,3.5480144,3.5513842,3.552591,3.5599747,3.5546873,3.5608337,3.557198,3.564704,3.5715804,3.565018,3.558763,3.5674944,3.5564845,3.5649455,3.5611556,3.5856957,3.5781882,3.5817423,3.5648577,3.6020072,3.5783412,3.5824745,3.5846498,3.5804863,3.5866168,3.595115,3.6027844,3.6009912,3.5890963,3.5916486,3.5869632,3.5848746,3.5966468,3.6178415,3.5907362,3.6059644,3.5937974,3.6035419,3.6028388,3.6120074,3.6080444,3.5965257,3.6027126,3.6091094,3.610053,3.6222055,3.6151266,3.6365883,3.6096284,3.6204367,3.6103253,3.6173196,3.6258786,3.6173732,3.628907,3.6317647,3.6406784,3.6282673,3.6330545,3.6430933,3.6368284,3.6255121,3.609253,3.6387405,3.63477,3.643417,3.6435306,3.6444905,3.6632469,3.6536155,3.6368804,3.6346316,3.6501813,3.6529999,3.6371908,3.6427653,3.6503782,3.6406684,3.6531787,3.6598277,3.6508164,3.6371381,3.651945,3.6709363,3.646759,3.6602383,3.6632943,3.6646445,3.6731915,3.6599152,3.6747487,3.6587133,3.6716092,3.6698573,3.674615,3.6646662,3.6927946,3.6722476,3.670154,3.6799088,3.6782534,3.6826615,3.6721466,3.674869,3.6859663,3.6788776,3.666662,3.684749,3.6858976,3.6769269,3.693121,3.6780248,3.6779473,3.6805842,3.685057,3.6949942,3.6644392,,,,,,,,,,,,,,,,,,,,,,,,,,,,,,,,,,,,,,,,,,,,,,,,,,,,,,,,,,,,,,,,,,,,,,,,,,,,,,,,,,,,,,,,,,,,,,,,,,,,,,,,,,,,,,,,,,,,,,,,,,,,,,,,,,,,,,,,,,,,,,,,,,,,,,,,,,,,,,,,,,,,,,,,,,,,,,,,,,,,,,,,,,,,,,,,,,,,,,,,,,,,,,,,,,,,,,,,,,,,,,,,,,,,,,,,,,,,,,,,,,,,,,,,,,,,,,,,,,,,,,,,,,,,,,,,,,,,,,,,,,,,,,,,,
3.5220823,3.525369,3.5362537,3.525752,3.5183973,3.5237768,3.5335708,3.54501,3.53866,3.5268416,3.532652,3.5279841,3.521976,3.5205626,3.534255,3.5314164,3.5405622,3.5432239,3.5592854,3.5640037,3.5697575,3.558988,3.58031,3.5825443,3.575942,3.5755708,3.5918038,3.5984921,3.595897,3.5789914,3.5927682,3.5895524,3.5945551,3.599156,3.6033444,3.602586,3.605747,3.6055264,3.6146624,3.622104,3.6111426,3.6160808,3.6222792,3.616782,3.616532,3.6261415,3.6131196,3.626732,3.6352506,3.6261551,3.6047869,3.609616,3.5755157,3.574138,3.5225494,3.492397,3.4838688,3.4661396,3.4463654,3.4257357,3.396189,3.372135,3.3606396,3.344051,3.3288486,3.3121638,3.2415478,3.2338595,3.207211,3.1984298,3.2005677,3.1715183,3.1521754,3.1517005,3.1556902,3.1293843,3.1234748,3.0889535,3.0774972,3.0745428,3.0616791,3.0699391,3.0297413,3.0186667,3.0010939,3.0328045,3.0353453,3.0079165,3.0138729,2.9988453,2.9943817,3.0046957,2.991302,3.0265558,3.038463,2.9905713,2.9918888,3.0087473,3.0186226,3.0038748,3.027547,3.032022,3.0437975,3.048003,3.0501769,3.065741,3.0798607,3.0824342,3.0960119,3.0892527,3.0986629,3.1142704,3.1206443,3.1267607,3.128395,3.1580198,3.1316862,3.1799963,3.1907766,3.1776378,3.1808944,3.2101479,3.1952796,3.2172763,3.2061145,3.2355378,3.2327871,3.2596724,3.2572658,3.2837508,3.2867541,3.28485,3.315573,3.2923367,3.2976942,3.3229868,3.3091705,3.3284996,3.3350787,3.3198495,3.3369102,3.3124325,3.329194,3.3362765,3.3264346,3.336862,3.3472035,3.3305812,3.3565855,3.3649695,3.358205,3.3837144,3.3831534,3.4020088,3.3914104,3.3949914,3.388678,3.389697,3.3927686,3.3905559,3.3969657,3.4049492,3.4048998,3.4040782,3.4122946,3.4066129,3.4076529,3.4100878,3.3794863,3.3872063,3.4058194,3.2789912,3.469533,3.3896334,3.44984,3.4454389,3.4495416,3.450947,3.4476824,3.4594448,3.4343333,3.454707,3.452689,3.4883995,3.4717054,3.467291,3.490942,3.4742382,3.4743369,3.524693,3.4997349,3.4988675,3.4894404,3.5046408,3.4970436,3.501377,3.4940286,3.507171,3.5024252,3.511726,3.5038643,3.5103478,3.5050516,3.5157416,3.513307,3.505152,3.5037332,3.5131905,3.520431,3.515094,3.529361,3.5230901,3.5137854,3.539458,3.540619,3.5338106,3.5265148,3.5372736,3.5367758,3.5379934,3.5391936,3.5335326,3.5440376,3.5410364,3.550439,3.5385907,3.5550387,3.5494637,3.548818,3.5427718,3.526475,3.5550175,3.548623,3.534685,3.545194,3.5302494,3.537825,3.5534906,3.5262399,3.5394638,3.5338583,3.5501127,3.54268,3.5351753,3.531099,3.51964,3.545375,3.5264525,3.5266807,3.5260265,3.5321608,3.5363004,3.5140321,3.5156295,3.5472875,3.5275838,3.5366096,3.5353582,3.5249572,3.5203466,3.5401547,3.5692463,3.5337696,3.5340154,3.5321074,3.5355084,3.5283058,3.5233119,3.5311549,3.5612566,3.5625596,3.531297,3.5507162,3.554259,3.5216835,3.5291219,3.5242093,3.5316055,3.5459585,3.5311434,3.5461805,3.5384367,3.5444605,3.528614,3.5361717,3.5441177,3.5336957,3.5380747,3.5410213,3.5233407,3.5392587,3.537298,3.5475721,3.5306563,3.5422873,3.5332284,3.5355783,3.5392737,3.5404758,3.5442808,3.5400958,3.5433304,3.5459704,3.5344338,3.5556,3.5544062,3.545686,3.5466752,3.5433698,3.5709062,3.5618234,,,,,,,,,,,,,,,,,,,,,,,,,,,,,,,,,,,,,,,,,,,,,,,,,,,,,,,,,,,,,,,,,,,,,,,,,,,,,,,,,,,,,,,,,,,,,,,,,,,,,,,,,,,,,,,,,,,,,,,,,,,,,,,,,,,,,,,,,,,,,,,,,,,,,,,,,,,,,,,,,,,,,,,,,,,,,,,,,,,,,,,,,,,,,,,,,,,,,,,,,,,,,,,,,,,,,,,,,,,,,,,,,,,,,,,,,,,,,,,,,,,,,,,,,,,,,,,,,,,,,,,,,,,,,,,,,,,,,,,,,,,,,,,,,,,,,,,,,,,,,,,,,,,,,,,,,,,,,,,,,,,,,,,
3.5658338,3.56744,3.5659056,3.5643299,3.5615137,3.5691042,3.562855,3.5655901,3.5739598,3.5652475,3.5704074,3.5626125,3.567486,3.5538993,3.5636022,3.5646954,3.5521955,3.5662577,3.5668435,3.5728533,3.56382,3.5678256,3.575491,3.5670168,3.5739613,3.570741,3.5731297,3.568777,3.5733068,3.5858824,3.5810843,3.602867,3.6046872,3.6050932,3.5973587,3.5977633,3.6196234,3.6041925,3.626677,3.612624,3.6206744,3.6214666,3.6243517,3.6282084,3.6361754,3.6313286,3.6241324,3.6418586,3.6227708,3.6264713,3.619617,3.600162,3.607034,3.5788352,3.5854743,3.5422409,3.5307024,3.5199835,3.4899306,3.4591517,3.427638,3.420818,3.3906267,3.3715239,3.3540676,3.3208828,3.3051724,3.2769487,3.2586813,3.2488897,3.2305667,3.2125485,3.190295,3.181231,3.170986,3.1660562,3.1538794,3.1537797,3.1302269,3.1200776,3.1119502,3.103148,3.1075058,3.0918403,3.0511487,3.0250263,3.060328,3.0686991,3.050763,3.0527573,3.0396006,3.047661,3.0457523,3.0399039,3.0486226,3.03431,3.0472026,3.0319262,3.045476,3.0428882,3.052343,3.052255,3.1041253,3.0940917,3.093775,3.1157217,3.118834,3.1197178,3.1399586,3.140959,3.1292603,3.1448047,3.1533659,3.1541324,3.1707404,3.1858578,3.1826,3.177604,3.1987162,3.1946049,3.2246907,3.225025,3.2309904,3.2656286,3.264018,3.2738292,3.267417,3.2911828,3.2869585,3.2816243,3.2859082,3.3042433,3.331136,3.3290675,3.345543,3.3689442,3.360432,3.3532243,3.377476,3.3665876,3.3871307,3.3883154,3.3952527,3.4022064,3.4101913,3.425391,3.4021943,3.4142625,3.411319,3.398518,3.4226549,3.4287567,3.4430833,3.423192,3.4046178,3.4190903,3.4292774,3.4207458,3.4216323,3.5733101,3.4840708,3.5477662,3.5426686,3.5472949,3.5410154,3.5521004,3.5343838,3.5501616,3.5323508,3.559225,3.558918,3.5634358,3.5733545,3.57996,3.5611355,3.5731542,3.5621026,3.572169,3.5776622,3.5839124,3.5758655,3.5878558,3.577152,3.5890844,3.592661,3.589317,3.605322,3.5945039,3.6182885,3.62954,3.6084516,3.6084814,3.6270847,3.6204667,3.6361063,3.6484838,3.6323497,3.626162,3.6382382,3.6525323,3.6654952,3.6525335,3.6613448,3.6689332,3.6596782,3.6667514,3.6603963,3.6662676,3.6632001,3.66728,3.671697,3.6643417,3.6803708,3.673682,3.670026,3.6809103,3.676559,3.6797714,3.66881,3.6782675,3.6779115,3.6676824,3.6731875,3.683502,3.675423,3.6764722,3.6787105,3.6677427,3.6637125,3.6898024,3.679703,3.6723058,3.674496,3.6710122,3.676883,3.6762424,3.682698,3.6699352,3.6747565,3.6803,3.655926,3.6716592,3.6643772,3.660886,3.661045,3.670985,3.6870685,3.6668258,3.6877534,3.6927888,3.6816504,3.6915457,3.659512,3.6663754,3.6771517,3.6825888,3.6763332,3.674241,3.6800451,3.6843402,3.6898115,3.6933715,3.6823795,3.699139,3.6914263,3.6948204,3.7050052,3.6921015,3.684186,3.6772625,3.6899478,3.6654649,3.696405,3.682531,3.674651,3.6888924,3.6948674,3.6979072,3.6885192,3.7026331,3.6953404,3.697508,3.7236123,3.6872177,3.715902,3.730584,3.7104304,3.7214315,3.7019677,3.7120812,3.7309108,3.710644,3.7377422,3.7332149,3.7335038,3.7311447,3.7238553,3.7271733,3.7431154,3.7440822,3.7490134,3.7330801,3.7403405,3.7286885,3.7349796,3.7410462,3.7411878,3.745027,3.7426503,3.7413104,3.751473,3.755877,3.760378,3.7510266,3.7524357,3.7678092,3.7482166,3.7503755,,,,,,,,,,,,,,,,,,,,,,,,,,,,,,,,,,,,,,,,,,,,,,,,,,,,,,,,,,,,,,,,,,,,,,,,,,,,,,,,,,,,,,,,,,,,,,,,,,,,,,,,,,,,,,,,,,,,,,,,,,,,,,,,,,,,,,,,,,,,,,,,,,,,,,,,,,,,,,,,,,,,,,,,,,,,,,,,,,,,,,,,,,,,,,,,,,,,,,,,,,,,,,,,,,,,,,,,,,,,,,,,,,,,,,,,,,,,,,,,,,,,,,,,,,,,,,,,,,,,,,,,,,,,,,,,,,,,,,,,,,,,,,,,,,,,,,,,,,,,,,,,,,,,,,,,,,,,,,,,
3.5016775,3.4929287,3.493535,3.5095756,3.5062137,3.4857602,3.498129,3.5075765,3.497079,3.5055025,3.5036561,3.5099225,3.492115,3.5103478,3.5106251,3.4995768,3.5087006,3.5320315,3.549486,3.5342932,3.541176,3.5531306,3.5432847,3.5398028,3.5532563,3.5474346,3.5515969,3.5498126,3.551693,3.5512798,3.544096,3.5495417,3.554484,3.5568125,3.5660865,3.5564806,3.5533526,3.5635295,3.5518644,3.564218,3.562404,3.5566242,3.5608492,3.5497704,3.5561416,3.5588639,3.5506136,3.5537243,3.5523167,3.5465612,3.5421498,3.526017,3.4741535,3.4764469,3.4524474,3.420038,3.4082456,3.3844292,3.368291,3.340472,3.3129334,3.26911,3.2561963,3.2034173,3.1941776,3.1898181,3.1520908,3.138527,3.1032012,3.0702298,3.049119,3.0493143,3.0255198,3.0010195,2.9804533,2.9656174,2.9454234,2.923821,2.924489,2.9012113,2.8857877,2.8913424,2.8717067,2.8665528,2.849622,2.8304813,2.8357992,2.8277795,2.8170793,2.8084188,2.809489,2.8149228,2.8178813,2.8021388,2.8024802,2.7852273,2.7858193,2.791952,2.7776012,2.7866697,2.7673976,2.785128,2.8091784,2.7913046,2.7948322,2.818462,2.8321555,2.800211,2.8255427,2.8273392,2.837921,2.8354242,2.8530498,2.8484397,2.849946,2.878037,2.8841627,2.8798306,2.8947234,2.9072738,2.8941627,2.9108555,2.9264307,2.9691126,2.991462,3.0018072,3.0052032,2.9958878,3.0299814,3.0493238,3.040897,3.0604994,3.0437403,3.0636225,3.0753598,3.0898666,3.1081734,3.1373088,3.1259208,3.1364725,3.1618626,3.1769857,3.1887822,3.183966,3.2143779,3.233876,3.232826,3.240982,3.2271233,3.2615175,3.2610536,3.2688973,3.27337,3.2906132,3.3091195,3.327396,3.3395777,3.3525968,3.3508525,3.3508034,3.3436356,3.3675213,3.375605,3.374277,3.3630114,3.3684878,3.3881924,3.3910007,3.4125183,3.4162204,3.415814,3.4311945,3.4399796,3.4607213,3.445787,3.457654,3.4636388,3.4617858,3.47472,3.4693317,3.4682684,3.466962,3.4685798,3.4760382,3.4577527,3.4883776,3.4985049,3.4956374,3.4859414,3.4825609,3.5023644,3.5144892,3.5188165,3.5206387,3.4895332,3.5185964,3.5178585,3.5278203,3.5299668,3.5316312,3.52503,3.5279343,3.5281663,3.5449953,3.5311258,3.5333347,3.5478046,3.5484126,3.5517967,3.5493326,3.5532274,3.554837,3.554305,3.558937,3.5657158,3.5532162,3.566234,3.5662618,3.5630863,3.5603952,3.5678184,3.5605497,3.56565,3.5606837,3.5729635,3.5631013,3.573006,3.5718126,3.5705485,3.581194,3.5942316,3.587421,3.5749848,3.5773125,3.5848181,3.5763876,3.548454,3.5415812,3.5687006,3.5569983,3.5584233,3.5564182,3.5260384,3.5691617,3.5883772,3.624409,3.41651,3.4963467,3.440637,3.5085917,3.4882543,3.4734151,3.4614024,3.4381676,3.4485636,3.451582,3.4529593,3.4626641,3.4812324,3.4711823,3.4710667,3.4819152,3.4739954,3.4859097,3.4749765,3.4814997,3.4998581,3.4830174,3.5017092,3.5136025,3.498292,3.4952993,3.5056987,3.5168774,3.5053525,3.513782,3.4948356,3.4923475,3.4923394,3.5064285,3.5111296,3.5153518,3.5132813,3.502229,3.4993844,3.5147946,3.5251098,3.5150123,3.5194101,3.5240521,3.5201752,3.524555,3.5159116,3.5217783,3.5318978,3.519575,3.534252,3.543281,3.5462353,3.5398839,3.5474708,3.553188,3.56243,3.5498433,3.553988,3.5486479,3.538193,3.5494711,3.5632265,3.5398211,3.542874,3.533572,3.5524297,3.5350034,3.5380778,3.523145,3.5163772,3.499166,3.515735,3.5102847,3.5073,3.5200603,3.5137758,3.5259666,3.5061672,3.482379,3.492671,3.4911544,3.4820628,3.4851356,3.4677818,3.4714334,3.468772,3.457677,3.4646883,3.4605424,3.439323,3.4412913,3.4355266,3.4413252,3.4477425,3.4444048,3.45022,3.4312065,3.4186068,3.4194162,3.4376283,3.4239254,3.4416785,3.4174194,3.4175377,3.403466,3.404568,3.4200423,3.432131,3.411494,3.429553,3.4240847,3.4131076,3.4116406,3.4182098,3.4184616,3.4196892,,,,,,,,,,,,,,,,,,,,,,,,,,,,,,,,,,,,,,,,,,,,,,,,,,,,,,,,,,,,,,,,,,,,,,,,,,,,,,,,,,,,,,,,,,,,,,,,,,,,,,,,,,,,,,,,,,,,,,,,,,,,,,,,,,,,,,,,,,,,,,,,,,,,,,,,,,,,,,,,,,,,,,,,,,,,,,,,,,,,,,,,,,,,,,,,,,,,,,,,,,,,,,,,,,,,,,,,,,,,,,,,,,,,,,,,,,,,,,,,,,,,,,,,,,,,,,,,,,,,,,,,,,,,,,,,,,,
3.3144753,3.3159177,3.323424,3.3184178,3.3231657,3.3283095,3.324869,3.3260665,3.3407066,3.344861,3.3331945,3.335418,3.332324,3.3495846,3.3337991,3.3399649,3.3422241,3.356037,3.3586679,3.3556004,3.360126,3.3576505,3.3514154,3.3709264,3.368772,3.3633864,3.3715746,3.3737721,3.4007964,3.4114952,3.4104161,3.4204745,3.435528,3.4444993,3.4542172,3.4746206,3.4791274,3.4861329,3.4924421,3.489842,3.4883664,3.5030982,3.5012453,3.506145,3.5191982,3.5024416,3.511039,3.5180054,3.5337892,3.5197675,3.5254169,3.5142305,3.4966664,3.4914553,3.4653368,3.4532397,3.428866,3.3890839,3.3825266,3.353148,3.3486307,3.3118804,3.2818308,3.2718036,3.232673,3.218703,3.2010462,3.1803477,3.1430044,3.1233675,3.1122034,3.1145456,3.0911598,3.0678523,3.0480437,3.0172868,3.0220385,2.9829957,2.966241,2.9642806,2.9650826,2.962966,2.9538627,2.9486008,2.9478526,2.9481559,2.9427564,2.936197,2.9265645,2.94117,2.945338,2.9334135,2.931049,2.9322402,2.929734,2.930855,2.9302878,2.933346,2.9257503,2.9282,2.9286728,2.945644,2.9415162,2.9419937,2.944705,2.9554746,2.9502501,2.943591,2.9538581,2.9754827,2.9946525,3.0131586,3.0232959,3.0246458,3.0388234,3.0345798,3.0658042,3.0482802,3.0679307,3.0709157,3.065079,3.0675497,3.0734107,3.092872,3.097423,3.1188333,3.1140594,3.146713,3.1384552,3.1486073,3.151317,3.1561155,3.1574981,3.1659338,3.172426,3.1699808,3.1831248,3.186508,3.1914303,3.2113516,3.2095594,3.219464,3.2065742,3.224282,3.2229176,3.2262485,3.2513974,3.2508554,3.2839103,3.2631264,3.2647974,3.2854936,3.2911634,3.293527,3.3019528,3.307425,3.3062625,3.3205338,3.3083482,3.3261056,3.318242,3.3289692,3.3347452,3.327376,3.3351998,3.334134,3.3295107,3.3613985,3.3600042,3.3557436,3.3596368,3.3536623,3.353172,3.366737,3.3761523,3.3840258,3.390128,3.4029458,3.4018786,3.4024172,3.4158866,3.4089246,3.4141946,3.3999848,3.4127285,3.4113357,3.4078465,3.405728,3.4084754,3.4278216,3.4292114,3.3969948,3.4213874,3.4170003,3.41704,3.4184005,3.4198148,3.4226484,3.422604,3.414,3.4071572,3.4040449,3.4141076,3.437629,3.4214149,3.4017055,3.4109204,3.4011798,3.4300416,3.4192822,3.4027255,3.4316,3.4070296,3.4218588,3.4126532,3.4115052,3.4166424,3.409185,3.4260688,3.4106915,3.4032922,3.418104,3.4003878,3.416501,3.407265,3.4051802,3.3947535,3.3971384,3.4083266,3.410073,3.4143128,3.413225,3.416441,3.401635,3.402438,3.3925304,3.3952806,3.3973033,3.3974972,3.3961117,3.4172533,3.4082198,3.3966503,3.3981051,3.3932073,3.3849785,3.3913534,3.3989913,3.3958435,3.3853383,3.3828912,3.3839197,3.398521,3.4014225,3.380767,3.383916,3.4005752,3.3872888,3.3704448,3.3751972,3.3564622,3.3729422,3.349877,3.3352613,3.3595083,3.3552105,3.3587,3.3571193,3.357251,3.3661942,3.340201,3.337516,3.344668,3.3275545,3.314391,3.3427002,3.349085,3.3227522,3.322242,3.322254,3.3295562,3.3339338,3.3101628,3.33369,3.337319,3.3139107,3.3051405,3.3083918,3.281821,3.2689571,3.284505,3.2745883,3.2846959,3.2865832,3.294423,3.282533,3.2858431,3.2805285,3.2917995,3.2912958,3.2705436,3.2819777,3.2720342,3.2702563,3.278642,3.2770932,3.291675,3.2875414,3.2782457,3.2813306,3.2778485,3.2973366,3.276036,3.2855933,3.303591,3.310476,3.3050022,3.3188944,3.3006213,3.2920506,3.2991714,3.3117075,3.3177173,3.3041608,3.3091857,,,,,,,,,,,,,,,,,,,,,,,,,,,,,,,,,,,,,,,,,,,,,,,,,,,,,,,,,,,,,,,,,,,,,,,,,,,,,,,,,,,,,,,,,,,,,,,,,,,,,,,,,,,,,,,,,,,,,,,,,,,,,,,,,,,,,,,,,,,,,,,,,,,,,,,,,,,,,,,,,,,,,,,,,,,,,,,,,,,,,,,,,,,,,,,,,,,,,,,,,,,,,,,,,,,,,,,,,,,,,,,,,,,,,,,,,,,,,,,,,,,,,,,,,,,,,,,,,,,,,,,,,,,,,,,,,,,,,,,,,,,,,,,,,,,,,,,,,,,,,,,,,,,,,,,,,
3.4988558,3.5001125,3.4953108,3.5008953,3.504531,3.5071294,3.5125923,3.516786,3.521978,3.521109,3.518653,3.5159612,3.5249243,3.5198278,3.5191412,3.52337,3.5255296,3.5224679,3.5385184,3.5279946,3.5316672,3.5262437,3.5305037,3.532117,3.5369246,3.5540206,3.5630352,3.559589,3.5698328,3.5591824,3.576729,3.5765133,3.566724,3.5833366,3.5912037,3.59959,3.5955954,3.6068478,3.6050193,3.6073766,3.605008,3.6049395,3.6235704,3.6257856,3.623523,3.6280951,3.6211514,3.619164,3.6285126,3.6115696,3.5981524,3.595443,3.5690548,3.5576043,3.5456953,3.5067897,3.479712,3.471528,3.4522526,3.4347014,3.4197843,3.378592,3.3671207,3.3294463,3.2921624,3.2929761,3.25751,3.2389479,3.2371023,3.2352073,3.2190793,3.2132316,3.1934662,3.170105,3.1713006,3.1340675,3.1214337,3.0955913,3.0999026,3.0859144,3.0811155,3.0622098,3.0672069,3.0703945,3.065945,3.0664668,3.063231,3.055685,3.0543482,3.0411067,3.0531912,3.0600822,3.0504124,3.0442939,3.0483494,3.0543463,3.0570655,3.0572128,3.0550916,3.075565,3.0756774,3.0868807,3.0721745,3.0895033,3.0976894,3.1250486,3.1099367,3.1099665,3.1231303,3.1306298,3.144276,3.1597717,3.1592317,3.1753592,3.1799002,3.1824408,3.202446,3.203208,3.212538,3.2040122,3.228617,3.234754,3.2528958,3.256996,3.2689073,3.3147614,3.3096073,3.3041456,3.2959309,3.307161,3.316105,3.320909,3.3388577,3.3442411,3.3401818,3.3304656,3.32887,3.3504927,3.3500252,3.3704815,3.327665,3.3502588,3.3607166,3.3977096,3.2052796,3.4191313,3.4191906,3.5457573,3.4450748,3.4083142,3.4156978,3.4280076,3.4174707,3.434825,3.4341228,3.425931,3.4361613,3.4391549,3.427367,3.4195845,3.415664,3.4278872,3.4241922,3.4345353,3.4280763,3.4459984,3.45588,3.453105,3.4501195,3.4533613,3.4556932,3.4627585,3.4635215,3.4686444,3.4432437,3.4466836,3.4557598,3.4655683,3.4569328,3.4651883,3.4644163,3.4777098,3.4638877,3.4676707,3.462906,3.4687896,3.466071,3.462538,3.4714718,3.464669,3.4715147,3.4678233,3.484977,3.4794211,3.482225,3.4719803,3.4862351,3.469495,3.4848466,3.4904993,3.4730823,3.4753492,3.4790008,3.470016,3.461622,3.4744115,3.4518492,3.4663,3.4874399,3.4707997,3.4683383,3.4788074,3.477144,3.4563346,3.4763467,3.4528224,3.4604492,3.4616663,3.4609232,3.4579384,3.4599907,3.4564319,3.4642692,3.4619303,3.4602814,3.450761,3.4512856,3.4620433,3.4557612,3.4520898,3.4554813,3.4576297,3.4504483,3.453664,3.452142,3.4535882,3.4510071,3.4488592,3.4581459,3.4545112,3.456158,3.4455786,3.4558556,3.4547215,3.4363108,3.4495165,3.4320533,3.4375515,3.4508102,3.429069,3.4139736,3.434511,3.4152312,3.424671,3.4294071,3.4065619,3.421173,3.4235196,3.4210904,3.43166,3.4216607,3.4288678,3.440961,3.4270265,3.426095,3.4397922,3.4365723,3.4236689,3.4112594,3.4345944,3.4190876,3.4164064,3.4175417,3.4552126,3.4267228,3.4350305,3.4149716,3.4291396,3.4358673,3.4435072,3.446891,3.4633253,3.4450674,3.4256806,3.4411356,3.440245,3.4524894,3.439472,3.436946,3.456558,3.440086,3.4554234,3.4526663,3.4603093,3.4537435,3.468136,3.4637578,3.4677675,3.4745624,3.4847126,3.4826877,3.4805355,3.4695587,3.477884,3.4803126,,,,,,,,,,,,,,,,,,,,,,,,,,,,,,,,,,,,,,,,,,,,,,,,,,,,,,,,,,,,,,,,,,,,,,,,,,,,,,,,,,,,,,,,,,,,,,,,,,,,,,,,,,,,,,,,,,,,,,,,,,,,,,,,,,,,,,,,,,,,,,,,,,,,,,,,,,,,,,,,,,,,,,,,,,,,,,,,,,,,,,,,,,,,,,,,,,,,,,,,,,,,,,,,,,,,,,,,,,,,,,,,,,,,,,,,,,,,,,,,,,,,,,,,,,,,,,,,,,,,,,,,,,,,,,,,,,,,,,,,,,,,,,,,,,,,,,,,,,,,,,,,,,,,,,,,,,,,,,,,,,,,,,,,,,,,,
3.419136,3.4079015,3.3999908,3.4011588,3.3891788,3.384891,3.3737397,3.3866594,3.3777487,3.3724866,3.37433,3.3727906,3.3670368,3.3567529,3.3657534,3.346935,3.353031,3.355285,3.3319652,3.3261971,3.3381608,3.3282285,3.3301466,3.3256323,3.3514435,3.3359272,3.3278656,3.3193197,3.3122265,3.2893918,3.315053,3.3198059,3.3463964,3.3408952,3.324041,3.3250663,3.3200765,3.3244174,3.3388977,3.3463836,3.3391833,3.339112,3.3502038,3.3513422,3.3452222,3.3420703,3.3381863,3.345168,3.3415656,3.3453872,3.3434741,3.34334,3.3185308,3.3056831,3.278006,3.259761,3.2417533,3.2202952,3.1892087,3.1604059,3.1219575,3.1244538,3.0909798,3.0818028,3.062955,3.0061808,2.9823158,2.9625397,2.9491453,2.9395049,2.92693,2.9166844,2.915514,2.875723,2.8700745,2.845006,2.8349643,2.8376608,2.8125577,2.8205295,2.802849,2.7897673,2.7738152,2.7894206,2.7494016,2.777017,2.7707586,2.7441332,2.739446,2.7399054,2.746224,2.742716,2.7422981,2.7472243,2.7386212,2.742922,2.7323308,2.7392285,2.7439172,2.7443972,2.7573178,2.7712204,2.7793097,2.787738,2.7756703,2.762298,2.8150635,2.8333793,2.8383613,2.8519254,2.8568017,2.874142,2.87529,2.8874264,2.8866477,2.8973632,2.9166958,2.9250014,2.9113634,2.9263499,2.9301782,2.9420087,2.9638734,2.9712634,2.992191,2.982117,2.9988604,2.984654,3.035006,3.0462577,3.058004,3.0815187,3.075066,3.0874317,3.0892963,3.0860932,3.1056418,3.104927,3.1144824,3.1240268,3.1359496,3.1151948,3.1318157,3.128544,3.132446,3.1488085,3.1427913,3.149725,3.1656613,3.1626127,3.1641555,3.182933,3.1886318,3.1869214,3.1856449,3.191509,3.1918921,3.1988945,3.2035837,3.2066505,3.206302,3.2140238,3.2090685,3.2108045,3.2046363,3.2303078,3.208839,3.2136104,3.2267406,3.2120917,3.2263584,3.22023,3.2183487,3.2335198,3.2320588,3.2317986,3.231826,3.230982,3.2312143,3.234285,3.2331293,3.2193806,3.2091875,3.2176905,3.205002,3.2186089,3.159035,2.7305887,3.2400775,3.2667546,3.2859607,3.251715,3.2506306,3.2713192,3.265462,3.2658145,3.259271,3.2583933,3.2567508,3.251356,3.2690144,3.2727053,3.2736475,3.2708042,3.2791758,3.2840128,3.2922997,3.300621,3.2920794,3.315333,3.3079143,3.3035622,3.303567,3.3173592,3.3078933,3.30813,3.3164895,3.311934,3.330924,3.3118725,3.3161788,3.3217645,3.3213272,3.325326,3.3544123,3.3302753,3.3378186,3.3332565,3.3578327,3.3473816,3.3462074,3.342469,3.3236318,3.3565178,3.3480103,3.35478,3.3445327,3.3498685,3.3666945,3.3687735,3.345524,3.3481212,3.3746028,3.3621821,3.358697,3.3562162,3.3727908,3.3523128,3.3534994,3.376988,3.3559794,3.3631752,3.3663578,3.3618429,3.3572588,3.369905,3.358867,3.361019,3.3624594,3.3657324,3.3661985,3.3592343,3.3560333,3.3456264,3.3526998,3.352363,3.3584802,3.3591812,3.3600016,3.3493085,3.3660264,3.3380575,3.3532405,3.3499959,3.3527553,3.363001,3.349889,3.345095,3.3800063,3.3605099,3.37785,3.3582964,3.365773,3.3626795,3.3677564,3.376351,3.385128,3.372626,3.3772628,3.3698337,3.3670366,3.3780985,3.3815897,3.3784842,3.3814087,3.3853085,3.3803804,3.3916728,3.387054,3.3917806,3.3888516,3.3893845,3.389986,3.3875856,3.3887641,3.3958166,3.3992243,3.3999293,3.3929203,3.4027677,3.4056282,3.41872,3.4052858,3.420068,3.4149675,3.4184964,3.419009,3.4326947,3.4320576,3.419007,3.4399228,,,,,,,,,,,,,,,,,,,,,,,,,,,,,,,,,,,,,,,,,,,,,,,,,,,,,,,,,,,,,,,,,,,,,,,,,,,,,,,,,,,,,,,,,,,,,,,,,,,,,,,,,,,,,,,,,,,,,,,,,,,,,,,,,,,,,,,,,,,,,,,,,,,,,,,,,,,,,,,,,,,,,,,,,,,,,,,,,,,,,,,,,,,,,,,,,,,,,,,,,,,,,,,,,,,,,,,,,,,,,,,,,,,,,,,,,,,,,,,,,,,,,,,,,,,,,,,,,,,,,,,,,,,,,,,,,,,,,,,,,,,,,,,,,,,,,,,,,,,,,,,,,,,,,,,,,,,,,
3.4420767,3.4209554,3.4379072,3.4189334,3.4504778,3.418814,3.424818,3.4166324,3.4237154,3.425507,3.4022696,3.4448345,3.4304173,3.4394429,3.4348114,3.4389904,3.4398208,3.4462843,3.4510465,3.4370296,3.4493403,3.4554992,3.4621935,3.4554887,3.4553514,3.4677477,3.462167,3.4851267,3.471383,3.4909494,3.4890692,3.5010436,3.4907634,3.5058057,3.5116131,3.4989054,3.5139468,3.507335,3.5171995,3.5276923,3.5200868,3.5188386,3.5299664,3.5361562,3.537522,3.5354674,3.5349824,3.5430946,3.5293217,3.5331233,3.5416114,3.5272558,3.545745,3.5173876,3.4932218,3.493581,3.4789383,3.4536688,3.4213345,3.3806028,3.357291,3.3477802,3.3444545,3.304914,3.2906601,3.2549655,3.2572072,3.2249775,3.1913514,3.1795168,3.1488085,3.1581495,3.0948217,3.1027956,3.1024852,3.086954,3.0709732,3.048547,3.020179,3.009084,2.9890773,2.977882,2.9609354,2.9563658,2.960607,2.956103,2.9525175,2.9465766,2.940169,2.9345467,2.9319746,2.925263,2.9333572,2.9439828,2.9202156,2.924938,2.9153512,2.9356592,2.9339943,2.9285226,2.9420605,2.931747,2.9227152,2.941657,2.9484773,2.9412153,2.9458833,2.9415822,2.9560823,2.958329,2.9532337,2.9653869,2.9652295,2.969662,2.9877617,3.0138729,3.0239289,3.048791,3.075034,3.0838058,3.0867248,3.1048915,3.1035519,3.098728,3.1368573,3.123573,3.1394455,3.1608346,3.1489449,3.183986,3.1739821,3.196885,3.2195017,3.2257311,3.2315254,3.2465186,3.2679405,3.2594721,3.267241,3.2807767,3.2745366,3.293028,3.3153431,3.2814105,3.295085,3.2945821,3.3142457,3.3071017,3.3265617,3.3516984,3.340418,3.3251455,3.3511243,3.3649206,3.367649,3.3741689,3.3784347,3.363439,3.3704813,3.3859785,3.3816051,3.3909695,3.3801036,3.390298,3.395824,3.3952203,3.389715,3.402797,3.407871,3.4108305,3.4152696,3.4168386,3.4194965,3.4255307,3.4270356,3.4155095,3.4395852,3.426701,3.431401,3.4351,3.458922,3.4650986,3.4656389,3.4666235,3.479405,3.4462888,3.481726,3.472971,3.466868,3.4726164,3.481639,3.4720585,3.4999585,3.4888897,3.4792767,3.4646428,3.472386,3.4989824,3.4982808,3.4935153,3.5038786,3.4965794,3.4880211,3.4979277,3.5037653,3.4884527,3.4866564,3.490396,3.503617,3.5072312,3.4984097,3.4963095,3.499971,3.4994946,3.5139377,3.4930499,3.5102637,3.500742,3.5021927,3.4998565,3.5019457,3.4957879,3.5115156,3.5091465,3.4981284,3.5044153,3.4833055,3.4553154,3.4780467,3.4308608,3.500021,3.4214966,3.5119288,3.4810314,3.5029533,3.4624434,3.4505563,3.4473605,3.4469576,3.4495008,3.4366562,3.4426982,3.4550464,3.4532542,3.4667783,3.4860141,3.4706674,3.480865,3.489158,3.4839082,3.4781153,3.476564,3.485912,3.491471,3.4931188,3.4876704,3.4836435,3.4938898,3.499298,3.479243,3.4760957,3.4727068,3.4696844,3.4997857,3.486785,3.4922192,3.4817524,3.5067577,3.4948027,3.49396,3.4927535,3.49086,3.5017452,3.4946125,3.4989295,3.5087268,3.5026295,3.5067985,3.4950788,3.502029,3.4946318,3.4897642,3.5011933,3.5039067,3.50135,3.4976277,3.5032926,3.536817,3.5029144,3.494551,3.5055902,3.5104115,3.4998627,3.4989517,3.491002,3.4981592,3.477216,3.4857864,3.4888802,3.4656,3.4844737,3.4671452,3.4815845,3.4791415,3.468227,3.4782996,3.458347,3.460608,3.4624693,3.4574203,3.4584286,3.4559946,3.4588838,3.4565034,3.4561696,3.453444,3.4489365,3.464092,3.448205,3.4402564,3.4497511,3.448814,3.4477887,,,,,,,,,,,,,,,,,,,,,,,,,,,,,,,,,,,,,,,,,,,,,,,,,,,,,,,,,,,,,,,,,,,,,,,,,,,,,,,,,,,,,,,,,,,,,,,,,,,,,,,,,,,,,,,,,,,,,,,,,,,,,,,,,,,,,,,,,,,,,,,,,,,,,,,,,,,,,,,,,,,,,,,,,,,,,,,,,,,,,,,,,,,,,,,,,,,,,,,,,,,,,,,,,,,,,,,,,,,,,,,,,,,,,,,,,,,,,,,,,,,,,,,,,,,,,,,,,,,,,,,,,,,,,,,,,,,,,,,,,,,,,,,,,,,,,,,,,,,,,,,,,,,,,,,,,,,
3.5343256,3.5309715,3.5188098,3.5518408,3.5432541,3.5427496,3.548503,3.5380116,3.5507522,3.5466413,3.543551,3.5492332,3.575401,3.5904226,3.583071,3.5702279,3.5869179,3.5872235,3.605439,3.5807002,3.5870824,3.5927997,3.619757,3.6097472,3.614797,3.6185493,3.6235788,3.6211884,3.622188,3.637078,3.6349707,3.6296191,3.6496532,3.6298537,3.6237097,3.653939,3.6272678,3.6395936,3.6461146,3.6522996,3.6476572,3.6457622,3.6602829,3.6677394,3.6695926,3.657092,3.647576,3.6612747,3.6425934,3.6573973,3.6372287,3.6499019,3.6158588,3.6188931,3.5966668,3.568748,3.5693312,3.53462,3.5023098,3.4891036,3.4638202,3.4478583,3.4100559,3.4090106,3.3679461,3.3256018,3.3104925,3.3027241,3.2869499,3.2705665,3.255876,3.221686,3.217352,3.2029338,3.1821525,3.1744773,3.1663504,3.1333356,3.1231153,3.1264014,3.112288,3.1177087,3.1201198,3.0923965,3.1189675,3.0914001,3.0820556,3.090254,3.073395,3.089443,3.0668938,3.082992,3.0692127,3.0675611,3.0839298,3.0812707,3.0995333,3.0737112,3.0867558,3.0910602,3.1075346,3.0920413,3.0957775,3.118148,3.1004539,3.1192267,3.1474805,3.1390831,3.1494176,3.1729586,3.1759145,3.2005787,3.2060814,3.1877055,3.2198339,3.237442,3.2186182,3.2573369,3.2654338,3.2739973,3.2765687,3.2954044,3.2934375,3.3029847,3.323413,3.3339922,3.3347645,3.3465781,3.3470325,3.3527784,3.372272,3.3636947,3.3631325,3.3816085,3.377614,3.3990648,3.4037688,3.4293363,3.432235,3.4527688,3.465519,3.4788508,3.4700918,3.4754887,3.468436,3.4728982,3.4836872,3.4731925,3.4763963,3.472869,3.4848073,3.492264,3.4737456,3.4780443,3.506235,3.4948475,3.4785895,3.491792,3.5045083,3.517723,3.488683,3.4861767,3.4966698,3.5025458,3.5079856,3.5028512,3.5054429,3.5158868,3.5006206,3.5228684,3.5301661,3.52327,3.5199244,3.5322838,3.5125506,3.5408158,3.5312593,3.5289822,3.555242,3.5827656,3.5547311,3.5398984,3.5458136,3.5692866,3.54161,3.544458,3.5437033,3.5331051,3.5434585,3.5412006,3.551336,3.5385625,3.516443,3.5311043,3.5520606,3.4837954,3.5063357,3.4479277,3.4914627,3.4641209,3.4694881,3.4776435,3.4685397,3.4760454,3.4702365,3.4756613,3.4788132,3.503212,3.5048444,3.4979837,3.5166807,3.5225701,3.4985437,3.5075653,3.5110908,3.531101,3.5148036,3.5267353,3.527284,3.5107636,3.5284326,3.5225139,3.515062,3.5149226,3.5200424,3.52202,3.5240285,3.5180156,3.5208554,3.5221336,3.5183609,3.5262702,3.5468285,3.5399485,3.5297737,3.531938,3.5324614,3.5484202,3.523763,3.5268533,3.5432029,3.5302806,3.5293097,3.5338821,3.530132,3.5209057,3.5144687,3.4841042,3.504514,3.4672596,3.4825184,3.472561,3.466007,3.467494,3.454409,3.46261,3.4606464,3.445074,3.4413912,3.4469433,3.4409626,3.4187465,3.4289305,3.423263,3.4276605,3.4251313,3.425148,3.4205267,3.4102242,3.4182165,3.3834193,3.3870962,3.3841121,3.386091,3.3792152,3.3884451,3.3922174,3.3791409,3.3752832,3.3547475,3.3585455,3.3363535,3.347572,3.3287363,3.3495405,3.3415492,3.3299093,3.3248703,3.3268924,3.3198507,3.3273406,3.321812,3.3124108,3.298637,3.3179896,3.3026717,3.3080287,3.3125787,3.287101,3.3034112,3.2944229,3.2809267,3.2774706,3.2848048,3.2664602,3.2873013,3.250888,3.2750268,3.2838202,3.2754161,3.274413,3.274047,3.246209,3.2377226,3.2537844,3.255766,3.2678852,3.2594006,3.2663326,3.2573304,3.2574701,3.2642007,3.273401,3.26589,3.2609386,3.2856297,3.268238,3.2682562,3.270577,3.2756507,3.283305,3.2704341,3.293975,3.2868435,3.284236,,,,,,,,,,,,,,,,,,,,,,,,,,,,,,,,,,,,,,,,,,,,,,,,,,,,,,,,,,,,,,,,,,,,,,,,,,,,,,,,,,,,,,,,,,,,,,,,,,,,,,,,,,,,,,,,,,,,,,,,,,,,,,,,,,,,,,,,,,,,,,,,,,,,,,,,,,,,,,,,,,,,,,,,,,,,,,,,,,,,,,,,,,,,,,,,,,,,,,,,,,,,,,,,,,,,,,,,,,,,,,,,,,,,,,,,,,,,,,,,,,,,,,,,,,,,,,,,,,,,,,,,,,,,,,,,,,,,,,,,,,,,,,,,,,,,,,,,,,,,,,,
3.4453652,3.4499228,3.4607005,3.4421632,3.4439697,3.4528136,3.4361887,3.4386153,3.4481802,3.4538703,3.461458,3.4487832,3.461567,3.4510102,3.471283,3.4955049,3.4605982,3.4704423,3.4690032,3.4751248,3.497836,3.4972723,3.5166848,3.491682,3.5129907,3.5073853,3.497419,3.5251737,3.5164936,3.5105722,3.5313275,3.5386488,3.5281115,3.5356476,3.5324461,3.520134,3.527239,3.5430913,3.5281646,3.5239556,3.531959,3.538861,3.5297463,3.5542772,3.5513895,3.55713,3.5365512,3.5494454,3.5583863,3.5516057,3.5431356,3.544636,3.5319564,3.5137672,3.5045035,3.4932785,3.4852698,3.4400506,3.4285529,3.4140313,3.368148,3.346765,3.2901304,3.2805912,3.2479353,3.2432134,3.2058473,3.1879125,3.1646366,3.1279454,3.122119,3.0974896,3.0713866,3.0555768,3.0142825,2.9973228,2.9911807,2.9662032,2.9629433,2.949957,2.9438312,2.9381123,2.9306405,2.9169507,2.9078844,2.9025462,2.8704386,2.8744664,2.8652074,2.8657737,2.8649254,2.8413966,2.863319,2.8624651,2.8447297,2.860795,2.867426,2.8575296,2.8454747,2.86476,2.8674693,2.8401382,2.856895,2.8622782,2.871293,2.8666008,2.873578,2.8666437,2.895007,2.879563,2.9011655,2.9027965,2.9125304,2.9308434,2.929014,2.9432836,2.9405482,2.93516,2.958588,2.954076,2.973313,2.9534025,2.971377,3.0014036,3.026462,3.0574226,3.06952,3.0828662,3.0682952,3.0728993,3.0837016,3.0921965,3.1242828,3.103257,3.1345885,3.1442795,3.1568472,3.1712286,3.1766882,3.1739616,3.1910415,3.195221,3.2123513,3.2144046,3.222527,3.2333736,3.2507508,3.2592425,3.2566345,3.2613494,3.2437696,3.2557108,3.2768269,3.276085,3.2690163,3.2783256,3.2893615,3.272526,3.1954339,3.3089612,3.2560966,3.3572845,3.319251,3.356134,3.3506362,3.3530493,3.3659697,3.3600583,3.359959,3.3498876,3.3489099,3.386549,3.396848,3.4023476,3.406735,3.4292939,3.4220347,3.449606,3.4303846,3.4374213,3.4502852,3.4420347,3.4370394,3.4463894,3.442292,3.4415436,3.443836,3.456643,3.452113,3.442902,3.4633155,3.4417737,3.4509802,3.453086,3.4337144,3.4331167,3.6117828,3.5192838,3.6210542,3.5491018,3.5264263,3.5383234,3.5444732,3.5446932,3.543395,3.5453994,3.532272,3.5457084,3.5416944,3.539615,3.540798,3.5371428,3.5500464,3.559208,3.5531194,3.561404,3.5668797,3.5489464,3.5583174,3.5600817,3.5601354,3.5639095,3.5647345,3.5686035,3.5750327,3.5655353,3.5809555,3.5686352,3.5620468,3.5571103,3.5725284,3.582641,3.5866578,3.577076,3.5884671,3.5714374,3.5677822,3.584463,3.5807178,3.5931199,3.5940292,3.5733366,3.5804813,3.5916545,3.5861058,3.5877285,3.5855157,3.5727642,3.5874937,3.5675783,3.582683,3.5897467,3.5905795,3.530315,3.5808017,3.5922604,3.5664425,3.5360305,3.5418713,3.5544028,3.5476048,3.5384533,3.5495934,3.5417242,3.537341,3.5415707,3.5182145,3.5235941,3.5075076,3.5164394,3.5249665,3.5256834,3.5309846,3.5278738,3.5260339,3.5158558,3.5078914,3.511755,3.501627,3.5032616,3.5027583,3.4956849,3.5096948,3.4964492,3.4972806,3.4855115,3.485664,3.4922385,3.484628,3.4923382,3.4888008,3.4780416,3.4965327,3.4863563,3.4848256,3.4939232,3.4834821,3.4888227,3.47908,3.4837685,3.4766543,3.471475,3.4771166,3.484674,3.494061,3.4780133,3.4634914,3.4731972,3.4720309,3.4648473,3.475304,3.470946,3.4774551,3.4755778,3.4882834,3.4749732,3.4896927,3.4598322,3.4671724,3.474942,3.4768147,3.4877012,3.4765399,3.4720898,3.4756997,3.4789343,3.4692972,3.4779642,3.4720473,3.484591,3.4671257,3.4949546,3.5039902,3.480691,3.4746563,3.4783003,3.4904413,3.4951546,3.4933753,3.4835658,3.510741,3.4945579,3.479864,3.5077302,3.4773197,3.4846072,3.4992507,3.513065,3.5181777,3.5135667,3.5032823,,,,,,,,,,,,,,,,,,,,,,,,,,,,,,,,,,,,,,,,,,,,,,,,,,,,,,,,,,,,,,,,,,,,,,,,,,,,,,,,,,,,,,,,,,,,,,,,,,,,,,,,,,,,,,,,,,,,,,,,,,,,,,,,,,,,,,,,,,,,,,,,,,,,,,,,,,,,,,,,,,,,,,,,,,,,,,,,,,,,,,,,,,,,,,,,,,,,,,,,,,,,,,,,,,,,,,,,,,,,,,,,,,,,,,,,,,,,,,,,,,,,,,,,,,,,,,,,,,,,,,,,,,,,,,,,,,,,,,,,,,,,,,,
3.4875937,3.5047011,3.4945824,3.496816,3.4846442,3.5069056,3.5067234,3.5164232,3.5085518,3.5119183,3.5331614,3.5136533,3.5279398,3.5266705,3.5203974,3.5120246,3.529559,3.5256588,3.5315065,3.5250645,3.5256574,3.5321672,3.5336404,3.5209863,3.5270267,3.5321088,3.5304263,3.5311668,3.5313418,3.5574584,3.5514708,3.5444078,3.535152,3.5476058,3.5445364,3.536883,3.5413785,3.553233,3.5497456,3.5512526,3.5561323,3.5518544,3.554333,3.5474615,3.5488715,3.5525312,3.560754,3.565332,3.572309,3.5551982,3.554523,3.5457106,3.541008,3.5213597,3.5065358,3.5027184,3.492966,3.4868293,3.4481037,3.4370244,3.3905587,3.3656633,3.3569524,3.3328936,3.3135166,3.2991948,3.2570705,3.242614,3.213156,3.1961286,3.165282,3.1541536,3.1389508,3.1156344,3.1078868,3.1160836,3.0694306,3.057098,3.0431461,3.038451,3.0235,3.0192823,3.0185843,2.9899926,3.0045648,2.971939,2.9616742,2.995082,2.9587615,2.9805334,2.9531806,2.9541724,2.958113,2.958088,2.9441178,2.9527109,2.9546113,2.9473777,2.9698997,2.9523296,2.9411461,2.9733837,2.9610705,2.9818497,2.985472,2.996029,3.01015,3.013129,3.009928,3.0120556,3.0240083,3.0235605,3.0362167,3.0143955,3.0487084,3.055881,3.0552533,3.0546384,3.066654,3.086736,3.1089227,3.1275284,3.1589112,3.1550941,3.1642566,3.1692832,3.1851075,3.202285,3.197273,3.2206743,3.2251499,3.2270703,3.237244,3.2390978,3.2514796,3.2648373,3.266242,3.2763605,3.2843497,3.2966304,3.3095396,3.3107574,3.3222303,3.3291843,3.344424,3.338896,3.3332899,3.3388944,3.3493598,3.3558886,3.3665257,3.369251,3.3717468,3.3857017,3.3928406,3.3943882,3.408,3.3983314,3.4092066,3.3908095,3.423003,3.40657,3.4145546,3.4275112,3.4208982,3.4204724,3.427353,3.4273214,3.422615,3.4419563,3.4449894,3.4424715,3.4373798,3.442788,3.4489608,3.447812,3.4541614,3.4383857,3.4393945,3.4402127,3.4507537,3.4491866,3.4355857,3.4364326,3.438597,3.445749,3.4489048,3.4486718,3.459893,3.44316,3.4608934,3.446129,3.4622474,3.4662578,3.4500427,3.4595964,3.4350486,3.4428792,3.4570487,3.4753077,3.4614325,3.4508677,3.4632812,3.4573147,3.4504228,3.4553988,3.464831,3.439149,3.4691293,3.4649768,3.4654863,3.4579272,3.4552836,3.4541774,3.4693546,3.4901931,3.465162,3.4796724,3.4817817,3.487302,3.4702356,3.4861593,3.4837823,3.467553,3.4788282,3.4800751,3.491878,3.49431,3.4820473,3.4910924,3.4865375,3.496203,3.4840724,3.493801,3.4863658,3.491051,3.4914575,3.494817,3.483483,3.486858,3.4958246,3.4914172,3.4984486,3.4901924,3.4886174,3.5032632,3.5019438,3.5036633,3.4997003,3.504447,3.4891438,3.4982328,3.500365,3.4941542,3.5007026,3.511095,3.5123165,3.5114598,3.5128355,3.5149183,3.5024407,3.5005558,3.5007665,3.5043733,3.5095503,3.5032685,3.5124137,3.4934824,3.5104375,3.5155847,3.5138721,3.5216222,3.512542,3.5134103,3.5097468,3.5188727,3.523363,3.525401,3.530381,3.5165706,3.5066833,3.520766,3.5156596,3.538008,3.5254285,3.5215678,3.5268223,3.525453,3.515838,3.5309865,3.5277708,3.52578,3.5414557,3.5601592,3.5570016,3.5524957,3.5489244,3.5553274,3.5507474,3.5638587,3.56453,3.5634878,3.5743423,3.5732732,3.582043,3.5788953,3.5706263,3.5796866,3.5744193,3.573376,3.5780349,3.5652447,3.5665755,3.5761428,3.570513,3.5691028,3.5566318,3.5741084,3.5525823,3.5688589,3.5431032,3.5204706,,,,,,,,,,,,,,,,,,,,,,,,,,,,,,,,,,,,,,,,,,,,,,,,,,,,,,,,,,,,,,,,,,,,,,,,,,,,,,,,,,,,,,,,,,,,,,,,,,,,,,,,,,,,,,,,,,,,,,,,,,,,,,,,,,,,,,,,,,,,,,,,,,,,,,,,,,,,,,,,,,,,,,,,,,,,,,,,,,,,,,,,,,,,,,,,,,,,,,,,,,,,,,,,,,,,,,,,,,,,,,,,,,,,,,,,,,,,,,,,,,,,,,,,,,,,,,,,,,,,,,,,,,,,,,,,,,,,,,,,,,,,,,,,,,,,,,,,,,,,,,,,,,,,,,,,,,,,
3.4960444,3.508541,3.5018125,3.500046,3.5166044,3.5018632,3.4961107,3.4982429,3.4955237,3.4752376,3.4867752,3.4953039,3.498322,3.5005105,3.5066152,3.5051508,3.5131793,3.5138566,3.5167105,3.526743,3.518017,3.5171938,3.5161781,3.5291615,3.5208225,3.5175722,3.5311081,3.5262544,3.536612,3.541964,3.5324082,3.5451653,3.5488505,3.5437994,3.5425227,3.5424805,3.5533082,3.5746963,3.5890336,3.5868447,3.5920417,3.5987842,3.5869892,3.5887873,3.5854445,3.5947373,3.5984755,3.604257,3.5842168,3.5880072,3.588516,3.589811,3.5994434,3.5819032,3.5706804,3.5687194,3.5747755,3.567074,3.5357893,3.4969132,3.4646168,3.446687,3.414682,3.3929331,3.3726556,3.3659015,3.323123,3.321666,3.3072546,3.2736363,3.2541707,3.2448804,3.2206664,3.2041368,3.1884263,3.1429925,3.1524107,3.1436896,3.138921,3.1355572,3.134357,3.1168497,3.098432,3.0865095,3.069732,3.0741007,3.065025,3.0623646,3.0707421,3.0654032,3.0605009,3.0470116,3.0476053,3.0534043,3.0611172,3.0531812,3.0578086,3.0559862,3.0512328,3.056315,3.0551853,3.06961,3.0698614,3.096964,3.0761404,3.07647,3.0815246,3.0599835,3.0819378,3.1332567,3.2944121,3.228616,3.2638862,3.3009388,3.3080902,3.2997985,3.3013215,3.325512,3.311917,3.3285422,3.3345957,3.347191,3.340124,3.357096,3.3662004,3.377927,3.371499,3.3780453,3.3921142,3.383713,3.3944354,3.40282,3.4075654,3.408121,3.4103928,3.4197633,3.3978772,3.3895657,3.3967123,3.417704,3.4125092,3.4131844,3.4131644,3.4390597,3.4459288,3.4452963,3.4462252,3.443445,3.4539375,3.4498808,3.4523823,3.461679,3.4585454,3.463457,3.4596782,3.4610922,3.4657621,3.4510353,3.462543,3.448315,3.4590626,3.4609394,3.4446945,3.444634,3.4584956,3.4561305,3.4437635,3.4459362,3.4275453,3.4351625,3.4347236,3.41692,3.4216118,3.403443,3.4100502,3.409644,3.4201448,3.4074397,3.3955793,3.3856714,3.3780951,3.360233,3.355931,3.3519034,3.3535624,3.3283086,3.320799,3.3201563,3.3234844,3.3212237,3.3200765,3.3231578,3.3212934,3.316191,3.311283,3.3146489,3.3028975,3.306619,3.3011532,3.3127208,3.3239436,3.3057141,3.2781916,3.2769253,3.2898495,3.2856803,3.261321,3.290772,3.2690334,3.2744114,3.2753687,3.261507,3.276718,3.2712755,3.260289,3.2517107,3.2672276,3.2655737,3.2495553,3.277588,3.2649906,3.2698746,3.2583275,3.2502859,3.2618017,3.2655468,3.259339,3.2550342,3.2627919,3.2485793,3.2787716,3.2649004,3.2691545,3.2814586,3.2841423,3.2669017,3.2858973,3.2774217,3.28569,3.2750087,3.2959213,3.293366,3.2847888,3.2959902,3.2995985,3.31105,3.2990465,3.315735,3.3143334,3.3157113,3.304792,3.3122787,3.312481,3.3151717,3.308916,3.3249156,3.3110502,3.3061118,3.315577,3.316829,3.3133209,3.3183222,3.3215616,3.327703,3.3268144,3.331466,3.3292663,3.3361955,3.3375447,3.3249824,3.3469853,3.3315866,3.332482,3.3269997,3.326549,3.336738,3.341067,3.3411245,3.3447592,3.3403466,3.3377943,3.3455696,3.3482912,3.3627954,3.3541172,3.3692718,3.379146,3.35363,3.3509183,3.3681474,3.3631914,3.355581,3.3562167,3.3441818,3.3586779,3.3587701,3.3662364,3.3647325,3.3744776,3.3723786,3.3782694,3.3852415,3.3909037,3.3804064,3.3818822,3.407605,3.389538,,,,,,,,,,,,,,,,,,,,,,,,,,,,,,,,,,,,,,,,,,,,,,,,,,,,,,,,,,,,,,,,,,,,,,,,,,,,,,,,,,,,,,,,,,,,,,,,,,,,,,,,,,,,,,,,,,,,,,,,,,,,,,,,,,,,,,,,,,,,,,,,,,,,,,,,,,,,,,,,,,,,,,,,,,,,,,,,,,,,,,,,,,,,,,,,,,,,,,,,,,,,,,,,,,,,,,,,,,,,,,,,,,,,,,,,,,,,,,,,,,,,,,,,,,,,,,,,,,,,,,,,,,,,,,,,,,,,,,,,,,,,,,,,,,,,,,,,,,,,,,,,,,,,,,,,,,,,,,,,,,,,,,,,,,,
3.4511387,3.445786,3.4544914,3.4492967,3.4608567,3.4686437,3.4568236,3.4809844,3.455798,3.4800782,3.4675584,3.479732,3.4703512,3.4766273,3.4865322,3.4897525,3.4817317,3.4748526,3.5006142,3.503297,3.4880521,3.4976614,3.4945889,3.4826946,3.5020154,3.4987614,3.5027459,3.502701,3.5157425,3.485305,3.5065217,3.496594,3.5072799,3.4979327,3.503221,3.4841943,3.4970803,3.4856982,3.4912426,3.5000777,3.4974058,3.4899879,3.4977727,3.4959693,3.4992864,3.4977207,3.488681,3.4887815,3.4974208,3.4833605,3.4769125,3.4613543,3.4441357,3.421979,3.4107513,3.3926287,3.3593702,3.3420148,3.3096936,3.2973616,3.2725306,3.242109,3.192088,3.1725051,3.1476045,3.1347392,3.1293786,3.0913782,3.0949583,3.0227354,3.023914,3.0172966,3.0068505,2.9764707,2.9515448,2.9428203,2.916445,2.9033744,2.9062798,2.8965256,2.8614156,2.8693054,2.856711,2.8679867,2.8580267,2.8292565,2.847219,2.8248792,2.8420875,2.7990785,2.8251595,2.8171315,2.8178184,2.796942,2.8095443,2.803304,2.8134758,2.8167844,2.8011563,2.8110282,2.815343,2.8232667,2.8401036,2.840784,2.845111,2.838861,2.85415,2.8501232,2.8621194,2.8716786,2.882238,2.8779464,2.9011374,2.9030013,2.8987174,2.898749,2.9099483,2.9448726,2.9520092,2.952433,2.9544775,2.9703772,2.9968352,2.995248,3.0206807,3.03947,3.0612352,3.0713737,3.082014,3.0927224,3.0974727,3.1026232,3.138786,3.1276124,3.135314,3.1407819,3.1431832,3.1446927,3.1601498,3.18929,3.2061248,3.2110415,3.2197235,3.220679,3.231432,3.2306817,3.2439704,3.2514877,3.254753,3.2528331,3.248212,3.2670238,3.2680063,3.269526,3.2546678,3.307256,3.2887876,3.3249137,3.3181288,3.3149834,3.3469884,3.3355224,3.3477583,3.3541796,3.3585155,3.3552363,3.3396602,3.3582296,3.3701758,3.3422413,3.375688,3.358727,3.3553207,3.3766289,3.3656197,3.371307,3.36888,3.360139,3.3728173,3.3409312,3.3637135,3.354622,3.3531735,3.3387182,3.3449337,3.3695915,3.3658414,1.6317157,3.3404624,3.3227394,3.2842638,3.3431416,3.3326848,3.3326612,3.3292365,3.3259819,3.3197722,3.3180077,3.3220441,3.3348296,3.3266375,3.349433,3.351606,3.336302,3.348024,3.3478875,3.351133,3.3574462,3.363213,3.3662963,3.3680916,3.363958,3.3658733,3.368448,3.3651896,3.3682318,3.3676472,3.3705459,3.3767505,3.3732274,3.3830268,3.386408,3.3679698,3.3767729,3.3931625,3.3906798,3.400907,3.4027548,3.415171,3.4106526,3.4031367,3.407586,3.41977,3.4147668,3.4010057,3.4083807,3.431292,3.4252303,3.4070573,3.4203799,3.4146552,3.4265723,3.4293556,3.409831,3.399529,3.3986933,3.4172468,3.42711,3.4195366,3.4203534,3.4214375,3.3964598,3.4088788,3.4212353,3.4064484,3.3874204,3.4213858,3.3753912,3.40424,3.3800876,3.3944993,3.3947527,3.3972702,3.3942971,3.386469,3.3749359,3.3748903,3.3817246,3.3714583,3.3769622,3.3709748,3.3737798,3.367175,3.3646302,3.369024,3.3690104,3.3599398,3.3696759,3.3589585,3.3588398,3.3631907,3.3503928,3.3477724,3.3622456,3.3398507,3.346031,3.347151,3.3722787,3.3484368,3.354609,3.3611724,3.3696222,3.3718026,3.360547,3.3677473,3.364351,3.3641798,3.3628378,3.368383,3.3603659,3.3838632,3.3932133,3.3855867,3.382173,3.4036958,3.3896074,3.3985002,3.3896182,3.3903031,3.3874073,3.402906,3.404279,3.3815885,3.4001613,3.4075363,3.4156039,3.4070244,3.4171474,,,,,,,,,,,,,,,,,,,,,,,,,,,,,,,,,,,,,,,,,,,,,,,,,,,,,,,,,,,,,,,,,,,,,,,,,,,,,,,,,,,,,,,,,,,,,,,,,,,,,,,,,,,,,,,,,,,,,,,,,,,,,,,,,,,,,,,,,,,,,,,,,,,,,,,,,,,,,,,,,,,,,,,,,,,,,,,,,,,,,,,,,,,,,,,,,,,,,,,,,,,,,,,,,,,,,,,,,,,,,,,,,,,,,,,,,,,,,,,,,,,,,,,,,,,,,,,,,,,,,,,,,,,,,,,,,,,,,,,,,,,,,,,,,,,,,,,,,,,,,,,,,,,,,,,,,,,,,,,,
3.5966184,3.6021438,3.6135583,3.6096325,3.6129646,3.619832,3.613388,3.6190588,3.621258,3.6135252,3.6221154,3.6169386,3.6214833,3.6293483,3.6260831,3.6210656,3.6231735,3.615909,3.623872,3.6272862,3.6196933,3.6248846,3.625031,3.620223,3.6257744,3.6337867,3.6349463,3.6406922,3.6275957,3.6242733,3.623806,3.6162362,3.6502619,3.6400573,3.6380372,3.6234033,3.6326241,3.6294236,3.6290994,3.6122499,3.6210132,3.618335,3.6149094,3.6040142,3.601863,3.61231,3.608326,3.61605,3.611136,3.5990772,3.5912313,3.5782266,3.5634959,3.555509,3.530534,3.5061247,3.4856129,3.471681,3.4386415,3.4060946,3.3748617,3.3557165,3.332758,3.3042443,3.280167,3.2537158,3.2038596,3.1871936,3.173288,3.1466644,3.1173968,3.1151788,3.0986881,3.0735626,3.0506377,3.020645,2.9975796,2.972616,2.9498572,2.9404402,2.9472175,2.9402807,2.9343145,2.9314988,2.9160223,2.89106,2.895033,2.8649263,2.8668263,2.866071,2.8721578,2.8651533,2.852434,2.8525848,2.8309088,2.8546886,2.8580048,2.8355782,2.8442996,2.8306673,2.836049,2.8544157,2.839459,2.8501098,2.8531494,2.8422434,2.8663034,2.8734233,2.8621225,2.8924987,2.875355,2.9045925,2.9025166,2.9164972,2.9179506,2.93348,2.9360628,2.9358325,2.9334266,2.939926,2.97691,2.9900713,2.9900076,2.985051,2.9796531,3.0163238,2.9914768,3.0373642,3.0108628,3.0423694,3.1359296,3.316479,3.3151898,3.372335,3.3041089,3.3264675,3.325337,3.3203015,3.3357177,3.3411472,3.363748,3.3683643,3.392776,3.3920045,3.4079432,3.407131,3.4120884,3.409146,3.4084573,3.4162598,3.419552,3.4114094,3.4143834,3.4210804,3.434732,3.4252524,3.4376864,3.4489276,3.446517,3.4605248,3.4430242,3.4469247,3.452947,3.4510186,3.4516773,3.4461496,3.4564905,3.4653745,3.458143,3.4581528,3.4593618,3.461088,3.4845912,3.4804475,3.4695954,3.474648,3.487457,3.4623692,3.480719,3.4759288,3.5000937,3.4867043,3.4961286,3.4775949,3.4946113,3.4866922,3.4780865,3.4785645,3.48752,3.4884143,3.4941227,3.4910042,3.4808671,3.5000849,3.4790652,3.4837973,3.463873,3.4914346,3.4922843,3.4714487,3.4840972,3.4871094,3.473135,3.4721441,3.4805932,3.474643,3.4730594,3.4804423,3.484322,3.480128,3.4737945,3.4769256,3.4708679,3.488123,3.4753537,3.4703739,3.4921343,3.4608307,3.4677205,3.4553604,3.4604566,3.4578304,3.4571962,3.4549885,3.4433806,3.4470608,3.466785,3.4335535,3.4597003,3.454778,3.446635,3.442184,3.4435554,3.4352367,3.4742556,3.451018,3.4286551,3.4242048,3.4183154,3.4119337,3.412777,3.4035134,3.4109795,3.4072595,3.414979,3.4140859,3.4128149,3.4136775,3.4031248,3.409344,3.4070914,3.4139118,3.4110527,3.40915,3.4143455,3.4144387,3.4131036,3.4139419,3.3938973,3.409655,3.413412,3.4002244,3.409923,3.414597,3.412262,3.410702,3.3928428,3.4059722,3.4109325,3.3982866,3.4180737,3.3917038,3.3954496,3.3910716,3.4126887,3.4009418,3.4011333,3.4121275,3.4120464,3.4108386,3.4178278,3.4079792,3.4211354,3.434714,3.424289,3.4282477,3.428979,3.4336898,3.4321895,3.4480667,3.4469225,3.4552388,3.4606192,3.4499414,3.4705114,3.4404304,3.469081,3.482542,3.472513,3.4763887,3.48408,3.482468,,,,,,,,,,,,,,,,,,,,,,,,,,,,,,,,,,,,,,,,,,,,,,,,,,,,,,,,,,,,,,,,,,,,,,,,,,,,,,,,,,,,,,,,,,,,,,,,,,,,,,,,,,,,,,,,,,,,,,,,,,,,,,,,,,,,,,,,,,,,,,,,,,,,,,,,,,,,,,,,,,,,,,,,,,,,,,,,,,,,,,,,,,,,,,,,,,,,,,,,,,,,,,,,,,,,,,,,,,,,,,,,,,,,,,,,,,,,,,,,,,,,,,,,,,,,,,,,,,,,,,,,,,,,,,,,,,,,,,,,,,,,,,,,,,,,,,,,,,,,,,,,,,,,,,,,,,,,,,,,,,,,,,,,,,,,,,,,
3.2411149,3.2558763,3.2567947,3.246317,3.2566566,3.2380068,3.252303,3.246771,3.2453914,3.2571638,3.243465,3.239971,3.244377,3.2394211,3.2459896,3.2631176,3.2505023,3.2381501,3.2530477,3.2436461,3.2455237,3.2612264,3.2394698,3.241464,3.2664857,3.244233,3.2448385,3.2476788,3.262687,3.258757,3.249879,3.242386,3.237754,3.2701006,3.274218,3.2742486,3.2751253,3.2826662,3.2848215,3.2749496,3.275464,3.2746317,3.2988956,3.296986,3.2949622,3.2951746,3.2953475,3.2963395,3.295937,3.3024704,3.3002362,3.2954144,3.289487,3.2883127,3.269911,3.2573178,3.2504287,3.2209778,3.2118745,3.1792455,3.1608138,3.1330082,3.1242263,3.0983744,3.0628057,3.0406415,3.0294588,3.0336356,3.0193627,2.9786615,2.9719093,2.9365726,2.9156518,2.8747933,2.8659165,2.8626406,2.8548045,2.8617008,2.853908,2.8478508,2.8279412,2.8223348,2.8321226,2.8107114,2.8143446,2.7932663,2.7943082,2.7821426,2.7735498,2.760305,2.7792227,2.7648203,2.7633567,2.759633,2.771772,2.7528496,2.7828104,2.7447531,2.7691047,2.7798803,2.783497,2.7782874,2.7752273,2.7875936,2.7838426,2.7982554,2.8011959,2.8215683,2.8056414,2.827646,2.8333461,2.83109,2.8341892,2.8458474,2.8559356,2.8515704,2.8663597,2.8565264,2.8788464,2.901968,2.904355,2.9152822,2.9347715,2.9456592,2.9663312,2.9609132,2.9842465,2.9526656,3.0037887,2.9949026,2.9820952,2.9857311,2.9948251,3.0080569,3.2508698,3.1868868,3.282291,3.2061884,3.1943033,3.190231,3.2075934,3.2086442,3.2113445,3.1975214,3.2211387,3.2286284,3.2351387,3.2588713,3.2533994,3.249901,3.2580974,3.2500756,3.2494106,3.2587729,3.2649684,3.2638092,3.274735,3.2843575,3.2787132,3.2798095,3.2927938,3.2927282,3.2931652,3.2956173,3.293977,3.300518,3.3019938,3.2971313,3.296786,3.297436,3.3094058,3.3115244,3.3268404,3.3136332,3.3139923,3.309364,3.332719,3.3266292,3.3285496,3.3344152,3.3337536,3.3311276,3.332555,3.3232398,3.327832,3.3037226,3.3151267,3.2861485,3.2934206,3.2936516,3.2858305,3.310203,3.2861755,3.2875578,3.2670991,3.2743819,3.2759514,3.273292,3.2850652,3.285707,3.2828743,3.2613733,3.271065,3.257124,3.2564378,3.2687583,3.2599938,3.2531595,3.2706757,3.2652023,3.2565422,3.2721167,3.2600956,3.266575,3.2727528,3.2596152,3.2596953,3.2604697,3.254754,3.25689,3.268481,3.2606456,3.2633922,3.2565427,3.2655072,3.2708364,3.2621768,3.255887,3.2555604,3.256065,3.266587,3.265706,3.2519946,3.25855,3.2593687,3.2622478,3.2613401,3.252646,3.2484882,3.2650132,3.2475376,3.2567458,3.248239,3.25915,3.2704463,3.2621205,3.2732327,3.2809913,3.2554517,3.2689857,3.2599177,3.2625537,3.2583804,3.2602699,3.2671776,3.2489152,3.2703536,3.2708094,3.2634306,3.267562,3.2654767,3.2668018,3.2778852,3.2629719,3.2855833,3.265876,3.2669566,3.272877,3.2780888,3.2888896,3.279427,3.2740166,3.2865453,3.308851,3.3166625,3.2888076,3.2904603,3.2893384,3.2951005,3.300168,3.3012877,3.31259,3.2984064,3.2982676,3.3027012,3.301718,3.3121269,3.3028572,3.318408,3.3149867,3.3191864,3.319586,3.3247223,3.323442,3.3313725,3.3314376,3.3418384,3.3589551,3.3516874,3.3748174,,,,,,,,,,,,,,,,,,,,,,,,,,,,,,,,,,,,,,,,,,,,,,,,,,,,,,,,,,,,,,,,,,,,,,,,,,,,,,,,,,,,,,,,,,,,,,,,,,,,,,,,,,,,,,,,,,,,,,,,,,,,,,,,,,,,,,,,,,,,,,,,,,,,,,,,,,,,,,,,,,,,,,,,,,,,,,,,,,,,,,,,,,,,,,,,,,,,,,,,,,,,,,,,,,,,,,,,,,,,,,,,,,,,,,,,,,,,,,,,,,,,,,,,,,,,,,,,,,,,,,,,,,,,,,,,,,,,,,,,,,,,,,,,,,,,,,,,,,,,,,,,,,,,,,,,,,,,,,,,,,,,,,,,,,,,,,,,,,
3.6903439,3.6847818,3.6733096,3.6865687,3.6939907,3.7016342,3.6947281,3.694004,3.6917834,3.698598,3.6923995,3.6928,3.6831844,3.6959896,3.6908402,3.692633,3.6956213,3.6936367,3.6909826,3.7161605,3.7046273,3.7042656,3.6878054,3.7011764,3.6974292,3.7045262,3.6996102,3.714618,3.715679,3.6990952,3.7143857,3.6988413,3.7076066,3.7247963,3.7105029,3.7155185,3.7193236,3.7206914,3.726413,3.7248209,3.7240539,3.748602,3.735918,3.737424,3.7426295,3.7502582,3.747598,3.7327323,3.726837,3.7289484,3.7121077,3.7248607,3.706657,3.683863,3.6760845,3.6601796,3.6456075,3.6036038,3.558513,3.5388057,3.529489,3.501967,3.4944105,3.4731612,3.4267108,3.3847542,3.3623023,3.3550172,3.360837,3.3260388,3.3174527,3.296717,3.2775548,3.2413423,3.2075276,3.2035587,3.1959095,3.1699185,3.17026,3.172189,3.1611252,3.1472487,3.1260295,3.136501,3.1262696,3.123264,3.1154728,3.1120405,3.1003299,3.0955422,3.0879135,3.0825834,3.100161,3.0908833,3.0870218,3.0911765,3.0995088,3.0907865,3.1073525,3.1095862,3.1053803,3.1181176,3.1040077,3.1196108,3.130867,3.1217575,3.1363192,3.1302254,3.1327612,3.1271417,3.1563804,3.1470864,3.1593196,3.1733372,3.1780238,3.1804821,3.186576,3.2171316,3.2199676,3.2347605,3.252019,3.2567208,3.2502494,3.2618203,3.2982988,3.2993822,3.303801,3.3201869,3.3068545,3.3167222,3.3430853,3.3383164,3.3793342,3.3774934,3.373272,3.3884566,3.3953824,3.3927753,3.4038045,3.3844554,3.4116275,3.4164984,3.3790138,3.3907633,3.5064535,3.394384,3.3867755,3.5930548,3.524578,3.6119053,3.542357,3.5498621,3.5693862,3.5784805,3.5937288,3.5740924,3.5707252,3.5514,3.578883,3.5782995,3.5911863,3.5798185,3.5835135,3.5776255,3.5951202,3.600065,3.5860815,3.594825,3.58728,3.5929282,3.590285,3.5887012,3.6029053,3.5995338,3.5929308,3.5991895,3.6097312,3.6090722,3.614549,3.5885851,3.6350746,3.6196554,3.6024992,3.6035461,3.621603,3.6290972,3.621074,3.6192496,3.6200387,3.6342165,3.609854,3.6242144,3.6145544,3.633336,3.6278524,3.6220121,3.6161988,3.636446,3.597868,3.6062968,3.5910347,3.6016364,3.584622,3.5704195,3.5805542,3.5937684,3.5756228,3.6057615,3.566856,3.5325701,3.5834675,3.5503454,3.5730104,3.5365002,3.5351353,3.5474966,3.5412054,3.53543,3.540575,3.516309,3.5361156,3.5208714,3.51409,3.5236719,3.5048244,3.5212696,3.5024273,3.483971,3.470298,3.4864042,3.4744823,3.471814,3.4687276,3.4584658,3.4659278,3.4590402,3.467812,3.455084,3.4663231,3.4500186,3.448147,3.4481683,3.4526637,3.4608295,3.4498587,3.4351451,3.4648206,3.4579103,3.4580486,3.460663,3.4629483,3.4504197,3.4405947,3.4506075,3.464015,3.4463048,3.460054,3.443448,3.450059,3.4567657,3.4556124,3.4563637,3.4611557,3.454918,3.4485826,3.440768,3.4609618,3.420973,3.4599922,3.450909,3.4499006,3.4619498,3.45121,3.454981,3.4474473,3.4613192,3.4522798,3.4521968,3.458173,3.4590414,3.4442217,3.4484665,3.451546,3.4534829,3.4584267,3.4304664,3.4356139,3.441454,3.4457421,3.4458141,3.459195,3.456595,3.4602797,3.4502585,3.4569285,3.4697025,3.4666202,3.4773045,3.4808714,3.472634,3.4731596,3.469212,3.4829972,3.487234,3.46919,3.5001533,3.4871168,3.4939616,3.5007734,3.513325,3.4971728,3.5182114,3.5083945,3.5262766,3.5241776,3.526655,,,,,,,,,,,,,,,,,,,,,,,,,,,,,,,,,,,,,,,,,,,,,,,,,,,,,,,,,,,,,,,,,,,,,,,,,,,,,,,,,,,,,,,,,,,,,,,,,,,,,,,,,,,,,,,,,,,,,,,,,,,,,,,,,,,,,,,,,,,,,,,,,,,,,,,,,,,,,,,,,,,,,,,,,,,,,,,,,,,,,,,,,,,,,,,,,,,,,,,,,,,,,,,,,,,,,,,,,,,,,,,,,,,,,,,,,,,,,,,,,,,,,,,,,,,,,,,,,,,,,,,,,,,,,,,,,,,,,,,,,,,,,,,,,,,,,,,,,,,,,,,,,,,,,,,,,,,,,,,,,,
3.5900064,3.6024761,3.616419,3.6242325,3.6295848,3.6246471,3.6367154,3.6325293,3.6324162,3.6288443,3.6380527,3.6389406,3.639059,3.632921,3.6359422,3.64197,3.6417642,3.6484044,3.6366558,3.6428287,3.6551175,3.6500266,3.6428885,3.6778522,3.6694005,3.64995,3.671008,3.667629,3.6647449,3.6694787,3.6664732,3.6693878,3.664805,3.6686163,3.6725435,3.6704903,3.679666,3.6800582,3.6695545,3.6868186,3.6755915,3.6671674,3.6703184,3.6519563,3.6681373,3.6741164,3.6621854,3.674087,3.6575098,3.6531494,3.6672885,3.6603522,3.6439412,3.646052,3.6563122,3.6343055,3.6240354,3.6020281,3.5861197,3.5605636,3.5348506,3.5081687,3.4769962,3.4437366,3.4308944,3.419772,3.3967955,3.3711333,3.35094,3.3142493,3.2958274,3.2655098,3.2431622,3.2283866,3.229901,3.2005837,3.209439,3.1718621,3.1771657,3.1676397,3.1558075,3.130856,3.098068,3.0684104,3.075797,3.0669086,3.0667398,3.0592258,3.0567496,3.0266924,3.0501223,3.0350065,3.0558105,3.0418081,3.0343685,3.0252476,3.0288384,3.030546,3.0256116,3.0260103,3.040101,3.0245025,3.0335884,3.0254998,3.0584097,3.0561552,3.055223,3.0497296,3.0564852,3.059366,3.0614195,3.0698795,3.063466,3.0971665,3.0993721,3.118203,3.1176236,3.143638,3.1512794,3.191135,3.1877367,3.1946583,3.2223175,3.2258978,3.2275863,3.2248607,3.2345629,3.249586,3.2389846,3.2382195,3.2620218,3.2612524,3.2829885,3.2780783,3.3215692,3.3360713,3.3485465,3.3532085,3.3635314,3.3789792,3.3800821,3.3905182,3.376249,3.399901,3.4092877,3.406837,3.4043448,3.4222565,3.4352438,3.4298565,3.4440577,3.4428375,3.4443629,3.4717665,3.4530492,3.4679601,3.4834607,3.4842494,3.487235,3.4915755,3.4847972,3.4902132,3.4853363,3.5006397,3.5035715,3.4992588,3.5046635,3.533251,3.5349438,3.4975817,3.5095925,3.4995198,3.4998531,3.5148003,3.512013,3.5090039,3.5264323,3.5282583,3.5316877,3.5251539,3.5380821,3.547364,3.5255616,3.5222683,3.5272655,3.5269313,3.5165584,3.4876568,3.4943066,3.5013762,3.4934814,3.4714127,3.5087523,3.5194693,3.5257983,3.5204725,3.5404828,3.5295422,3.5543897,3.5368345,3.5499618,3.536672,3.55225,3.5411294,3.538106,3.5546362,3.5526094,3.5736184,3.5483425,3.5292897,3.4539332,3.4661386,3.470959,3.4666724,3.479391,3.4799697,3.535227,3.5727475,3.563869,3.572241,3.5747106,3.5890756,3.5921102,3.58776,3.5878549,3.6002822,3.5937464,3.5990784,3.5051973,3.4943948,3.5047512,3.4986722,3.5016453,3.492632,3.5110466,3.4983518,3.4922888,3.5453033,3.5241647,3.5358558,3.537335,3.5437837,3.535156,3.540023,3.5470033,3.5368679,3.558153,3.553906,3.5590022,3.5575767,3.5493891,3.5505862,3.5324876,3.498259,3.4929569,3.4978218,3.5047066,3.4841511,3.4538524,3.4364293,3.4070878,3.3928897,3.373433,3.3610795,3.3039167,3.269579,3.2608097,3.2469294,3.2214785,3.2122264,3.213486,3.2120926,3.1912522,3.1777213,3.1462486,3.116763,3.123702,3.0994563,3.109693,3.101003,3.0917122,3.0683653,3.059869,3.0631511,3.0286863,3.039752,3.0514967,2.994937,3.004163,2.9953241,2.9732327,2.9498665,2.9646268,2.958482,2.9576883,2.9504628,2.929631,2.9247115,2.9260745,2.922431,2.8978426,2.9062505,2.8888595,2.862893,2.8583796,2.8657072,2.851275,2.8322623,2.85115,2.8257272,2.8289638,2.8279908,2.8435183,2.8260283,2.8053315,2.8220813,2.8072019,2.8257637,2.813499,2.8286176,2.8067486,2.816535,2.798387,2.8140216,2.8152173,2.8175256,2.7861688,2.7916272,2.821442,2.789463,2.7939851,2.8176374,2.8019829,2.793119,2.7898552,2.825303,2.8057444,2.8182535,2.8244917,2.8188396,2.8225121,2.8219864,2.818405,2.8334672,2.8243666,2.8169947,2.836606,2.8455315,2.8658106,2.8644717,2.8749032,2.8898463,2.8816526,2.912504,2.9008896,2.9318244,2.9389522,2.9413056,2.948859,2.9591737,2.9639134,2.975052,2.965139,2.980511,2.9849536,3.0165296,3.0017078,3.0181818,3.0230784,3.0328524,3.0633614,3.0930705,3.0731068,3.069449,3.0755076,3.114287,3.0878522,3.1074317,3.1098435,3.134013,3.1410692,3.1617265,3.1615195,3.1575732,3.1710339,3.1851683,3.1879077,3.203762,3.205448,3.199352,3.2067826,3.2359283,3.2498333,3.2379005,3.249657,3.266712,3.2600522,3.255537,3.2617102,3.2666867,3.2712314,3.2612975,3.283602,3.2717714,3.2867754,3.2856848,3.291916,3.2919264,3.2941904,3.3063717,3.3028398,3.3092005,3.30768,3.2987118,3.321806,3.3298507,3.3433616,3.3439515,3.3560867,3.3504891,3.3376184,3.356207,3.3570077,3.3536782,3.3705769,3.365784,3.3629973,3.3642488,3.387395,3.3832998,3.3507454,3.3533337,3.3592935,3.369673,3.3670528,3.3663812,3.3595703,3.3646057,3.3664181,3.3621502,3.3667376,3.3759558,3.3643067,3.360856,3.3657486,3.4045432,1.0330698,3.4030907,3.4811978,3.4090865,3.4584758,3.4415083,3.446294,3.4639642,3.4726958,3.4800525,3.4792547,3.4838698,3.4768276,3.5055964,3.5088785,3.5279331,3.532124,3.5436745,3.554345,3.5541077,3.551767,3.5578117,3.5767586,3.576256,3.571812,3.5822973,3.583001,3.578486,3.5719774,3.585021,3.5858018,3.5953608,3.586282,3.588237,3.5872386,3.6112287,3.5994117,3.6189964,3.6178215,3.625097,3.6242194,3.6229367,3.6222997,3.620915,3.627665,3.6228547,3.6269941,3.62937,3.6338995,3.6318305,3.62039,3.6196294,3.6189272,3.6268544,3.628671,3.6329718,3.630588,3.6291585,3.6230009,3.6362283,3.6264813,3.645418,3.6243951,3.6404183,3.623548,3.625506,3.6571014,3.642337,3.6253314,3.637247,3.6254797,3.648977,3.6174743,3.6403286,3.636628,3.6279979,3.615573,3.617994,3.6148565,3.6101649,3.633821,3.6237228,3.629633,3.6187983,3.625549,3.604749,3.614701,3.619579,3.6177597,3.6069944,3.6155438,3.6080053,3.5954208,3.5963168,3.5930028,3.5923734,3.5749612,3.5830238,3.5926409,3.577533,3.5959291,3.5883183,3.5827322,3.5794687,3.5956833,3.5929184,3.590976,3.5757804,3.5943608,3.585862,3.587914,3.564382,3.5654898,,,,,,,,,,,,,,,,,,,,,,,,,,,,,,,,,,,,,,,,,,,,,,,,,,,,,,,,,,,,,,,,,,,,,,,,,,,,,,,
3.513366,3.482397,3.5043354,3.4886813,3.4849317,3.4896495,3.476788,3.4863915,3.4667523,3.4860373,3.476751,3.4843588,3.4921067,3.492209,3.468646,3.5008533,3.4828618,3.481451,3.4927628,3.4906576,3.496896,3.4982772,3.4939446,3.490866,3.5037332,3.5017762,3.4995484,3.49338,3.5014186,3.487234,3.504778,3.499532,3.5132015,3.5111213,3.4919815,3.5006745,3.519259,3.5225096,3.511285,3.5049055,3.5176299,3.527333,3.5243163,3.5417886,3.534413,3.5401247,3.5233667,3.5443459,3.5332735,3.5319529,3.5303473,3.527128,3.50336,3.4852142,3.480901,3.4794674,3.4536629,3.4076033,3.3966134,3.3795507,3.35562,3.2972329,3.283738,3.2684624,3.2434597,3.236808,3.2163482,3.1958337,3.1723964,3.1470983,3.1019557,3.1014516,3.0757473,3.0721705,3.064868,3.051327,3.0355382,3.0229812,3.022288,3.004217,2.9813926,2.9480612,2.9442575,2.9452777,2.9256012,2.9098244,2.9064527,2.922199,2.839878,2.9414241,2.9850318,2.9726226,2.989794,2.991851,2.9772236,3.0032823,3.025691,3.0410578,3.0461123,3.0574636,3.0829334,3.0934699,3.109897,3.113975,3.1344566,3.1376991,3.1399214,3.146823,3.1544714,3.1771712,3.1854792,3.2075756,3.1964636,3.2031133,3.228765,3.2313886,3.2350023,3.2426574,3.2631443,3.2776558,3.2934015,3.2904773,3.3027048,3.301208,3.3142307,3.3123183,3.335948,3.3376408,3.3362386,3.340179,3.3711033,3.3773398,3.3721364,3.3905003,3.3846076,3.3825965,3.3912272,3.3951173,3.3990798,3.400808,3.3992853,3.397625,3.406466,3.4057887,3.4191647,3.4259908,3.4133499,3.4191904,3.429558,3.4224122,3.4363894,3.4324846,3.458809,3.44865,3.4415088,3.4480963,3.4433858,3.45492,3.440922,3.4488766,3.4568725,3.436031,3.4470274,3.4610891,3.4570122,3.449928,3.4590356,3.4526176,3.4694076,3.4716103,3.4513185,3.4491763,3.4686291,3.4504862,3.464404,3.4769447,3.455254,3.4675934,3.4583614,3.445558,3.4773285,3.4591148,3.4647648,3.478575,3.4669151,3.4692852,3.4714842,3.4608169,3.4699094,3.4607217,3.4652884,3.4563415,3.468643,3.450826,3.4678855,3.4624467,3.4548805,3.4380417,3.4652853,3.4614615,3.4490213,3.4460502,3.458237,3.4557157,3.4259326,3.4507058,3.4457572,3.4466352,3.423744,3.4433079,3.4262972,3.4293916,3.4288356,3.4310591,3.4311578,3.439564,3.4225156,3.4227397,3.4359632,3.4539936,3.4329898,3.4319098,3.389887,3.380735,3.3884916,3.3936646,3.4014049,3.4036407,3.3925323,3.404111,3.391601,3.3969731,3.3887684,3.4028409,3.414012,3.399747,3.3894095,3.3972802,3.4067614,3.3852823,3.3952312,3.394436,3.3925133,3.3961627,3.394449,3.4026318,3.4083197,3.4016225,3.3914258,3.398971,3.450032,3.410571,3.3969004,3.406704,3.3827918,3.4055707,3.394742,3.4105113,3.4078672,3.413218,3.415608,3.420179,3.4154391,3.4123538,3.4052224,3.4086368,3.428083,3.4216475,3.4366524,3.4388268,3.4383044,3.4525552,3.439349,3.4335368,3.444724,3.4292488,3.4467187,3.452243,3.4701052,3.4668713,3.4516873,3.4704509,3.4725237,3.4643595,3.4681094,3.465341,3.4666982,3.4740367,3.4791582,3.4760756,3.4786978,3.491151,3.4955647,3.4861972,3.4623733,3.4790533,3.4896665,3.4884362,3.474566,3.4672718,3.4855833,3.4737935,3.4926076,3.4792352,3.4592717,3.4766006,3.4760177,3.468225,3.4733384,3.45428,3.448662,3.4328778,3.4406261,3.4442596,3.4408877,3.4359097,3.444252,3.4305458,3.4319203,3.4290195,3.4116378,3.4116583,3.4201658,3.420636,3.4233372,,,,,,,,,,,,,,,,,,,,,,,,,,,,,,,,,,,,,,,,,,,,,,,,,,,,,,,,,,,,,,,,,,,,,,,,,,,,,,,,,,,,,,,,,,,,,,,,,,,,,,,,,,,,,,,,,,,,,,,,,,,,,,,,,,,,,,,,,,,,,,,,,,,,,,,,,,,,,,,,,,,,,,,,,,,,,,,,,,,,,,,,,,,,,,,,,,,,,,,,,,,,,,,,,,,,,,,,,,,,,,,,,,,,,,,,,,,,,,,,,,,,,,,,,,,,,,,,,,,,,,,,,,,,,,,,,,,,,,,,,,,,,,,,,,,,,,,,,,,,,,,,,,,,,,,,,
3.6305149,3.6397007,3.6371617,3.6407065,3.6405652,3.6235685,3.6496444,3.657809,3.6299658,3.6424522,3.6485887,3.6426833,3.6430888,3.6404388,3.6428418,3.650403,3.6538384,3.6467412,3.6464586,3.6521552,3.6531866,3.651507,3.6510832,3.650005,3.6488316,3.6414273,3.6546354,3.65704,3.6551604,3.6453614,3.6470335,3.6565993,3.6439478,3.660484,3.6714246,3.6685476,3.6671994,3.66449,3.6750033,3.647672,3.6874576,3.671227,3.6645844,3.6667783,3.6637323,3.672483,3.6816542,3.693914,3.6827419,3.6787233,3.673987,3.676845,3.663601,3.6489813,3.624922,3.6316512,3.5985274,3.5893881,3.5517492,3.5307798,3.5075614,3.4934525,3.4701772,3.4578037,3.40847,3.40073,3.3666108,3.3503323,3.3375325,3.328362,3.306146,3.271339,3.2550623,3.2440236,3.2379906,3.2111862,3.1837752,3.1799707,3.153624,3.1511886,3.1334944,3.132924,3.1283798,3.1241307,3.1279523,3.1226308,3.095266,3.104639,3.1072974,3.0943458,3.1005323,3.0912356,3.0930605,3.095099,3.08069,3.0683951,3.0931668,3.099393,3.0895002,3.086189,3.0875566,3.096555,3.0865269,3.102652,3.0993052,3.1093001,3.1110523,3.1150095,3.1135023,3.1163352,3.1194685,3.1288252,3.1374767,3.1478393,3.1506104,3.1651192,3.1819203,3.1774874,3.1976628,3.2053475,3.2365315,3.2249742,3.2313268,3.2339528,3.2613509,3.2538197,3.2739768,3.271808,3.291213,3.293583,3.3129015,3.3269403,3.3328502,3.3376355,3.3520129,3.3587613,3.353339,3.3649297,3.3775744,3.3786898,3.387057,3.4038124,3.4117396,3.4157608,3.420346,3.428822,3.4293125,3.4266763,3.4368067,3.4661593,3.45405,3.4485908,3.4575806,3.4487069,3.4587758,3.462869,3.4683988,3.476756,3.4802926,3.474282,3.4833567,3.4788086,3.497188,3.4906042,3.5005777,3.5118415,3.5096698,3.5183487,3.5116272,3.5311978,3.524981,3.5199065,3.5104415,3.4910917,3.5091693,3.502259,3.4935153,3.5001342,3.5222816,3.5203166,3.4947033,3.6300888,3.50915,3.5080125,3.5037913,3.516696,3.5182443,3.4884284,3.508245,3.5046835,3.5000226,3.5045204,3.512493,3.5158343,3.5168707,3.521307,3.5204012,3.526881,3.532884,3.5402489,3.5327568,3.5329406,3.5427907,3.5308821,3.5414782,3.5497737,3.5452464,3.5297294,3.5558577,3.5513532,3.5532296,3.5585701,3.539718,3.5581467,3.564218,3.5668516,3.5652413,3.5509815,3.5699673,3.5663738,3.5809095,3.5689108,3.5698762,3.5817845,3.5705836,3.5629961,3.579969,3.5689237,3.5612972,3.5648491,3.5685303,3.5613818,3.5558884,3.554921,3.5710566,3.5548286,3.5580997,3.5500057,3.5408332,3.5095942,3.5315006,3.5366683,3.5205503,3.5269072,3.514361,3.5242817,3.5105476,3.5117586,3.517141,3.514352,3.4952788,3.5245175,3.5152736,3.5135856,3.5068758,3.5019264,3.4995415,3.485162,3.498202,3.5006783,3.5138698,3.492329,3.4901917,3.4875665,3.4985545,3.4915004,3.4911895,3.4742732,3.4795136,3.4739006,3.5011349,3.4764779,3.491505,3.4589906,3.4774492,3.469954,3.474464,3.447779,3.4700253,3.4464397,3.4710307,3.457023,3.4381638,3.4482424,3.441511,3.4379644,3.4272301,3.4170034,3.415306,3.4331594,3.439213,3.4119253,3.4123955,3.4277706,3.4222183,3.3905647,3.398741,3.4025538,3.4076142,3.3795972,3.3828282,3.3799057,3.3839622,3.4054968,3.3865807,3.393515,3.386538,3.3876095,,,,,,,,,,,,,,,,,,,,,,,,,,,,,,,,,,,,,,,,,,,,,,,,,,,,,,,,,,,,,,,,,,,,,,,,,,,,,,,,,,,,,,,,,,,,,,,,,,,,,,,,,,,,,,,,,,,,,,,,,,,,,,,,,,,,,,,,,,,,,,,,,,,,,,,,,,,,,,,,,,,,,,,,,,,,,,,,,,,,,,,,,,,,,,,,,,,,,,,,,,,,,,,,,,,,,,,,,,,,,,,,,,,,,,,,,,,,,,,,,,,,,,,,,,,,,,,,,,,,,,,,,,,,,,,,,,,,,,,,,,,,,,,,,,,,,,,,,,,,,,,,,,,,,,,,,,,,,,,,,,,,,,,,,,
3.3012302,3.3019834,3.3054304,3.324898,3.3126297,3.306216,3.3155327,3.3239431,3.309664,3.3215928,3.3280675,3.3237376,3.3211792,3.3166056,3.3259687,3.3248458,3.318266,3.3256512,3.3257244,3.3233228,3.330392,3.3410287,3.3370416,3.3238487,3.3452559,3.3469908,3.3575828,3.3552485,3.358577,3.3582351,3.3674512,3.3740351,3.3800642,3.3796082,3.3664494,3.3863835,3.3841257,3.3736715,3.3819585,3.386388,3.3906012,3.384323,3.382898,3.4040205,3.3981044,3.3936446,3.3788385,3.379605,3.3727756,3.3668492,3.3432245,3.331645,3.322557,3.291476,3.2696962,3.2577085,3.223965,3.192168,3.1681774,3.1592355,3.1275487,3.0964642,3.0715528,3.0517795,3.0208557,2.9694698,2.9593568,2.947466,2.9549062,2.9365153,2.9316807,2.913141,2.8934996,2.8777537,2.8635151,2.830989,2.8221436,2.8112593,2.8147357,2.8067877,2.807321,2.7930715,2.8041294,2.7929919,2.781287,2.783817,2.785959,2.7724924,2.775509,2.7851386,2.779188,2.7787957,2.7909856,2.7843053,2.808235,2.783599,2.7873094,2.7858458,2.803198,2.8290856,2.8140037,2.8257654,2.8132863,2.8452876,2.8436782,2.850809,2.877162,2.885674,2.8977425,2.9096296,2.9139917,2.8956103,2.9167786,2.9391627,2.942594,2.9390266,2.9571238,2.9578881,2.9625316,2.9737618,3.0063286,3.0090575,3.0188832,3.0392344,3.0385842,3.0679524,3.0731719,3.0798163,3.0954163,3.090895,3.084933,3.1057088,3.1007495,3.1014001,3.1067588,3.1147525,3.1177716,3.1513631,3.1572204,3.1793032,3.1923277,3.190674,3.2037754,3.2115443,3.2113125,3.215702,3.2107055,3.2301433,3.214194,3.2337754,3.2461064,3.2396,3.2421947,3.2593124,3.2489316,3.24958,3.2616785,3.2631662,3.2607682,3.287423,3.2785814,3.2838342,3.2950072,3.2955213,3.3034823,3.302939,3.3162587,3.3033872,3.3241253,3.310082,3.3178403,3.3065934,3.3036716,3.3146355,3.3264146,3.332159,3.3158414,3.3205953,3.3266788,3.3373356,3.3377278,3.3274968,3.3381782,3.3495834,3.3466,3.3481607,3.346173,3.3560681,3.3419514,3.348292,3.351419,3.3566356,3.3528023,3.3461998,3.3496351,3.3428655,3.349218,3.3530023,3.357182,3.3467965,3.353499,3.345583,3.35299,3.3570645,3.3543558,3.35228,3.3456562,3.3413656,3.3469963,3.3587408,3.3618176,3.346763,3.3572848,3.3525188,3.3639166,3.3635128,3.355101,3.3596876,3.3758786,3.3686337,3.3702414,3.3705914,3.3676054,3.369907,3.3779602,3.3736691,3.3720107,3.3648589,3.3799648,3.365559,3.3737369,3.3713062,3.3832874,3.3707938,3.3908203,3.3916166,3.3887875,3.3959768,3.3749087,3.3877182,3.3720863,3.3817835,3.3790452,3.3913207,3.3888268,3.3988812,3.3947644,3.3970234,3.3877525,3.4026086,3.4066021,3.4089618,3.400278,3.402767,3.4071038,3.4206448,3.4044385,3.4150589,3.420407,3.4258177,3.4201672,3.432621,3.439114,3.4306774,3.438418,3.436488,3.4333913,3.4293115,3.4369085,3.4286962,3.4406698,3.4414628,3.4461255,3.449285,3.443903,3.4371855,3.458178,3.4500697,3.4494193,3.4480672,3.4418032,3.4556816,3.4586198,3.4576478,3.4588478,3.4590738,3.469164,3.470365,3.4704156,3.4689426,3.467606,3.4594612,3.4437337,3.4762232,3.4782727,3.476536,3.4833608,3.4706738,3.5030355,3.4866161,3.4951384,3.5068998,3.4722402,3.4961078,3.50029,3.488808,3.4951036,3.4919493,3.4774632,3.489104,3.4955323,3.5040543,3.5025463,3.4968462,3.5055707,3.5073974,3.5100684,3.513633,3.5071716,3.503292,3.50499,3.5001733,3.511852,3.5111039,3.5007846,3.5103116,3.494204,3.503408,3.508325,3.5105495,3.5132813,,,,,,,,,,,,,,,,,,,,,,,,,,,,,,,,,,,,,,,,,,,,,,,,,,,,,,,,,,,,,,,,,,,,,,,,,,,,,,,,,,,,,,,,,,,,,,,,,,,,,,,,,,,,,,,,,,,,,,,,,,,,,,,,,,,,,,,,,,,,,,,,,,,,,,,,,,,,,,,,,,,,,,,,,,,,,,,,,,,,,,,,,,,,,,,,,,,,,,,,,,,,,,,,,,,,,,,,,,,,,,,,,,,,,,,,,,,,,,,,,,,,,,,,,,,,,,,,,,,,,,,,,,,,,,,,,,,,,,,,,,,,,,,,,,,,,,,,,,,,,,,,,,,
3.4470975,3.433964,3.4475086,3.4515052,3.4474175,3.4501052,3.45345,3.4519126,3.4351301,3.4566162,3.4476874,3.446356,3.4452085,3.4545257,3.4563866,3.4611232,3.451602,3.4506798,3.452551,3.4567714,3.4374812,3.4534733,3.4643273,3.4424024,3.4505017,3.4601178,3.463831,3.4707572,3.466961,3.4690077,3.4639077,3.4704666,3.4844103,3.4589794,3.461907,3.468323,3.466297,3.4703197,3.4786189,3.4745018,3.4829438,3.5032349,3.4898102,3.507684,3.491159,3.4804325,3.4991486,3.5169659,3.501576,3.498994,3.4969885,3.4838936,3.4581847,3.4580727,3.4512978,3.4495263,3.4123516,3.3925266,3.3736444,3.344367,3.3208437,3.312505,3.280608,3.265154,3.2505667,3.2446265,3.2189567,3.1797032,3.187474,3.1393907,3.128516,3.1195307,3.0997205,3.0869637,3.067175,3.0572443,3.049483,3.0488236,3.03561,3.033554,3.0240865,3.018068,3.0289655,3.0031338,3.0215194,2.9930363,2.9954655,2.994272,2.9954317,2.9858525,2.9974728,2.9890578,2.990909,2.997001,2.9962218,2.9960864,3.0159419,3.0029805,2.9951954,2.9985332,3.0075562,3.014467,3.037461,3.0404289,3.0426347,3.0508456,3.053678,3.0670853,3.0651095,3.0854566,3.1038263,3.1161876,3.1095352,3.111817,3.1335056,3.1359508,3.138457,3.151728,3.1436734,3.1542938,3.1532488,3.176875,3.2126598,3.2169,3.2318528,3.2465315,3.2543356,3.2615688,3.2584465,3.2643309,3.2788308,3.2995412,3.299276,3.3095253,3.306893,3.3134365,3.3248408,3.3354619,3.3403919,3.3580735,3.3574185,3.3581827,3.3640928,3.360761,3.3595583,3.369047,3.376751,3.3900633,3.3929586,3.386744,3.3914785,3.3918707,3.3921177,3.414379,3.4201,3.4237814,3.4186625,3.4217095,3.4217613,3.427708,3.4296877,3.4559684,3.435233,3.4283946,3.4712286,3.4628148,3.4376545,3.4676216,3.4808652,3.4557831,3.4614916,3.4708574,3.4576523,3.469283,3.473939,3.4707546,3.467279,3.4772882,3.478084,3.4670599,3.4652603,3.478919,3.4680264,3.4725094,3.4839482,3.4758534,3.4811563,3.4884248,3.481085,3.4785252,3.4731374,3.4754095,3.4733837,3.4783957,3.48346,3.4801702,3.474553,3.4789815,3.4674494,3.4751465,3.4790719,3.4646678,3.4608483,3.4737291,3.4554827,3.4477687,3.4588315,3.4720356,3.4667475,3.4509902,3.4599202,3.446606,3.4481366,3.4441135,3.4554145,3.4605591,3.4566522,3.44507,3.4531443,3.4430892,3.453814,3.449607,3.447469,3.4454465,3.4553468,3.4442546,3.4606671,3.4502964,3.4442618,3.459594,3.464586,3.4444761,3.4633129,3.4446058,3.44626,3.451919,3.4517524,3.4603422,3.4511743,3.4624674,3.4606385,3.4625611,3.4706464,3.4616122,3.4665587,3.4552395,3.439327,3.4521732,3.4534872,3.470679,3.4610384,3.450574,3.4485967,3.451034,3.4335368,3.440932,3.4600809,3.4657016,3.4552338,3.4315252,3.4341893,3.4304616,3.4396687,3.4355743,3.4133956,3.4409153,3.4457216,3.4136083,3.4442992,3.44968,3.426483,3.4463835,3.461934,3.4504855,3.4491456,3.4409688,3.4357743,3.4346523,3.4589038,3.4356606,3.455253,3.458323,3.461454,3.4538028,3.4487526,3.4652345,3.444313,3.4603322,3.4520698,3.4385912,3.4592543,3.4517524,3.45941,3.4565182,3.4695618,3.4418101,3.458445,3.4416082,3.4430144,3.4433887,3.450937,3.4356182,3.4488127,3.444332,3.4378319,3.4393954,3.448148,3.4494731,3.4504855,3.450318,3.450739,3.4411652,3.459694,3.4534266,3.4510522,3.4472344,3.4551363,3.447255,3.45252,,,,,,,,,,,,,,,,,,,,,,,,,,,,,,,,,,,,,,,,,,,,,,,,,,,,,,,,,,,,,,,,,,,,,,,,,,,,,,,,,,,,,,,,,,,,,,,,,,,,,,,,,,,,,,,,,,,,,,,,,,,,,,,,,,,,,,,,,,,,,,,,,,,,,,,,,,,,,,,,,,,,,,,,,,,,,,,,,,,,,,,,,,,,,,,,,,,,,,,,,,,,,,,,,,,,,,,,,,,,,,,,,,,,,,,,,,,,,,,,,,,,,,,,,,,,,,,,,,,,,,,,,,,,,,,,,,,,,,,,,,,,,,,,,,,,,,,,,,,,,,,,,,,,,,,,,,,,,,,
3.3356562,3.3439522,3.3281233,3.3323903,3.331174,3.3357348,3.3334777,3.3478444,3.345898,3.3529851,3.3493052,3.3480613,3.3436718,3.3581696,3.3435104,3.346935,3.351276,3.3603902,3.369178,3.3758085,3.3616521,3.3849719,3.3802905,3.3833442,3.3996713,3.390376,3.3977416,3.4023056,3.4323912,3.4236474,3.4147053,3.430047,3.4400113,3.440718,3.4388735,3.4462059,3.454615,3.452569,3.4571633,3.4625323,3.4589975,3.4717572,3.4844604,3.4744973,3.4700298,3.4738274,3.4895637,3.4701834,3.4832644,3.4826748,3.471292,3.4657,3.4698715,3.438789,3.436173,3.4243836,3.4045613,3.3869398,3.3480523,3.3179066,3.303304,3.2653646,3.239242,3.2088134,3.1933134,3.138037,3.1165004,3.0995402,3.1012073,3.057873,3.050031,3.0282729,3.027028,3.015635,2.97756,2.97007,2.9529612,2.954597,2.9436076,2.934731,2.9210484,2.9182696,2.916445,2.903688,2.8905976,2.8815,2.886794,2.8492537,2.8687296,2.834584,2.8632996,2.8572567,2.8563998,2.8623588,2.8520284,2.8580313,2.8411257,2.854296,2.8516233,2.8558989,2.848504,2.8590112,2.8659694,2.8438547,2.8710687,2.8716028,2.900766,2.97287,2.3422065,2.6901388,2.6915314,2.8405976,2.8784416,2.9476156,3.0790098,2.989093,2.9750524,2.9463706,2.9620116,3.0146918,3.04705,3.0804403,3.1512082,3.1542838,3.1573954,3.1601102,3.1896296,3.1977475,3.1824152,3.1702588,3.184206,3.1875908,3.2143772,3.2487864,3.2402425,3.2364075,3.2598166,3.2605374,3.2806294,3.2656662,3.276676,3.275609,3.2694242,3.2750177,3.282019,3.2911832,3.2849512,3.2853963,3.298027,3.2883945,3.304664,3.2919521,3.3114624,3.297375,3.2968967,3.299509,3.3124826,3.3123403,3.2929728,3.2981858,3.290585,3.2869594,3.3056462,3.2834957,3.284534,3.3043325,3.2846315,3.2779255,3.2990026,3.2990515,3.2868419,3.276495,3.272257,3.2787814,3.274051,3.2768676,3.26619,3.260162,3.2573428,3.2591538,3.2432277,3.2470098,3.236904,3.2230136,3.228181,3.2276614,3.223222,3.2093663,3.2144902,3.187644,3.1990366,3.17682,3.1651852,3.1659305,3.1631937,3.1598392,3.1585824,3.1757164,3.1371808,3.1400514,3.1255474,3.1364205,3.1072416,3.1258035,3.1207452,3.1206684,3.1101367,3.1246467,3.1007748,3.116189,3.1038578,3.1091866,3.0927613,3.1066704,3.100348,3.0731437,3.07362,3.0806904,3.107639,3.0975974,3.1062129,3.1048071,3.1218343,3.1155655,3.12258,3.112224,3.1307065,3.1219554,3.1234417,3.1444035,3.1125877,3.1474373,3.1352112,3.1284473,3.1452808,3.1498115,3.1606054,3.1506906,3.1591163,3.1499422,3.1605887,3.1555865,3.149645,3.1618233,3.159393,3.1611426,3.1680653,3.1558073,3.1773825,3.1795845,3.1929631,3.2075703,3.19806,3.2049685,3.178329,3.2244203,3.2096548,3.2361722,3.2343886,3.2344503,3.2289376,3.2259984,3.2285852,3.2395365,3.2398202,3.2404237,3.2441487,3.2488735,3.239278,3.2430289,3.240072,3.249877,3.246875,3.2504065,3.248144,3.2522466,3.2542374,3.2510185,3.2628598,3.2718906,3.2659717,3.265011,3.2680666,3.2665472,3.2668076,3.2674723,3.2705042,3.270733,3.2655973,3.2699537,3.2782543,3.2865555,3.276477,3.284336,3.296519,3.2800226,3.2760575,3.2890847,3.2905252,3.3035185,3.3180628,3.3074064,3.3158162,3.3077462,3.3167078,3.3177762,3.334459,3.338381,3.3295524,,,,,,,,,,,,,,,,,,,,,,,,,,,,,,,,,,,,,,,,,,,,,,,,,,,,,,,,,,,,,,,,,,,,,,,,,,,,,,,,,,,,,,,,,,,,,,,,,,,,,,,,,,,,,,,,,,,,,,,,,,,,,,,,,,,,,,,,,,,,,,,,,,,,,,,,,,,,,,,,,,,,,,,,,,,,,,,,,,,,,,,,,,,,,,,,,,,,,,,,,,,,,,,,,,,,,,,,,,,,,,,,,,,,,,,,,,,,,,,,,,,,,,,,,,,,,,,,,,,,,,,,,,,,,,,,,,,,,,,,,,,,,,,,,,,,,,,,,,,,,,,,,,,,,,,,,,,,,,,,,,,,,,,,,
