image_name,response_key,response_time,t1,t2,t3,t4,t5,t6,t7,t8,t9,t10,t11,t12,t13,t14,t15,t16,t17,t18,t19,t20,t21,t22,t23,t24,t25,t26,t27,t28,t29,t30,t31,t32,t33,t34,t35,t36,t37,t38,t39,t40,t41,t42,t43,t44,t45,t46,t47,t48,t49,t50,t51,t52,t53,t54,t55,t56,t57,t58,t59,t60,t61,t62,t63,t64,t65,t66,t67,t68,t69,t70,t71,t72,t73,t74,t75,t76,t77,t78,t79,t80,t81,t82,t83,t84,t85,t86,t87,t88,t89,t90,t91,t92,t93,t94,t95,t96,t97,t98,t99,t100,t101,t102,t103,t104,t105,t106,t107,t108,t109,t110,t111,t112,t113,t114,t115,t116,t117,t118,t119,t120,t121,t122,t123,t124,t125,t126,t127,t128,t129,t130,t131,t132,t133,t134,t135,t136,t137,t138,t139,t140,t141,t142,t143,t144,t145,t146,t147,t148,t149,t150,t151,t152,t153,t154,t155,t156,t157,t158,t159,t160,t161,t162,t163,t164,t165,t166,t167,t168,t169,t170,t171,t172,t173,t174,t175,t176,t177,t178,t179,t180,t181,t182,t183,t184,t185,t186,t187,t188,t189,t190,t191,t192,t193,t194,t195,t196,t197,t198,t199,t200,t201,t202,t203,t204,t205,t206,t207,t208,t209,t210,t211,t212,t213,t214,t215,t216,t217,t218,t219,t220,t221,t222,t223,t224,t225,t226,t227,t228,t229,t230,t231,t232,t233,t234,t235,t236,t237,t238,t239,t240,t241,t242,t243,t244,t245,t246,t247,t248,t249,t250,t251,t252,t253,t254,t255,t256,t257,t258,t259,t260,t261,t262,t263,t264,t265,t266,t267,t268,t269,t270,t271,t272,t273,t274,t275,t276,t277,t278,t279,t280,t281,t282,t283,t284,t285,t286,t287,t288,t289,t290,t291,t292,t293,t294,t295,t296,t297,t298,t299,t300,t301,t302,t303,t304,t305,t306,t307,t308,t309,t310,t311,t312,t313,t314,t315,t316,t317,t318,t319,t320,t321,t322,t323,t324,t325,t326,t327,t328,t329,t330,t331,t332,t333,t334,t335,t336,t337,t338,t339,t340,t341,t342,t343,t344,t345,t346,t347,t348,t349,t350,t351,t352,t353,t354,t355,t356,t357,t358,t359,t360,t361,t362,t363,t364,t365,t366,t367,t368,t369,t370,t371,t372,t373,t374,t375,t376,t377,t378,t379,t380,t381,t382,t383,t384,t385,t386,t387,t388,t389,t390,t391,t392,t393,t394,t395,t396,t397,t398,t399,t400,t401,t402,t403,t404,t405,t406,t407,t408,t409,t410,t411,t412,t413,t414,t415,t416,t417,t418,t419,t420,t421,t422,t423,t424,t425,t426,t427,t428,t429,t430,t431,t432,t433,t434,t435,t436,t437,t438,t439,t440,t441,t442,t443,t444,t445,t446,t447,t448,t449,t450,t451,t452,t453,t454,t455,t456,t457,t458,t459,t460,t461,t462,t463,t464,t465,t466,t467,t468,t469,t470,t471,t472,t473,t474,t475
FS/92.png,left,0.2251736000034725,5.0339007,5.0772953,5.0831714,5.076921,5.060408,5.063185,5.090275,5.0752063,5.077159,5.065828,5.075802,5.1009874,5.0554023,5.0897045,5.096765,5.0924034,5.0761843,5.0777206,5.0743766,5.0722413,5.077798,5.0671225,5.0911636,5.105749,5.1106353,5.0730205,5.094665,5.0963373,5.086299,5.100809,5.1069827,5.0855465,5.097749,5.136411,5.116306,5.103069,5.112162,5.108997,5.0953336,5.0945477,5.123182,5.118841,5.119209,5.1162176,5.126544,5.1186805,5.126812,5.104933,5.117178,5.13116,5.1227827,5.125282,5.1071467,5.129976,5.1142097,5.108378,5.0869,5.085459,5.0971785,5.0807195,5.0859613,5.075069,5.0576835,5.024938,5.03496,4.988251,4.9859557,4.968112,4.9397993,4.9306817,4.9324465,4.9176917,4.912127,4.9132514,4.9093614,4.8852386,4.9171576,4.8982644,4.9088054,4.8812475,4.8786387,4.8670974,4.8800125,4.837273,4.8639035,4.8381004,4.8646517,4.8531837,4.8662877,4.848575,4.8401127,4.852664,4.8548036,4.8961487,4.8649907,4.88829,4.8867173,4.8775578,4.8749166,4.8946786,4.895606,4.909638,4.888658,4.888975,4.915101,4.8895383,4.9047813,4.9330482,4.9017897,4.9258566,4.923853,4.905231,4.9285445,4.939948,4.9304605,4.938676,4.9519897,4.958745,4.962543,4.961958,4.966736,4.9754004,4.964981,5.003499,4.9951916,5.0122547,4.997037,4.99717,5.0104103,5.00892,5.019512,5.0212235,4.9982233,4.965872,4.9500346,4.94364,4.9152803,4.884314,4.834874,4.8066096,4.756045,4.736734,4.7015553,4.6549993,4.595863,4.594278,4.5504704,4.508652,4.4419036,4.405003,4.363865,4.32977,4.3176756,4.2841043,4.270093,4.219614,4.1597824,4.1434765,4.1410055,4.1078973,4.1098657,4.07839,4.045481,4.0407624,4.0311365,4.0187016,4.007553,3.978436,3.9742076,3.9692886,3.978949,3.9448261,3.9356897,3.934383,3.9097033,3.9021544,3.9045289,3.898307,3.9099064,3.8964937,3.8859606,3.8828523,3.9058197,3.9012969,3.8914866,3.8924036,3.8867233,3.8997045,3.8931277,3.9167995,3.9177372,3.9240792,3.9254446,3.9857965,3.975849,3.9757288,3.9495113,3.9732988,3.9816759,3.969577,4.0101027,3.9849262,3.9862826,4.0294647,3.9900453,4.234742,4.1769934,4.0811167,4.0565395,4.0981836,4.4934983,4.3243413,4.241854,4.272068,4.3191347,4.289957,4.363224,4.376436,4.394932,4.3788543,4.442825,4.455044,4.44275,4.474448,4.471343,4.5272646,4.532997,4.5586305,4.570202,4.5682144,4.565032,4.581877,4.581699,4.5719647,4.5874486,4.6053,4.6314545,4.659462,4.6873527,4.70464,4.7286625,4.7200375,4.723495,4.76691,4.755108,4.780388,4.804178,4.807971,4.825379,4.8413215,4.860433,4.882538,4.8591714,4.8902116,4.8991923,4.896078,4.9487853,4.9631963,4.96956,5.018215,4.9831786,5.005464,5.0233293,5.0295453,5.0248504,5.0224304,5.046112,5.0536456,5.066768,5.098789,5.0892825,5.1251245,5.1229105,5.1194324,5.1072664,5.1285176,5.1465874,5.150215,5.1346655,5.1487055,5.140634,5.1278596,5.152192,5.150219,5.16937,5.1509285,5.168671,5.1670995,5.1907773,5.212204,5.229499,5.216052,5.2058196,5.2097993,5.216978,5.209391,5.2353835,5.2422595,5.258944,5.210805,5.262479,5.244291,5.2441,5.2377405,5.218822,5.231052,5.2454143,5.2390437,5.2324386,5.2391024,5.221173,5.2514973,5.2432117,5.255225,5.2478385,5.243388,5.244578,5.226435,5.257053,5.2528563,5.2395887,5.2386827,5.2313504,5.2137184,5.244866,5.217518,5.2266483,5.2131295,5.23231,5.208847,5.204843,5.214994,5.2051544,5.2020636,5.2050676,5.191643,5.196682,5.217458,5.200308,5.195242,5.2039003,5.2053,5.1975646,5.186892,5.1881833,5.196107,5.2006655,5.199568,5.1849017,5.1974926,5.195408,5.17794,5.1712475,5.1899357,5.199382,5.192435,5.183224,5.1978908,5.1776905,5.177082,5.1879473,5.1870914,5.1759734,5.1686277,5.1777334,5.1884255,5.1677814,5.1852794,5.180583,5.1687837,5.182796,5.1884193,5.1751413,5.172398,5.1797194,5.177778,5.189168,5.195134,5.1738787,5.1805105,5.1727753,5.167196,5.1869445,5.171348,5.1739893,5.1725807,5.1806226,5.1918025,5.1893744,5.178889,5.176901,5.16821,5.179712,5.1868076,5.1653075,5.16246,5.1731954,5.1709094,5.1684904,5.1745377,5.1726494,5.1556735,5.165466,5.188739,5.165025,5.185221,5.168937,5.1758766,5.1750374,5.1984887,5.1947107,5.1745996,5.1809726,5.176868,5.17727,5.182849,5.176014,5.185136,5.1815624,5.1774163,5.190843,5.1735673,5.196642,5.188861,5.185227,5.1694508,5.153186,5.1778955,5.1524467,5.1625814,5.1488733,5.145089,5.1495943,5.150343,5.1523056,5.166752,5.15323,5.160383,5.151244,5.1640997,5.17492,5.1704392,5.138835,5.153277,5.19976,5.166021,5.169026,5.170018,,,,,,,,,,,,,,,,,,,,,,,,,,,t4
FS/52.png,left,0.1895407999982126,5.108825,5.09116,5.120078,5.1124444,5.08978,5.135591,5.126235,5.1242747,5.1307297,5.135036,5.1305165,5.1309094,5.128379,5.1373725,5.1597185,5.131676,5.1381674,5.135582,5.14267,5.1495433,5.1501856,5.1467648,5.158065,5.1457725,5.1499743,5.155173,5.144081,5.157954,5.149657,5.1489058,5.160811,5.156782,5.155506,5.1486893,5.167445,5.1628413,5.1580935,5.176476,5.1671953,5.1643205,5.1565237,5.1687465,5.166349,5.1599865,5.1566887,5.152708,5.1509914,5.1663604,5.170216,5.1844177,5.1859365,5.1889477,5.201691,5.2042966,5.2035284,5.196852,5.2037864,5.1945806,5.1952906,5.183638,5.191074,5.1337934,5.137017,5.140569,5.1432667,5.1084995,5.1182833,5.108531,5.102168,5.109571,5.0906453,5.060098,5.074259,5.060098,5.058769,5.0503283,5.03005,5.048849,5.048966,5.05036,5.054596,5.0381517,5.0397615,5.056696,5.024491,5.0497575,5.036991,5.055389,5.0472,5.043871,5.038771,5.0443816,5.046187,5.034325,5.0418105,5.037853,5.0404935,5.0391097,5.0426583,5.0490294,5.051616,5.040873,5.0437207,5.041234,5.05113,5.0511746,5.0719686,5.0593324,5.0716653,5.0568056,5.0486608,5.057189,5.076386,5.0738287,5.0744557,5.101612,5.1131287,5.0914254,5.097047,5.12288,5.1159277,5.099989,5.1128745,5.1294894,5.122395,5.1166816,5.1193037,5.118575,5.1398077,5.14361,5.150138,5.1394258,5.133506,5.1598725,5.1453433,5.1340437,5.102977,5.0762124,5.064779,5.047774,5.012785,4.9876795,4.9293933,4.8523674,4.823435,4.8076043,4.774421,4.7351346,4.692761,4.643627,4.6020417,4.5501056,4.521652,4.4903812,4.4256325,4.4201145,4.3717203,4.3032265,4.2959247,4.23716,4.2359195,4.2104044,4.154718,4.1665125,4.1537266,4.14732,4.150557,4.0900593,4.065979,4.048689,4.005692,4.032617,3.9689703,3.9795399,3.962297,3.952121,3.9508584,3.9539375,3.9622731,3.9547145,3.9455042,3.9346836,3.9459221,3.9434373,3.926234,3.9311094,3.914741,3.9458625,3.9492273,3.9332707,3.9439642,3.9297924,3.9411137,3.9613147,3.968267,3.9920053,3.9484143,3.993941,3.9980605,4.009952,4.014501,3.9981298,4.037017,4.045713,4.0666337,4.0791583,4.094876,4.1040106,4.1189175,4.1406446,4.1477385,4.158842,4.16549,4.176355,4.1872225,4.228438,4.220584,4.2310324,4.295159,4.3004303,4.3058114,4.3174148,4.3265157,4.325638,4.369457,4.36735,4.4126277,4.436534,4.4448233,4.458277,4.45685,4.4878764,4.5219584,4.5190015,4.515453,4.5317926,4.5646734,4.577087,4.591122,4.6353946,4.637805,4.6357265,4.66335,4.6544476,4.678951,4.6852455,4.7090592,4.7291684,4.725747,4.746886,4.7443085,4.775776,4.7876463,4.780827,4.8026366,4.7980976,4.8025985,4.799408,4.8100286,4.8244863,4.826603,4.839942,4.8545475,4.8777165,4.8620415,4.850892,4.873998,4.904133,4.894413,4.920358,4.9186783,4.9505033,4.950426,4.9532275,4.9555235,4.9702497,4.9569616,4.9724813,4.9873853,4.9889565,5.0016613,5.009155,4.9949737,5.0340314,5.019467,5.029994,5.0413976,5.0297565,5.040574,5.034036,5.0405297,5.022575,5.034098,5.0282865,5.063266,5.035968,5.045381,5.038083,5.0504026,5.0512705,5.0630245,5.0748806,5.048464,5.0435853,5.036471,5.0553885,5.0613503,5.0611644,5.0616336,5.052621,5.0671787,5.061314,5.072432,5.0597057,5.0517297,5.0569925,5.0829854,5.096856,5.0869327,5.0771623,5.0597615,5.05842,5.053081,5.0476623,5.06687,5.0837135,5.083787,5.061289,5.0680923,5.058024,5.052937,5.0615897,5.058006,5.107739,5.076564,5.089184,5.0975223,5.1094537,5.0907927,5.102816,5.0908113,5.093011,5.063987,5.0726066,5.0906944,5.09082,5.073038,5.1255164,5.0694294,5.047229,5.114615,5.080441,5.091947,5.082747,5.09456,5.0985203,5.0927525,5.0958433,5.114291,5.12029,5.095863,5.1030536,5.077798,5.0878086,5.110456,5.1028805,5.0928974,5.0823374,5.0861316,5.1018295,5.1100693,5.108522,5.093672,5.116883,5.124634,5.119328,5.135631,5.1400146,5.137647,5.1564302,5.1484394,5.1641107,5.1426744,5.1605163,5.1547356,5.1318545,5.166162,5.175844,5.154247,5.1668363,5.143205,5.1735377,5.178827,5.168388,5.169989,5.1745915,5.1740294,5.159709,5.165362,5.178579,5.181764,5.1908526,,,,,,,,,,,,,,,,,,,,,,,,,,,,,,,,,,,,,,,,,,,,,,,,,,,,,,,,,,,,,,,,,,,,,,,,,t6
FS/52.png,left,0.1994499999855179,5.2731466,5.270005,5.2643385,5.2763586,5.2644267,5.2676425,5.268145,5.258868,5.2642403,5.267394,5.2658043,5.272225,5.312769,5.2737007,5.2480946,5.2633576,5.2432013,5.241477,5.266828,5.240505,5.234488,5.2456,5.229989,5.229574,5.242481,5.25844,5.2469583,5.245418,5.241366,5.2388744,5.2530084,5.2445116,5.2430353,5.240092,5.241564,5.2517376,5.2503214,5.242806,5.2517395,5.261037,5.2483096,5.259309,5.2778344,5.2518086,5.25423,5.256767,5.267074,5.2682376,5.2753496,5.2718177,5.302176,5.2745323,5.259705,5.2798505,5.2988014,5.271957,5.2591734,5.2534075,5.2646565,5.2541203,5.251441,5.249616,5.245205,5.247985,5.251734,5.2375364,5.2324495,5.2218633,5.223389,5.20658,5.1867805,5.177179,5.172618,5.160577,5.116805,5.1362543,5.0767307,5.10359,5.079622,5.057925,5.0410447,5.031195,5.0393405,5.044073,5.0381975,5.0389156,5.0351744,5.0295997,5.0371,5.051246,5.0338073,5.0383177,5.029001,5.050282,5.0507255,5.046779,5.0378633,5.037916,5.0333643,5.038712,5.047758,5.031386,5.037364,5.036553,5.0453615,5.047607,5.0616026,5.0734463,5.09038,5.1041846,5.0579658,5.083875,5.1022177,5.10441,5.134157,5.119878,5.132309,5.1611395,5.170782,5.1857553,5.191718,5.185079,5.204182,5.2104583,5.2163773,5.209757,5.2274237,5.208567,5.2250333,5.2164483,5.2211933,5.2432528,5.2495146,5.238643,5.232814,5.218726,5.2051444,5.1942997,5.192829,5.1556625,5.1178913,5.0754647,5.0393257,5.0079384,4.9974785,4.964262,4.927235,4.902458,4.876078,4.8300524,4.802472,4.746394,4.7381253,4.700049,4.674305,4.653638,4.616012,4.576765,4.5864496,4.54757,4.5015545,4.477773,4.458352,4.4432645,4.4313083,4.414129,4.411718,4.392863,4.3708825,4.3882284,4.354295,4.340669,4.3089542,4.334232,4.291935,4.279364,4.281748,4.310841,4.283963,4.2642493,4.268938,4.2699256,4.3009486,4.3030596,4.2796106,4.2960114,4.3082466,4.280568,4.2887836,4.280464,4.2897906,4.2923703,4.299382,4.281058,4.335991,4.3066554,4.374169,4.378216,4.3587017,4.370465,4.3809347,4.4108067,4.3982396,4.4126077,4.40109,4.3951416,4.445594,4.459573,4.478018,4.493219,4.511868,4.5168633,4.5308766,4.5538235,4.562717,4.551552,4.556225,4.5872064,4.606089,4.6097183,4.612589,4.6596,4.6690717,4.6740217,4.7002835,4.7195644,4.7180967,4.73232,4.753031,4.7644167,4.7824335,4.77573,4.80446,4.8556767,4.818951,4.8505177,4.8524694,4.883111,4.897016,4.898556,4.887033,4.9327803,4.926212,4.935191,4.9583926,4.9585876,4.9451914,4.998948,4.9995155,5.0174284,5.0117946,5.0280805,5.0238056,5.0431724,5.034614,5.0608745,5.041284,5.04846,5.105672,5.0934,5.082135,5.1057115,5.1090765,5.1175284,5.117813,5.1389713,5.1256323,5.14135,5.1374254,5.1156387,5.157224,5.147852,5.1515474,5.175862,5.164795,5.146737,5.1817045,5.167392,5.144864,5.18302,5.199715,5.186345,5.1828837,5.209267,5.1639028,5.1846128,5.192576,5.184529,5.1958723,5.1845345,5.196209,5.2087274,5.187536,5.197428,5.1765428,5.197729,5.202811,5.190697,5.208334,5.1860566,5.1857953,5.187637,5.1892023,5.188983,5.184744,5.194195,5.1875234,5.186071,5.1892138,5.189317,5.182906,5.171765,5.200653,5.1737933,5.1903734,5.179091,5.170619,5.175969,5.1668167,5.189765,5.171113,5.16513,5.1789045,5.1733637,5.168924,5.188423,5.183968,5.198493,5.1821976,5.186915,5.1830463,5.1821027,5.1937556,5.1874714,5.191655,5.195046,5.194457,5.199076,5.18533,5.1906924,5.1897497,5.1980166,5.1998672,5.175377,5.15449,5.1810584,5.188416,5.185492,5.19563,5.209104,5.1682906,5.185222,5.1962366,5.1676307,5.1905966,5.1950274,5.1783085,5.1699095,5.211137,5.1936054,5.2009954,5.205013,5.202697,5.214581,5.2236557,5.1900826,5.201583,5.2114425,5.197334,5.213134,5.208757,5.2207117,5.207187,5.1967325,5.202928,5.196777,5.18399,5.189358,5.2081575,5.2102666,5.1968656,5.204207,5.1986666,5.193841,5.19642,5.1938705,5.200368,5.2043552,5.2023926,5.1957374,5.204099,5.194552,5.2255015,5.2073092,5.195114,5.206043,5.2245135,,,,,,,,,,,,,,,,,,,,,,,,,,,,,,,,,,,,,,,,,,,,,,,,,,,,,,,,,,,,,,,,,,,,,,,,,,,,,,t30
FS/52.png,right,0.1993213999958243,4.903965,4.9005885,4.9132423,4.9368787,4.93636,4.9457746,4.94403,4.9574547,4.957078,4.957144,4.9824924,4.954127,4.9663844,4.9634895,4.957218,4.968572,4.9632983,4.971247,4.9769077,4.963743,4.9581623,4.9614987,4.9596705,4.9698615,4.9658213,4.972619,5.0005236,4.9646826,4.972235,4.9875827,4.9857097,4.9916744,4.984911,4.9947367,4.9978976,5.002082,4.99719,5.0098214,5.0309367,5.0169635,4.9967484,5.0318832,5.0224304,5.0128617,5.015792,5.057696,5.032023,5.041318,5.0333357,5.057968,5.0152483,5.0192475,5.053956,5.0262527,5.03501,5.027228,5.0134616,5.0413113,5.0158024,5.035213,5.018602,4.9974823,5.011426,4.980723,4.9984565,4.9890046,4.9756403,4.9501314,4.964912,4.9373302,4.938938,4.9098206,4.889485,4.895431,4.8925314,4.8897676,4.8727927,4.896972,4.8846135,4.877521,4.891434,4.8891726,4.894186,4.8657103,4.8669558,4.892487,4.8789344,4.8837576,4.877965,4.891113,4.875302,4.88233,4.875563,4.8871856,4.89991,4.8961725,4.8795347,4.8874664,4.885707,4.8814006,4.8847218,4.8898726,4.892594,4.8961873,4.9054813,4.896997,4.906477,4.9085665,4.9539223,4.932725,4.968337,4.920968,4.9547906,4.967791,4.9536138,4.982408,4.9854794,5.0099826,4.99736,5.0071354,4.987638,4.9973087,4.99852,5.0282273,5.028435,5.028135,5.0411687,5.0499063,5.0504074,5.0661545,5.0646515,5.0651307,5.053955,5.0340476,5.0386195,5.056313,5.0404215,5.0219626,4.992195,4.967559,4.926602,4.9128895,4.8781376,4.843277,4.813391,4.777382,4.766689,4.73287,4.6981835,4.6187816,4.6047654,4.568582,4.5376797,4.5254536,4.459334,4.4413085,4.4306593,4.3795404,4.3648195,4.33098,4.3103585,4.318683,4.2831397,4.2630405,4.2561927,4.2319007,4.2254777,4.193607,4.2011566,4.194648,4.1706767,4.1720715,4.1471553,4.1654596,4.1440344,4.118055,4.1319275,4.1329126,4.1370883,4.124693,4.1366177,4.127702,4.121489,4.1345315,4.1253166,4.1362696,4.146596,4.153659,4.1389165,4.150834,4.1476192,4.166017,4.1723332,4.1780496,4.176995,4.1840777,4.1700706,4.1848493,4.1924367,4.2233415,4.211133,4.221187,4.2236853,4.2458243,4.269248,4.2841973,4.3076334,4.327342,4.333621,4.361309,4.357719,4.380437,4.390696,4.3790517,4.427266,4.4453015,4.4487486,4.4699664,4.489174,4.4634914,4.4899273,4.4982595,4.4911065,4.5246882,4.5450172,4.533841,4.5695996,4.571126,4.597156,4.643062,4.6437016,4.67059,4.67721,4.660908,4.6676455,4.687662,4.6715713,4.6941032,4.7065024,4.7296343,4.7353063,4.777277,4.7855434,4.794121,4.794988,4.8115916,4.817643,4.847359,4.84141,4.8523192,4.849649,4.862653,4.860299,4.887733,4.8923903,4.8930664,4.9090414,4.900854,4.9130163,4.9311376,4.9497485,4.960721,4.943953,4.9521146,4.9559445,4.968837,4.9751506,4.9828777,5.0093465,5.003233,5.024098,5.015506,5.0344343,5.021246,5.0188684,5.011199,5.0234127,5.0232115,5.0171776,5.036491,5.0289736,5.02735,5.0530806,5.025116,5.0379057,5.0164795,5.028685,5.0630183,5.064962,5.052808,5.0643234,5.026415,5.0618505,5.047799,5.075213,5.0487494,5.060367,5.0351787,5.0425167,5.066398,5.037208,5.023825,5.0205426,5.0259786,4.97236,4.9983745,5.004775,5.0048175,5.011601,5.0017934,4.986394,4.993786,4.9996943,4.9547157,5.0016356,4.996728,4.985953,4.9835773,4.9838514,5.0001607,4.9702973,4.958413,4.942428,4.96045,4.963324,4.9542637,4.94238,4.9448624,4.9551353,4.943327,4.940521,4.945581,4.9319916,4.963081,4.9397235,4.932349,4.9394107,4.931022,4.922135,4.9285603,4.933952,4.932562,4.918164,4.912351,4.907254,4.8847356,4.906856,4.890088,4.9185476,4.8987765,4.929999,4.878674,4.8913317,4.8971877,4.8947606,4.893649,4.86147,4.8751764,4.9012446,4.8729353,4.881626,4.872701,4.88826,4.8662667,4.876846,4.886835,4.8841267,4.877941,4.870345,4.9161615,4.871837,4.878545,4.869301,4.8700423,4.874113,4.871281,4.86261,4.902773,4.869001,4.8999925,4.875907,4.874945,4.884885,4.8839073,4.89466,4.9216366,4.8835435,4.9250665,4.9364896,4.9130588,4.918455,4.9381495,4.921747,4.9242854,4.9444737,4.9679556,4.9461007,4.956895,4.953827,4.9546857,4.9657173,4.9486322,,,,,,,,,,,,,,,,,,,,,,,,,,,,,,,,,,,,,,,,,,,,,,,,,,,,,,,,,,,,,,,,,,,,,,,,,t90
FS/902.png,left,0.220264200004749,5.231879,5.2458186,5.224677,5.232933,5.240646,5.250517,5.2531853,5.225634,5.2458315,5.283473,5.2477612,5.247269,5.2496653,5.234221,5.2665777,5.2383337,5.257057,5.264426,5.272563,5.2549853,5.256903,5.26796,5.271964,5.2576227,5.2357287,5.260543,5.2662334,5.2812896,5.279047,5.2829857,5.28993,5.307625,5.289013,5.2840843,5.2844872,5.29948,5.293225,5.300563,5.3140273,5.3040514,5.314492,5.3235445,5.3166857,5.3150167,5.3365703,5.326229,5.331532,5.336953,5.3194513,5.3415027,5.344,5.355429,5.3486643,5.3450794,5.3381977,5.3584776,5.3292136,5.3497615,5.339759,5.365799,5.37111,5.342901,5.355396,5.3677354,5.349935,5.3421855,5.3553762,5.347561,5.328091,5.346853,5.337596,5.34377,5.355641,5.340534,5.324911,5.3328543,5.3101664,5.345442,5.32459,5.302167,5.3249865,5.3106737,5.3183675,5.3136683,5.2956815,5.3101683,5.2878385,5.3034663,5.2726455,5.277099,5.302322,5.2798915,5.278805,5.289523,5.2697854,5.2825136,5.2667994,5.269997,5.2567544,5.2699494,5.2551594,5.266337,5.267377,5.277853,5.25857,5.2661076,5.274778,5.237348,5.2600126,5.258421,5.254918,5.2392592,5.2551956,5.261289,5.2477846,5.245381,5.2525907,5.268497,5.243445,5.2422423,5.245149,5.254442,5.243867,5.247355,5.2438745,5.2597847,5.2399497,5.241015,5.2275934,5.2408166,5.2545996,5.2304,5.224665,5.2313304,5.228332,5.217827,5.173088,5.1317735,5.1299577,5.0970855,5.058765,5.0227704,4.9845123,4.9434366,4.9113083,4.8802915,4.8284993,4.7647066,4.745475,4.7390623,4.718588,4.651803,4.5859814,4.595586,4.564146,4.5119762,4.513305,4.4751973,4.478745,4.3967423,4.391576,4.3448453,4.3194313,4.302248,4.3347583,4.2709713,4.2970033,4.2520165,4.2495675,4.248048,4.236009,4.1926007,4.2253394,4.209251,4.181134,4.182854,4.2013063,4.1534896,4.172115,4.136235,4.1502194,4.1388664,4.1412683,4.106682,4.1612844,4.130903,4.143963,4.157266,4.17146,4.1088166,4.1754,4.148958,4.1533623,4.155959,4.1823163,4.1727095,4.1754384,4.1750693,4.188665,4.200837,4.226925,4.2108784,4.245736,4.258648,4.2635455,4.257157,4.264867,4.2624006,4.2688627,4.3236275,4.314921,4.3760395,4.3808413,4.394077,4.4186482,4.4386196,4.449665,4.464813,4.4617867,4.485157,4.4690804,4.469385,4.4804373,4.50725,4.5522785,4.5717044,4.5898924,4.6029024,4.5971684,4.652767,4.652539,4.661052,4.688151,4.686776,4.702889,4.69794,4.709987,4.7322106,4.7358975,4.782363,4.770482,4.7748175,4.7826214,4.810371,4.804963,4.8265533,4.8196797,4.832249,4.8463717,4.858831,4.8602333,4.8526545,4.874082,4.890328,4.9081264,4.9224324,4.940145,4.9327016,4.928492,4.9440393,4.9561644,4.9641657,4.99362,5.020836,5.0226374,5.0090003,5.0327716,5.0477395,5.05402,5.0314665,5.0600276,5.05121,5.0491285,5.053317,5.0601788,5.0686107,5.067509,5.1056895,5.0810785,5.060701,5.0807185,5.093413,5.1038604,5.0934463,5.107544,5.1161795,5.1069727,5.105767,5.1063,5.130968,5.123189,5.119445,5.11785,5.137649,5.130657,5.1675677,5.1284766,5.1574574,5.166984,5.164208,5.1688786,5.1714444,5.168535,5.166592,5.1638165,5.1839547,5.17505,5.1940985,5.1796303,5.169749,5.173793,5.1622505,5.183165,5.177228,5.1817317,5.185088,5.155688,5.1735272,5.1929765,5.1786413,5.185516,5.2023697,5.1682034,5.1880608,5.1958933,5.181715,5.1843095,5.181179,5.1727014,5.188546,5.1657844,5.178505,5.176336,5.186192,5.1913314,5.186726,5.18466,5.1514187,5.193106,5.1622934,5.16934,5.167557,5.1578293,5.161406,5.1654344,5.1752415,5.1562595,5.1459064,5.131218,5.1575174,5.162397,5.164837,5.167284,5.1675005,5.1833034,5.162391,5.1619773,5.171446,5.1672707,5.1881423,5.182736,5.178396,5.1845527,5.2000074,5.2032185,5.193186,5.1994014,5.1870804,5.1944456,5.180892,5.212959,5.2033267,5.198144,5.1781554,5.1755676,5.194348,5.20527,5.204494,5.2143106,5.2078114,5.195014,5.197318,5.205828,5.225554,5.2058616,5.218116,5.188725,5.208672,5.196935,5.2274976,5.2146754,5.1694145,5.2116947,5.19736,5.199826,5.2167096,5.1911416,5.2028246,5.212124,5.219923,5.205301,5.2174067,,,,,,,,,,,,,,,,,,,,,,,,,,,,,,,,,,,,,,,,,,,,,,,,,,,,,,,,,,,,,,,,,,,,,,,,,t10
FS/902.png,right,0.184832799990545,4.9856906,4.988386,4.9917455,5.010748,5.003723,5.014891,5.0044146,5.0121775,5.003986,5.001147,5.0126877,5.0154614,5.012998,5.010713,5.008417,5.001933,5.014156,5.0063133,5.046657,5.062944,5.063647,5.063762,5.0759315,5.0843654,5.088378,5.090153,5.074219,5.053459,5.0516114,5.0955787,5.0807605,5.08482,5.086339,5.0903125,5.0933266,5.0814323,5.091859,5.09495,5.075327,5.0879965,5.096797,5.095888,5.088944,5.132792,5.1126785,5.1093435,5.1224856,5.1136203,5.123706,5.121158,5.10426,5.116087,5.108321,5.134759,5.100094,5.1149783,5.105246,5.1094275,5.0962033,5.095627,5.094453,5.089935,5.058855,5.0485697,5.0660133,5.054916,4.9982147,5.012551,4.965274,4.967378,4.9398274,4.9342837,4.913283,4.9226727,4.8956885,4.896473,4.896234,4.8947654,4.8903384,4.860955,4.867109,4.8770065,4.865925,4.8650966,4.8739743,4.876455,4.8735676,4.871957,4.8595448,4.8599253,4.849905,4.8863344,4.8491707,4.8593607,4.861898,4.876586,4.8685327,4.860714,4.877959,4.9010925,4.877545,4.8958273,4.881536,4.883928,4.894653,4.9004893,4.8991823,4.9429874,4.9527397,4.9191837,4.9418817,4.946428,4.952904,4.9440937,4.974926,4.960506,4.9937873,4.9785147,4.9954205,5.001219,4.9835286,4.9995513,5.0044603,5.014936,5.0210705,5.0164266,5.028751,5.0376177,5.0314264,5.040331,5.014831,5.0435276,5.0242643,5.0357323,5.036875,5.0318537,5.0245166,4.990191,4.9661193,4.9789896,4.94914,4.907709,4.881559,4.80934,4.7963905,4.7788115,4.7427244,4.7154245,4.6563478,4.6544576,4.620344,4.601325,4.577987,4.5455704,4.5159235,4.449164,4.4244194,4.42708,4.422895,4.403892,4.401187,4.3883033,4.346709,4.340689,4.3274426,4.308619,4.307657,4.2534904,4.2535515,4.2456307,4.236385,4.2585983,4.2161546,4.243915,4.2146244,4.2348757,4.216803,4.193976,4.216144,4.2134767,4.2050586,4.213889,4.218376,4.2216673,4.2120624,4.218379,4.2146225,4.2424207,4.244989,4.251443,4.2600403,4.292608,4.2989187,4.2920017,4.3156867,4.3365493,4.374019,4.3824716,4.392322,4.39823,4.4262958,4.433015,4.46181,4.4262123,4.4686637,4.464243,4.5040402,4.4831147,4.5492253,4.55553,4.5795684,4.5962253,4.601406,4.6266956,4.6595926,4.645183,4.697793,4.6702847,4.7087083,4.72593,4.720351,4.7399387,4.755904,4.777978,4.795367,4.8001757,4.812885,4.8208165,4.829631,4.836952,4.873725,4.8622227,4.88458,4.916587,4.907887,4.922251,4.9498367,4.9374795,4.950415,4.9638686,4.9791703,4.974687,4.967435,4.9940147,4.974536,5.009355,5.033871,5.0674148,5.05829,5.067509,5.097205,5.0997972,5.08086,5.0863843,5.108323,5.0971365,5.12188,5.1207905,5.1327143,5.113899,5.143804,5.165277,5.1456003,5.1593747,5.182149,5.2019663,5.1976576,5.2117186,5.206273,5.2111335,5.2074976,5.212388,5.222832,5.2148504,5.2198296,5.2323494,5.236342,5.230895,5.23766,5.2377563,5.239153,5.234964,5.257997,5.246919,5.2553554,5.2549243,5.265385,5.24571,5.280651,5.2595186,5.273547,5.2757907,5.263351,5.28696,5.300281,5.291964,5.2583795,5.285065,5.2875047,5.293217,5.318872,5.2909307,5.2878838,5.2994657,5.304659,5.325237,5.3296256,5.3276224,5.3250866,5.323868,5.325494,5.336885,5.327099,5.336834,5.365064,5.3376985,5.332535,5.3530984,5.347657,5.349481,5.355434,5.3603644,5.379611,5.373396,5.3638983,5.3833494,5.379827,5.3794365,5.3745985,5.3623414,5.39659,5.381626,5.4042926,5.385979,5.377979,5.376261,5.391788,5.400476,5.413214,5.4175167,5.397177,5.3955154,5.4160886,5.416173,5.4164844,5.412189,5.419447,5.4247346,5.4378014,5.435738,5.4153233,5.430659,5.419447,5.4247313,5.406229,5.4154496,5.4075994,5.4102774,5.4103107,5.418725,5.416157,5.4302545,5.4208503,5.425517,5.41565,5.4262686,5.413489,5.4266706,5.408129,5.4092536,5.4454646,5.4341073,5.4237328,5.4277925,5.417381,5.420008,5.413732,5.4318047,5.420731,5.430653,5.4339714,5.444702,5.4177384,5.4161644,5.4194155,5.439068,5.4217324,5.4080744,5.419048,5.415558,5.4146714,5.4148054,5.394077,5.413106,5.413258,5.3949785,5.402066,5.404483,5.4050756,5.3981514,5.3837314,5.3963885,5.389273,5.386054,5.382302,5.3910236,5.3734217,5.3723326,5.3822412,5.3780117,5.375004,5.378778,5.379906,5.373794,5.3872285,5.3828692,,,,,,,,,,,,,,,,,,,,,,,,,,,,,,,,,,,,,,,,,,,,,,,,,,,,,,,,,,,t51
FS/612.png,right,0.1902139999874634,5.068675,5.081591,5.087208,5.0847316,5.09763,5.0889106,5.1073833,5.0781965,5.0924473,5.0903482,5.116283,5.086348,5.087656,5.093241,5.100136,5.1180162,5.099277,5.105826,5.120763,5.1361346,5.102182,5.0900474,5.1225243,5.1254954,5.121711,5.1426187,5.1436224,5.134204,5.093168,5.149427,5.148563,5.13465,5.134768,5.151626,5.157538,5.162355,5.1345935,5.152353,5.169795,5.1607413,5.161537,5.166916,5.1617823,5.1483593,5.1576667,5.183519,5.1604924,5.156472,5.1616507,5.1757603,5.185867,5.165098,5.1705136,5.174656,5.1671615,5.137402,5.163156,5.147405,5.141105,5.163876,5.123283,5.129901,5.1156454,5.112567,5.0929766,5.0935864,5.095009,5.070045,5.088589,5.0850043,5.0607157,5.042096,5.0249763,5.0288506,5.0174556,5.011599,5.0250187,5.027428,5.014732,5.007699,5.001527,4.979907,5.019265,5.0008683,4.9995165,4.99522,4.974041,5.0098853,4.9991055,4.9991026,4.992227,4.961047,5.0035315,4.996263,5.0111384,5.00286,4.9957943,5.008556,5.0030293,5.0093136,5.024797,5.02484,5.0238457,5.0217943,5.0308733,5.0300364,5.049522,5.0466347,5.0443583,5.05094,5.0712156,5.059865,5.074473,5.075811,5.069067,5.070309,5.0927467,5.0867205,5.099879,5.0815067,5.1063952,5.094665,5.0969625,5.1127067,5.1312532,5.1097183,5.118026,5.1288195,5.117095,5.1164966,5.1419845,5.1465025,5.139029,5.122763,5.130471,5.1336083,5.096605,5.0775385,5.067324,5.0152,5.0011683,4.9682417,4.9452004,4.8769364,4.8549914,4.809118,4.7609506,4.7264028,4.6793513,4.6398025,4.6230054,4.5860243,4.551717,4.5048733,4.479265,4.4156647,4.410804,4.370715,4.3399568,4.340613,4.2891827,4.290051,4.251243,4.2241845,4.218512,4.1830235,4.137836,4.1260242,4.0989075,4.0995703,4.094821,4.095463,4.0947366,4.0760207,4.0946565,4.095433,4.045155,4.0313416,4.05116,4.0335217,4.034339,4.0469537,4.0325537,4.0435505,4.03831,4.0277834,4.055108,4.032175,4.060107,4.0344896,4.018303,4.0611753,4.05234,4.0583906,4.060504,4.0233116,4.032477,4.022865,4.050628,4.058884,4.082557,4.0912604,4.099463,4.1088037,4.073964,4.0915847,4.1004896,4.1045566,4.119819,4.1950727,4.205459,4.2055144,4.2588277,4.245108,4.279007,4.273221,4.311348,4.347825,4.336597,4.341396,4.383905,4.3742642,4.4200487,4.423884,4.426642,4.479376,4.439086,4.4945893,4.5299745,4.5390058,4.5376296,4.5319247,4.5363283,4.5756555,4.601613,4.5745234,4.620306,4.6257687,4.6380816,4.633029,4.665681,4.6754866,4.6807594,4.7143087,4.722002,4.712567,4.717283,4.7535563,4.7391014,4.7657504,4.783584,4.8158813,4.7867885,4.8333087,4.827834,4.824314,4.837666,4.8426776,4.838911,4.848633,4.841994,4.852271,4.865598,4.871576,4.8906684,4.8711762,4.893337,4.926175,4.8979774,4.925849,4.935707,4.953447,4.9395056,4.9696584,4.9618845,4.9770336,5.0023155,4.9981766,5.028741,5.0103383,5.0391846,5.01376,5.0282736,5.0323277,5.022628,5.0062346,5.0096006,5.0431466,5.011192,5.0389395,5.069408,5.049646,5.0585623,5.0355744,5.056712,5.057724,5.0723805,5.051603,5.0717926,5.0706196,5.082804,5.080655,5.077271,5.0630574,5.084292,5.0660963,5.0717177,5.084994,5.071756,5.0780134,5.073857,5.0728354,5.0712733,5.0806384,5.0539474,5.0830464,5.0459766,5.0685463,5.0892634,5.070538,5.050855,5.076343,5.0645895,5.078002,5.0665054,5.0540304,5.0755982,5.060662,5.075654,5.067498,5.082945,5.0567675,5.028528,5.0711365,5.072572,5.0441484,5.073614,5.0530996,5.04685,5.043746,5.0492387,5.0422254,5.0492067,5.0440044,5.034191,5.0259933,5.032579,5.037851,5.0232415,5.0373464,5.031428,5.023588,5.028732,5.0198116,5.031402,5.017506,5.0337067,5.007731,5.0190682,5.009421,5.024069,5.0130444,5.0180435,5.0270543,5.0353575,5.0017867,5.0023937,5.0211134,5.024781,5.021056,5.0320745,5.0276847,5.019164,5.0341787,5.023858,5.022035,5.044882,5.0353074,5.018687,5.024285,5.0439725,5.0441766,5.049742,5.0413423,5.032007,5.047494,5.033539,5.0794497,5.041242,5.0511336,5.053965,5.0627055,5.0482354,5.0701766,5.052608,5.076277,5.0689383,5.0510526,5.0687766,5.0715384,,,,,,,,,,,,,,,,,,,,,,,,,,,,,,,,,,,,,,,,,,,,,,,,,,,,,,,,,,,,,,,,,,,,,,,,,,,t12
FS/612.png,left,0.1852561999985482,5.253162,5.263796,5.2823706,5.2553043,5.26225,5.274477,5.2749305,5.27123,5.271674,5.274805,5.2714214,5.2676816,5.2606206,5.2652063,5.2685475,5.2866445,5.2639213,5.322106,5.2886333,5.3024473,5.3224344,5.2987633,5.33597,5.337112,5.336043,5.3167286,5.3371787,5.36075,5.3748126,5.4047046,5.3822527,5.367038,5.386067,5.408849,5.3829026,5.391726,5.398167,5.419015,5.4143214,5.421129,5.419442,5.4057746,5.4044266,5.458565,5.4390182,5.4272714,5.4098754,5.4165564,5.422897,5.4353356,5.440776,5.450015,5.4175906,5.4094687,5.406395,5.4141545,5.3653193,5.379803,5.3551555,5.346647,5.319934,5.320673,5.291149,5.2657256,5.2528067,5.2337856,5.232088,5.2102323,5.198503,5.1656065,5.1454644,5.1505795,5.146847,5.134369,5.1150017,5.1199236,5.0994067,5.087453,5.0885844,5.0980153,5.0597787,5.029862,5.0211177,5.011331,5.0108805,5.0304627,5.0072184,5.0231724,5.014327,5.009021,5.0191474,5.020218,5.010412,5.0014586,5.011169,5.020028,5.0192876,5.002132,5.032498,5.0261936,5.060528,5.0757847,5.076769,5.0812416,5.073295,5.0813775,5.110499,5.1198807,5.0933805,5.1133766,5.1325693,5.137849,5.128946,5.1483865,5.1631565,5.169118,5.185096,5.1586585,5.1788883,5.164242,5.178352,5.184487,5.184585,5.2082133,5.217788,5.226683,5.225036,5.2289124,5.236941,5.2499638,5.2255344,5.249662,5.2479663,5.243986,5.248966,5.2446384,5.2487726,5.2537456,5.2299466,5.2219114,5.2238517,5.1746917,5.141495,5.1142564,5.073539,5.034115,5.006576,4.963703,4.955134,4.8714647,4.87408,4.811727,4.7923646,4.72907,4.7172365,4.6575613,4.6584783,4.6430726,4.629224,4.572153,4.499741,4.4731507,4.4451323,4.4215646,4.412736,4.426028,4.4133725,4.3973374,4.374699,4.364072,4.367568,4.325679,4.31895,4.316333,4.303121,4.2982397,4.298565,4.306139,4.2893558,4.2890396,4.2646565,4.257983,4.278504,4.278781,4.267219,4.269748,4.2723327,4.267884,4.25498,4.2644253,4.2675543,4.2611833,4.2815976,4.2891536,4.268475,4.280321,4.2997227,4.3071623,4.340481,4.348319,4.3716826,4.3352175,4.366786,4.380423,4.370139,4.39885,4.41907,4.456586,4.4622307,4.473328,4.476961,4.493655,4.5029674,4.500454,4.5399566,4.556299,4.602721,4.60885,4.628501,4.6349382,4.639251,4.6777105,4.6868076,4.7034345,4.695911,4.712273,4.745371,4.7541256,4.797553,4.7943687,4.8154526,4.82324,4.844054,4.856037,4.845784,4.8559294,4.889354,4.885591,4.8967724,4.9312005,4.961787,4.9508476,4.970662,4.9875107,5.0090504,4.978963,5.0171638,5.0444007,5.0415206,5.0494113,5.0684304,5.060237,5.0573516,5.0736084,5.1067724,5.1082773,5.129667,5.136063,5.129792,5.1575646,5.143755,5.1657004,5.165426,5.1518483,5.1902723,5.177829,5.1863313,5.1951804,5.204126,5.197493,5.2097898,5.216338,5.2182317,5.232821,5.230235,5.2495055,5.2598567,5.2519217,5.2465906,5.252839,5.25635,5.265807,5.2659163,5.2763205,5.2949834,5.2752495,5.276618,5.297066,5.2872133,5.280885,5.309764,5.316549,5.301579,5.3104134,5.311435,5.3304343,5.3171716,5.341741,5.3414955,5.339093,5.3323345,5.343333,5.33419,5.3405986,5.3376384,5.3434563,5.349918,5.3633385,5.351004,5.363614,5.3569098,5.3390737,5.362528,5.3620467,5.3443117,5.3831115,5.361176,5.359674,5.367568,5.366869,5.349466,5.36884,5.3719726,5.360817,5.3635535,5.387148,5.3608813,5.3576417,5.367593,5.346893,5.355312,5.375516,5.362267,5.368009,5.373521,5.348395,5.375089,5.386502,5.3691897,5.3924546,5.364621,5.371018,5.3728294,5.3707256,5.361897,5.390142,5.3520293,5.3678646,5.3711176,5.3803988,5.371216,5.3582006,5.379744,5.3677926,5.3806686,5.381433,5.373209,5.390336,5.385314,5.383974,5.3822203,5.3788424,5.3824167,5.396448,5.387119,5.3831034,5.372194,5.354724,5.399265,5.3890643,5.360582,5.3873377,5.3818426,5.4090533,5.3853693,5.3971815,5.393729,5.382743,5.4023385,5.4005675,5.410373,5.3939395,5.381622,5.399035,5.3861785,5.393063,5.3708444,5.397792,5.3864856,5.3538055,5.3876634,5.3908033,5.385462,5.4027505,5.379725,5.4285975,5.4083796,5.4047256,5.4057636,5.376913,,,,,,,,,,,,,,,,,,,,,,,,,,,,,,,,,,,,,,,,,,,,,,,,,,,,,,,,,,,,,,,,,,,,,,,,,,,t105
FS/252.png,left,0.1736015000060433,5.0620465,5.090638,5.095296,5.067554,5.0831585,5.098876,5.0645723,5.0951395,5.0954566,5.063199,5.087523,5.105126,5.0923204,5.087661,5.0996695,5.1033955,5.099863,5.093298,5.093293,5.0900817,5.0946674,5.1070385,5.1088824,5.11103,5.103542,5.088659,5.082803,5.0937085,5.0968947,5.099704,5.0819926,5.104716,5.0920296,5.1068015,5.112675,5.1236467,5.108835,5.114945,5.11194,5.121042,5.118467,5.114819,5.1141596,5.119627,5.1197724,5.1201577,5.135012,5.1253953,5.1175404,5.1235967,5.131953,5.125186,5.1345124,5.1254044,5.1376257,5.142092,5.14028,5.1298394,5.1238785,5.1192527,5.125773,5.116103,5.1169934,5.1023583,5.103698,5.0940194,5.076559,5.0625253,5.065197,5.046462,5.033358,5.0050087,5.015184,5.012152,4.9805975,4.969031,4.967694,4.959082,4.933882,4.938783,4.915352,4.9244423,4.923408,4.9112906,4.91432,4.9164944,4.918595,4.9130177,4.9153185,4.9121323,4.919431,4.9030347,4.9146786,4.9168143,4.912,4.921668,4.91335,4.9179196,4.9190063,4.948445,4.918529,4.9286733,4.9200835,4.9159126,4.923637,4.9433703,4.9464874,4.9544716,4.9463005,4.9674826,4.9595857,4.9637146,4.972836,4.9629183,5.002258,5.002304,5.0216064,5.041899,5.0242276,5.048553,5.0313516,5.052681,5.0664296,5.0640597,5.0752425,5.0918922,5.091606,5.076656,5.075998,5.111859,5.1020136,5.0846386,5.119051,5.114579,5.096754,5.094986,5.101462,5.111788,5.086969,5.0756044,5.018537,4.9730525,4.9749475,4.927591,4.9168463,4.8633237,4.8271384,4.779055,4.7419667,4.7101073,4.6903524,4.646169,4.6005297,4.5534673,4.5546536,4.531705,4.5063205,4.4723167,4.433975,4.4068027,4.355459,4.3423915,4.3598595,4.324959,4.2878885,4.270425,4.279487,4.215028,4.2197905,4.175223,4.2033434,4.175699,4.1660514,4.1968303,4.1565704,4.18684,4.174884,4.141551,4.1450024,4.137749,4.130092,4.1287575,4.1402316,4.1435075,4.1346116,4.133203,4.1361637,4.1356745,4.120508,4.129204,4.1368623,4.1300845,4.1614203,4.1409807,4.1580353,4.1593423,4.1463485,4.1441994,4.1909976,4.195942,4.231914,4.214163,4.2555804,4.244822,4.26909,4.2508163,4.257571,4.2821784,4.3412523,4.310136,4.3814487,4.3682823,4.3469706,4.392266,4.4159064,4.4191437,4.4276743,4.438028,4.452314,4.4854774,4.511807,4.5545,4.5498075,4.5633583,4.552814,4.603228,4.6051626,4.612931,4.6254315,4.6242595,4.6470046,4.6819444,4.6704607,4.6991677,4.7019587,4.710652,4.7207923,4.761657,4.792997,4.7914934,4.7982693,4.8160715,4.816176,4.8298783,4.8440576,4.847017,4.8523626,4.8681784,4.8872347,4.8895636,4.8694534,4.892207,4.908103,4.9084134,4.932994,4.929242,4.945932,4.9460893,4.9467854,4.9509773,4.9489007,4.981155,5.002923,4.9975553,4.9936905,4.9795165,4.9941096,4.997191,4.9913063,5.009306,4.978091,4.9981427,5.015959,4.9993606,5.0089755,4.9793677,5.0148864,5.0216136,5.0345325,5.01846,5.02921,5.004598,5.017336,5.027327,5.0242825,5.0315094,5.034863,5.0254326,5.030804,5.0422163,5.0447445,5.062616,5.0624795,5.043725,5.058821,5.076529,5.0698576,5.076565,5.077878,5.060171,5.0800724,5.0783143,5.070345,5.072239,5.083129,5.09208,5.099152,5.0990252,5.1027894,5.104418,5.0851884,5.088947,5.0878415,5.101922,5.082315,5.0871477,5.098026,5.099014,5.0791526,5.1007223,5.079556,5.101246,5.081633,5.0880113,5.0881715,5.0882597,5.0754347,5.09166,5.0836906,5.083776,5.0895386,5.0739007,5.0832176,5.088354,5.0758753,5.0899363,5.0831203,5.106325,5.0905356,5.077613,5.0811644,5.0966253,5.0811105,5.077064,5.093802,5.075381,5.0832734,5.0817714,5.100626,5.0755467,5.074533,5.0718794,5.0886455,5.082162,5.078307,5.065321,5.108268,5.097095,5.0974007,5.1133904,5.0907865,5.0872107,5.0855465,5.0823855,5.079662,5.057054,5.086614,5.0860934,5.0793486,5.0749254,5.0885715,5.0972676,5.0835786,5.0525494,5.07483,5.080828,5.071151,5.073244,5.0640955,5.069735,5.056617,5.082097,5.0937543,5.0534368,5.062013,5.050074,5.0489655,5.0786095,5.045795,5.0752172,5.075481,5.0605597,5.0580697,5.052781,5.03509,5.0566354,5.027557,5.068273,5.0595813,,,,,,,,,,,,,,,,,,,,,,,,,,,,,,,,,,,,,,,,,,,,,,,,,,,,,,,,,,,,,,,,,,,,,,,,,,,,t20
FS/72.png,left,0.2404615999985253,5.2058897,5.2101007,5.203262,5.2128243,5.2105117,5.2124496,5.2323036,5.209527,5.208714,5.2330103,5.216141,5.229295,5.2271814,5.2218685,5.2247143,5.238555,5.219901,5.2531652,5.2475004,5.2524104,5.2263103,5.2594314,5.230001,5.251151,5.2627554,5.2745776,5.2736073,5.2170067,5.25806,5.2527394,5.2606936,5.242998,5.2563,5.2743144,5.2703304,5.263812,5.2628236,5.2709527,5.281342,5.2571683,5.2912083,5.278422,5.2989993,5.2882833,5.2742753,5.2902107,5.295417,5.2528534,5.275797,5.2625537,5.2685285,5.2463665,5.268205,5.2601767,5.228945,5.238407,5.2071466,5.187633,5.1869054,5.178672,5.1426964,5.1298294,5.1282997,5.128914,5.0998106,5.1115365,5.0839686,5.0763345,5.078659,5.0650682,5.0497227,5.049832,5.0424433,5.017149,5.0115314,5.0070486,5.0073986,5.0163717,4.977765,4.9903417,4.993668,4.970385,4.9661517,4.9410067,4.9512696,4.949588,4.942593,4.947145,4.9387574,4.929957,4.9537134,4.9304934,4.9619393,4.952479,4.9751606,4.9488506,4.9652967,4.973348,4.9864416,5.010937,4.982428,4.9964495,4.989196,5.0079226,5.0173845,4.9922113,4.999758,5.015582,5.020828,5.03127,5.040905,5.025594,5.0543814,5.063448,5.054385,5.040557,5.0764008,5.088948,5.07415,5.07664,5.099567,5.0769053,5.0992203,5.1093297,5.086997,5.1137033,5.097981,5.100071,5.1094675,5.0974836,5.101552,5.100344,5.079061,5.0667906,5.0415134,5.018491,4.9571176,4.935525,4.9202642,4.8950787,4.850112,4.8348866,4.783595,4.7405014,4.685537,4.6811013,4.593024,4.5617943,4.547226,4.540937,4.4912496,4.465951,4.393031,4.3528023,4.3458614,4.3109884,4.3178415,4.29477,4.278362,4.2339973,4.227971,4.177429,4.1534834,4.1680746,4.143001,4.1233044,4.119021,4.1138706,4.093101,4.0831037,4.064372,4.044119,4.0437784,4.050898,4.025189,4.0114913,4.014821,4.007224,4.016395,4.00118,4.009774,4.0258636,4.0133557,4.0112023,4.0064244,4.0027914,4.007349,4.0067334,4.0261626,4.0042105,4.029256,4.037999,4.0562515,4.0631013,4.075604,4.0930614,4.086094,4.1194725,4.126661,4.105922,4.1324286,4.1398177,4.129093,4.1416407,4.1704035,4.1701922,4.212916,4.2063894,4.246316,4.272542,4.274512,4.302399,4.31501,4.3039145,4.311926,4.321697,4.3527093,4.3646483,4.395321,4.4119334,4.431905,4.4670515,4.490028,4.494787,4.475303,4.5162215,4.526241,4.5385885,4.5439916,4.5450435,4.560542,4.593804,4.630227,4.6598945,4.653083,4.6385946,4.684475,4.682408,4.7101603,4.7025833,4.7472854,4.7434173,4.787255,4.785616,4.8123617,4.814056,4.8015175,4.841392,4.843525,4.8696766,4.8781514,4.897604,4.9024405,4.9041004,4.927491,4.940521,4.930846,4.956401,4.9376273,4.958645,4.9607925,4.96782,5.0093465,4.9983034,5.020231,5.0294,5.015548,5.060744,5.054908,5.0308776,5.0921392,5.0947123,5.0810976,5.099643,5.0890594,5.103738,5.1009974,5.1132054,5.1215253,5.1078734,5.127101,5.1269574,5.111784,5.1378684,5.1102986,5.142495,5.136154,5.1349726,5.1589785,5.159372,5.1605883,5.144267,5.167833,5.1536984,5.153504,5.177256,5.1708155,5.1809616,5.178004,5.160153,5.1633167,5.1851363,5.1859517,5.1919966,5.1718864,5.1707106,5.1795244,5.173942,5.170017,5.1457825,5.1638627,5.178407,5.1584187,5.162283,5.1544676,5.1648803,5.1765223,5.181906,5.1632385,5.172016,5.176929,5.1785545,5.1618085,5.1826587,5.1607375,5.16731,5.164342,5.1516047,5.175357,5.19518,5.1524158,5.16212,5.1543994,5.161256,5.158328,5.154304,5.1443024,5.1557126,5.1416273,5.145295,5.1512675,5.1661468,5.1625576,5.129154,5.1529775,5.1404862,5.1509485,5.1373925,5.1379995,5.12573,5.1551514,5.113958,5.113892,5.1277337,5.1463137,5.123315,5.1318,5.112944,5.124028,5.1135364,5.123578,5.123466,5.114795,5.1112394,5.1348825,5.113204,5.1100316,5.1149826,5.1129823,5.114736,5.106652,5.103675,5.112737,5.093744,5.123088,5.1046634,5.113648,5.11026,5.1039023,5.1107426,5.103938,5.111882,5.101079,5.1175356,5.108395,5.1318965,5.132545,5.1320314,5.1099415,5.1461806,5.1261845,5.1471095,5.1054487,5.121979,5.1252723,5.120579,5.115646,5.1251826,5.1500564,5.1329656,5.1247926,5.1285896,5.1278334,,,,,,,,,,,,,,,,,,,,,,,,,,,,,,,,,,,,,,,,,,,,,,,,,,,,,,,,,,,,,,,,,,,,,,,,t25
FS/72.png,right,0.1416639999952167,4.9972253,4.9935284,5.000045,4.9810977,5.012683,4.9963393,4.9925632,4.9967856,5.002775,4.962974,4.987828,5.010455,4.982939,5.003423,4.9704285,4.9943304,5.002343,4.989396,5.000981,4.991872,4.999856,5.0053368,5.017514,5.0270267,5.0111113,5.0269265,5.016107,5.0118465,5.0171785,5.0252447,5.0277057,5.0261054,5.024421,5.0176506,5.03844,5.0424995,5.043312,5.0467153,5.04968,5.039844,5.033128,5.047993,5.0410085,5.067482,5.0461106,5.080376,5.0686297,5.068417,5.120619,5.0857434,5.090006,5.0802813,5.081797,5.0911403,5.0793896,5.0736446,5.070339,5.0809813,5.0479007,5.0283275,5.0167837,5.001594,4.9742208,4.957758,4.9323907,4.9126916,4.889853,4.890727,4.8606763,4.8645372,4.831851,4.846674,4.8482637,4.8161435,4.7785544,4.7904234,4.774824,4.749716,4.746789,4.7197905,4.7106256,4.6999426,4.705344,4.7095313,4.6972275,4.703815,4.69759,4.6925883,4.6914,4.6987853,4.689118,4.6746807,4.6847477,4.693354,4.701764,4.700444,4.6982713,4.6978083,4.735101,4.7032905,4.708079,4.7308397,4.7465925,4.7427225,4.7396345,4.7744803,4.7647085,4.790118,4.7896967,4.7851076,4.812859,4.8470287,4.830545,4.844742,4.8794866,4.883683,4.891513,4.8953075,4.895347,4.913497,4.9209676,4.9560213,4.9319944,4.9558454,4.9409294,4.965105,4.989332,4.980022,4.979147,5.001295,5.011054,5.0019674,5.0047817,5.0340056,5.003217,5.0431995,5.018155,5.0382147,4.99935,4.9821057,4.9878764,4.955228,4.9176197,4.902921,4.8975177,4.8549056,4.83343,4.7569475,4.7579665,4.7391844,4.7300644,4.668285,4.6690774,4.633299,4.616132,4.5716643,4.5348344,4.506906,4.5179944,4.500779,4.498735,4.4478784,4.4448037,4.403162,4.403026,4.392942,4.413036,4.355769,4.3383837,4.3556776,4.349492,4.3343334,4.3063126,4.342186,4.3099036,4.320096,4.3022556,4.295727,4.2807655,4.2675123,4.2448125,4.22521,4.2928967,4.2340913,4.088846,4.074242,4.078148,4.0560994,4.0048585,4.2197714,4.480779,4.477075,4.496416,4.515592,4.513906,4.5112495,4.530881,4.575735,4.62074,4.637645,4.6592665,4.665315,4.712952,4.7008843,4.7110195,4.733626,4.7560477,4.7390094,4.7886195,4.7988114,4.8568745,4.839637,4.839373,4.866959,4.876297,4.91134,4.915257,4.917617,4.9244094,4.9441047,4.909599,4.8943286,4.923244,4.8037972,4.957615,5.07993,5.0196276,5.02215,5.0038805,5.0604696,5.055312,5.059102,5.069378,5.0548706,5.0659113,5.069104,5.0595555,5.0615454,5.0768843,5.052323,5.0770197,5.0520024,5.056005,5.075975,5.056628,5.065317,5.0614734,5.076283,5.0652733,5.070534,5.053039,5.079839,5.0895023,5.0692196,5.0875425,5.0976977,5.097612,5.081525,5.0873747,5.1000485,5.1063457,5.1037135,5.073464,5.0989256,5.092619,5.1098895,5.101219,5.0968466,5.101845,5.090713,5.099418,5.1026173,5.0937734,5.0989723,5.091411,5.1069355,5.0798187,5.102459,5.0894403,5.0858307,5.0918803,5.0902133,5.1036015,5.0947533,5.0749655,5.084895,5.055028,5.0521355,5.050806,5.0579195,5.0497203,5.0665693,5.055857,5.041182,5.0407524,5.040897,5.032365,5.0231476,5.0261297,5.012694,4.984342,5.0106707,5.0105753,5.0127277,4.9895487,4.995528,5.0022783,4.9963074,4.974802,5.0050406,4.980277,4.9740095,4.9791613,4.9576254,4.9780617,4.967242,4.950711,4.965802,4.95959,4.9300833,4.954834,4.915763,4.9421635,4.92447,4.94272,4.9253182,4.907544,4.922154,4.9103856,4.911445,4.902818,4.9012,4.900917,4.891827,4.887648,4.8793807,4.9019055,4.892571,4.891528,4.885291,4.9051857,4.9051776,4.9072385,4.888874,4.87827,4.8832994,4.9010563,4.893137,4.880084,4.8774414,4.8788204,4.8716297,4.8688593,4.889285,4.8829856,4.8977013,4.894766,4.8854876,4.8775887,,,,,,,,,,,,,,,,,,,,,,,,,,,,,,,,,,,,,,,,,,,,,,,,,,,,,,,,,,,,,,,,,,,,,,,,,,,,,,,,,,,,,,,,,,,,,,,,,,,,,,,,,,,,,,,,,,,,t49
FS/72.png,left,0.1943602000101236,5.318667,5.312661,5.324631,5.329375,5.3237247,5.3339496,5.342552,5.3246927,5.326899,5.3448277,5.3159623,5.314097,5.2962365,5.3431897,5.3359113,5.3419714,5.326398,5.342775,5.3274736,5.325573,5.311901,5.339639,5.3358507,5.329963,5.324407,5.3517838,5.3553405,5.3467617,5.3378005,5.361843,5.3468,5.3070335,5.3248463,5.3190217,5.2639065,5.2586975,5.2778487,5.24979,5.310963,5.3450584,5.3462133,5.321434,5.321865,5.3102627,5.3308144,5.384214,5.4063296,5.3717957,5.345959,5.3029065,5.3406277,5.331376,5.351256,5.329934,5.336027,5.3578663,5.3454814,5.303933,5.3103724,5.290389,5.2813306,5.297546,5.284515,5.243125,5.2406917,5.2358727,5.228955,5.2257667,5.2238545,5.207322,5.1852317,5.1563635,5.1524553,5.112846,5.1335273,5.1123056,5.087179,5.1020093,5.0801334,5.0702353,5.065835,5.0831366,5.061637,5.0526037,5.034439,5.0284805,5.019668,5.032481,5.0152965,5.0296187,4.996176,5.0190144,5.024968,5.0198464,5.017886,5.0273156,5.009218,5.013459,5.0208416,5.0144978,4.985942,4.998361,5.025352,5.0243673,5.022322,5.018209,5.031428,5.0444746,5.045385,5.0269604,5.0332875,5.0479655,5.058251,5.0590096,5.0695643,5.060823,5.0682325,5.086473,5.0699835,5.101781,5.1087823,5.088911,5.107199,5.110711,5.0982485,5.100631,5.10325,5.1230607,5.0987616,5.128416,5.121756,5.1576905,5.1251287,5.132127,5.1214094,5.13182,5.1114364,5.098123,5.102934,5.085692,5.069001,5.0321155,5.0401597,4.9652867,4.945116,4.8836102,4.844652,4.8467984,4.8127723,4.791222,4.7236714,4.6685705,4.643502,4.6340747,4.5758452,4.531274,4.542383,4.50362,4.5330534,4.484074,4.4401374,4.4234433,4.408314,4.3688884,4.364957,4.3280535,4.314417,4.28769,4.297361,4.2832227,4.2904916,4.2603045,4.24243,4.237191,4.2263045,4.2179275,4.213884,4.2151556,4.201611,4.196429,4.197957,4.2151537,4.189365,4.2024226,4.1771026,4.2043104,4.209414,4.2047887,4.2143917,4.2091045,4.219367,4.245915,4.2493505,4.2324862,4.241748,4.272161,4.2931566,4.2930417,4.291636,4.309617,4.303705,4.331206,4.3334136,4.3541594,4.3734274,4.398672,4.4060173,4.4004865,4.4602447,4.475325,4.4733577,4.486285,4.521557,4.509417,4.516547,4.5405293,4.5669827,4.592017,4.618227,4.615851,4.608792,4.6283894,4.6360464,4.6547294,4.6486816,4.703382,4.73105,4.7092237,4.7165484,4.7582173,4.7109365,4.7357016,4.740858,4.788941,4.7974267,4.801184,4.8023863,4.8128753,4.824018,4.85013,4.834835,4.85326,4.8666587,4.874553,4.913706,4.925342,4.948212,4.960685,4.956591,4.958326,4.9503913,4.960944,4.966993,4.964887,4.9765677,4.977415,5.032137,5.0204434,5.036354,5.035811,5.057559,5.086321,5.0932584,5.110423,5.0939693,5.1024303,5.0965247,5.124393,5.1185217,5.1339,5.122091,5.1481047,5.158355,5.1925764,5.1883297,5.1786203,5.1658645,5.225287,5.203888,5.191081,5.196879,5.194168,5.195487,5.2164907,5.2346888,5.2432446,5.210147,5.23097,5.2446103,5.2559686,5.2487836,5.2506294,5.246033,5.2762666,5.269429,5.269379,5.2494597,5.282437,5.277668,5.2651086,5.2836003,5.2748623,5.2647805,5.281412,5.273821,5.2786183,5.265038,5.2633843,5.2447357,5.268465,5.2868185,5.2627025,5.261849,5.2656207,5.2638617,5.2664933,5.269407,5.264554,5.252922,5.268411,5.2766156,5.2835584,5.277629,5.2886367,5.2601624,5.2624087,5.272999,5.2739253,5.273604,5.28429,5.273916,5.28241,5.2808695,5.272938,5.2766128,5.2849813,5.275576,5.2691355,5.3004875,5.2730126,5.28152,5.274099,5.2864003,5.284364,5.2856674,5.3008776,5.2765317,5.2727385,5.271646,5.289283,5.2701626,5.2743864,5.260822,5.287972,5.285515,5.2888513,5.327976,5.304821,5.3004217,5.295951,5.3170476,5.3046894,5.3253837,5.2939773,5.297359,5.314865,5.305409,5.2985806,5.30606,5.2808175,5.299192,5.287116,5.282549,5.2984877,5.285262,5.30028,5.293849,5.2913265,5.307182,5.2836385,5.2971206,5.3017263,5.303996,5.3013015,5.2992005,5.3195333,5.3349547,5.3140397,5.2971196,5.3201575,5.316463,5.312627,5.30767,5.3447175,5.331644,5.3239107,5.3209734,5.332392,5.3089204,5.318783,5.3155494,5.3257437,5.303025,5.3248744,5.3412027,,,,,,,,,,,,,,,,,,,,,,,,,,,,,,,,,,,,,,,,,,,,,,,,,,,,,,,,,,,,,,,,,,,,,,t109
FS/192.png,left,0.1878956000000471,5.1935616,5.197625,5.2088923,5.2011976,5.196038,5.213759,5.197266,5.214904,5.2090764,5.2098017,5.206826,5.225032,5.1912355,5.20108,5.193349,5.2088647,5.212905,5.211085,5.2200565,5.2156763,5.208471,5.2108073,5.214399,5.2076516,5.214861,5.2109914,5.2246075,5.211797,5.205833,5.2104635,5.2079344,5.206661,5.212629,5.216604,5.225109,5.206015,5.201989,5.207786,5.2191434,5.2394257,5.2058153,5.217261,5.2131057,5.219668,5.2269535,5.2365236,5.224415,5.2236986,5.2136784,5.2248764,5.211633,5.228274,5.2461286,5.2634993,5.2668705,5.2378435,5.223589,5.254689,5.240231,5.2375536,5.2304416,5.2059283,5.188739,5.208775,5.190375,5.168006,5.14169,5.15121,5.133282,5.1261153,5.123078,5.116451,5.11177,5.1077175,5.0976467,5.09459,5.0903354,5.105363,5.0867653,5.0996256,5.089096,5.077361,5.075582,5.0958776,5.073862,5.071956,5.0592327,5.0745907,5.0533934,5.055012,5.0723653,5.0693445,5.056255,5.0689907,5.047304,5.072894,5.0726547,5.0802608,5.068691,5.085645,5.066073,5.080255,5.0796046,5.085476,5.0696497,5.1057396,5.095076,5.100354,5.1012173,5.116378,5.119416,5.133056,5.1176014,5.106204,5.136347,5.1307635,5.117397,5.134276,5.134618,5.1336102,5.1408577,5.1349525,5.1292086,5.151524,5.1434293,5.1487036,5.157396,5.1465445,5.1769342,5.14812,5.16176,5.160955,5.144685,5.138297,5.1260023,5.130023,5.0995116,5.0977716,5.04634,5.02278,5.001673,4.963935,4.9174457,4.8811693,4.8737235,4.8044896,4.7818713,4.7719717,4.7293663,4.6637955,4.642977,4.589177,4.576268,4.532877,4.516836,4.4800177,4.4766746,4.428335,4.437832,4.402751,4.3966856,4.3482833,4.333594,4.307879,4.302909,4.2725825,4.2401867,4.2255397,4.192167,4.2022247,4.1996117,4.1727576,4.173505,4.1722975,4.1530523,4.163141,4.1896467,4.138738,4.1444993,4.1825256,4.15185,4.1342316,4.145363,4.135393,4.135572,4.1442714,4.1371703,4.151714,4.161546,4.151697,4.1619806,4.1695504,4.2021346,4.207009,4.204997,4.199268,4.213022,4.1990385,4.251382,4.2327437,4.2691717,4.274809,4.27241,4.276429,4.293369,4.316494,4.3156495,4.339659,4.355171,4.3564262,4.3695,4.4105935,4.4091854,4.435341,4.4226017,4.4731984,4.4547143,4.4774566,4.5039372,4.4935284,4.5065126,4.5253086,4.5311656,4.512488,4.5673723,4.5842514,4.586716,4.6168227,4.6493278,4.654243,4.6805563,4.684421,4.7007875,4.705722,4.714436,4.7246265,4.735811,4.7298865,4.734791,4.741144,4.7379665,4.7706547,4.797675,4.822004,4.7912908,4.818555,4.8531175,4.8502254,4.8543224,4.8758254,4.881678,4.8986583,4.901982,4.8948727,4.8728113,4.8962255,4.9131675,4.891115,4.927305,4.9232297,4.9341745,4.947294,4.9320955,4.9444923,4.9377656,4.9552784,4.948137,4.9741592,4.9693217,4.9590282,4.987318,4.9864154,4.9599752,4.9849076,4.9804068,4.985201,5.005163,5.0019846,4.9822416,4.9752865,4.9757776,4.975701,4.988581,4.9895372,5.002231,5.0081563,5.024788,5.02788,4.9821506,4.9890513,4.998877,4.9956384,5.006055,4.993491,4.9986687,5.003588,5.004961,5.0006056,5.003544,5.0062175,4.994483,4.9956355,4.9894633,4.9969225,5.0038466,5.0136185,5.011181,5.0048213,5.0153093,5.0105896,4.999117,4.9927306,4.997265,5.0040116,4.998886,5.0077944,4.999581,4.9896293,4.996075,5.0148277,4.9921317,4.998036,4.992677,4.9981813,4.993051,5.005023,5.0018554,4.9976115,5.0015683,4.9944625,4.9842105,4.997527,4.99519,5.0008526,4.991439,5.0005813,4.992817,4.9948115,4.9922657,4.996348,5.006923,4.9972816,4.9898944,4.995192,4.999866,4.9986067,4.9961605,5.0158896,4.9912734,5.011752,5.0208793,5.00113,4.988683,5.009526,4.9899445,5.01783,4.997843,5.005297,5.0042043,5.0030036,5.019254,5.008542,5.010499,5.025798,5.0118327,5.0003095,5.0192714,5.013737,5.011194,5.010438,4.995217,4.993555,5.009504,5.0092025,5.0137906,5.0015593,5.002829,4.997945,5.0077806,4.992952,5.0222597,5.0253196,5.0213294,5.0335793,5.014346,5.013274,4.994804,5.008542,5.005175,5.022485,5.0087333,5.0077972,5.0310483,5.031292,5.002421,4.9979963,,,,,,,,,,,,,,,,,,,,,,,,,,,,,,,,,,,,,,,,,,,,,,,,,,,,,,,,,,,,,,,,,,,,,,,,,,,,,,,t32
FS/192.png,right,0.1681343000091146,4.9971085,5.0188904,4.9832673,5.0222373,5.0060945,4.9956636,5.012328,5.010464,5.0060873,5.0557075,5.0252542,5.049468,5.0147605,5.0071845,5.0049014,5.0376444,5.0020304,5.011488,5.0133705,5.0291085,5.029566,5.0296493,5.008099,5.0169406,5.016887,5.0068293,5.005409,5.0099473,4.99892,5.006658,5.0230412,5.0209475,5.0340757,5.0374665,5.0471625,5.005749,5.043859,5.0048885,5.034974,5.038956,5.0339017,5.023931,5.0439568,5.058764,5.0581703,5.0467973,5.0519843,5.0577793,5.0489964,5.0612154,5.058719,5.0628095,5.038918,5.0727563,5.033334,5.0397844,5.0394807,5.036783,5.037001,5.024145,4.9811044,4.986359,4.960808,4.9556956,4.967805,4.9448094,4.9316163,4.90351,4.8902593,4.895707,4.888397,4.874193,4.871491,4.8379483,4.8325996,4.8521285,4.828141,4.7885575,4.8205194,4.810901,4.7965255,4.797655,4.7951236,4.7756505,4.774693,4.7608414,4.7708073,4.7391605,4.755952,4.751294,4.7379236,4.763543,4.7523828,4.7407136,4.7661614,4.740998,4.751698,4.723637,4.7325716,4.736179,4.737067,4.736211,4.7417226,4.7452745,4.739036,4.7556677,4.758821,4.745325,4.7445645,4.7616296,4.7605724,4.7651443,4.774793,4.7810464,4.801078,4.8187428,4.8343015,4.8125944,4.814616,4.8688498,4.849242,4.8769374,4.8808618,4.896164,4.8935475,4.8813,4.8955526,4.8890886,4.9028673,4.9151993,4.9136405,4.911078,4.9027896,4.929847,4.9050884,4.919323,4.9006386,4.8964143,4.897778,4.85151,4.811365,4.7573943,4.734148,4.7422423,4.6946406,4.6506834,4.600763,4.6023145,4.5414467,4.4901366,4.4768205,4.451181,4.4212236,4.371121,4.346438,4.2882633,4.2637486,4.252803,4.224668,4.1926136,4.1670976,4.1197457,4.125992,4.0809813,4.0578413,4.0388384,4.0324836,4.0239115,4.0043645,4.0148497,4.0077443,4.0118837,3.9745994,3.9859939,3.992028,3.9658287,3.948919,3.906694,3.9679596,3.9381216,3.9439125,3.9287987,3.9257936,3.9620743,3.924407,3.9263363,3.9071894,3.910264,3.9090796,3.9630191,3.9606261,3.9325063,3.9555612,3.9162169,3.962984,3.96422,3.9548948,4.0014024,4.003384,4.024086,4.029328,4.0423074,4.041611,4.042908,4.0554996,4.043117,4.0875616,4.143178,4.129372,4.1498027,4.18966,4.2260036,4.2425795,4.2409067,4.245952,4.2552133,4.263961,4.270642,4.267687,4.3060546,4.310403,4.3521194,4.342511,4.385574,4.401945,4.3977203,4.3946147,4.4121156,4.4278727,4.449532,4.4687777,4.489011,4.496675,4.4810534,4.488876,4.520505,4.509314,4.5119557,4.5170174,4.4968004,4.5558715,4.5899234,4.8290772,4.721516,4.7323036,4.700978,4.7230024,4.6854544,4.678511,4.692081,4.7400813,4.7392426,4.7577076,4.7621384,4.7531376,4.7674575,4.7931094,4.7896132,4.792483,4.7796454,4.8204765,4.8370566,4.8202534,4.8348737,4.8240967,4.8350515,4.8241158,4.857773,4.8532443,4.8760386,4.886735,4.8721743,4.859737,4.888801,4.873544,4.8963428,4.889748,4.900733,4.894324,4.9039555,4.909356,4.911332,4.903632,4.8932877,4.9033027,4.8918324,4.8948283,4.8860946,4.8892674,4.9252625,4.897477,4.8977876,4.9183135,4.908339,4.911144,4.909969,4.9013915,4.8992715,4.9048295,4.9083185,4.905324,4.910899,4.893978,4.904677,4.901136,4.9066854,4.9233766,4.9075694,4.889497,4.8942885,4.9119663,4.909681,4.885101,4.9009976,4.913971,4.9104958,4.916481,4.8953166,4.8897605,4.9183793,4.8782325,4.8879566,4.8856616,4.8914113,4.882433,4.9105496,4.879588,4.891408,4.9011326,4.8710604,4.862505,4.8774066,4.8967032,4.890214,4.8609495,4.8668375,4.887294,4.8451934,4.8659883,4.8854074,4.8759456,4.878589,4.8666344,4.9012394,4.885087,4.8907285,4.8821025,4.868579,4.892137,4.8881793,4.8975286,4.8848352,4.888996,4.8935394,4.8793216,4.8968654,4.8925204,4.866902,4.8860083,4.8889008,4.872661,4.8841805,4.8858533,4.897201,4.8680296,4.8818493,4.8747797,4.869441,4.889999,4.874214,4.877354,4.8831487,4.8753824,4.870301,4.860768,4.8737283,4.8696637,4.8792787,4.8719873,4.8889375,4.88073,4.877254,4.866231,4.8598866,4.8618436,4.867074,4.877824,4.8888335,4.876481,4.885778,,,,,,,,,,,,,,,,,,,,,,,,,,,,,,,,,,,,,,,,,,,,,,,,,,,,,,,,,,,,,,,,,,,,,,,,,,,,,,,,,,,,,t41
FS/192.png,left,0.223680900002364,5.5566425,5.569494,5.5655837,5.5686083,5.569913,5.5664926,5.5723076,5.570714,5.5629287,5.552302,5.546112,5.565399,5.569333,5.5598683,5.5385523,5.5568843,5.5510683,5.548159,5.551185,5.550679,5.554108,5.5516505,5.5502543,5.5623965,5.552444,5.554124,5.5518184,5.546826,5.551536,5.5627007,5.5318675,5.5132256,5.5215635,5.5303063,5.534297,5.5238237,5.5380287,5.4962854,5.505298,5.4960833,5.5365233,5.5104103,5.528139,5.537942,5.4901466,5.525044,5.546246,5.535697,5.5690265,5.511004,5.5073547,5.554161,5.530461,5.5221066,5.4989514,5.486212,5.482522,5.510828,5.4691,5.4738393,5.450733,5.447414,5.458835,5.448651,5.4458485,5.448606,5.4742866,5.447484,5.464481,5.4469094,5.439767,5.406342,5.407872,5.4073143,5.3939576,5.3967495,5.3810635,5.3384814,5.3689685,5.3817444,5.3568964,5.370115,5.3386197,5.3444867,5.347623,5.3473134,5.34142,5.378846,5.369748,5.327435,5.34493,5.3269014,5.3451757,5.3411274,5.3408403,5.3385296,5.33039,5.338062,5.331762,5.3358197,5.336471,5.368534,5.327184,5.3420806,5.365508,5.3520937,5.356413,5.3284407,5.344849,5.3475275,5.3439674,5.3310404,5.343037,5.355207,5.3774085,5.3418946,5.3718452,5.363951,5.349873,5.3567705,5.3720007,5.3567057,5.3710384,5.385723,5.3614244,5.364602,5.374219,5.3627853,5.3706756,5.3752203,5.3782806,5.375586,5.3888383,5.382454,5.3706055,5.3364754,5.3412547,5.3093934,5.291944,5.265716,5.252142,5.1613417,5.1422133,5.117184,5.1027555,5.080118,5.0020633,4.92685,4.943379,4.905726,4.884195,4.8490944,4.799681,4.7681727,4.721802,4.712625,4.678497,4.636753,4.604402,4.5730734,4.567191,4.536062,4.5018635,4.493899,4.4527097,4.4594865,4.425978,4.4075813,4.386492,4.376302,4.3563776,4.377767,4.3542976,4.3301864,4.3264165,4.316715,4.2996607,4.2928295,4.27515,4.274026,4.281628,4.2482314,4.269205,4.245873,4.2434573,4.2427597,4.2429824,4.2355084,4.247792,4.255979,4.2429404,4.2405796,4.2775016,4.246095,4.2558637,4.273594,4.2536006,4.2613053,4.2670527,4.240673,4.2459164,4.2609515,4.2987285,4.2696285,4.2881665,4.3044367,4.2951326,4.2765164,4.2816224,4.3218617,3.8418877,4.195492,4.4734063,4.512164,4.565847,4.582399,4.572716,4.6166716,4.6324363,4.6817546,4.6847286,4.712766,4.7233987,4.7162695,4.738798,4.75754,4.7472534,4.7509856,4.785242,4.812901,4.797482,4.8291645,4.834975,4.869567,4.8818836,4.889906,4.9297466,4.9091325,4.9123673,4.921767,4.9346814,4.9377527,4.9478984,4.978657,4.978996,4.9737167,5.0060644,5.034328,5.0296006,5.019125,5.0297713,5.037038,5.052008,5.080357,5.0762486,5.070176,5.096834,5.1008406,5.1367664,5.1195226,5.131808,5.1374836,5.131503,5.154303,5.152596,5.150407,5.1649556,5.1552186,5.177838,5.1883454,5.185668,5.199423,5.1994257,5.196052,5.214415,5.211633,5.230212,5.2082367,5.2103286,5.222214,5.2294397,5.23944,5.2426243,5.2282767,5.241101,5.2402735,5.2488155,5.2436266,5.235371,5.247199,5.247586,5.2487345,5.2551165,5.2520123,5.248561,5.2511654,5.25763,5.2492437,5.265188,5.249122,5.2639117,5.2778106,5.2627444,5.2544084,5.2591443,5.247129,5.259359,5.2493668,5.253761,5.2714734,5.2448306,5.236466,5.2470016,5.255728,5.2730746,5.2598643,5.2406826,5.2332,5.2241993,5.2251697,5.2256083,5.227393,5.2430606,5.228707,5.2355385,5.226383,5.2292385,5.2061315,5.222113,5.2159057,5.209738,5.2213492,5.226111,5.2104554,5.221108,5.211132,5.223263,5.2114944,5.2159944,5.208548,5.21158,5.193748,5.2230806,5.229612,5.177452,5.207147,5.1982503,5.2188063,5.210788,5.217239,5.1974573,5.2012253,5.207675,5.2120156,5.199468,5.2035227,5.2108765,5.195317,5.203039,5.2087355,5.211642,5.1927967,5.1911287,5.19618,5.220334,5.2424655,5.227308,5.201255,5.1913614,5.1910067,5.1814084,5.2056165,5.2100573,5.223098,5.2089386,5.217368,5.22482,5.2237263,5.239558,5.220946,5.233759,5.2166657,5.2453218,5.2507863,5.2406936,,,,,,,,,,,,,,,,,,,,,,,,,,,,,,,,,,,,,,,,,,,,,,,,,,,,,,,,,,,,,,,,,,,,,,,,,,,,,,,,,,,,,,,,,,t61
FS/272.png,left,0.1642847999901278,5.029367,5.0091696,5.0214624,5.018849,5.031661,5.008094,5.0061455,5.028647,5.0468473,5.0166154,5.017835,5.0337853,5.020951,5.0312,5.014198,5.0278254,5.0214562,5.032731,5.0382805,5.037589,5.029767,5.0224795,5.038792,5.0480437,5.0324144,5.0366454,5.0386524,5.0186863,5.0385823,5.042623,5.037073,5.052089,5.035563,5.0602465,5.04984,5.052423,5.0477524,5.0581727,5.0545697,5.051179,5.0534825,5.05779,5.060665,5.056796,5.0443344,5.078453,5.068503,5.067771,5.050839,5.0775914,5.075529,5.0688634,5.055163,5.0802803,5.121066,5.0890594,5.0569715,5.062806,5.047061,5.06958,5.0793414,5.0647945,5.0644336,5.045554,5.05138,5.0360537,5.050572,5.0190296,5.013788,5.017259,5.0107203,5.0241456,5.032799,5.016252,5.016364,4.9982467,4.988592,5.007861,4.9878845,4.9936333,4.9991794,4.9980674,4.998319,5.0086336,4.999391,5.026209,5.0055137,4.9837766,5.012038,5.0063267,5.005582,5.014654,5.0306215,5.003872,4.988634,5.028951,5.034496,5.0187593,5.039751,5.03695,5.035281,5.0462503,5.0408344,5.046489,5.0432634,5.0736136,5.0707216,5.0796103,5.06879,5.066449,5.0930367,5.0986443,5.0864344,5.1045837,5.100731,5.1253076,5.123276,5.1089187,5.129426,5.1158643,5.132812,5.129308,5.1351166,5.160062,5.1442127,5.1414714,5.1460423,5.163679,5.1361933,5.1445622,5.1677303,5.178913,5.1557627,5.171406,5.1867876,5.1533012,5.16834,5.1333075,5.127094,5.086262,5.071631,5.0519857,5.000785,4.978809,4.913331,4.8828936,4.851135,4.780933,4.7281437,4.723254,4.6919713,4.646485,4.5816903,4.5497046,4.5097046,4.4784875,4.455307,4.436088,4.358003,4.376855,4.3439274,4.309718,4.2623506,4.247284,4.2261133,4.187228,4.1504574,4.141274,4.1437163,4.143193,4.127481,4.1058245,4.1003656,4.0779305,4.088319,4.0758114,4.053152,4.061896,4.049321,4.0301304,4.046389,4.02836,4.0380464,3.9958265,4.0088673,4.0211444,4.0117497,4.0211983,4.0193086,4.0042176,4.004055,4.029763,3.996493,4.021063,4.0174255,4.0177984,4.047551,4.056179,4.0518346,4.0732727,4.064076,4.0857,4.084494,4.090967,4.1121526,4.127256,4.1536636,4.148464,4.1621203,4.147373,4.2064905,4.2616005,4.226047,4.2471704,4.279439,4.3000946,4.3167105,4.331454,4.351421,4.358787,4.390355,4.369604,4.377668,4.42282,4.439676,4.476645,4.478544,4.4891276,4.488156,4.5058465,4.5400724,4.552324,4.5646014,4.5846076,4.6006107,4.5936775,4.6622205,4.6746187,4.69362,4.6843166,4.697593,4.6970005,4.71583,4.728518,4.7388883,4.7484097,4.7539315,4.7533407,4.7721934,4.799018,4.8158336,4.845119,4.8530664,4.838235,4.877055,4.87382,4.8907375,4.9068546,4.9018273,4.916452,4.915857,4.9153905,4.9221683,4.9634204,4.9692926,4.950144,4.9623218,4.9508853,4.9651113,4.9594903,4.988157,4.992861,4.9870768,4.9896193,5.0206375,5.0252075,5.0275774,5.0573525,5.0606833,5.062004,5.0554404,5.063504,5.0778303,5.063079,5.079506,5.092257,5.0823646,5.092701,5.0795493,5.0987124,5.1047244,5.1192517,5.116469,5.1069136,5.1125236,5.108678,5.1107473,5.1114907,5.102205,5.1185646,5.111491,5.111319,5.1214705,5.116822,5.11691,5.101402,5.1252604,5.1206307,5.1160984,5.116858,5.1276712,5.1132946,5.108771,5.1120954,5.1094656,5.1181736,5.112242,5.1309204,5.1259446,5.1167097,5.1300297,5.1112494,5.1147766,5.126838,5.1255536,5.1213055,5.1214666,5.127793,5.129766,5.1126738,5.1287293,5.1151905,5.1226425,5.125091,5.1187916,5.114556,5.1344714,5.100098,5.1086035,5.137325,5.0852723,5.127027,5.1225104,5.118618,5.0996065,5.1162567,5.0993605,5.1334333,5.099536,5.117151,5.1195874,5.132422,5.0934863,5.1121163,5.1109786,5.107741,5.1105638,5.107423,5.108251,5.113375,5.0879416,5.103218,5.1276994,5.125707,5.10856,5.1310205,5.1195703,5.12408,5.1198025,5.1243577,5.1235743,5.126895,5.1453457,5.116987,5.1510587,5.137269,5.114488,5.140795,5.1210365,5.1463623,5.130242,5.12906,5.132469,5.135053,5.1564837,5.144487,5.160664,5.1527557,5.1232953,5.150375,5.1499877,5.113726,5.1460342,5.160881,5.1469216,5.1436825,5.1559267,5.1530285,5.1591306,5.1682687,5.15892,5.164744,5.15442,5.1435394,5.171853,,,,,,,,,,,,,,,,,,,,,,,,,,,,,,,,,,,,,,,,,,,,,,,,,,,,,,,,,,,,,,,,,,,,,,t33
FS/562.png,right,0.1902565000054892,5.1929617,5.1839266,5.15825,5.1524987,5.1696267,5.181957,5.1788564,5.150223,5.1709414,5.1672688,5.157131,5.1857686,5.1675367,5.1717587,5.155343,5.186544,5.1865635,5.1837873,5.187199,5.18998,5.1829224,5.174772,5.182816,5.195041,5.208362,5.192515,5.168605,5.1892176,5.1850634,5.2252765,5.227469,5.2224436,5.1952395,5.197936,5.203284,5.17861,5.196391,5.1577992,5.1807485,5.1831036,5.1923347,5.1916814,5.1719837,5.1766777,5.166019,5.192464,5.1751037,5.16707,5.158957,5.195163,5.1567783,5.176564,5.170324,5.186612,5.1542983,5.1661735,5.15291,5.146728,5.168091,5.131312,5.1284895,5.1017723,5.0994163,5.098247,5.085827,5.0726795,5.0803666,5.050377,5.0622525,5.0434346,5.029549,5.0255556,5.0258074,5.031412,5.0193954,5.0160484,5.0214853,5.0175495,5.0082793,5.018619,5.017379,5.0106487,5.025452,5.005376,5.0055795,5.0120273,5.017481,5.012408,5.005401,5.0386596,5.0111065,5.0520945,5.011253,5.0267124,5.0417743,5.038317,5.011281,5.0161004,5.0081573,5.025635,5.0148063,4.9789004,4.998301,5.0111756,5.0322123,5.043939,5.0201387,5.0410094,5.0259366,5.053726,5.064002,5.0287275,5.0322185,5.042049,5.068453,5.0639796,5.0591574,5.079752,5.026375,5.0671473,5.0398545,5.0701976,5.051423,5.0764513,5.0767856,5.0720677,5.082779,5.06997,5.081871,5.074443,5.0965376,5.0898447,5.0728564,5.08504,5.0492787,5.056784,5.0708375,4.984842,4.985455,4.969315,4.916204,4.9208755,4.8582873,4.8403134,4.7871857,4.772625,4.7213326,4.678206,4.6355233,4.561482,4.5789766,4.5469265,4.5008483,4.477071,4.416595,4.423429,4.3443346,4.33843,4.3171782,4.3130307,4.2801986,4.2082167,4.189181,4.1557717,4.1484475,4.152657,4.1326914,4.1091366,4.0774975,4.06783,4.0561543,4.034109,4.0239544,4.048136,4.0151706,3.996164,4.0378222,4.0083914,4.009677,4.001066,3.9752953,3.984495,3.9742997,3.9961596,3.998025,3.971551,3.9941065,3.9764478,3.9915316,3.979558,4.015997,3.983369,4.005374,4.0073757,4.0248227,4.042705,4.0670033,4.055504,4.0846205,4.0923824,4.0920486,4.087322,4.0954437,4.1303463,4.120077,4.1313167,4.181829,4.1782722,4.218827,4.22857,4.226933,4.2325015,4.251633,4.2652707,4.27133,4.278541,4.290637,4.299193,4.299448,4.3449755,4.359843,4.371774,4.371934,4.416712,4.4059505,4.43659,4.4569426,4.462184,4.4666204,4.472814,4.483413,4.5299726,4.5269575,4.5347633,4.5800567,4.5759664,4.5893207,4.591514,4.608376,4.6007485,4.618465,4.6572347,4.657604,4.6551557,4.6829214,4.688097,4.718099,4.7235346,4.739448,4.7461596,4.7530613,4.75352,4.7761106,4.736672,4.764269,4.8058047,4.7826977,4.78484,4.783087,4.808101,4.809279,4.795658,4.8282537,4.82017,4.8684306,4.8604593,4.8658276,4.881194,4.857004,4.861809,4.876615,4.8843765,4.8822713,4.9011264,4.907312,4.9128304,4.9058805,4.926417,4.923467,4.9303484,4.9175644,4.927178,4.9391026,4.927305,4.92144,4.949144,4.9302454,4.9321165,4.9378037,4.95653,4.9594,4.9615474,4.960223,4.9491305,4.95263,4.938125,4.943452,4.9589095,4.954592,4.9631386,4.9579425,4.9496264,4.9360423,4.951065,4.9539123,4.9684696,4.9554944,4.9640193,4.955564,4.957153,4.9458733,4.956576,4.9519515,4.956027,4.960952,4.9649377,4.957919,4.9545317,4.9596,4.9503107,4.9598017,4.952044,4.945792,4.9560714,4.9627995,4.954668,4.958496,4.966529,4.9621506,4.9587035,4.9614964,4.957738,4.969613,4.9705935,4.965767,4.963187,4.9702163,4.9641266,4.958735,4.978695,4.9667215,4.9576015,4.966293,4.977379,4.9816656,4.9931836,4.9780197,4.975053,4.973553,4.9909296,4.989218,5.0036883,5.0128145,4.991891,5.029136,5.0396094,5.062962,5.019307,5.0197887,5.0342236,5.053186,5.031947,5.049083,5.0433187,5.0629706,5.045699,5.0662146,5.0826364,5.0769258,5.080359,5.0780797,5.0707173,5.080265,5.0842338,5.067482,5.081889,5.097669,5.0958996,5.110336,5.0984163,5.109464,5.1067934,5.105377,5.102286,5.10133,5.10851,5.1077185,5.101023,5.122828,5.108395,5.1098,5.1048803,5.115759,5.1166186,5.093323,5.106832,5.1124096,,,,,,,,,,,,,,,,,,,,,,,,,,,,,,,,,,,,,,,,,,,,,,,,,,,,,,,,,,,,,,,,,,,,,,,,,,,,,,t39
FS/562.png,right,0.1916170000040438,5.1058054,5.095293,5.113093,5.1189537,5.10959,5.124278,5.135293,5.103938,5.1260242,5.1208043,5.1381006,5.1404366,5.1587224,5.1563945,5.1517653,5.151738,5.1432796,5.1475205,5.148217,5.1638885,5.1667185,5.1678925,5.1613297,5.1749897,5.1645403,5.164308,5.1787457,5.168742,5.145587,5.1663904,5.1705575,5.17653,5.1864824,5.169915,5.189921,5.2113566,5.1934958,5.192085,5.1879845,5.183709,5.1993895,5.1630526,5.1920223,5.2100883,5.2468867,5.237417,5.229295,5.2063413,5.2084303,5.193073,5.1980553,5.176963,5.2025266,5.2027245,5.1683664,5.189392,5.1737514,5.155175,5.1641226,5.167616,5.132761,5.1341143,5.1123796,5.0806613,5.0571895,5.0453534,5.0461907,5.035199,5.0133505,4.9994707,4.984108,4.9654408,4.967937,4.9030647,4.9225125,4.9202347,4.925937,4.912956,4.8773966,4.8806825,4.8705754,4.8617067,4.852823,4.8493395,4.845736,4.8373594,4.7942233,4.8060875,4.817643,4.807957,4.841755,4.800906,4.8116884,4.786134,4.767288,4.797845,4.7996707,4.792885,4.806277,4.7950644,4.824522,4.825508,4.807929,4.8245153,4.8213625,4.815737,4.8183775,4.8403606,4.855707,4.8620753,4.8246884,4.833366,4.825238,4.8618555,4.859713,4.860775,4.894036,4.860972,4.8906083,4.8891478,4.891705,4.9065313,4.9462085,4.899908,4.9449596,4.923778,4.9381914,4.9457154,4.944968,4.9461904,4.9544525,4.939393,4.9788704,4.973097,4.979402,4.9568357,4.970513,4.970097,4.9348474,4.9090896,4.859224,4.8386497,4.8333087,4.813546,4.761559,4.6917205,4.685088,4.6407743,4.5799403,4.547727,4.542772,4.4943523,4.4632554,4.4479403,4.372635,4.3261294,4.3094234,4.2952766,4.2800784,4.253659,4.2174377,4.179273,4.154143,4.1373606,4.125421,4.0858846,4.0729423,4.095486,4.02444,4.0064845,3.9879277,3.993315,3.9761245,3.9882822,3.9609494,3.9737482,3.948987,3.950323,3.9322956,3.9135866,3.9193163,3.9036386,3.9051626,3.9116542,3.9246428,3.9070342,3.9306514,3.9250524,3.9123502,3.9114838,3.9364026,3.9235027,3.9391322,3.9248154,3.9549167,3.9544609,3.955547,3.9482055,3.9817917,3.9918826,3.957596,3.9601817,4.0072374,4.0199585,4.0215077,4.0396028,4.051909,4.070659,4.06328,4.0915794,4.1016326,4.1032014,4.0846925,4.1427584,4.155476,4.159164,4.205131,4.237288,4.2438602,4.256308,4.2618613,4.2644386,4.2871013,4.313929,4.3003397,4.3232574,4.324949,4.3353004,4.36732,4.3993998,4.4115167,4.416096,4.442871,4.469401,4.477449,4.4880776,4.498071,4.485559,4.5325065,4.5491023,4.554735,4.5618362,4.556143,4.6284165,4.6140757,4.624831,4.6251144,4.6681595,4.668259,4.6736474,4.6858797,4.673605,4.701793,4.7262464,4.7383046,4.740184,4.7583365,4.753388,4.801628,4.7845645,4.7936563,4.8075624,4.8165507,4.844755,4.8501573,4.857897,4.8538866,4.872779,4.8907866,4.8855214,4.9010024,4.9096,4.925163,4.9233537,4.92216,4.8969584,4.919774,4.9337773,4.9435616,4.977838,4.956565,4.9910383,4.993739,4.9713182,4.9896207,5.0083637,5.0037565,5.0123386,5.0045424,5.0242405,5.023443,5.0174036,5.0223937,5.011451,5.0394526,5.0244784,5.0399513,5.0311933,5.0284476,5.0694222,5.0484514,5.0512953,5.025242,5.0247626,5.027452,5.008056,5.0206256,5.0340137,5.022951,5.0156074,5.0236087,5.0091405,5.0001497,4.970613,4.997565,5.013303,4.998509,4.9970384,4.9845295,5.003247,4.971263,4.9839225,4.979951,4.963447,4.9738626,4.9507465,4.972068,4.951494,4.9578047,4.9546795,4.9489894,4.9396095,4.897358,4.9227853,4.913309,4.92475,4.9222555,4.906567,4.903961,4.933624,4.9329224,4.907042,4.9554005,4.9076123,4.886271,4.9457254,4.901558,4.8944116,4.8931823,4.86322,4.8909044,4.89534,4.8953156,4.887484,4.87287,4.87412,4.8889575,4.8839126,4.8779306,4.8573575,4.8800387,4.8788385,4.8794427,4.8542233,4.8769383,4.8717976,4.8624434,4.8612103,4.862298,4.87556,4.869766,4.864759,4.8502817,4.8525705,4.8936653,4.8938713,4.8668146,4.868913,4.880818,4.8604393,4.8526144,4.8678827,4.8679686,4.875971,4.877576,4.835734,4.847117,4.87072,4.872488,4.8832054,4.8795047,4.894222,4.8784676,4.8955655,4.900007,4.889022,4.8974876,4.904359,4.8929567,,,,,,,,,,,,,,,,,,,,,,,,,,,,,,,,,,,,,,,,,,,,,,,,,,,,,,,,,,,,,,,,,,,,,,,,,,,,t58
FS/182.png,left,0.1794184000027598,4.8743124,4.8793926,4.8736224,4.875283,4.860902,4.864884,4.86605,4.8999314,4.89314,4.894819,4.9003286,4.8868012,4.8965745,4.9083786,4.8809314,4.896522,4.9045935,4.9103665,4.9009957,4.9168067,4.9114614,4.9233217,4.9216604,4.9285827,4.920866,4.9123816,4.9119153,4.9256377,4.9328084,4.923577,4.927309,4.9460897,4.93812,4.953749,4.95231,4.939532,4.948005,4.959316,4.9508624,4.9413943,4.957388,4.957376,4.945978,4.9805984,4.987732,4.984053,4.9969172,4.975854,4.9781113,4.9831057,4.9944663,4.9676704,4.9821587,4.961558,4.9997716,4.9683785,4.990184,4.972492,4.9629574,4.967509,4.965095,4.955832,4.950769,4.9535723,4.954975,4.9362283,4.9290633,4.917715,4.931295,4.9178214,4.9309573,4.919601,4.894962,4.895164,4.9067936,4.859516,4.847149,4.8750663,4.8676934,4.87497,4.8560047,4.870345,4.851669,4.8683667,4.8777866,4.8742857,4.831911,4.8619347,4.860925,4.8585987,4.84897,4.845007,4.879009,4.878344,4.8662124,4.8665614,4.8846664,4.863736,4.867584,4.85993,4.8761716,4.8679085,4.8823447,4.8847084,4.864256,4.880007,4.88557,4.8853126,4.8860383,4.895071,4.892138,4.8963475,4.8875284,4.900259,4.896731,4.9084296,4.9204063,4.9133434,4.9167533,4.93727,4.940671,4.93975,4.969667,4.940281,4.932103,4.9697356,4.973316,4.961948,4.9895887,4.962474,4.9673543,4.975676,4.9524508,4.933982,4.943691,4.9092045,4.917037,4.883616,4.8669662,4.8025565,4.7691135,4.754988,4.7305994,4.6436543,4.611357,4.5777764,4.5464587,4.509254,4.4673343,4.434314,4.397507,4.4183464,4.3207207,4.3169174,4.2977614,4.2881317,4.2045054,4.1792645,4.1686535,4.136869,4.1017427,4.071826,4.073381,4.060466,4.061078,4.028433,4.004761,4.0067806,3.981447,3.981812,3.9553864,3.9684887,3.9750772,3.9434557,3.9538035,3.94565,3.9350166,3.9499726,3.946702,3.9429634,3.871282,3.9011116,3.9353747,3.916942,3.9238172,3.916274,3.924691,3.9156272,3.9432487,3.9313867,3.9306686,3.9690592,3.9412754,3.9716995,3.9878426,4.0011497,4.027022,4.02942,4.0121975,4.034051,4.0598593,4.056854,4.056491,4.0804577,4.1266866,4.1399074,4.139711,4.179348,4.1858454,4.190616,4.219979,4.237758,4.2463393,4.2821484,4.277339,4.329383,4.3193727,4.3548346,4.3311753,4.3280663,4.385143,4.422773,4.4348907,4.452133,4.4403787,4.4660263,4.4873857,4.5041637,4.4991503,4.5213284,4.540754,4.572453,4.598071,4.5899644,4.6247625,4.6211514,4.641723,4.6333923,4.654207,4.6931243,4.7067895,4.708706,4.7020793,4.7130694,4.7266927,4.719293,4.750627,4.733735,4.7874866,4.7935696,4.7847943,4.805382,4.804596,4.8229923,4.8189125,4.823516,4.8331456,4.8433266,4.8524656,4.8625083,4.854919,4.867694,4.8951693,4.914082,4.90968,4.908883,4.895335,4.8997626,4.91595,4.894215,4.9304433,4.9266176,4.9367886,4.9222584,4.9427724,4.93649,4.9395924,4.943478,4.96567,4.9665084,4.948268,4.9856534,4.960627,4.9979124,4.990518,5.003898,5.030309,5.018136,5.016947,5.027611,5.0202465,5.0498548,5.0435834,5.023557,5.0213084,5.0428057,5.0540366,5.0563703,5.041433,5.0570216,5.064956,5.053515,5.046735,5.0567155,5.0650506,5.0651183,5.0631003,5.0970497,5.068666,5.0717926,5.064737,5.0558834,5.0651894,5.057424,5.0543437,5.062039,5.05401,5.059046,5.054526,5.0414925,5.040082,5.027431,5.01671,5.023226,5.015042,5.0224867,4.953019,5.00861,4.9852576,4.947866,4.92907,4.927806,4.9467,4.942998,4.9434376,4.953634,4.9600687,4.927848,4.9060564,4.9181156,4.909658,4.8902426,4.9021072,4.9046044,4.8728356,4.8804393,4.871337,4.887109,4.8840213,4.885432,4.8793063,4.868473,4.8699126,4.877673,4.866908,4.858602,4.8732405,4.867823,4.8514156,4.836566,4.859497,4.8714437,4.8524065,4.845433,4.863741,4.8154655,4.839292,4.8736973,4.856264,4.8679805,4.8706923,4.8752546,4.871042,4.8602815,4.8982344,4.8760376,4.8811812,4.8985124,4.9077344,4.910392,4.8876066,4.9000626,4.9137692,4.916961,4.912279,4.9158187,4.9106708,4.921985,4.9144354,4.922124,4.9409275,4.9197445,4.942383,4.928811,,,,,,,,,,,,,,,,,,,,,,,,,,,,,,,,,,,,,,,,,,,,,,,,,,,,,,,,,,,,,,,,,,,,,,,,,,,,,,,,,t42
FS/572.png,right,0.1098233999946387,4.928811,4.93471,4.9524937,4.936315,4.9278207,4.9545345,4.946958,4.935982,4.9489665,4.949483,4.9701424,4.952064,4.9552875,4.957804,4.9515896,4.9607267,4.990341,4.990936,4.9954414,4.9600277,4.9503016,4.9802938,4.9676785,4.963486,4.961663,4.982775,4.9837055,4.9817657,4.980722,4.9660006,4.9702883,4.9738183,4.987027,4.9973555,4.982677,4.9772053,4.986356,4.9890866,4.9792204,4.9880157,4.987691,4.9938793,4.983699,4.975613,5.008048,4.978184,4.9929333,5.00001,5.000762,4.99647,5.013588,5.007615,5.015669,5.02959,5.0214567,5.0109587,5.032461,5.0202384,5.0385103,5.0190425,4.9904666,4.998989,5.0016837,5.018873,4.9882994,4.9593225,4.940012,4.9173913,4.9146614,4.909864,4.890995,4.9086027,4.896039,4.8845263,4.886355,4.883896,4.87211,4.8918233,4.8782206,4.885854,4.8601885,4.8750277,4.8599234,4.8486023,4.8537893,4.8320465,4.849353,4.846857,4.8381,4.853007,4.8568845,4.8504558,4.8445916,4.8631463,4.824455,4.858607,4.856098,4.8584833,4.8689513,4.8561697,4.869041,4.8749375,4.88276,4.9006243,4.899241,4.8855433,4.895591,4.9110103,4.9088607,4.9002657,4.9132338,4.9134593,4.914453,4.919109,4.936322,4.9219127,4.929325,4.984752,5.010763,4.9724207,4.9515185,5.0025287,5.0088263,5.003218,5.028741,5.0238533,5.0436893,5.0332794,5.040634,5.053461,5.0803227,5.052654,5.0882726,5.072872,5.0633855,5.087414,5.0732136,5.0783234,5.0358343,5.012592,5.006096,4.9837227,4.9481,4.911311,4.898935,4.8744383,4.8263555,4.807568,4.75193,4.7311945,4.688889,4.6720943,4.630277,4.5682096,4.5451455,4.5181766,4.504082,4.4742928,4.432946,4.4263487,4.384912,4.34342,4.34731,4.317097,4.296654,4.287107,4.25989,4.256625,4.234884,4.19288,4.2142644,4.1996446,4.1739826,4.1430745,4.159868,4.173028,4.1666217,4.123948,4.1334558,4.1720104,4.141901,4.140713,4.1223273,4.136343,4.1446776,4.1254086,4.1403565,4.139165,4.16137,4.1326256,4.151292,4.160268,4.1546087,4.159864,4.1570406,4.156387,4.178549,4.185991,4.164435,4.16888,4.169026,4.226547,4.21234,4.2301464,4.273375,4.290588,4.29831,4.3048797,4.3198276,4.3513007,4.3623366,4.3569784,4.3678117,4.381685,4.386687,4.4224973,4.4297376,4.4329553,4.4407945,4.457621,4.468093,4.521781,4.521785,4.540999,4.525982,4.5334296,4.540796,4.58717,4.5994,4.614739,4.623082,4.6551166,4.683344,4.6803694,4.6745234,4.688088,4.7062607,4.724991,4.725281,4.7359776,4.734975,4.7637734,4.7578506,4.8024325,4.8115754,4.8272176,4.8578553,4.825108,4.8810277,4.883527,4.8584123,4.8918443,4.8936086,4.9124055,4.8930206,4.913295,4.9362307,4.9316573,4.9331617,4.946365,4.9610925,4.9388127,4.9522142,4.9769993,4.995499,4.981209,4.982416,4.9713454,5.01011,4.991741,5.0109086,5.0075045,5.0372796,5.042152,5.035979,5.0519147,5.062642,5.0262594,5.048691,5.0370927,5.052826,5.0495844,5.0675974,5.0597935,5.040785,5.0672193,5.0759897,5.0691805,5.06518,5.0663204,5.0657563,5.0655336,5.076987,5.05661,5.065534,5.0466537,5.0342984,5.053926,5.0629697,5.060464,5.061807,5.0616145,5.0554223,5.051518,5.026413,5.04327,5.032457,5.0287457,5.044788,5.0331693,5.049695,5.0395327,5.0406227,5.023392,5.0218034,5.007466,5.0107775,5.010345,4.9933243,4.991757,4.9937205,4.984822,4.977077,4.9792924,4.9800153,4.975386,4.9639187,4.9484563,4.9377847,4.9423943,4.945984,4.9616475,4.925328,4.9458823,4.947347,4.9396577,4.9310665,4.9350305,4.936142,4.9274983,4.9215918,4.9283257,4.9255786,4.937021,4.946363,4.9344053,4.9309745,4.937519,4.9509735,4.9321804,4.9186263,4.936829,4.942183,4.944089,4.9370008,4.952021,4.944418,4.949885,4.9447727,4.930649,4.9558,4.950409,4.96742,4.979912,4.9804707,4.9855003,4.9889007,4.976853,4.9916267,5.0082626,5.0220056,5.0210133,5.0119443,5.0201626,5.0262976,5.008329,5.0431056,5.035664,5.03814,5.019293,5.0479565,5.060468,5.044781,5.0536957,5.056946,5.057557,5.063495,5.0905113,5.070153,,,,,,,,,,,,,,,,,,,,,,,,,,,,,,,,,,,,,,,,,,,,,,,,,,,,,,,,,,,,,,,,,,,,,,,,,,,,,,,,,,,,,,t43
FS/382.png,left,0.0821792999922763,5.1351724,5.134784,5.1153855,5.126595,5.1186156,5.1253476,5.1163425,5.107425,5.1256614,5.093805,5.108306,5.116746,5.1048913,5.081209,5.097656,5.0728245,5.089607,5.082793,5.0865746,5.1039505,5.070057,5.05953,5.072185,5.0668793,5.062857,5.0734286,5.074829,5.0430803,5.0505304,5.0546627,5.070322,5.053157,5.0499945,5.0475807,5.0474935,5.052152,5.0295353,5.039609,5.0357895,5.032467,5.0328517,5.0424128,5.058593,5.052055,5.0607533,5.0406346,5.061456,5.0608926,5.0646205,5.0629287,5.060553,5.0636454,5.056954,5.046909,5.063285,5.0390315,5.020152,5.0724897,5.0243974,5.023136,5.0176997,5.0188427,4.983748,4.9746704,4.9884276,4.9588075,4.971647,4.9268713,4.908011,4.8752985,4.8761487,4.850259,4.860939,4.847026,4.8547845,4.820194,4.826158,4.8121986,4.787755,4.7574425,4.7829976,4.781399,4.783325,4.7595124,4.764074,4.729536,4.7586884,4.745542,4.744631,4.7562237,4.7102933,4.7291446,4.7127824,4.7278543,4.735945,4.745721,4.744119,4.73258,4.721998,4.743577,4.7638702,4.773834,4.7619476,4.7792134,4.769213,4.8037567,4.8040705,4.7987146,4.799086,4.7929244,4.815062,4.8110867,4.8385806,4.8599644,4.835827,4.8773313,4.8778524,4.8674,4.86179,4.8777914,4.875632,4.8745866,4.895434,4.921795,4.8974857,4.917321,4.9574766,4.944989,4.9660063,4.9662685,4.97016,4.979235,4.9784455,4.9839826,4.975147,4.9890585,4.96387,4.9492664,4.94238,4.9147143,4.8927407,4.8669977,4.8269477,4.7959013,4.751351,4.7051625,4.665427,4.629438,4.5999017,4.5657744,4.524482,4.4972987,4.466081,4.411257,4.3491144,4.341489,4.313385,4.309377,4.3070426,4.2479177,4.2116237,4.186252,4.1701603,4.159635,4.12526,4.1259804,4.0782785,4.0486574,4.0313735,4.0612235,4.060147,4.020354,4.0272117,4.0012317,4.0007696,3.9977703,3.9678462,3.9820583,3.985818,3.981626,3.998837,4.0021,4.007319,4.000911,3.9816747,3.9772124,4.005064,4.002573,3.9951985,3.9876535,3.9974437,3.9965553,4.008064,4.000882,3.9974117,4.0048933,4.004682,4.023708,4.0348787,4.035849,4.039995,4.05091,4.05922,4.076456,4.092264,4.1536217,4.173352,4.160042,4.17076,4.1642118,4.1841483,4.1771603,4.218263,4.2376814,4.2669063,4.28664,4.2848473,4.3281384,4.33167,4.3560095,4.363567,4.3829966,4.371851,4.3958893,4.427712,4.4441814,4.477136,4.469571,4.4959297,4.5019813,4.525084,4.576689,4.571076,4.549529,4.544445,4.588405,4.622652,4.6348,4.619615,4.6190987,4.6308894,4.620511,4.6224036,4.671309,4.699314,4.6993604,4.7030673,4.722039,4.7319136,4.7387266,4.7427797,4.76324,4.7842674,4.789737,4.7992206,4.785778,4.814256,4.8145237,4.835886,4.835278,4.830735,4.85446,4.850579,4.8483186,4.8618484,4.8640738,4.877205,4.897947,4.9001203,4.9173255,4.917647,4.914398,4.920623,4.931839,4.919288,4.928773,4.927913,4.9236865,4.9223876,4.926935,4.916621,4.9295626,4.9388843,4.9466815,4.9568353,4.931491,4.925072,4.9552126,4.958287,4.9514155,4.933421,4.952401,4.956415,4.9499497,4.938439,4.964827,4.977276,4.9383736,4.946502,4.925218,4.945577,4.9580464,4.934081,4.974256,4.9465804,4.9545574,4.974042,4.988763,4.985038,4.971008,4.947051,4.9705567,4.9953923,4.984815,4.973878,5.004044,4.9969006,5.013137,4.9999866,4.992303,5.024721,5.033052,5.018149,5.0175624,5.03729,5.0452003,5.05223,5.0431,5.0493016,5.043121,5.046391,5.0660496,5.048435,5.04515,5.075188,5.061981,5.0219464,5.0907793,5.0621576,5.065225,5.0868363,5.0648665,5.094648,5.0824103,5.084229,5.0852594,5.0834208,5.0542006,5.073114,5.0870185,5.088723,5.086277,5.0763955,5.0913477,5.0793176,5.058167,5.0733542,5.054804,5.065772,5.090584,5.081741,5.074093,5.054623,5.0507116,5.081914,5.035919,5.0539303,5.0497227,5.060536,5.044591,5.0308404,5.044276,5.025936,5.0266185,5.010676,5.0386395,4.996361,5.0103664,5.0270276,4.9858766,5.0003695,4.9842024,,,,,,,,,,,,,,,,,,,,,,,,,,,,,,,,,,,,,,,,,,,,,,,,,,,,,,,,,,,,,,,,,,,,,,,,,,,,,,,,,,,,,,,,,,,,,t48
FS/382.png,left,0.2159589999937452,5.0933714,5.103084,5.1251774,5.0913215,5.0890727,5.1038547,5.0994396,5.0934525,5.096287,5.0964756,5.0751224,5.097913,5.1190395,5.083594,5.099647,5.1047735,5.1147804,5.1229343,5.118,5.1326265,5.109344,5.11025,5.1253233,5.142772,5.108325,5.1018376,5.1257973,5.1366167,5.0991964,5.112104,5.1282115,5.143505,5.11488,5.157719,5.132028,5.1264687,5.1632147,5.1446223,5.138459,5.1329546,5.140911,5.1553454,5.154113,5.159107,5.145747,5.152565,5.1759953,5.165834,5.179018,5.163859,5.1603236,5.1790442,5.1656175,5.167052,5.1681657,5.173307,5.169383,5.1436086,5.1658115,5.173334,5.1574583,5.1045966,5.0826426,5.089891,5.063403,5.0984015,5.0665054,5.0388083,5.0197477,4.999332,5.005059,4.9815807,4.9760966,4.9279194,4.8983603,4.8945856,4.8540063,4.8626785,4.858408,4.8412824,4.8470592,4.8311167,4.8193955,4.809982,4.80937,4.816608,4.8172393,4.812205,4.8091083,4.813994,4.8140726,4.8041244,4.7946563,4.8133616,4.812972,4.8159637,4.814871,4.825683,4.8232026,4.819461,4.8346295,4.8323207,4.8297896,4.814047,4.8342714,4.844466,4.858805,4.865676,4.855387,4.874226,4.869246,4.8619466,4.8775816,4.8794985,4.8822246,4.88956,4.906403,4.915625,4.9188952,4.9224515,4.9215503,4.9359336,4.9399104,4.9329433,4.9371295,4.998789,4.959182,4.9667287,5.00149,4.995449,5.0133786,5.037787,5.043678,5.0317683,5.036141,5.038913,5.048694,5.041613,5.026758,4.994506,4.947026,4.9395156,4.937198,4.931093,4.895975,4.873045,4.821425,4.7817955,4.7421613,4.7379117,4.7079673,4.665382,4.640485,4.6339355,4.5697417,4.5506687,4.5270414,4.5159035,4.4839764,4.435755,4.429612,4.4227147,4.4104357,4.378706,4.379424,4.364138,4.355841,4.348735,4.292614,4.318901,4.2745857,4.2742267,4.2394795,4.2437053,4.2598286,4.2311087,4.258343,4.2325206,4.2619905,4.258692,4.245203,4.269011,4.256106,4.262532,4.2342696,4.2304983,4.263038,4.2515907,4.256396,4.266586,4.27181,4.293123,4.2880445,4.294681,4.297481,4.279755,4.304871,4.3096366,4.2939467,4.2791195,4.2935405,4.31503,4.3249903,4.393192,4.4337587,4.46653,4.461156,4.4697104,4.420462,4.393198,4.447894,4.4584208,4.476584,4.4958377,4.503396,4.499677,4.530282,4.5603385,4.570259,4.616107,4.63576,4.6245604,4.639042,4.6458364,4.6497717,4.6934543,4.717668,4.739919,4.733154,4.7762127,4.7703094,4.7675366,4.753346,4.7930713,4.8060174,4.8005652,4.8068714,4.8217835,4.838292,4.8437867,4.881258,4.9154215,4.903677,4.9146585,4.90303,4.9401474,4.9498625,4.9598308,4.94822,4.9520783,4.943833,4.9472065,4.9734364,4.9842644,4.987155,4.980407,5.007137,5.000185,5.0166826,5.008033,5.0153303,5.031891,5.01078,5.035257,5.0739856,5.087669,5.072358,5.085536,5.1050897,5.0919924,5.087393,5.125926,5.1001925,5.138628,5.115954,5.1254964,5.1177835,5.10385,5.1301436,5.1236925,5.115148,5.138849,5.146689,5.1492357,5.1674404,5.140771,5.139208,5.157684,5.1436496,5.135567,5.174556,5.1327786,5.165577,5.155794,5.154949,5.183459,5.173329,5.156294,5.1839547,5.1830015,5.1609144,5.1832466,5.1910753,5.1938677,5.1533446,5.1736913,5.191201,5.1594872,5.1739964,5.1506977,5.1685314,5.1859236,5.175901,5.1868773,5.176403,5.1643457,5.162768,5.170477,5.1462646,5.1554613,5.167737,5.168295,5.156703,5.1670218,5.159482,5.1472178,5.159878,5.178305,5.154054,5.13851,5.13778,5.1506114,5.1242805,5.1294026,5.1196985,5.138913,5.1235056,5.0929885,5.1259303,5.151635,5.1263556,5.1240296,5.110007,5.113313,5.1200023,5.115668,5.0962853,5.101631,5.094829,5.0728836,5.0791593,5.0607123,5.0843735,5.064469,5.065449,5.052759,5.073605,5.0577993,5.0632052,5.0674515,5.068043,5.070914,5.064513,5.067853,5.0675735,5.0700464,5.05733,5.065841,5.060073,5.0522714,5.057598,5.057969,5.0496273,5.0633764,5.0574613,5.0617075,5.060938,5.0701833,5.0627856,5.063161,5.0722065,5.063442,5.065652,5.073089,5.0764933,5.0472183,5.063712,5.0788145,5.0854197,5.078134,5.0899215,5.0705476,5.1001315,5.105932,5.089155,5.116751,5.0963364,5.1058054,5.095293,,,,,,,,,,,,,,,,,,,,,,,,,,,,,,,,,,,,,,,,,,,,,,,,,,,,,,,,,,,,,,,,,,,,,,,,,,,,t57
FS/32.png,right,0.1896710000000894,5.0695806,5.064883,5.0607014,5.0755563,5.0757284,5.055129,5.0717225,5.073997,5.0874534,5.0744367,5.100196,5.086389,5.05943,5.0742736,5.0769396,5.074681,5.118313,5.1006413,5.1142826,5.1087904,5.1135945,5.104098,5.112,5.128895,5.110028,5.114613,5.113944,5.1352773,5.1231093,5.141723,5.130047,5.1308994,5.114673,5.1409073,5.144033,5.155863,5.1230803,5.134423,5.1427994,5.149815,5.1413584,5.1372237,5.1256733,5.1348643,5.1347017,5.1269464,5.106947,5.112238,5.1204004,5.1300445,5.1041613,5.1003237,5.1151447,5.099019,5.0984597,5.103466,5.082478,5.071019,5.071173,5.0595055,5.0777726,5.061716,5.028721,5.053844,5.021038,5.0329213,5.0239773,5.0189924,5.0253015,5.0166645,5.0190687,4.983653,5.0000973,4.9890256,4.988993,4.9893303,4.983338,4.9736104,4.9718924,4.9667497,4.984686,4.981966,4.9781494,4.967831,4.9929624,4.9701414,4.9376493,4.990507,4.973133,4.9991856,4.98969,4.977343,4.9858484,4.991846,4.993811,5.007482,4.990872,5.020114,4.985181,5.003953,5.010242,5.043842,5.036734,5.0389895,5.0626016,5.023624,5.079617,5.05584,5.0805645,5.081873,5.08589,5.1079674,5.1201625,5.1132545,5.110626,5.113065,5.148345,5.147676,5.136418,5.152429,5.144009,5.172584,5.1557508,5.152219,5.1805067,5.1795163,5.1802716,5.1707807,5.195626,5.175631,5.1746616,5.1757903,5.1957607,5.1520987,5.1503153,5.143948,5.146074,5.130858,5.09989,5.0916233,5.0643334,5.0121293,4.94634,4.9193373,4.9037275,4.8748503,4.814462,4.785707,4.770166,4.7383595,4.7090316,4.6388454,4.6039495,4.6007175,4.579983,4.5289264,4.5229473,4.5096903,4.4898767,4.4649396,4.4272575,4.413997,4.3728113,4.354058,4.3423185,4.343362,4.316347,4.3304996,4.3024445,4.3095493,4.2871137,4.3037105,4.2740793,4.2713447,4.2694726,4.278576,4.249147,4.2597427,4.2279425,4.2801795,4.2840095,4.259052,4.2629294,4.272692,4.2535095,4.2368364,4.2358665,4.2826643,4.2738853,4.2870007,4.2803664,4.29293,4.270111,4.271528,4.280379,4.3004875,4.334498,4.2935333,4.3115907,4.2929306,4.298665,4.361588,4.515454,4.537035,4.564669,4.511043,4.543597,4.5517755,4.583581,4.6071477,4.613868,4.625296,4.631108,4.65208,4.7009344,4.726234,4.750659,4.781418,4.771278,4.772682,4.794653,4.8275304,4.8473325,4.8436446,4.8561,4.8581104,4.8832397,4.8904405,4.918313,4.91481,4.956692,4.9408884,4.9734926,4.983321,4.99772,4.9956064,5.0133114,5.0126843,5.028349,5.0351167,5.034216,5.071396,5.085422,5.078615,5.0974555,5.0979867,5.1118116,5.1295857,5.1109123,5.1218405,5.1131473,5.1223254,5.1239805,5.146886,5.135495,5.1465507,5.132179,5.1638556,5.181768,5.1612997,5.1758075,5.2008996,5.1717715,5.199519,5.1925774,5.190912,5.2091985,5.2008653,5.2103434,5.216027,5.2539883,5.2478848,5.2496786,5.235935,5.257363,5.2780004,5.270933,5.2739816,5.279135,5.2580833,5.2875214,5.2729483,5.267637,5.281619,5.2690997,5.2967153,5.271148,5.266277,5.320365,5.2873077,5.2958364,5.2939444,5.2767134,5.278945,5.303341,5.301482,5.2901297,5.29323,5.2937226,5.3142595,5.289883,5.2983036,5.320376,5.3006616,5.2887287,5.285393,5.3005495,5.2809806,5.2846427,5.2868414,5.3095345,5.267635,5.260572,5.2515717,5.2692857,5.2615457,5.2535005,5.23518,5.2586656,5.2442384,5.2433014,5.2534266,5.237435,5.253588,5.2236886,5.2238817,5.233573,5.228087,5.240644,5.228224,5.238782,5.2056966,5.2263904,5.210959,5.219131,5.215554,5.2263794,5.2120686,5.2029552,5.2199926,5.189958,5.190498,5.186849,5.2156754,5.185116,5.1799207,5.2086906,5.1948304,5.176087,5.167697,5.1996408,5.1818347,5.19882,5.1873965,5.165956,5.1921735,5.1822376,5.1863813,5.1820173,5.16371,5.174728,5.15321,5.1808114,5.182114,5.1804304,5.171499,5.160557,5.178844,5.19,5.187522,5.1497755,5.176183,5.175182,5.204046,5.184376,5.1933346,5.1583343,5.190724,5.1854944,5.207926,5.197649,5.185512,5.167907,5.1928053,5.2081637,5.2182894,5.2011895,5.20351,5.192665,5.2115297,5.243931,,,,,,,,,,,,,,,,,,,,,,,,,,,,,,,,,,,,,,,,,,,,,,,,,,,,,,,,,,,,,,,,,,,,,,,,,,,,,,,,,,,,t53
FS/32.png,right,0.1770795999909751,5.1654425,5.1964035,5.1759367,5.1896467,5.1793265,5.192277,5.1720295,5.2025833,5.1750007,5.2045846,5.1950426,5.2034345,5.193899,5.2092805,5.2164254,5.204002,5.190853,5.211164,5.2130237,5.216317,5.2167706,5.2317133,5.214496,5.2444835,5.2255063,5.228488,5.2249017,5.246389,5.216412,5.2551727,5.2391357,5.2389483,5.2377067,5.2430205,5.233409,5.2397547,5.2376423,5.2304716,5.2275214,5.249306,5.2349873,5.2377076,5.261689,5.2503204,5.2531333,5.251694,5.275299,5.258464,5.289286,5.258664,5.2762637,5.255004,5.265207,5.255895,5.264022,5.2335396,5.2510242,5.2180896,5.2188025,5.2050657,5.214048,5.1801076,5.2115755,5.1902733,5.126327,5.148888,5.1413283,5.111749,5.110366,5.0915413,5.0596137,5.063716,5.049321,5.037257,5.0564713,5.014756,5.0128903,5.0160804,4.9907484,4.9823823,4.97688,5.006769,4.965067,4.959397,4.9538617,4.9536366,4.9566097,4.93146,4.9448256,4.9469666,4.943854,4.9436564,4.948025,4.943577,4.919277,4.955896,4.9370656,4.9518886,4.943201,4.9415812,4.942309,4.954208,4.9780974,4.951354,4.9485154,4.968576,4.9651904,4.9654756,4.9605126,4.9727354,4.966953,4.983279,4.9952116,4.995098,5.00262,5.0047956,5.0163164,4.9911504,5.022586,5.0486765,5.045239,5.0436463,5.042387,5.059812,5.053494,5.0859346,5.0887375,5.0853763,5.109342,5.0876675,5.112882,5.1084104,5.1201124,5.095972,5.1071663,5.083269,5.079917,5.0589476,5.0518985,4.997381,4.9650526,4.9513993,4.921163,4.8836737,4.824369,4.788118,4.742241,4.7165184,4.7001524,4.646918,4.6388664,4.605263,4.5604568,4.5187893,4.460746,4.4376116,4.428921,4.4094706,4.3805943,4.387514,4.335344,4.303928,4.308198,4.2754073,4.274342,4.2601104,4.2385845,4.2243896,4.1686997,4.171339,4.167714,4.1637177,4.1539173,4.145479,4.1436763,4.1349487,4.1395435,4.1379457,4.125942,4.151575,4.140392,4.1370354,4.143849,4.1610546,4.129043,4.1198463,4.1324143,4.112514,4.163308,4.1511993,4.1694636,4.16606,4.1604605,4.1698594,4.1823587,4.18503,4.20152,4.2068663,4.187625,4.183878,4.220628,4.2069693,4.2004104,4.2324433,4.2636795,4.2936053,4.348581,4.677192,4.439519,4.606792,4.58974,4.5642686,4.5672007,4.599206,4.614904,4.7267127,4.6006546,4.654892,4.690782,4.711215,4.7066875,4.7250977,4.7211328,4.7485647,4.7664313,4.7945275,4.796612,4.8293543,4.827955,4.832405,4.8733015,4.874288,4.8994884,4.8925333,4.907525,4.8780484,4.9017725,4.9354787,4.955698,4.9743757,4.9675794,5.0005374,4.973675,5.0068808,5.0009475,5.004505,5.0226607,5.032266,5.02726,5.0479383,5.020736,5.0472846,5.071611,5.0617037,5.0945153,5.087501,5.1109056,5.1029577,5.071319,5.093198,5.094872,5.0929084,5.110169,5.1173472,5.10507,5.1186986,5.1362247,5.149153,5.152375,5.146202,5.1518493,5.1566825,5.154407,5.1690493,5.175158,5.1909204,5.1444345,5.1275496,5.1534724,5.1669393,5.1482162,5.155239,5.191401,5.192048,5.217241,5.205241,5.208846,5.206716,5.205254,5.1764717,5.1738696,5.1747727,5.1735477,5.1821723,5.202049,5.2173457,5.1942525,5.212974,5.197792,5.211535,5.2254705,5.189147,5.183831,5.204407,5.2003007,5.207169,5.2343616,5.2005486,5.2108493,5.20855,5.2163396,5.2247047,5.2199764,5.191699,5.190114,5.206423,5.1866646,5.2196136,5.193634,5.201518,5.223928,5.1978264,5.1802907,5.182365,5.1720324,5.173039,5.1652975,5.1661196,5.19245,5.1893415,5.173819,5.186968,5.1864047,5.1423597,5.1629367,5.1444235,5.173616,5.1803665,5.16419,5.186086,5.1450043,5.1316586,5.1140532,5.1573095,5.1489697,5.1321707,5.1215487,5.1136312,5.0899916,5.1163855,5.1276765,5.1406965,5.127747,5.1037154,5.102741,5.1024103,5.105936,5.0871763,5.076552,5.0751495,5.059021,5.080478,5.070194,5.0470247,5.055082,5.054147,5.032316,5.0314097,5.0301557,5.0503387,5.008237,5.003879,4.995313,5.00997,5.000451,5.006233,4.989926,5.0018196,4.9627523,5.002536,4.962465,4.9766746,4.967542,4.9655695,4.969785,4.9577036,4.9857435,4.9737163,4.971215,,,,,,,,,,,,,,,,,,,,,,,,,,,,,,,,,,,,,,,,,,,,,,,,,,,,,,,,,,,,,,,,,,,,,,,,,,,,,,,,,,,,,,t111
FS/202.png,left,0.2072878999897511,5.2134585,5.249093,5.234001,5.233505,5.2204247,5.2269635,5.217864,5.220685,5.2240176,5.2561836,5.212437,5.256267,5.2319455,5.2248697,5.238388,5.2396674,5.258069,5.2558794,5.244367,5.2558064,5.2389565,5.225308,5.234521,5.2267075,5.25156,5.222198,5.2421083,5.2392945,5.2388625,5.2394767,5.213598,5.227083,5.231529,5.245532,5.20413,5.223122,5.2016206,5.203326,5.2187476,5.2389455,5.2031283,5.2160687,5.242338,5.205936,5.2436194,5.220513,5.244011,5.2079062,5.194335,5.2287116,5.1959424,5.2086062,5.1940866,5.2083426,5.1710563,5.184233,5.1572223,5.1581106,5.161525,5.1562614,5.1427145,5.1296415,5.1203294,5.1181636,5.1136775,5.0891366,5.07025,5.0503106,5.0701556,5.020689,4.992235,4.999159,4.964311,4.943108,4.938881,4.9607716,4.9305882,4.921408,4.9437246,4.902126,4.907809,4.9216704,4.873852,4.875843,4.8708124,4.885505,4.886879,4.862912,4.84877,4.859304,4.8704853,4.85906,4.869759,4.8850775,4.8453984,4.8771286,4.868466,4.8894906,4.9058623,4.8926144,4.882409,4.9130797,4.8944216,4.898919,4.908225,4.923867,4.9224234,4.9168773,4.9395795,4.9225354,4.9210033,4.9222646,4.9333515,4.952371,4.970304,4.9933558,4.943711,4.95663,4.9620795,5.001349,5.012508,5.011124,5.0216403,5.015507,5.0241933,5.0284104,5.0358615,5.033681,5.057971,5.034495,5.0505347,5.0547185,5.0346622,5.0647573,5.0727015,5.0522118,5.0338626,5.0368185,5.026724,5.0229225,4.9854097,4.9707346,4.9576664,4.8903785,4.8557377,4.8227715,4.811202,4.7764015,4.718742,4.7123737,4.6636744,4.6254215,4.588342,4.554474,4.516599,4.4624724,4.441541,4.410796,4.4232564,4.38453,4.383088,4.3535085,4.310684,4.2972274,4.2593083,4.2453,4.2340145,4.217613,4.2002597,4.1651254,4.1337547,4.127484,4.139502,4.133424,4.1214037,4.1244693,4.1179576,4.112562,4.105913,4.119835,4.0999947,4.0878496,4.076126,4.09704,4.0907774,4.084613,4.0940523,4.0518413,4.1021194,4.0787206,4.07084,4.097796,4.073266,4.071661,4.104609,4.1011243,4.1059275,4.1303587,4.133934,4.14999,4.1532288,4.1518054,4.1776505,4.1854944,4.1983156,4.2100863,4.2503366,4.247641,4.263778,4.24474,4.258355,4.2828746,4.291354,4.3164797,4.3395143,4.3715835,4.364908,4.373213,4.381245,4.3852706,4.3929596,4.4048843,4.4258695,4.436078,4.448528,4.465045,4.5252433,4.5105634,4.504258,4.5373397,4.5464153,4.5625544,4.598555,4.6078277,4.5938926,4.608461,4.6385417,4.636019,4.6535254,4.6424785,4.699981,4.699381,4.698401,4.7167706,4.712367,4.7245045,4.73818,4.764959,4.7955112,4.7562823,4.7560477,4.807452,4.820889,4.81457,4.828123,4.8333197,4.8459272,4.844297,4.8754334,4.878485,4.8904123,4.9009314,4.9065475,4.90602,4.8522434,4.8382187,4.822929,4.864563,4.8947964,4.8782754,4.8762426,4.8932915,4.9941006,4.9696875,4.97557,5.0130153,4.9811454,4.987062,5.019052,4.9749756,4.9403763,4.979121,4.971158,4.971977,4.994024,4.986619,4.990129,4.9906936,5.0066133,5.012395,4.995911,4.982183,4.998111,4.993071,5.0011554,5.027115,5.0224867,5.0178833,5.018648,4.995715,5.006434,5.0066757,5.000295,5.0113244,5.0074973,4.99836,4.992658,4.9699445,4.976682,4.967676,4.9872346,5.0179644,4.9775844,4.988575,4.958676,4.976628,4.968715,4.980258,4.9705725,4.9649796,4.98569,4.974511,4.9771833,4.9694204,4.9683876,4.9751797,4.9564734,4.9875336,4.961335,4.9712462,4.965344,4.9620266,4.984757,4.9788823,4.995183,4.9821334,4.9661207,4.9776936,4.967761,4.977878,4.9867916,4.990623,4.9742475,4.9854145,4.986122,4.955138,4.9771743,4.9749327,4.9674034,4.9668674,4.9834394,4.9627566,4.9651303,4.978084,4.963639,4.9592776,4.9570055,4.9491835,4.9591713,4.9708333,4.963809,4.9509826,4.946825,4.9696226,4.9585347,4.9604697,4.974695,4.956066,4.9584527,4.9781814,4.976801,4.9962587,4.9935603,4.977536,4.9860497,4.9789586,4.9796834,4.9863925,4.99288,4.990133,5.0077567,4.9807487,4.985871,4.992822,5.009204,4.994734,5.0089655,4.99764,4.9839664,4.9949036,4.991764,4.99141,4.98376,4.9936347,4.993781,4.9943943,4.9950976,5.0047503,,,,,,,,,,,,,,,,,,,,,,,,,,,,,,,,,,,,,,,,,,,,,,,,,,,,,,,,,,,,,,,,,,,,,,,,,,,,,t54
FS/232.png,left,0.1844379999965895,4.998104,4.9921646,4.987739,4.9920354,4.990038,4.9817233,4.9889193,4.9908643,5.000221,4.9853687,4.9912357,4.982379,4.973303,4.9847164,4.9726605,4.984701,4.983574,4.974862,4.9743843,4.9882927,4.9647093,4.9776297,4.9661016,4.9895177,4.9624314,4.9676757,4.9827127,4.969577,4.9670277,4.9564795,4.964304,4.96929,4.9706316,4.9754386,4.969109,4.9768014,4.984476,4.9788203,4.9790573,4.9745865,4.9851303,4.9789157,4.9790974,4.959316,4.978114,5.004898,4.9913754,4.972182,4.9800334,4.9863567,4.995746,4.9874697,4.9702034,5.016571,5.024418,4.990512,4.975068,4.9803624,4.970078,4.9626336,4.964223,4.95574,4.904255,4.8928823,4.899419,4.914887,4.878693,4.895012,4.880685,4.8417172,4.853948,4.845634,4.8141747,4.8275476,4.8009663,4.8164196,4.7902007,4.791607,4.795874,4.790139,4.773674,4.785312,4.7912874,4.7750006,4.787964,4.785463,4.7727566,4.771747,4.7648163,4.757549,4.76868,4.774774,4.7890906,4.805334,4.75816,4.7776513,4.793603,4.820535,4.8272405,4.820711,4.8298817,4.8353133,4.8385057,4.8527966,4.8178244,4.8762155,4.873134,4.867157,4.8775744,4.887073,4.8734684,4.912748,4.9033666,4.9081235,4.9016647,4.942408,4.93838,4.93909,4.968101,4.959295,4.965945,4.984269,4.9940886,4.9960527,4.986762,5.020092,4.9929037,5.008589,5.016012,5.0327396,5.0158086,5.062791,5.012859,5.0687723,5.044825,5.0508556,5.050945,5.033647,5.019206,5.0187693,5.021195,5.003669,4.991038,4.9604845,4.9152775,4.8577247,4.814687,4.8129644,4.7772665,4.755294,4.7129574,4.696883,4.6588755,4.635547,4.607963,4.5809274,4.574465,4.535451,4.502641,4.464735,4.437689,4.4288282,4.424223,4.4088864,4.419851,4.4139223,4.3704853,4.3765936,4.345049,4.349884,4.295099,4.301469,4.290496,4.2778463,4.2804365,4.2507825,4.2686915,4.2480454,4.242157,4.2218432,4.2144175,4.2303834,4.2421966,4.208018,4.2303233,4.256152,4.27582,4.2500796,4.2743306,4.265984,4.2445006,4.239223,4.3009167,4.2745585,4.295241,4.263352,4.2938666,4.2812276,4.29756,4.2882204,4.3206005,4.3157406,3.631575,4.1001472,4.4090033,4.7101836,4.774873,4.7481017,4.7751675,4.7632546,4.8238487,4.8280587,4.847905,4.8575683,4.856119,4.871652,4.8580413,4.8864284,4.87439,4.893351,4.947589,4.9497585,4.9321027,4.9779034,4.9759164,4.9595776,4.984773,4.9896307,5.022951,5.0303297,5.037153,5.019427,5.0551715,5.0755906,5.061529,5.0879807,5.0893474,5.103822,5.1036754,5.096174,5.119472,5.1056733,5.1066236,5.1165466,5.136552,5.1278915,5.140909,5.140043,5.131996,5.164156,5.153698,5.1830616,5.176734,5.17496,5.2302194,5.1728654,5.1964645,5.201192,5.2225723,5.235063,5.2382145,5.2182984,5.2337213,5.241082,5.237055,5.2377124,5.243219,5.263021,5.235489,5.2429624,5.2410994,5.24068,5.2721295,5.2556963,5.223082,5.2356486,5.2414784,5.2457714,5.2700768,5.261411,5.248075,5.2510314,5.2437606,5.2688966,5.239028,5.2560134,5.244942,5.2279816,5.2504315,5.2311397,5.2256417,5.2339396,5.251685,5.260968,5.2552543,5.2396755,5.2422876,5.2584996,5.246131,5.2418065,5.2267714,5.2407737,5.22872,5.2179565,5.216981,5.22285,5.225329,5.2149997,5.2385516,5.228677,5.2059746,5.221599,5.2093115,5.2007055,5.195696,5.190811,5.194318,5.1891947,5.1561856,5.162631,5.1581316,5.1397915,5.1721253,5.163191,5.1380653,5.1512756,5.154369,5.128505,5.129011,5.138013,5.1234884,5.1323195,5.1486955,5.1383724,5.128422,5.136091,5.1198463,5.1293063,5.127664,5.1275916,5.122941,5.107739,5.1287413,5.1328673,5.1269217,5.1287656,5.1344247,5.129325,5.128645,5.1294303,5.1400476,5.1243596,5.1279025,5.1492615,5.1295757,5.149016,5.128019,5.123389,5.126851,5.146994,5.1572256,5.1596823,5.1491656,5.1328864,5.1481676,5.1808763,5.167343,5.182361,5.1571794,5.1559825,5.163093,5.1689053,5.1935906,5.1810637,,,,,,,,,,,,,,,,,,,,,,,,,,,,,,,,,,,,,,,,,,,,,,,,,,,,,,,,,,,,,,,,,,,,,,,,,,,,,,,,,,,,,,,,,,,,,,,,,,,,,t55
FS/232.png,right,0.1286494000087259,4.784223,4.781566,4.777251,4.7830114,4.78655,4.8000646,4.8052692,4.806462,4.7926493,4.7956533,4.8042097,4.819564,4.8170366,4.80885,4.846937,4.826855,4.837562,4.828154,4.8569784,4.83505,4.847917,4.840412,4.8502574,4.834828,4.8668585,4.8694124,4.8438005,4.864408,4.841874,4.855714,4.8439302,4.8421073,4.840723,4.860598,4.862842,4.869967,4.8765554,4.8325315,4.859099,4.8545837,4.853209,4.8629556,4.831809,4.8453364,4.831854,4.842067,4.8363237,4.838526,4.8475814,4.8381557,4.8330135,4.8317575,4.8303394,4.832149,4.8326654,4.819558,4.838046,4.816759,4.8336616,4.8184133,4.805653,4.792287,4.7836094,4.784236,4.7718215,4.774814,4.77142,4.741226,4.7522287,4.7241426,4.718332,4.7305484,4.693698,4.730459,4.690485,4.729782,4.7358084,4.72344,4.6875615,4.7161984,4.723156,4.71023,4.72881,4.7143483,4.743089,4.722448,4.7525606,4.7310224,4.7308707,4.7405887,4.7226405,4.741552,4.751221,4.7579427,4.7682204,4.760586,4.754576,4.7765403,4.785525,4.7886553,4.7917185,4.7881103,4.7821627,4.7895775,4.7977524,4.7866597,4.78722,4.8016076,4.829328,4.7985163,4.884597,4.849824,4.8623056,4.8787923,4.904681,4.904338,4.904953,4.9351344,4.937152,4.9503045,4.937892,4.944543,4.989429,4.958608,4.98831,4.9710155,4.981348,5.0197678,4.999428,4.9764557,4.9950013,5.0221715,5.0219393,5.0190163,5.0028124,5.0076804,4.993302,4.962548,4.935565,4.9338827,4.838394,4.8158274,4.802422,4.777867,4.756671,4.736053,4.6679354,4.603844,4.57073,4.551359,4.5253716,4.4849873,4.447558,4.3990645,4.369456,4.3451853,4.3311386,4.322122,4.24903,4.2624884,4.2426744,4.2008867,4.1828637,4.1726203,4.155737,4.1101727,4.0833206,4.095373,4.0843954,4.0877924,4.0888867,4.0709305,4.0573096,4.0558596,4.0591874,4.0656414,4.041339,4.0382404,4.044561,4.0365715,4.0463324,4.030986,4.052948,4.0480776,4.0140643,4.0261207,4.052478,4.043548,4.018346,4.02181,4.0214815,4.052196,4.0442977,4.0467515,4.0779285,4.078461,4.0727444,4.0945253,4.117418,4.142478,4.159789,4.1699867,4.184285,4.1922407,4.210031,4.2165294,4.240499,4.2552075,4.256092,4.2855406,4.306794,4.350612,4.331599,4.3555083,4.39525,4.423759,4.410875,4.4439836,4.4641457,4.455469,4.4504304,4.473543,4.510792,4.5177774,4.5462127,4.5563927,4.5604124,4.575773,4.5861425,4.6268134,4.624608,4.6489487,4.652484,4.667272,4.6765895,4.7180386,4.7359347,4.7287335,4.735805,4.7500443,4.7573085,4.7580485,4.7716393,4.8063445,4.8012505,4.81747,4.8375745,4.8404903,4.8519073,4.8654833,4.880621,4.876486,4.8936872,4.8999543,4.9241624,4.908086,4.928916,4.919121,4.9489965,4.9334345,4.9558864,4.9675527,4.96108,4.976616,4.9785137,4.994279,5.0031347,4.9948444,5.0091295,5.0283484,5.033839,5.0257883,5.0043254,5.040656,5.0552435,5.062525,5.0939693,5.070914,5.081664,5.089771,5.0862093,5.09843,5.117213,5.111661,5.127548,5.124107,5.1319594,5.1275835,5.1236157,5.135256,5.1397467,5.149506,5.1540213,5.1666846,5.158806,5.1630197,5.1623874,5.1475635,5.1519165,5.160945,5.1676493,5.16997,5.147619,5.140922,5.1399264,5.154539,5.153991,5.138414,5.1421857,5.1429877,5.1424103,5.1300807,5.1479936,5.120571,5.1179953,5.1312056,5.120485,5.1095247,5.107817,5.1032414,5.117082,5.0904474,5.10065,5.071926,5.064606,5.0783377,5.0624833,5.0717864,5.0477934,5.066777,5.0571237,5.0388026,5.037166,5.03995,5.039503,5.0388575,5.0137243,4.9997954,5.01787,5.001574,4.9745383,5.0024123,5.0015984,5.0234923,4.9970694,5.0084095,4.9973335,4.9948277,4.999434,4.972837,4.9793296,4.9685802,4.973724,4.9617987,4.9728065,4.960693,4.960985,4.9634585,4.97754,4.924219,4.9510818,4.9725986,4.9745893,4.981662,4.964328,4.9757,4.9777617,4.929242,4.97376,4.971837,4.9700685,4.9588566,4.9569025,4.9815073,4.9777966,4.949458,4.961969,4.955064,4.971807,4.9890714,4.9686503,4.9360065,4.951018,4.9578114,4.951314,4.966302,4.9666924,4.9815288,4.9471517,4.9806533,4.962405,4.9806294,4.965833,4.949071,4.977219,,,,,,,,,,,,,,,,,,,,,,,,,,,,,,,,,,,,,,,,,,,,,,,,,,,,,,,,,,,,,,,,,,,,,,,,,,,,,,,,t74
FS/22.png,right,0.1485124999890104,5.0837193,5.078165,5.0593653,5.0700183,5.1050982,5.055279,5.061648,5.0768566,5.062338,5.03664,5.030752,5.045677,4.464964,4.1482973,4.984847,4.944554,5.0317454,5.02621,5.0974526,5.0135617,5.00355,4.9912076,5.0415077,5.0302463,5.0542707,5.031634,5.050708,5.0296435,5.040816,5.055906,5.0383887,5.0516877,5.06393,5.067776,5.0336165,5.0508947,5.035286,5.0418797,5.0401435,5.0386868,5.027831,5.0399594,5.0208426,5.062841,5.045957,5.0305915,5.02833,5.0191135,5.002731,5.037774,5.008917,5.0112114,4.97923,5.0306506,5.019182,5.0225153,5.02106,5.023159,5.018801,5.0198126,4.9840436,4.980619,5.001527,4.9962435,5.0012712,4.9898324,4.971494,4.9611287,4.954404,4.9490404,4.9212723,4.928265,4.924899,4.900443,4.9151735,4.9022202,4.894648,4.885801,4.8990946,4.892113,4.900867,4.892312,4.893495,4.89055,4.88264,4.88111,4.8759065,4.873727,4.8583555,4.878661,4.8934007,4.8656287,4.8842735,4.870967,4.8613944,4.8774023,4.8572426,4.8815584,4.876176,4.8759294,4.8623266,4.8786173,4.8885756,4.8881125,4.8775554,4.889352,4.880116,4.861854,4.8896074,4.876598,4.866678,4.895684,4.8843756,4.9006596,4.88954,4.907261,4.8989773,4.9021497,4.9056163,4.9105964,4.8865438,4.8892546,4.898831,4.8848844,4.8536615,4.8566027,4.8133726,4.7805357,4.752773,4.705852,4.683215,4.6303477,4.5809875,4.517502,4.4970093,4.4654613,4.414427,4.321204,4.309194,4.2928853,4.2763534,4.226771,4.182389,4.141272,4.108252,4.0465837,4.017082,4.0063195,4.0046015,3.9650953,3.9762208,3.957923,3.89916,3.8627799,3.8651178,3.839562,3.8342624,3.8229806,3.8131778,3.7913086,3.763344,3.7760215,3.7364826,3.750597,3.7580485,3.7722423,3.7555742,3.7292852,3.7662904,3.7588527,3.7236838,3.7331576,3.7704701,3.7293124,3.7247186,3.725463,3.7330046,3.729996,3.744459,3.7413719,3.7344706,3.742067,3.7633142,3.71637,3.7474194,3.2339985,3.5517015,3.5557983,3.5468225,3.78355,3.9197903,3.9846623,4.0732117,4.0696383,4.1824226,4.229203,4.2702737,4.2917266,4.333962,4.3712873,4.3644767,4.372662,4.3784366,4.4201303,4.4122972,4.430976,4.4780903,4.466098,4.490753,4.490084,4.5139685,4.5364313,4.563809,4.56039,4.5495486,4.574914,4.580785,4.59448,4.651678,4.654676,4.647196,4.673429,4.6932244,4.7071986,4.726174,4.725226,4.7416635,4.740704,4.7818503,4.7816286,4.8146615,4.8093767,4.7943363,4.7959514,4.8164616,4.812849,4.831643,4.8483357,4.859227,4.863436,4.879911,4.88906,4.9132223,4.9023767,4.8970056,4.8983374,4.895009,4.8972936,4.9193115,4.924908,4.928482,4.9148293,4.9066234,4.9267774,4.9403844,4.9637227,4.9531193,4.956753,4.967273,4.9573607,4.9447007,4.9586196,4.942912,4.9603786,4.9631786,4.956563,4.948285,4.9650044,4.965298,4.968332,4.9608173,4.9840684,4.9747024,4.9711895,4.961891,4.937291,4.961541,4.9575596,4.96825,4.965279,4.9469514,4.9481363,4.932454,4.952375,4.9355907,4.93878,4.935705,4.9432783,4.920788,4.9283996,4.9082665,4.888459,4.8828435,4.9114046,4.8819423,4.8840456,4.844441,4.8559704,4.863946,4.8251295,4.8348503,4.846152,4.8105936,4.776965,4.725372,4.63261,4.647363,4.6825614,4.7122164,4.7205076,4.7264166,4.7177777,4.6890316,4.71353,4.6962795,4.700377,4.7187667,4.708389,4.6856046,4.7032967,4.694002,4.698377,4.713949,4.682875,4.7034907,4.7155294,4.699788,4.7049236,4.7034616,4.7317033,4.718569,4.707225,4.7028365,4.7258983,4.7305064,4.7314153,4.749113,4.7291503,4.725209,4.723023,4.7477093,4.7537065,4.745754,4.7643595,,,,,,,,,,,,,,,,,,,,,,,,,,,,,,,,,,,,,,,,,,,,,,,,,,,,,,,,,,,,,,,,,,,,,,,,,,,,,,,,,,,,,,,,,,,,,,,,,,,,,,,,,,,,,,,,,,,,,,,,,,,,,,,,,,,t64
FS/22.png,right,0.1644671999965794,5.1986794,5.205216,5.2007837,5.2087393,5.2041116,5.2063656,5.2107925,5.207772,5.2056,5.2070165,5.2208657,5.210429,5.20577,5.208248,5.231328,5.2496414,5.2187514,5.1867423,5.2089653,5.233162,5.211294,5.237045,5.2195973,5.217764,5.2320833,5.2103505,5.2206306,5.2332177,5.2395973,5.243168,5.2306137,5.213577,5.2286158,5.2317653,5.210822,5.2165256,5.2449784,5.235003,5.226669,5.227261,5.204997,5.210113,5.208124,5.2220864,5.216543,5.190528,5.203575,5.223549,5.197478,5.1823015,5.1824303,5.206851,5.206146,5.2036853,5.206845,5.172791,5.172704,5.1861954,5.1686316,5.1617217,5.161115,5.1582384,5.1490107,5.1447997,5.125351,5.1416564,5.148066,5.1273313,5.1194024,5.0897875,5.1079965,5.099142,5.081916,5.080917,5.0729012,5.0834875,5.0422473,5.04416,5.0742793,5.053241,5.042988,5.052642,5.068894,5.0721526,5.063221,5.053928,5.037818,5.0943017,5.045972,5.062339,5.069205,5.0855627,5.1090975,5.0719943,5.1010356,5.0598454,5.068795,5.1090574,5.0971804,5.1143923,5.10659,5.126368,5.1200857,5.1421747,5.1623454,5.149669,5.15223,5.145347,5.170205,5.1735244,5.157393,5.152673,5.169617,5.176926,5.184359,5.1779613,5.1829963,5.194274,5.1858864,5.177231,5.20441,5.189201,5.2135277,5.2190137,5.2072577,5.217481,5.209271,5.2040663,5.217108,5.2255845,5.196637,5.1965485,5.189076,5.205816,5.1729145,5.164424,5.14355,5.0965557,5.031563,5.023549,4.985967,4.959074,4.90888,4.8729677,4.805723,4.7779837,4.7086415,4.651802,4.6059213,4.5937915,4.561935,4.5214677,4.471263,4.4336133,4.414099,4.3848276,4.370476,4.300581,4.2809606,4.267048,4.1977177,4.185876,4.175052,4.142824,4.1355963,4.1093674,4.080203,4.059158,4.0414114,4.038922,3.9961247,3.9972658,4.001762,3.9942877,3.9769006,3.9910054,3.9960752,3.9818969,3.9830337,3.9327617,3.9324818,3.9557319,3.910029,3.895311,3.9251378,3.9145193,3.897781,3.9080184,3.8837826,3.8922565,3.88624,3.9286075,3.9282818,3.937885,3.9279244,3.9319224,3.9331226,3.956138,3.9449944,3.9233444,3.9560983,3.9723055,3.966257,3.9673383,4.0450625,4.0380206,4.059048,4.0410676,4.067657,4.067382,4.0766873,4.1110387,4.1066847,4.160345,4.1768017,4.189549,4.194866,4.2077327,4.2333655,4.257169,4.2443438,4.265045,4.2644415,4.297109,4.3311324,4.356738,4.377481,4.440401,4.42251,4.442637,4.4099784,4.4413357,4.449023,4.4832892,4.505273,4.511623,4.554342,4.565107,4.5856156,4.586419,4.5925045,4.6057377,4.6027746,4.654263,4.6456833,4.642875,4.653537,4.658682,4.7058024,4.7269783,4.7329183,4.753058,4.7506204,4.7683616,4.761522,4.7716203,4.776193,4.7984595,4.793506,4.816219,4.8210545,4.844831,4.85235,4.8631268,4.8574247,4.875919,4.898448,4.887163,4.888022,4.900476,4.892228,4.9292836,4.933144,4.9118223,4.909301,4.9469132,4.950594,4.980729,4.959899,4.968701,4.9474525,4.975363,4.9719586,4.9900584,4.994756,4.973456,4.9637537,4.9763894,4.979236,4.9748673,4.98958,4.9712524,4.9399867,4.9826226,4.9695473,4.975106,4.95733,4.987663,4.956972,4.962353,4.9814525,4.9706507,4.9706044,4.971764,4.9519644,4.940281,4.8695235,4.8563933,4.1370893,4.240184,4.236045,5.007016,4.8754907,4.87893,4.8719716,4.8856187,4.8882513,4.8807006,4.893719,4.884522,4.8920426,4.8856344,4.894016,4.9269795,4.9132586,4.9343925,4.918896,4.8951902,4.9297724,4.9236565,4.9078364,4.904408,4.8768845,4.8887377,4.8993235,4.887984,4.8968678,4.8799148,4.886542,4.8737826,4.8689785,4.8781834,4.8858595,4.8887954,4.847593,4.863978,4.888206,4.860908,4.8673563,4.8531556,4.8651986,4.8561983,4.8287525,4.851994,4.8186936,4.8276186,4.81852,4.82428,4.816545,4.7852287,4.8027163,4.780248,4.8154855,4.806187,4.7693825,4.8165536,4.790135,4.7965136,4.815616,4.775565,4.786317,4.799734,4.7987323,4.7853737,4.787468,4.796598,4.788799,4.8167634,4.8269324,4.815776,4.813855,4.8097034,4.809513,4.821657,4.7899137,4.780688,4.803687,4.7893906,4.831127,4.833043,,,,,,,,,,,,,,,,,,,,,,,,,,,,,,,,,,,,,,,,,,,,,,,,,,,,,,,,,,,,,,,,,,,,,,,,,,,,,,,,,,,,,t72
FS/22.png,right,0.1778389000101015,4.823955,4.8433256,4.839106,4.8324337,4.8364043,4.83203,4.824202,4.819615,4.830184,4.858684,4.814264,4.829206,4.8577347,4.828656,4.8463984,4.8229427,4.835825,4.822871,4.836068,4.8137345,4.803715,4.819448,4.8140397,4.8190527,4.8162856,4.827437,4.824601,4.7994347,4.8235474,4.8335724,4.821393,4.8253922,4.815007,4.8277097,4.8015637,4.806747,4.830466,4.8364854,4.8117304,4.8168435,4.8368306,4.8421173,4.827701,4.840294,4.8168983,4.8466682,4.8362365,4.850427,4.8309293,4.8314676,4.8660793,4.857171,4.8623466,4.86343,4.8574166,4.8664846,4.875148,4.853564,4.832664,4.8405843,4.831278,4.815506,4.8227487,4.8091016,4.808657,4.803246,4.795328,4.774587,4.7815204,4.7465234,4.736628,4.738933,4.720131,4.717614,4.698497,4.7016435,4.704487,4.691116,4.679711,4.687709,4.6886783,4.679263,4.681069,4.6634626,4.6758685,4.651617,4.677133,4.664361,4.672688,4.660247,4.663087,4.657501,4.6685834,4.691032,4.6894937,4.6977406,4.7087026,4.678034,4.68249,4.6978483,4.697378,4.6770096,4.7036624,4.6982775,4.6739984,4.7071204,4.709538,4.71299,4.713144,4.710845,4.720558,4.713347,4.704212,4.7077365,4.708433,4.709461,4.716492,4.714953,4.7048516,4.722718,4.7179275,4.726135,4.7270303,4.715165,4.7497177,4.743043,4.7314906,4.744238,4.7341404,4.7519813,4.7615967,4.783368,4.7632904,4.716551,4.7481728,4.710138,4.714949,4.686591,4.667274,4.6420794,4.620273,4.544213,4.511867,4.4772143,4.4677467,4.4561944,4.4430504,4.40569,4.345398,4.3057795,4.2441745,4.23889,4.22693,4.1745353,4.1872125,4.1536193,4.113463,4.1132092,4.092688,4.0651827,4.0153594,3.980651,3.9867494,3.9669266,3.946855,3.9452837,3.9183228,3.902984,3.903512,3.909821,3.8805232,3.8799684,3.8996193,3.902324,3.879972,3.8759935,3.8651614,3.8680334,3.8756344,3.8766792,3.8871434,3.8624837,3.8666165,3.8778732,3.9128933,3.889158,3.8931303,3.8882046,3.8795118,3.9037766,3.9199867,3.9295018,3.9192524,3.9383423,3.9459152,3.9819872,3.9888263,4.007115,4.0027075,4.025804,4.0161915,4.0448513,4.040055,4.0428133,4.0697746,4.0592113,4.1090508,4.1336412,4.1556377,4.148186,4.182819,4.165265,4.2060437,4.220411,4.2264514,4.254746,4.2659855,4.300991,4.301976,4.3001637,4.294037,4.330586,4.3424764,4.3565435,4.349837,4.373236,4.3641686,4.386075,4.428423,4.4457235,4.447268,4.4643817,4.494888,4.4986057,4.5504055,4.528359,4.512568,4.542467,4.550332,4.5426683,4.5952973,4.605289,4.626077,4.599229,4.6184974,4.625142,4.626407,4.6280546,4.641377,4.647423,4.665776,4.672094,4.687789,4.7193832,4.7201333,4.7444677,4.7532473,4.7471924,4.7544274,4.7319665,4.751696,4.7401376,4.762244,4.7783527,4.773257,4.76898,4.78344,4.790439,4.802841,4.815909,4.8206954,4.802946,4.8185387,4.822185,4.8128157,4.825031,4.81795,4.8295345,4.8180285,4.825023,4.822458,4.7960744,4.7997923,4.814223,4.800137,4.7999177,4.804446,4.803719,4.7654676,4.780463,4.7615595,4.7799425,4.7337084,4.78395,4.7522945,4.7494955,4.7430067,4.7240977,4.716613,4.7113347,4.698772,4.699406,4.716373,4.7068796,4.706645,4.6865916,4.706472,4.701918,4.7178483,4.698962,4.695237,4.690665,4.6808014,4.696176,4.676479,4.6710668,4.6633463,4.6752114,4.665012,4.6784906,4.683055,4.672244,4.667568,4.653077,4.6666903,4.6587353,4.671259,4.6704183,4.6586304,4.641671,4.6640406,4.658298,4.6712766,4.664753,4.6581707,4.6564856,4.667467,4.65818,4.688637,4.687885,4.682003,4.663536,4.66499,4.69005,4.6838975,4.677435,4.7095847,4.6898136,4.7103357,4.673079,4.685976,4.6802244,4.7007155,4.690264,4.700829,4.6892495,4.694336,4.7274666,4.701308,4.701114,4.6940236,4.725624,4.71317,4.7304306,4.6986446,4.725906,4.710053,4.710193,4.7258577,4.727188,4.755088,4.727339,4.7359395,4.726561,4.7507734,4.748175,4.7394276,4.7550697,4.7300124,4.746873,4.761263,4.757522,4.77757,4.7542396,4.7534423,4.745511,4.7387085,4.752855,4.7601304,4.7437572,4.7642097,4.775387,4.7523923,4.782132,4.7653065,4.7536864,4.7696958,4.7813764,4.7645373,4.761104,,,,,,,,,,,,,,,,,,,,,,,,,,,,,,,,,,,,,,,,,,,,,,,,,,,,,,,,,,,,,,,,,,,,,,,,,,,t93
FS/312.png,left,0.1535561000055167,4.6824193,4.693269,4.712648,4.686366,4.702325,4.6950903,4.7021117,4.7018394,4.7145658,4.703977,4.7164483,4.7145534,4.720425,4.703163,4.7098002,4.71915,4.696106,4.732891,4.70436,4.726949,4.7035084,4.7163486,4.7060204,4.723105,4.712259,4.7210207,4.7161846,4.7071114,4.7401824,4.7433944,4.7179785,4.7180877,4.720181,4.721027,4.741301,4.720554,4.717685,4.7216144,4.7528033,4.7257385,4.754185,4.7427726,4.7282243,4.7769694,4.7309046,4.734533,4.7710567,4.768741,4.7788925,4.767284,4.7679787,4.7753644,4.766928,4.7885475,4.763278,4.7766995,4.744842,4.7809567,4.747897,4.725472,4.7347765,4.717381,4.7346816,4.704141,4.70737,4.6725416,4.681311,4.677227,4.662117,4.6749663,4.635166,4.6309037,4.626335,4.6257734,4.5829883,4.5909133,4.574202,4.5600753,4.587171,4.543639,4.5473313,4.5414224,4.5332994,4.510483,4.5031943,4.5361776,4.53279,4.5197825,4.5273957,4.5282097,4.5171623,4.535414,4.525731,4.5336413,4.5385675,4.5431647,4.5322742,4.5705824,4.5319395,4.5667353,4.5615215,4.568611,4.5643635,4.5589647,4.575812,4.596007,4.566864,4.6111345,4.614656,4.610916,4.6114693,4.631613,4.638851,4.643177,4.6394944,4.6410403,4.6373734,4.6697054,4.646522,4.672129,4.6995625,4.6909575,4.6917295,4.7038884,4.7013774,4.686468,4.718196,4.7043805,4.713206,4.705499,4.7149844,4.726668,4.740728,4.7324467,4.7309813,4.7303357,4.698591,4.705098,4.6635094,4.644516,4.579107,4.557871,4.543357,4.5153985,4.4663386,4.4242964,4.3881497,4.311245,4.3058424,4.2991576,4.2387114,4.222457,4.1815257,4.1663585,4.070851,4.0367637,4.018558,4.0250235,3.9940708,4.000145,3.9802694,3.945628,3.9223967,3.8999848,3.8744123,3.8572123,3.8578358,3.857689,3.8035388,3.8100758,3.798617,3.7829113,3.753164,3.750361,3.765664,3.7660682,3.7341468,3.7307281,3.7316926,3.7412329,3.7520368,3.7017522,3.7333615,3.6865146,3.7192647,3.7028182,3.7206905,3.709267,3.7499928,3.7399173,3.7415864,3.7562094,3.7335997,3.782403,3.7643495,3.7891312,3.8010275,3.806269,3.7949378,3.8304405,3.8789768,3.845729,3.8950274,3.8963554,3.900241,3.9544473,3.9560363,3.9587584,3.9884496,3.9991214,4.009524,4.013842,4.0077605,4.0579996,4.072577,4.0955806,4.1235795,4.157715,4.162428,4.1649785,4.1981177,4.2055535,4.2309766,4.255935,4.2723007,4.255686,4.285828,4.290019,4.3017554,4.3227806,4.3209634,4.346563,4.398447,4.3619876,4.438206,4.4564495,4.4534645,4.4799557,4.4962277,4.497429,4.4974165,4.5284395,4.5362635,4.5379515,4.5466766,4.569046,4.5852523,4.59465,4.6203365,4.642355,4.6224356,4.6534863,4.657339,4.660093,4.6829166,4.7253704,4.734017,4.7392497,4.7517056,4.7749176,4.782472,4.7912984,4.810678,4.8185606,4.822907,4.813279,4.8295603,4.8537164,4.8359323,4.8754153,4.886664,4.8997445,4.9127655,4.9303226,4.9728394,4.9562335,4.9672747,4.96585,5.017008,4.9900675,5.012955,5.0099287,5.0411906,5.0416107,5.032368,5.0483146,5.0534964,5.0554476,5.055991,5.0646744,5.0914893,5.105817,5.110852,5.1145597,5.117004,5.1189647,5.1637096,5.1309266,5.1292934,5.135314,5.150016,5.151768,5.135243,5.1531177,5.131627,5.145743,5.156866,5.15447,5.1409326,5.1525826,5.1612444,5.1637816,5.150548,5.1602826,5.1810884,5.146739,5.1634912,5.170464,5.179136,5.176753,5.161246,5.1589184,5.165202,5.1550407,5.155573,5.149079,5.1703196,5.1632113,5.1700273,5.151734,5.156456,5.1641517,5.166173,5.161783,5.140662,5.164197,5.1356473,5.149882,5.1812606,5.1416545,5.1444283,5.1682706,5.137584,5.1402535,5.143265,5.147712,5.136889,5.1208534,5.158732,5.1299467,5.152784,5.1316385,5.1287155,5.1436043,5.1457167,5.1300197,5.135348,5.099803,5.1323986,5.1192164,5.1312056,5.1261344,5.116216,5.145724,5.1243463,5.139279,5.136134,5.1407905,5.0993156,5.1155863,5.128022,5.1280656,5.092678,5.1376348,5.1066003,5.149722,5.140772,5.1285095,5.130344,5.126268,5.1222544,5.12808,5.1104727,5.1170564,5.1260896,5.135393,5.144114,5.1336527,5.1046124,5.1465225,5.1362586,5.107058,5.0969243,5.0828204,5.0934744,5.105071,5.090104,5.1080995,5.136509,5.1058908,5.0954285,5.090165,5.124933,5.1097097,5.1141725,5.108653,5.096857,5.10347,5.1225853,5.0978136,5.1024632,,,,,,,,,,,,,,,,,,,,,,,,,,,,,,,,,,,,,,,,,,,,,,,,,,,,,,,,,,,,,,,,t66
FS/462.png,left,0.1033072999998694,5.0734615,5.059784,5.066215,5.02584,5.070038,5.0881104,5.039741,5.0713243,5.0728745,5.049164,5.03554,5.053382,5.083924,5.061242,5.0524335,5.0502753,5.053119,5.0257816,5.0727663,5.051325,5.0566716,5.09473,5.0728765,5.0868015,5.039344,5.083108,5.0880265,5.0415125,5.062683,5.0788136,5.0855317,5.04512,5.0631394,5.10146,5.060993,5.0416837,5.047733,5.0588713,5.084795,5.072936,5.0890813,5.0624948,5.0696793,5.0927467,5.067403,5.0803633,5.07648,5.075265,5.079601,5.072008,5.080587,5.080913,5.070578,5.0816264,5.0675693,5.0774784,5.06938,5.0749807,5.048344,5.0338626,5.0247397,5.0092597,4.97014,4.965918,4.9404387,4.933554,4.9217887,4.8924236,4.8830004,4.883183,4.8371015,4.838593,4.845046,4.8118696,4.7699227,4.7717366,4.76906,4.747965,4.7507534,4.733718,4.719885,4.6919217,4.7121134,4.70405,4.683631,4.6917553,4.6837125,4.6825647,4.6557884,4.675126,4.6518736,4.6481233,4.644115,4.648143,4.6378083,4.633799,4.6265054,4.6572275,4.6440287,4.664369,4.643636,4.6401415,4.6401224,4.6600537,4.639709,4.6582255,4.67694,4.6624823,4.649087,4.6710763,4.6854353,4.666088,4.7116356,4.6721034,4.695657,4.680438,4.7250223,4.712082,4.7205153,4.726992,4.7467313,4.7439055,4.7447696,4.752197,4.7579618,4.7631016,4.7844753,4.785701,4.797937,4.796434,4.804795,4.8026347,4.802449,4.8242145,4.8081923,4.810326,4.807194,4.798721,4.7851024,4.772845,4.755332,4.7424397,4.6787777,4.6522236,4.611102,4.5799685,4.580941,4.5301743,4.471859,4.473774,4.4457026,4.4052553,4.3526244,4.3173656,4.2919636,4.2708025,4.2473397,4.2244887,4.1980844,4.1750116,4.1361947,4.1574426,4.112091,4.0943017,4.0981607,4.070379,4.02915,4.026376,3.9755874,4.0208507,4.01144,3.998009,3.9832163,3.9586368,3.9603403,3.956402,3.9529376,3.9456182,3.963922,3.9529717,3.964947,3.947729,3.975271,3.9458766,3.9483,3.9581525,3.979156,3.9630702,3.9698873,3.978003,3.9945638,3.9987626,4.047941,4.0511255,4.0601535,4.0448365,4.05319,4.075343,4.0594745,4.085861,4.1135664,4.1260586,4.1217,4.145209,4.1605372,4.1935377,4.1839123,4.240777,4.224691,4.290692,4.282396,4.3114667,4.311382,4.3354135,4.3345566,4.3406715,4.3403873,4.381093,4.361094,4.378342,4.357294,4.3935094,4.4543505,4.456121,4.4690204,5.25772,5.19391,5.193795,5.1641793,5.182026,5.190559,5.214666,5.260884,5.230054,5.2317166,5.2445235,5.256931,5.260329,5.2294664,5.2571206,5.2738495,5.2715974,5.2602334,5.289614,5.282795,5.2886,5.279611,5.2842135,5.2636447,5.2626047,5.261328,5.2773495,5.253667,5.282795,5.305085,5.2925596,5.3034487,5.304924,5.298403,5.313969,5.2995615,5.290796,5.3067746,5.309777,5.3050766,5.301249,5.3168964,5.337707,5.310518,5.2918935,5.2908382,5.2912297,5.3019996,5.3237658,5.303219,5.2974796,5.319656,5.300719,5.3064904,5.2995114,5.323482,5.305605,5.307303,5.284178,5.301975,5.2600174,5.27518,5.2854896,5.279368,5.2708683,5.293599,5.2885256,5.288951,5.290565,5.2756734,5.2786317,5.270479,5.26158,5.2577515,5.2427673,5.2279983,5.2304277,5.219947,5.207697,5.2144046,5.246304,5.215598,5.226404,5.2169247,5.1950936,5.2085176,5.2097497,5.196759,5.2108884,5.2186713,5.211616,5.1838193,5.202164,5.1983967,5.1716657,5.1981277,5.1946907,5.165072,5.1812477,5.168106,5.164362,5.1667523,5.174942,5.155257,5.1447096,5.105258,5.1096787,5.1283374,5.1557045,5.1383677,5.1172543,5.1085615,5.128054,5.0891376,5.094011,5.111504,5.095807,5.1077285,5.1247764,5.076944,5.1313534,5.113716,5.112425,5.1027913,5.0982423,5.12093,5.1170416,5.121395,5.135372,5.1362753,5.123054,5.1282907,5.121166,5.126886,5.1153846,5.1261787,5.1247916,5.122029,5.129967,5.124612,5.1264853,5.1356096,5.1278462,5.1332946,5.1359463,5.1295576,5.129874,5.1377196,5.1550207,5.1515303,5.162532,,,,,,,,,,,,,,,,,,,,,,,,,,,,,,,,,,,,,,,,,,,,,,,,,,,,,,,,,,,,,,,,,,,,,,,,,,,,,,,,,,,,,,,,,,,,,,,,,,,t68
FS/372.png,right,0.1017989999963902,4.9545846,5.0085545,4.9965067,5.0049686,5.0045686,5.005556,5.0122895,5.017551,5.0241504,5.017754,5.032261,5.015569,5.033162,5.0310197,5.02049,5.0234413,5.040768,5.0297356,5.0457096,5.031736,5.050097,5.0619226,5.056625,5.0554476,5.056801,5.059677,5.051757,5.0348926,5.0530453,5.0851064,5.0657854,5.0577435,5.0809484,5.0579967,5.0718145,5.07519,5.0658293,5.062354,5.0758243,5.0653443,5.0624633,5.0657063,5.068931,5.0636916,5.106814,5.0948706,5.113749,5.1026897,5.097541,5.0941505,5.100544,5.1040025,5.1092596,5.1489067,5.1263723,5.1275377,5.1186175,5.1137896,5.0787354,5.070753,5.102247,5.08462,5.1017056,5.114798,5.099852,5.1060224,5.066352,5.099446,5.0896688,5.0574503,5.0353007,5.045694,5.0613937,5.052326,5.0252786,5.0362387,5.034622,5.028647,5.018772,5.0234823,5.019277,5.030325,5.024055,5.020381,5.0177937,5.041529,5.011153,5.01327,5.0369263,5.0323796,5.055689,5.0238895,5.0300527,5.0375295,5.036008,5.0262146,5.0195546,5.0198517,5.021555,5.02335,5.075862,5.044581,5.0221496,5.0270853,5.0563774,5.050827,5.0415382,5.0482836,5.0598335,5.0532994,5.114987,5.081917,5.100568,5.096349,5.1273165,5.121652,5.118941,5.133069,5.1380057,5.1460743,5.125891,5.1333294,5.154295,5.146579,5.156532,5.1562886,5.1542764,5.160659,5.1721773,5.178894,5.1548824,5.174736,5.1717024,5.1392155,5.130143,5.090949,5.0322776,5.034262,4.995528,4.954667,4.906192,4.878376,4.84017,4.813569,4.7509313,4.7362223,4.6682715,4.6617804,4.6079297,4.584202,4.5626497,4.5170517,4.475494,4.453581,4.4075775,4.394559,4.351903,4.3509917,4.3245826,4.305147,4.2969346,4.26042,4.2425623,4.222466,4.256725,4.221416,4.1580954,4.1538363,4.152167,4.1060867,4.0963645,4.100413,4.094332,4.0911527,4.0969996,4.083193,4.0777035,4.101727,4.116062,4.1202393,4.120807,4.1013865,4.0863485,4.1039524,4.1252213,4.1352534,4.112951,4.1171904,4.137662,4.1534166,4.1465883,4.1565533,4.168792,4.149294,4.1612215,4.1704597,4.1728735,4.195097,4.1883326,4.2017913,4.1969075,4.2237344,4.238876,4.2506604,4.309947,4.2939925,4.300603,4.331632,4.3328876,4.3937435,4.3826046,4.4021425,4.3998094,4.422531,4.457221,4.463395,4.4620113,4.4891973,4.495422,4.5105195,4.535158,4.5540752,4.5906596,4.5760875,4.649255,4.633425,4.6850224,4.6826873,4.6973104,4.700499,4.696391,4.7161794,4.718512,4.7568026,4.763537,4.7812614,4.7949386,4.8208046,4.8253393,4.824551,4.8606706,4.852517,4.877275,4.8786926,4.8907375,4.8981276,4.8950963,4.9415455,4.936994,4.9243994,4.971684,4.9783125,4.998958,4.986154,5.0096726,5.027511,5.0293994,5.033737,5.0361843,5.0388446,5.048491,5.0279093,5.046843,5.105065,5.1168423,5.109751,5.1138,5.11578,5.125648,5.1203837,5.141507,5.1285877,5.1395965,5.146284,5.1533775,5.153839,5.1505604,5.171014,5.174317,5.1658926,5.153703,5.1527147,5.1773925,5.1813836,5.1660476,5.176401,5.1726503,5.175923,5.1780033,5.2030654,5.198077,5.171143,5.2226963,5.201358,5.1952863,5.205503,5.2021685,5.2007775,5.2036066,5.2070894,5.1726356,5.2098966,5.1540737,5.1747837,5.177001,5.1639624,5.178532,5.12342,5.137117,5.1592126,5.1375766,5.126848,5.12685,5.1378818,5.0922923,5.0921235,5.0816755,5.1107655,5.0950036,5.082455,5.095759,5.0721908,5.0800266,5.0671506,5.0761123,5.0855846,5.0700154,5.071825,5.054094,5.071445,5.0659146,5.0750055,5.0725765,5.049868,5.04804,5.0709434,5.058366,5.048053,5.041731,5.0435767,5.0506477,5.052194,5.041693,5.050032,5.048245,5.0505266,5.0514517,5.0504947,5.0498,5.066458,5.048567,5.0664377,5.0471716,5.061096,5.0476117,5.063478,5.0484543,5.0513835,5.064439,5.056239,5.0501575,5.0522957,5.0788608,5.0754843,5.084267,5.0639887,5.0650434,5.090873,5.104629,5.0811744,5.070913,5.0897894,5.0788093,5.0938582,5.10837,5.103204,5.1008244,5.1006417,5.085919,5.0912395,5.106087,5.117532,5.1215153,5.1235805,5.1076093,5.116974,5.10608,,,,,,,,,,,,,,,,,,,,,,,,,,,,,,,,,,,,,,,,,,,,,,,,,,,,,,,,,,,,,,,,,,,,,,,,,,,,,,,,,,,,,,,,t75
FS/472.png,right,0.1465363999886904,5.1738243,5.15667,5.18477,5.169153,5.190559,5.1866875,5.184577,5.1739616,5.1785336,5.191989,5.200948,5.191093,5.173078,5.2098665,5.201279,5.210335,5.202164,5.208479,5.2164083,5.1742606,5.193924,5.1971507,5.2039366,5.2053256,5.2180266,5.2327957,5.2265353,5.2242904,5.214522,5.2266364,5.1903224,5.212958,5.2328324,5.234123,5.215596,5.248542,5.2268925,5.2125287,5.2278366,5.2510214,5.2479405,5.238086,5.2584195,5.2438464,5.2321625,5.258429,5.2569485,5.2462907,5.2601314,5.217007,5.265452,5.2576222,5.268095,5.2638764,5.235257,5.20341,5.233036,5.231604,5.210753,5.2224236,5.2204237,5.198782,5.204675,5.2045546,5.201975,5.19918,5.197436,5.2006555,5.204908,5.1805587,5.178697,5.1567492,5.1709733,5.168558,5.1707745,5.1406302,5.1312475,5.149473,5.143191,5.1489186,5.1392584,5.126491,5.1229343,5.1333523,5.122784,5.1314764,5.112911,5.128453,5.1299367,5.1172442,5.1143026,5.08869,5.1213865,5.112409,5.1293945,5.132248,5.1042986,5.110749,5.1165624,5.1127377,5.1081142,5.121968,5.1170335,5.1271157,5.1417317,5.1425095,5.1420393,5.145512,5.158267,5.1423354,5.1424575,5.1430645,5.1658664,5.1653314,5.167228,5.168135,5.179473,5.1584034,5.1738048,5.180466,5.1655707,5.1939,5.2032566,5.193847,5.189785,5.1848516,5.217356,5.2172894,5.2252975,5.2219405,5.21192,5.2124267,5.216474,5.1868005,5.1645746,5.141194,5.123261,5.095984,5.0280313,5.0311775,4.9897923,4.964347,4.8867173,4.901937,4.811548,4.78638,4.7493424,4.7186246,4.6678076,4.6040015,4.5745244,4.575158,4.495548,4.478938,4.4499016,4.4529743,4.3869853,4.3643823,4.3442745,4.3100553,4.2948923,4.278934,4.290361,4.273625,4.227115,4.2005525,4.1698546,4.179112,4.088382,4.1057706,4.143281,4.077484,4.092847,4.0939445,4.07989,4.076591,4.0748897,4.073428,4.0619464,4.0694647,4.0595117,4.069401,4.0764103,4.056071,4.0172925,4.0555043,4.051617,4.058182,4.062048,4.0695705,4.0605903,4.0825186,4.0820956,4.0941253,4.0633492,4.077246,4.0876894,4.063167,4.062042,4.080147,4.1158576,4.1184006,4.1486835,4.134054,4.181762,4.1960793,4.1748,4.217528,4.24195,4.225564,4.275464,4.2943234,4.307992,4.3433137,4.3773365,4.3822927,4.393695,4.3933907,4.412523,4.4450617,4.469408,4.4799147,4.490607,4.501839,4.478869,4.5598903,4.5467396,4.5642686,4.570721,4.598941,4.632731,4.622714,4.6382966,4.641759,4.6439075,4.6768727,4.68756,4.703585,4.7219462,4.7550006,4.775763,4.7779727,4.8009286,4.809969,4.820121,4.835951,4.8409677,4.874226,4.881881,4.867086,4.8797164,4.9028068,4.882441,4.887971,4.8925567,4.911592,4.908454,4.9079785,4.9265504,4.921383,4.9543056,4.9438243,4.943653,4.9677353,4.987349,5.010194,5.0089726,5.016941,5.0236964,5.0359817,5.0168557,5.047254,5.042215,5.025118,5.063956,5.0752997,5.068609,5.0713806,5.0630603,5.0799813,5.0720587,5.092221,5.089272,5.079479,5.104681,5.1134524,5.107221,5.1197305,5.0972276,5.1086717,5.116869,5.120988,5.149862,5.133906,5.1203127,5.1366673,5.1440473,5.147589,5.1622562,5.1448207,5.158719,5.1759453,5.170288,5.1789346,5.173266,5.1711254,5.1573496,5.1565027,5.168226,5.146201,5.166165,5.154162,5.1460185,5.176712,5.1492777,5.174425,5.14955,5.130112,5.151559,5.1452575,5.143459,5.1602173,5.152546,5.154744,5.142754,5.1622596,5.141421,5.127273,5.1256723,5.1249294,5.1085515,5.1063123,5.1073146,5.099761,5.112646,5.1097636,5.0986257,5.0977187,5.0988503,5.0840845,5.0801277,5.075935,5.0808725,5.062301,5.0673966,5.0649858,5.05322,5.0564823,5.051552,5.0717683,5.0589256,5.062999,5.05816,5.053295,5.073823,5.0605817,5.0592237,5.053886,5.0788836,5.066797,5.067733,5.0612507,5.078245,5.072258,5.10034,5.0596743,5.0600314,5.09468,5.085402,5.0548134,5.066563,5.0642276,5.0922604,5.1014194,5.0712304,5.1038995,5.107714,5.0975103,5.0658216,5.086301,5.0787525,5.1043797,5.1250677,5.0910873,5.11171,5.1048894,5.090474,5.084585,5.125866,5.099218,5.110691,5.113574,5.111093,,,,,,,,,,,,,,,,,,,,,,,,,,,,,,,,,,,,,,,,,,,,,,,,,,,,,,,,,,,,,,,,,,,,,,,,,,,,,,,,,,t77
FS/472.png,left,0.1878997000021627,5.1320896,5.142118,5.160634,5.137524,5.114709,5.143522,5.154883,5.1403484,5.1531997,5.1525464,5.1074896,5.126146,5.1633735,5.1677837,5.1701646,5.17103,5.184171,5.1763425,5.1616454,5.149984,5.1801534,5.16111,5.179665,5.1867046,5.177992,5.192243,5.206097,5.1912045,5.2031817,5.198404,5.175357,5.2227125,5.234805,5.1686015,5.2250447,5.199881,5.208701,5.197126,5.239872,5.2240057,5.2116127,5.226585,5.2136607,5.220005,5.2376127,5.2121954,5.2316957,5.210041,5.214239,5.245848,5.218059,5.234443,5.211347,5.21806,5.219049,5.1915956,5.2047224,5.206954,5.1972404,5.1772685,5.169075,5.1780167,5.1573796,5.1379886,5.1279445,5.102835,5.0910335,5.0855227,5.0900316,5.067488,5.0584,5.0495377,5.056116,5.03738,5.0190783,4.99133,5.000372,4.9606934,4.968664,4.9570775,4.920842,4.9647775,4.937652,4.920826,4.9404798,4.905292,4.901863,4.9170895,4.91321,4.913981,4.9180393,4.909084,4.909467,4.9039907,4.915109,4.911858,4.9218807,4.923036,4.9431434,4.925787,4.9302115,4.918379,4.963409,4.941855,4.9699903,4.965933,4.954809,5.00154,4.9877114,4.9790874,4.9937377,5.004853,5.037553,4.996788,5.043098,5.04696,5.05085,5.061964,5.054836,5.0783577,5.078429,5.079092,5.0723186,5.0802755,5.1057916,5.0933485,5.1125546,5.1079106,5.1186266,5.111451,5.11166,5.1119056,5.11181,5.0949697,5.115174,5.0801134,5.063481,5.006478,4.9963236,4.9215207,4.9316444,4.8987436,4.856928,4.8078,4.7916536,4.7100472,4.666778,4.62728,4.608261,4.5934505,4.544451,4.506587,4.501376,4.433648,4.417533,4.397581,4.3416395,4.328625,4.3017726,4.2888894,4.272969,4.22961,4.201969,4.184637,4.1697464,4.1644077,4.150579,4.1345344,4.126005,4.0984797,4.0957484,4.070284,4.0698524,4.0329514,4.0438476,4.033239,3.9883451,3.9989207,4.011233,4.0103135,3.9733675,3.9993706,4.00216,3.9709167,3.967171,3.9730651,3.9623477,3.976228,4.0287457,4.015855,4.0137954,4.039239,4.0108943,4.011379,4.020196,4.011614,4.029755,4.0244803,4.0543203,4.0286613,4.073294,4.0464325,4.0420737,4.041241,4.038873,4.147767,4.198337,4.373386,4.09705,3.2640426,4.621787,4.606519,4.6067605,4.650507,4.6795206,4.7048554,4.7178144,4.727292,4.736587,4.7521496,4.768926,4.795947,4.8249793,4.8440576,4.8331957,4.846152,4.87884,4.8734956,4.870381,4.8867226,4.8976226,4.926847,4.9300237,4.9328923,4.970657,4.9687467,4.973739,4.9691887,4.9981294,5.024869,5.014205,5.025169,5.0336485,5.025403,5.048496,5.0320716,5.035864,5.049308,5.0440707,5.0368114,5.064639,5.0618954,5.042224,5.049591,5.0704327,5.096988,5.0665803,5.082495,5.1132464,5.099714,5.127447,5.1200476,5.110759,5.1145005,5.1150618,5.116714,5.1473103,5.1418066,5.1208434,5.1176276,5.1199703,5.1289806,5.1101704,5.1383333,5.147282,5.14886,5.1421556,5.1370068,5.1289067,5.1689043,5.1411157,5.1755342,5.161021,5.1398625,5.1372223,5.1817956,5.1590724,5.1768847,5.1701875,5.144668,5.1639285,5.1689234,5.1631827,5.1751223,5.182945,5.176565,5.166688,5.179002,5.17166,5.18779,5.1694937,5.1731396,5.149197,5.1511917,5.1500263,5.1718016,5.1559443,5.16233,5.14779,5.1708117,5.1645594,5.143752,5.1295342,5.1340795,5.1481786,5.1333027,5.1404815,5.1270523,5.117047,5.129685,5.1186934,5.1161675,5.1021557,5.1113977,5.117439,5.1159782,5.094893,5.095067,5.09441,5.088017,5.0851545,5.079278,5.065517,5.078652,5.071845,5.05117,5.0336156,5.030954,5.033796,5.0141625,5.0189495,5.001002,4.9980335,4.967891,4.9924664,4.994737,4.9803133,4.9540076,4.9603596,4.932299,4.969077,4.9224906,4.954127,4.944582,4.9502764,4.921865,4.9443903,4.9538345,4.9262934,4.958809,4.957548,4.9348855,4.9496107,4.9486227,4.939832,4.942204,4.926053,4.950826,4.9538326,4.951623,,,,,,,,,,,,,,,,,,,,,,,,,,,,,,,,,,,,,,,,,,,,,,,,,,,,,,,,,,,,,,,,,,,,,,,,,,,,,,,,,,,,,,,,,,,,,,,,,,,,,,,,,t78
FS/492.png,right,0.1304090000048745,5.004403,5.012661,5.025718,5.029084,5.010212,5.027293,5.0126586,5.030864,5.039833,5.0355487,5.014601,5.0148435,5.01336,5.037883,5.0210843,5.0336504,5.038509,5.0298114,5.04269,5.061981,5.057813,5.068258,5.0585146,5.077296,5.0681067,5.0656614,5.055766,5.070311,5.0483623,5.096399,5.076321,5.099353,5.0816865,5.0817966,5.105145,5.09957,5.0908546,5.090132,5.0851965,5.0929284,5.0870557,5.0898743,5.092333,5.1024165,5.109166,5.101341,5.108592,5.0836444,5.1220737,5.106947,5.108562,5.098739,5.107018,5.113353,5.104253,5.1078377,5.079843,5.0830045,5.0765405,5.0841346,5.078741,5.0777926,5.055451,5.0275884,5.038873,5.033996,5.0465255,5.031814,5.033947,5.032699,5.053416,4.993067,5.011217,5.0024543,5.0245056,5.024872,4.9946766,5.00111,4.9833937,5.0058126,5.0143037,4.9824214,5.0056725,5.006582,4.9937735,4.9715304,4.99928,5.0034156,5.0096726,5.0161443,5.0113773,5.015848,4.983044,5.0115757,5.017717,5.0345097,5.0128446,5.022539,5.031083,5.03951,5.027023,5.056516,5.022819,5.0360513,5.042436,5.0285606,5.0491424,5.0396113,5.0385056,5.038166,5.0550404,5.04484,5.0608945,5.060121,5.043417,5.0514126,5.057886,5.043446,5.0521655,5.0731254,5.060979,5.05867,5.0584064,5.0579767,5.0690947,5.0566897,5.0574226,5.0603547,5.058928,5.064302,5.0487857,5.0579476,5.039521,5.0294676,5.010526,4.966479,4.942298,4.932344,4.86322,4.842189,4.7993884,4.756152,4.715884,4.674303,4.6284456,4.5965915,4.5347257,4.482054,4.481023,4.4604697,4.4077377,4.3503714,4.3192854,4.3047523,4.214665,4.2090592,4.1876173,4.16309,4.126883,4.085602,4.086556,4.033947,4.0165286,4.018514,3.9955342,3.9662442,3.9588907,3.9117467,3.9061463,3.8877819,3.874448,3.8637235,3.8943126,3.8407125,3.8446846,3.8414867,3.834492,3.8101225,3.8368912,3.796528,3.79422,3.7794628,3.7745688,3.7824657,3.7856388,3.7863352,3.7819674,3.7871482,3.780362,3.7893298,3.7887454,3.8014874,3.8182976,3.794633,3.8075383,3.8465884,3.8461556,3.8412995,3.8688893,3.8819945,3.852615,3.9078722,3.9025285,3.9111624,3.9007902,3.9350188,3.968081,3.959356,3.9560552,3.9909282,4.0012836,3.9964938,4.0124288,4.0354652,4.0150695,4.0637865,4.069018,4.1062555,4.120488,4.120133,4.1425047,4.152619,4.170439,4.1837296,4.1870794,4.203619,4.2394753,4.231427,4.2871423,4.2782173,4.304117,4.3127584,4.3103614,4.323573,4.32319,4.3773184,4.358839,4.402707,4.408994,4.438704,4.4497457,4.4606867,4.4561276,4.463725,4.4977765,4.486663,4.5143213,4.5104356,4.569658,4.529539,4.563041,4.5824504,4.5821204,4.6293154,4.643061,4.629059,4.6496077,4.659987,4.689696,4.6961207,4.698052,4.71319,4.7193,4.7526193,4.738854,4.7818017,4.7675366,4.785147,4.804666,4.7961345,4.8113527,4.806729,4.8096046,4.8310337,4.817576,4.836269,4.8462014,4.8300443,4.8841143,4.868373,4.8946033,4.8901157,4.896478,4.9082694,4.896289,4.930145,4.9596834,4.920842,4.9220443,4.9503336,4.975433,4.948939,4.950269,4.950685,4.9462657,4.940367,4.9352083,4.9624467,4.9542937,4.955796,4.9584355,4.937016,4.9581623,4.9426885,4.9533772,4.9434924,4.9337187,4.9462023,4.9424324,4.940607,4.9202566,4.9275026,4.899371,4.922666,4.883404,4.904503,4.894013,4.861032,4.8709054,4.8547897,4.867106,4.8183284,4.8638844,4.83006,4.8302374,4.806769,4.817107,4.8098793,4.8091445,4.8280883,4.8182597,4.7894835,4.806005,4.804679,4.788055,4.788118,4.788357,4.8014407,4.7883177,4.7841835,4.8084683,4.790282,4.7955294,4.798714,4.795789,4.8127136,4.793019,4.79205,4.8045535,4.798747,4.8028965,4.8049603,4.8111463,4.8274484,4.814512,4.8276296,4.848835,4.8495526,4.844803,4.857263,4.8779397,4.868836,4.8428855,4.8584466,4.877571,4.8612986,4.8749084,4.877152,4.8737006,4.9000306,4.9035907,4.902599,4.9085445,4.913107,4.9291897,4.972487,4.915574,4.951119,4.95941,4.964493,4.9643703,4.9704494,4.9566746,4.965895,4.9819207,4.9855485,5.006177,5.014022,5.02045,5.0260987,5.020564,5.0331993,5.036262,,,,,,,,,,,,,,,,,,,,,,,,,,,,,,,,,,,,,,,,,,,,,,,,,,,,,,,,,,,,,,,,,,,,,,,,,,,,,,,,,,t82
FS/42.png,right,0.1866835999971954,5.245419,5.232348,5.2403092,5.2499194,5.234434,5.240173,5.2513447,5.22711,5.251783,5.2461586,5.2349234,5.2379584,5.2437882,5.218489,5.233831,5.2420197,5.2351303,5.2394357,5.2419295,5.237025,5.2291455,5.230241,5.2314377,5.216622,5.203933,5.1979723,5.227876,5.2356486,5.227614,5.2111855,5.230502,5.224232,5.2134104,5.2406726,5.2224193,5.2122216,5.2272415,5.2357755,5.2363977,5.2402945,5.2105746,5.2449484,5.257342,5.2422595,5.2371006,5.2390966,5.2381916,5.204631,5.2242913,5.2355647,5.2703466,5.248538,5.2095666,5.2144017,5.218508,5.205811,5.1973877,5.1975007,5.194947,5.2018614,5.19043,5.1974106,5.1656594,5.1714396,5.155019,5.1359835,5.151616,5.1029744,5.100142,5.068487,5.0752397,5.0607367,5.0455627,5.026797,5.011612,4.9946327,4.9882674,4.978753,5.0007386,4.9847374,4.984662,4.961896,4.966091,4.96931,4.972337,4.95541,4.938769,4.949718,4.950053,4.962228,4.9505053,4.942701,4.9412565,4.955285,4.9505477,4.9338627,4.9484067,4.9304457,4.9534926,4.95169,4.97883,4.9636617,4.9734387,4.967324,4.9619875,4.972646,4.971332,4.968291,4.9920692,5.0076685,5.009266,5.019355,5.0104785,5.027751,5.03109,5.019137,5.0331864,5.039303,5.019769,5.03718,5.0437856,5.04898,5.0405784,5.052531,5.054645,5.0545516,5.0658298,5.0550036,5.081977,5.0770235,5.0704904,5.0666738,5.0562325,5.052565,5.0221405,5.0045385,4.991605,4.938836,4.918391,4.910092,4.8674436,4.8067265,4.7720413,4.7297053,4.723557,4.6778584,4.645019,4.648472,4.575498,4.545385,4.4998255,4.4698005,4.4636235,4.4319067,4.40595,4.384783,4.3405533,4.325105,4.3021536,4.2576156,4.2347293,4.2262173,4.2245493,4.2257266,4.171959,4.162954,4.174878,4.164539,4.158623,4.152663,4.1251025,4.148994,4.102277,4.119836,4.1029196,4.122091,4.10571,4.08319,4.0965424,4.091898,4.103018,4.0999093,4.1096025,4.086084,4.0972414,4.135476,4.102925,4.0841722,4.081583,4.1071925,4.0962744,4.0836067,4.1074038,4.1291533,4.1296005,4.1499915,4.170868,4.1846857,4.200616,4.210532,4.1938066,4.2308583,4.2532015,4.2190523,4.2719684,4.294575,4.298028,4.31533,4.3668423,4.3789544,4.3730855,4.412228,4.382006,4.393349,4.4182467,4.4605017,4.4571424,4.4779305,4.47313,4.4812512,4.4906282,4.515772,4.5053205,4.5502777,4.568309,4.5881033,4.58116,4.60447,4.6199374,4.6375294,4.6321692,4.6480846,4.6701903,4.6697383,4.7022333,4.669066,4.713057,4.703263,4.7173715,4.758268,4.8083224,4.783153,4.81666,4.832113,4.8347697,4.837608,4.845129,4.8668003,4.8768225,4.875364,4.8808403,4.878292,4.887438,4.901522,4.90417,4.8951106,4.951712,4.9487524,4.9478326,4.9502177,4.9656363,4.9722123,4.9865227,4.985127,5.021138,5.0131745,5.019395,5.016414,5.0169716,5.020224,5.009317,5.038488,5.042896,5.0285144,5.0685577,5.0628552,5.0991135,5.0751843,5.056046,5.0796785,5.0612326,5.072239,5.055183,5.0564036,5.0515633,5.0802827,5.064962,5.0474606,5.052113,5.035948,5.0455303,5.035221,5.021203,5.0455894,5.0243855,5.0103946,5.0062323,5.035931,5.008302,4.9900894,5.0150146,4.996222,4.9931555,4.9797916,4.981186,4.9799557,4.9717383,4.965147,4.9836426,4.940672,4.9653697,4.9509897,4.9462004,4.9515505,4.9382524,4.932003,4.948505,4.9249005,4.898121,4.8960857,4.884744,4.914006,4.902292,4.896057,4.9185777,4.8811502,4.8755784,4.907256,4.872964,4.9040456,4.9123197,4.8854837,4.905673,4.9080453,4.910822,4.9033933,4.910322,4.903757,4.9022894,4.9127507,4.913262,4.88974,4.919818,4.892205,4.9283752,4.931909,4.9111614,4.9186788,4.9106665,4.9438033,4.9300466,4.913608,4.9234943,4.926873,4.953094,4.9084272,4.902855,4.9124537,4.923233,4.930163,4.9408517,4.963248,4.914724,4.9386573,4.963194,4.989803,4.9465704,4.9815702,4.980733,4.9870133,4.9768143,4.945457,4.954891,4.9810925,4.995283,4.9995213,4.9909754,5.023574,5.016732,5.0002766,5.0134687,5.012677,5.0104256,5.0232162,5.0323987,5.034075,5.0147166,5.0331306,5.024053,5.0214443,5.0212994,5.0284166,5.0209637,5.0393744,5.0387754,5.008992,5.023864,5.0152206,5.0122056,5.024768,5.020602,,,,,,,,,,,,,,,,,,,,,,,,,,,,,,,,,,,,,,,,,,,,,,,,,,,,,,,,,,,,,,,,,,,,,,,,,,t87
FS/12.png,left,0.1507319999946048,4.771533,4.771272,4.804476,4.7947974,4.7985635,4.811845,4.8127127,4.79733,4.8213773,4.8060155,4.8201017,4.8109117,4.812276,4.8222384,4.833473,4.849566,4.81986,4.842157,4.851887,4.8377833,4.8533406,4.855431,4.863954,4.850633,4.8459167,4.8452487,4.882216,4.8537827,4.8495517,4.856651,4.8741064,4.8538113,4.8610992,4.8637166,4.8606524,4.847758,4.855815,4.859133,4.865049,4.870737,4.8779936,4.856838,4.882061,4.884576,4.86916,4.895953,4.911834,4.888377,4.904845,4.878697,4.8948164,4.9011364,4.900736,4.8977036,4.8791504,4.8909574,4.87466,4.9015436,4.891935,4.8891826,4.8678956,4.8741136,4.8466644,4.8665204,4.8422694,4.822122,4.839246,4.8105397,4.8062143,4.753893,4.7767935,4.737508,4.7546134,4.725035,4.7279882,4.7287345,4.7171474,4.724098,4.7167177,4.701044,4.7137756,4.712603,4.7063875,4.6987185,4.709247,4.706253,4.7140484,4.701463,4.6919165,4.7195916,4.6945367,4.7008524,4.7087755,4.705732,4.7159405,4.702205,4.7139835,4.7161946,4.722817,4.735349,4.726762,4.736217,4.740276,4.761837,4.7196965,4.746968,4.74525,4.757374,4.7793927,4.7609835,4.7749095,4.802709,4.768394,4.7893605,4.8019238,4.812791,4.811822,4.8354487,4.831771,4.8186975,4.830571,4.8331223,4.8434744,4.845028,4.8410163,4.8246427,4.845879,4.868126,4.8448043,4.8387675,4.8825717,4.860947,4.8748016,4.873111,4.8700542,4.8715034,4.8469615,4.8527145,4.83867,4.8185854,4.7936497,4.7436113,4.7369056,4.6972613,4.657099,4.644359,4.6073313,4.570049,4.4914894,4.4813147,4.4515686,4.4266963,4.4017906,4.375672,4.328588,4.2924013,4.235146,4.2231717,4.206336,4.1851177,4.140076,4.131175,4.1089954,4.106999,4.0660024,4.084173,4.0419106,4.040383,3.9858632,3.9936666,4.0126944,3.989997,3.9722273,3.9810648,3.9843118,3.92818,3.9316108,3.9132946,3.9265358,3.9189973,3.9274182,3.8986952,3.920941,3.9268045,3.9494193,3.9205692,3.907981,3.9103708,3.9502037,3.946622,3.9238703,3.9442785,3.9723625,3.9470246,3.9374664,3.939813,3.919236,3.9407873,3.9407756,3.9617875,3.9632578,3.930396,4.023877,3.703761,4.1108904,4.14493,4.190442,4.144415,4.1882725,4.212644,4.2487903,4.2609854,4.271602,4.282106,4.279818,4.304827,4.2985487,4.338755,4.36093,4.3365965,4.361701,4.387174,4.410784,4.364776,4.36462,4.386314,4.4186587,4.420803,4.44726,4.447902,4.4300117,4.469936,4.4670887,4.4850817,4.5254674,4.519824,4.5347953,4.5399656,4.528354,4.557117,4.573526,4.5724535,4.5775704,4.6013446,4.5887065,4.616238,4.648128,4.620664,4.6755,4.6558247,4.665636,4.6695104,4.7050676,4.696544,4.6944613,4.7051888,4.7002306,4.7065163,4.7068033,4.7235837,4.737768,4.7346654,4.7432065,4.7585654,4.750091,4.7431726,4.7709136,4.7904816,4.7719016,4.7860737,4.7841363,4.747655,4.7820745,4.744432,4.7728634,4.7827597,4.771476,4.774259,4.777448,4.772334,4.7734985,4.7835455,4.783233,4.7952003,4.7760096,4.776787,4.765214,4.76041,4.781255,4.783943,4.7693863,4.7746634,4.7837286,4.7828856,4.7562494,4.7642913,4.7605114,4.7768226,4.7578278,4.7612004,4.7566533,4.7320366,4.732292,4.7471185,4.764003,4.735354,4.720016,4.7226577,4.739164,4.7126136,4.6980157,4.690718,4.6882176,4.6908956,4.7086163,4.686504,4.6772375,4.6680994,4.6667185,4.6597214,4.658545,4.6685934,4.6416,4.6684566,4.671862,4.6701083,4.667631,4.646817,4.6456995,4.649185,4.6545916,4.651711,4.646546,4.6216283,4.595533,4.6146107,4.606264,4.6039715,4.5865693,4.588994,4.579132,4.5911736,4.570735,4.594761,4.590888,4.578929,4.5899673,4.5746093,4.5610433,4.5448694,4.5394406,4.563326,4.5458384,4.5380616,4.5494356,4.546499,4.530722,4.526885,4.5240936,4.53233,4.530338,4.5314875,4.513744,4.5283437,4.52409,4.534242,4.4932694,4.4932084,4.5200524,4.5017896,4.536772,4.530478,4.5208125,4.520582,4.53504,4.5164247,4.546419,4.5263476,4.5417686,4.517537,4.5360994,4.5335393,4.540136,4.540483,4.5634084,4.5563164,4.5568814,4.5611634,,,,,,,,,,,,,,,,,,,,,,,,,,,,,,,,,,,,,,,,,,,,,,,,,,,,,,,,,,,,,,,,,,,,,,,,,,,,,,,,,,,,,,,t99
FS/12.png,right,0.1685331999906338,5.011971,4.992248,5.0310974,5.028903,5.0118413,5.002705,5.0039163,5.020352,5.0407076,5.0588665,5.080872,5.0457587,5.0618763,5.0505047,5.0736866,5.0919385,5.0696015,5.0953984,5.095735,5.0800304,5.116741,5.123335,5.087564,5.1073713,5.0951343,5.1132054,5.108346,5.137146,5.137034,5.114963,5.12362,5.1353493,5.1407986,5.138089,5.1539927,5.138469,5.1459284,5.114574,5.1410527,5.1798363,5.1578918,5.138216,5.1518054,5.1704683,5.1509566,5.161085,5.163173,5.127616,5.144355,5.166889,5.1238685,5.1384163,5.141591,5.134226,5.09656,5.094906,5.1119375,5.0958967,5.0811625,5.0643044,5.064375,5.0693307,5.0430346,5.0257864,5.0140114,5.0029497,4.982102,4.953502,4.9383993,4.9413185,4.928933,4.906398,4.8824368,4.877551,4.8602057,4.8464913,4.854731,4.847314,4.86668,4.8405223,4.8311677,4.8388305,4.8431787,4.8359494,4.852311,4.798212,4.848382,4.8363323,4.8454,4.8444214,4.8498826,4.8389444,4.847831,4.8343687,4.8531938,4.851275,4.885823,4.865776,4.873315,4.8734984,4.8854027,4.8881927,4.871999,4.8859887,4.8722763,4.9135566,4.921628,4.924916,4.946067,4.9371643,4.944668,4.9700828,4.986967,4.981315,4.9957824,4.97677,5.0145845,5.030665,5.0303574,5.024127,5.043739,5.0422277,5.0568104,5.0555305,5.0547023,5.0505476,5.0838275,5.0947986,5.0756764,5.0831237,5.0804014,5.1162133,5.11206,5.11338,5.1355543,5.145536,5.13719,5.1411066,5.1329722,5.110774,5.0910296,5.0857787,5.0571017,5.0346346,5.0180607,4.9609137,4.9631085,4.8991385,4.868713,4.830661,4.7990127,4.7762914,4.763452,4.715661,4.663341,4.621599,4.6020203,4.579057,4.5464826,4.508616,4.529546,4.510232,4.4874506,4.4376354,4.4136224,4.3911157,4.3853,4.369087,4.3019342,4.3457084,4.2926087,4.3138103,4.292086,4.2745104,4.2694855,4.2727566,4.2658067,4.245238,4.252722,4.254732,4.2638617,4.2468863,4.262518,4.258826,4.2548995,4.2457075,4.265096,4.2740145,4.267185,4.289319,4.2511935,4.27623,4.2989016,4.2826605,4.2679863,4.288215,4.30946,4.3431144,4.3415465,4.3566346,4.3477035,4.373236,4.393391,4.4099727,4.416045,4.4189734,4.4628963,4.495109,4.50931,4.521539,4.523146,4.5399904,4.5411234,4.5701895,4.5677557,4.5973625,4.627328,4.622068,4.6248937,4.6461,4.6888604,4.71048,4.7225356,4.719973,4.7352695,4.785335,4.813935,4.8098335,4.8267407,4.8295393,4.8424153,4.854562,4.8513165,4.856455,4.8908815,4.894206,4.9143333,4.9178348,4.951106,4.96552,4.9989986,4.9890914,5.009754,4.994852,5.0192423,5.043584,5.051263,5.065385,5.0892467,5.079764,5.10976,5.1220446,5.1092806,5.127368,5.119701,5.13911,5.16259,5.164381,5.1747575,5.2144003,5.1969438,5.22897,5.224181,5.2280006,5.240856,5.244917,5.2605777,5.2473264,5.253668,5.2639675,5.280355,5.287363,5.2903347,5.2883754,5.287609,5.2960386,5.2998414,5.297585,5.31405,5.315452,5.31507,5.328347,5.3467445,5.3243093,5.338098,5.367888,5.347487,5.355396,5.365248,5.3612776,5.3936524,5.364838,5.3604436,5.3728476,5.3667617,5.3739624,5.388955,5.3383327,5.360837,5.3458633,5.350643,5.3513236,5.341042,5.358481,5.334538,5.332629,5.3413687,5.327769,5.355383,5.325306,5.3279567,5.3107414,5.321051,5.299361,5.337072,5.344254,5.356393,5.334391,5.342504,5.3135753,5.3134522,5.300989,5.324367,5.318364,5.332758,5.3183246,5.319406,5.3375463,5.3251863,5.307852,5.314356,5.3181095,5.3145714,5.3201413,5.2937117,5.337823,5.3317885,5.323604,5.3304877,5.3158455,5.345554,5.3390565,5.3325357,5.328664,5.3266206,5.3361845,5.3470798,5.3263946,5.32706,5.326737,5.3435335,5.339323,5.3436956,5.3355207,5.3376603,5.347772,5.3469954,5.3558893,5.3760896,5.3523593,5.3892426,5.382566,5.3650713,5.384143,5.390464,5.340893,5.3907514,5.3822627,5.373566,5.3874245,5.395236,5.3726826,5.39468,5.3899856,5.4108677,5.397064,5.4049587,5.3786592,5.38897,5.403885,5.4096255,5.4068627,5.3938656,5.392755,5.3953514,5.3972654,5.382315,5.3932405,5.3966503,5.396914,5.3867373,5.394364,5.4111867,5.385943,5.388937,5.393934,5.404494,5.3868155,5.393835,5.3740516,,,,,,,,,,,,,,,,,,,,,,,,,,,,,,,,,,,,,,,,,,,,,,,,,,,,,,,,,,,,,,,,,,,,,,,,,,,t113
