t87,t88,t89,t90,t91,t92,t93,t94,t95,t96,t97,t98,t99,t100,t101,t102,t103,t104,t105,t106,t107,t108,t109,t110,t111,t112,t113,t114,t115,t116,t117,t118,t119,t120,t121,t122,t123,t124,t125,t126,t127,t128,t129,t130,t131,t132,t133,t134,t135,t136,t137,t138,t139,t140,t141,t142,t143,t144,t145,t146,t147,t148,t149,t150,t151,t152,t153,t154,t155,t156,t157,t158,t159,t160,t161,t162,t163,t164,t165,t166,t167,t168,t169,t170,t171,t172,t173,t174,t175,t176,t177,t178,t179,t180,t181,t182,t183,t184,t185,t186,t187,t188,t189,t190,t191,t192,t193,t194,t195,t196,t197,t198,t199,t200,t201,t202,t203,t204,t205,t206,t207,t208,t209,t210,t211,t212,t213,t214,t215,t216,t217,t218,t219,t220,t221,t222,t223,t224,t225,t226,t227,t228,t229,t230,t231,t232,t233,t234,t235,t236,t237,t238,t239,t240,t241,t242,t243,t244,t245,t246,t247,t248,t249,t250,t251,t252,t253,t254,t255,t256,t257,t258,t259,t260,t261,t262,t263,t264,t265,t266,t267,t268,t269,t270,t271,t272,t273,t274,t275,t276,t277,t278,t279,t280,t281,t282,t283,t284,t285,t286,t287,t288,t289,t290,t291,t292,t293,t294,t295,t296,t297,t298,t299,t300,t301,t302,t303,t304,t305,t306,t307,t308,t309,t310,t311,t312,t313,t314,t315,t316,t317,t318,t319,t320,t321,t322,t323,t324,t325,t326,t327,t328,t329,t330,t331,t332,t333,t334,t335,t336,t337,t338,t339,t340,t341,t342,t343,t344,t345,t346,t347,t348,t349,t350,t351,t352,t353,t354,t355,t356,t357,t358,t359,t360,t361,t362,t363,t364,t365,t366,t367,t368,t369,t370,t371,t372,t373,t374,t375,t376,t377,t378,t379,t380,t381,t382,t383,t384,t385,t386,t387,t388,t389,t390,t391,t392,t393,t394,t395,t396,t397,t398,t399,t400,t401,t402,t403,t404,t405,t406,t407,t408,t409,t410,t411,t412,t413,t414,t415,t416,t417,t418,t419,t420,t421,t422,t423,t424,t425,t426,t427,t428,t429,t430,t431,t432,t433,t434,t435,t436,t437,t438,t439,t440,t441,t442,t443,t444,t445,t446,t447,t448,t449,t450,t451,t452,t453,t454,t455,t456,t457,t458,t459,t460
4.111236,4.1158366,4.112478,4.115435,4.1147494,4.11652,4.115316,4.126896,4.121685,4.1331034,4.13816,4.1484504,4.1420827,4.1521807,4.1475854,4.1503572,4.1538687,4.153237,4.155903,4.1523957,4.152374,4.16109,4.1592364,4.1512394,4.160493,4.172915,4.1557226,4.175064,4.1837287,4.190843,4.1871047,4.1804605,4.1894145,4.195541,4.200454,4.1988144,4.1964283,4.1956797,4.20816,4.185705,4.1700296,4.1828427,4.1701703,4.1791544,4.158453,4.135643,4.1294794,4.121474,4.115731,4.1029315,4.0844307,4.0600796,4.0377173,4.012598,3.986691,3.9664693,3.9421563,3.917292,3.8952017,3.8949366,3.8465672,3.8248053,3.8027465,3.787122,3.7696886,3.764131,3.749243,3.7471542,3.7044134,3.7114468,3.7026389,3.692717,3.664365,3.663434,3.6484268,3.6443634,3.6287265,3.6170564,3.6079798,3.5950167,3.5885293,3.5861626,3.5852616,3.5796747,3.588576,3.554823,3.558708,3.5675507,3.5619245,3.573683,3.5680172,3.5733643,3.5800242,3.5700912,3.5640287,3.5661757,3.5798953,3.581116,3.5991788,3.5721304,3.599316,3.6044033,3.6108868,3.6146364,3.6150782,3.6230829,3.6188834,3.637503,3.6333456,3.6264322,3.6232622,3.6288476,3.6227012,3.6145701,3.6238513,3.6136982,3.640148,2.9902723,1.2406645,3.720511,3.7196698,3.7591417,3.7670977,3.7729244,3.789141,3.7916386,3.8082514,3.8216019,3.8548105,3.886438,3.8966796,3.9031286,3.9105997,3.9240863,3.952464,3.9395006,3.9598699,3.9640949,3.9663668,3.966878,3.9738302,3.9796548,3.9844804,3.9799366,4.000863,3.9820242,4.002329,3.9970703,4.002401,4.0083876,4.014068,4.0111156,4.0141387,4.0196652,4.0389457,4.0360804,4.042883,4.0351634,4.0398035,4.049846,4.0501094,4.0451317,4.053224,4.067641,4.047414,4.0572586,4.0768185,4.094107,4.087546,4.0926185,4.1090217,4.1118574,4.108725,4.1072836,4.1133795,4.1165667,4.117569,4.115855,4.112258,4.116037,4.1278987,4.1250453,4.118622,4.145105,4.150849,4.1407785,4.1414585,4.1308293,4.135191,4.1377997,4.1380796,4.1399174,4.1315556,4.145959,4.1631036,4.1601806,4.158251,4.1504116,4.148931,4.1553793,4.162587,4.163843,4.180211,4.1548104,4.1578064,4.1497035,4.1547623,4.153782,4.1577373,4.1557064,4.1539025,4.146398,4.158154,4.1531744,4.1517067,4.164428,4.1487665,4.1553316,4.159869,4.145137,4.145804,4.1512003,4.1654434,4.153726,4.1533246,4.147649,4.158659,4.140561,4.1483994,4.149015,4.152866,4.139378,4.1587887,4.144035,4.1355815,4.153136,4.149263,4.1360383,4.149477,4.1582837,4.160545,4.151062,4.143863,4.1440196,4.1450367,4.136653,4.142178,4.148966,4.150675,4.1617203,4.141939,4.150661,4.146478,4.1509004,4.1560373,4.1526814,4.1544256,4.1589046,4.156042,4.145217,4.151154,4.156566,4.16425,4.1536317,4.142312,4.1538043,4.1683865,4.1527877,4.1619906,4.171596,4.1552134,4.1643567,4.1666007,4.162264,4.156358,4.166463,4.1670694,4.1615133,4.15428,4.1657615,4.1657877,4.171437,4.1607733,4.1800733,4.1706686,4.1749315,,,,,,,,,,,,,,,,,,,,,,,,,,,,,,,,,,,,,,,,,,,,,,,,,,,,,,,,,,,,,,,,,,,,,,,,,,,,,,,,,,,,,,,,
4.552924,4.55824,4.556252,4.5573854,4.5553074,4.550793,4.547793,4.555238,4.5563893,4.5617495,4.564943,4.5657134,4.567657,4.575807,4.56673,4.566487,4.573383,4.570434,4.5730414,4.5727215,4.5709763,4.561719,4.582679,4.579625,4.5732627,4.5766325,4.5764747,4.57639,4.5769105,4.582064,4.5741115,4.5999618,4.5912304,4.5855684,4.596137,4.5889316,4.5867915,4.591705,4.598801,4.5949454,4.593908,4.5838923,4.5533967,4.575175,4.558594,4.5661063,4.5679317,4.5456767,4.550488,4.5440006,4.533315,4.519072,4.513287,4.5030823,4.4783964,4.454904,4.4456587,4.4181294,4.406362,4.359298,4.331984,4.3156214,4.293961,4.2897882,4.259461,4.220804,4.200726,4.187945,4.18297,4.168812,4.146676,4.115347,4.101394,4.084743,4.063469,4.054862,4.0257096,4.0244985,4.010984,4.013963,3.9915762,3.9775717,3.9670556,3.9272761,3.9171493,3.9203076,3.9308267,3.919336,3.9048524,3.918646,3.9044733,3.9092221,3.9098618,3.9051857,3.8960683,3.9037561,3.901902,3.8978355,3.8922698,3.8970034,3.906736,3.9181633,3.9090815,3.9050167,3.8896854,3.8648012,3.8839407,3.882123,3.8624618,3.8283584,3.8716478,3.8343828,3.8860447,1.2053111,3.2988014,2.9715679,3.691009,3.799692,3.8869584,3.9307094,3.927417,3.9091654,3.952462,3.965051,4.003442,4.0184383,4.0372095,4.020996,4.053771,4.077111,4.0828714,4.0874043,4.112067,4.112401,4.1179204,4.129021,4.1348495,4.1535788,4.167539,4.184573,4.178497,4.197253,4.192641,4.202534,4.2043314,4.2086167,4.205376,4.201175,4.212697,4.2249293,4.2270517,4.2257295,4.232753,4.2244034,4.2593446,4.2515807,4.273524,4.276576,4.2798796,4.270763,4.2903795,4.2776203,4.281288,4.2871885,4.292336,4.2919436,4.311184,4.3010225,4.308805,4.3105297,4.331523,4.3282757,4.3232737,4.3420734,4.342135,4.35252,4.3486457,4.3547244,4.3769245,4.3692284,4.376403,4.366325,4.382934,4.3925724,4.397694,4.3902297,4.3899083,4.3996034,4.396528,4.407138,4.4061856,4.4077992,4.4064627,4.411157,4.434042,4.4170847,4.4292574,4.427626,4.4250584,4.427052,4.4277806,4.423352,4.429758,4.415433,4.426851,4.427051,4.4241176,4.4319186,4.4323926,4.4175186,4.4181294,4.4312286,4.411936,4.415239,4.423971,4.421492,4.423218,4.4216924,4.407047,4.410191,4.413218,4.411924,4.4137387,4.4130483,4.4185047,4.4044657,4.4194393,4.4359155,4.421931,4.4152617,4.410222,4.41199,4.4105773,4.3990808,4.411528,4.4101834,4.402413,4.4039397,4.4102674,4.403913,4.399539,4.4000316,4.4142065,4.4113193,4.409546,4.402401,4.409986,4.391943,4.4062476,4.390574,4.401803,4.3959727,4.393787,4.4013557,4.4002867,4.3923945,4.3904305,4.388239,4.391325,4.4003916,4.400083,4.4035454,4.3940883,4.4002304,4.393176,4.404265,4.4023128,4.396333,4.4005065,4.3992414,4.3966274,4.3982825,4.4035506,4.3965034,4.395206,4.408923,4.4038086,4.4129696,4.412977,4.4043493,4.419956,4.4151983,4.4107122,4.412206,4.4271502,4.4299355,4.432054,4.434851,4.427244,4.443711,4.427108,4.43715,4.451211,4.44815,4.438424,4.4469256,4.4477773,4.4483933,4.4549212,4.453526,4.4659104,4.4646635,4.4685793,,,,,,,,,,,,,,,,,,,,,,,,,,,,,,,,,,,,,,,,,,,,,,,,,,,,,,,,,,,,,,,,,,,,,,,
4.55832,4.555881,4.5607514,4.548602,4.549891,4.555716,4.5631037,4.557629,4.5601788,4.567652,4.562919,4.552191,4.5415664,4.566094,4.5642447,4.5648503,4.561446,4.5691085,4.5781636,4.579385,4.581387,4.5917053,4.586835,4.5948954,4.5969195,4.590083,4.5991254,4.5920815,4.573852,4.577571,4.582208,4.5843706,4.5743294,4.574647,4.586598,4.579814,4.58202,4.5832567,4.5842743,4.584196,4.5794554,4.572846,4.560145,4.538552,4.566205,4.5850525,4.56985,4.5568137,4.5388713,4.5307217,4.5166535,4.5018477,4.484027,4.4717164,4.449755,4.435699,4.406506,4.397591,4.369891,4.338876,4.3095593,4.303027,4.272578,4.265266,4.247109,4.238675,4.2154355,4.2056518,4.177436,4.1462045,4.128525,4.117285,4.10815,4.0926037,4.087417,4.064063,4.066388,4.073779,4.0638204,4.050654,4.047829,4.0445995,4.0497413,4.028395,4.026386,4.0175323,4.0188227,4.0065827,4.0068107,4.0100684,4.0219574,4.009512,4.008933,4.0198507,4.018071,4.0112505,4.021172,4.0201545,4.011799,4.0176015,4.0083303,4.0129476,4.02188,4.034089,4.021795,4.020654,3.9842067,4.005296,3.9630938,4.0034575,4.037442,4.02977,4.1517916,4.1141953,4.150471,4.182437,4.2060575,4.2044725,4.2202377,4.219471,4.2233877,4.2365103,4.234558,4.239918,4.237575,4.2515483,4.2522902,4.2640157,4.279352,4.3042054,4.299975,4.310008,4.318853,4.32261,4.326416,4.3454947,4.3418603,4.3442655,4.35026,4.3545265,4.365742,4.367947,4.3680234,4.3686147,4.3747873,4.3779144,4.389518,4.397641,4.412507,4.4210744,4.42318,4.440956,4.4416733,4.4437394,4.4561276,4.456636,4.475859,4.4784417,4.4912977,4.4856663,4.48538,4.486128,4.5074635,4.4975505,4.5132422,4.5041995,4.517084,4.534473,4.523912,4.547339,4.542305,4.538168,4.545746,4.5499163,4.5541625,4.5504737,4.550276,4.5522785,4.540499,4.5550637,4.5625916,4.55334,4.558097,4.565425,4.5584984,4.561839,4.57015,4.5571117,4.5705466,4.5585313,4.5691876,4.5772734,4.615769,4.5650992,4.5688643,4.557314,4.553979,4.568884,4.5828843,4.5804343,4.563913,4.572971,4.5769362,4.580679,4.591432,4.5756235,4.5874453,4.580098,4.584681,4.594838,4.575615,4.572812,4.578297,4.5810413,4.576947,4.588653,4.582532,4.586465,4.5857615,4.593394,4.5889544,4.58065,4.5918903,4.59621,4.5911503,4.583674,4.5862484,4.5892816,4.5835085,4.576316,4.583705,4.5956273,4.5858836,4.5839095,4.5790915,4.5773478,4.5863075,4.5754843,4.5716004,4.5763664,4.588433,4.5784082,4.5743537,4.571739,4.588213,4.58712,4.581396,4.5802836,4.589791,4.5921893,4.5887184,4.5852885,4.5907845,4.5871267,4.6101465,4.6160154,4.618013,4.622014,4.621886,4.614607,4.6178074,4.617469,4.620377,4.6217427,4.6148143,4.613726,4.6099944,4.613682,4.616635,4.6119843,4.611496,4.613748,4.6193204,4.600934,4.599912,4.6039815,4.60441,4.597153,4.5922728,4.6040416,4.6016994,4.5996733,4.6039386,4.600911,4.609277,4.607605,4.596193,4.5985518,4.593641,4.6050735,4.596212,4.604215,4.6016207,4.6025147,4.605862,4.6122293,4.6063986,4.611741,4.611517,4.6151786,,,,,,,,,,,,,,,,,,,,,,,,,,,,,,,,,,,,,,,,,,,,,,,,,,,,,,,,,,,,,,,,,,,,,,,,,,
4.107324,4.1165614,4.1098146,4.1077924,4.1183915,4.1204796,4.1203957,4.1250873,4.1381264,4.121697,4.12613,4.1317525,4.137646,4.1440544,4.1332436,4.141519,4.1347036,4.140607,4.127947,4.1337347,4.1464114,4.1436954,4.1504602,4.150663,4.1577096,4.1581845,4.1657066,4.161855,4.166965,4.1668067,4.168598,4.184424,4.189528,4.1792884,4.1803775,4.1876845,4.218019,4.2004523,4.2035723,4.231332,4.2231684,4.2257833,4.2251263,4.248059,4.2233567,4.241343,4.231543,4.238463,4.245007,4.2351046,4.233806,4.224958,4.2016377,4.1783895,4.1711044,4.1439924,4.131742,4.1164665,4.1125817,4.092115,4.0634594,4.0322948,4.012998,4.005876,3.9907355,3.9586115,3.93079,3.926314,3.899578,3.8872743,3.8820243,3.8611326,3.831071,3.8208601,3.815883,3.8115866,3.8091967,3.8133633,3.7931237,3.7810664,3.7805135,3.7687843,3.756426,3.753252,3.7443771,3.7443705,3.744107,3.7405932,3.7306347,3.7376595,3.7445822,3.7406886,3.7412832,3.7458842,3.7502587,3.751839,3.751818,3.7631366,3.749008,3.7557347,3.7579792,3.77094,3.7759316,3.7668211,3.787063,3.788259,3.796334,3.7943277,3.7996385,3.8139362,3.8241844,3.8288367,3.8238845,3.8246875,3.8331106,3.8292716,3.836782,3.8487835,3.8778121,3.880804,3.888094,3.8972242,3.8987236,3.9214687,3.9170303,3.9392426,3.9410837,3.9489737,3.9659834,3.9641545,3.978398,3.9708264,3.9733298,3.9852326,4.0014257,4.015908,4.020802,4.0178304,4.037362,4.0649657,4.0623994,4.0618668,4.059688,4.066515,4.073143,4.0799627,4.0736732,4.09471,4.103319,4.103411,4.115231,4.1243634,4.120482,4.129725,4.1240296,4.117056,4.134688,4.12754,4.140972,4.145662,4.1570005,4.1794505,4.1779857,4.1811996,4.206184,4.210831,4.2142587,4.216286,4.2266607,4.2290554,4.2267404,4.226184,4.231722,4.229367,4.241153,4.2377872,4.2402086,4.2416496,4.2515197,4.24703,4.2474732,4.2600417,4.267407,4.2549224,4.2739496,4.2788677,4.282614,4.2788544,4.2814775,4.275013,4.2756214,4.2740426,4.286916,4.298621,4.2771263,4.2877245,4.2950754,4.2960787,4.3049564,4.2951427,4.316161,4.298664,4.3203206,4.310322,4.3105445,4.3234754,4.3209257,4.31451,4.3111954,4.317362,4.3265896,4.3222275,4.321485,4.316882,4.331449,4.3273296,4.3282948,4.322421,4.3389153,4.3348994,4.3276033,4.324296,4.333271,4.328481,4.3319116,4.3249173,4.3310647,4.324971,4.3334017,4.3293147,4.340658,4.359071,4.3308024,4.340952,4.3476486,4.345636,4.3424454,4.346102,4.342685,4.3435106,4.343193,4.3378057,4.337786,4.3383007,4.350138,4.3407726,4.344518,4.3473434,4.34881,4.3426437,4.346083,4.3425236,4.347252,4.33248,4.3439455,4.340912,4.3438716,4.34175,4.3428817,4.343278,4.3347692,4.343215,4.3382134,4.323606,4.332013,4.3290787,4.344005,4.326514,4.3341684,4.330295,4.3287463,4.3347473,4.3276367,4.3224235,4.3304787,4.325566,4.3227553,4.331529,4.3288093,4.3344297,4.336161,4.338337,4.3321238,4.336411,4.3257575,4.340377,4.33645,4.335363,4.330672,4.3284106,4.348099,4.3290086,4.334637,4.3476896,4.3386126,4.3379216,4.3309226,4.3407173,4.3419023,4.344153,4.336562,4.351108,4.3524356,4.345231,4.351598,4.3485236,4.3368125,4.3717127,4.351989,4.3571115,4.372014,4.365929,,,,,,,,,,,,,,,,,,,,,,,,,,,,,,,,,,,,,,,,,,,,,,,,,,,,,,,,,,,,,,
4.249138,4.254445,4.2577195,4.256505,4.254137,4.2539306,4.253389,4.2616057,4.2694573,4.2569265,4.2658243,4.272922,4.2647457,4.266874,4.2757306,4.2751203,4.2788596,4.2811284,4.273268,4.2818785,4.28757,4.282768,4.293804,4.282422,4.2996106,4.2894144,4.3025,4.2925005,4.3093286,4.299896,4.2975225,4.311298,4.3157854,4.315892,4.317031,4.3172626,4.3199863,4.317609,4.322029,4.3310924,4.3195267,4.321274,4.3126817,4.321557,4.3138266,4.3290396,4.327001,4.321236,4.312255,4.304607,4.3047,4.297973,4.2903585,4.275424,4.2622004,4.2410507,4.2217946,4.167369,4.163486,4.1568446,4.148238,4.125694,4.096848,4.0708404,4.036013,4.0178666,4.0062327,3.9903536,3.9665334,3.9567034,3.9578185,3.9331126,3.9203966,3.892646,3.8736312,3.8638775,3.859593,3.8443737,3.8405082,3.835285,3.8223078,3.8236887,3.8065195,3.7933638,3.8102093,3.7906256,3.789809,3.785124,3.7822843,3.770038,3.7556522,3.7359014,3.7312102,3.7152243,3.6877506,1.3035288,3.7760916,3.7645354,3.798323,3.8105264,3.8497794,3.8626134,3.8622785,3.876121,3.8859284,3.9274678,3.93049,3.9270751,3.923113,3.9189136,3.9319937,3.9489417,3.9565976,3.9602017,3.9700682,3.9807246,3.977464,3.9877877,4.0005074,4.0005116,4.005536,4.0322156,4.0295715,4.025968,4.0406985,4.042098,4.0431843,4.0450487,4.0478134,4.05169,4.0574408,4.071624,4.073768,4.0893297,4.1136374,4.114296,4.1144853,4.122102,4.135615,4.1355844,4.1421576,4.1577764,4.1514416,4.1605673,4.165973,4.1694865,4.1691914,4.167138,4.1758175,4.1754327,4.1727667,4.1852293,4.1904593,4.2065682,4.1860285,4.213382,4.206659,4.2135787,4.209128,4.2138567,4.214578,4.211908,4.2181444,4.2225986,4.212078,4.2184863,4.223348,4.2209973,4.2196317,4.219647,4.2210727,4.2131815,4.2195997,4.224684,4.2132688,4.2227564,4.2161565,4.220321,4.224745,4.220856,4.2248216,4.2212825,4.215485,4.2144866,4.215707,4.2189527,4.2244654,4.219498,4.2100863,4.2128005,4.2093425,4.197809,4.183812,4.1883616,4.183341,4.1825676,4.213556,4.177136,4.1958413,4.1711745,4.18253,4.181908,4.1893663,4.1705284,4.1744523,4.1809564,4.174468,4.178166,4.1739016,4.164468,4.1734667,4.1673,4.163629,4.1749563,4.167589,4.175482,4.1748805,4.1718082,4.171664,4.1639276,4.1568985,4.161669,4.152297,4.1769,4.1701245,4.1704483,4.1683364,4.1482916,4.1569257,4.162382,4.1585793,4.1529174,4.159838,4.157538,4.1651826,4.1605906,4.1696067,4.165251,4.1671615,4.159217,4.160469,4.1630015,4.16202,4.160428,4.164913,4.1592913,4.1552486,4.159079,4.1603117,4.1646004,4.1618443,4.1660824,4.1779065,4.174692,4.1830173,4.1830077,4.1823483,4.1958165,4.1868935,4.19177,4.187071,4.1942797,4.2037024,4.1952076,4.1996574,4.2078543,4.200849,4.208498,4.2075095,4.2145743,4.21163,4.2075925,4.2110214,4.2200685,4.222727,4.223126,4.2121263,4.2255754,4.255507,4.250433,,,,,,,,,,,,,,,,,,,,,,,,,,,,,,,,,,,,,,,,,,,,,,,,,,,,,,,,,,,,,,,,,,,,,,,,,,,,,,,,,,,,,,,,,,,,,,
4.6377645,4.6362557,4.6409082,4.6345687,4.629351,4.633038,4.6408086,4.6275287,4.637761,4.6344657,4.6439443,4.6306047,4.640151,4.645875,4.6422806,4.641127,4.6427965,4.6475363,4.6451054,4.6452546,4.650896,4.644679,4.648348,4.6508613,4.6478896,4.659378,4.649654,4.652603,4.6560454,4.6479654,4.671017,4.656823,4.658928,4.6643224,4.668857,4.670933,4.6758943,4.682164,4.6821985,4.6772976,4.6605434,4.6928086,4.6786194,4.675858,4.642572,4.6643457,4.6505437,4.6572256,4.649873,4.62572,4.626711,4.6063423,4.580597,4.562498,4.546178,4.5205016,4.5031967,4.4882536,4.453535,4.428633,4.404398,4.3837447,4.3558187,4.3230343,4.303454,4.2907023,4.278408,4.233283,4.2264833,4.2101517,4.192696,4.1748805,4.1417828,4.129178,4.059889,4.1239853,4.1047482,4.091303,4.049413,4.0269575,4.0361767,4.0222096,4.0227523,3.9928493,4.007893,4.004364,3.9949727,3.9757633,3.9925158,3.9892178,3.979627,3.9692283,3.959136,3.9620953,3.9481108,3.9526422,3.9496293,3.9396915,3.9452393,3.9359932,3.9201844,3.9117215,3.8575597,3.889643,3.988946,3.62251,2.3970032,1.2068244,3.9053147,3.8898828,3.9304845,3.9253323,3.9231384,3.9503047,3.9658897,3.9674957,3.9696333,3.9769833,3.9978175,4.029103,3.9624515,4.018151,4.0508127,4.0599627,4.0819592,4.0774693,4.093523,4.0556173,4.0875673,4.0956774,4.11347,4.123272,4.148151,4.145217,4.1509666,4.164929,4.1699047,4.181564,4.1931415,4.204035,4.218977,4.2175403,4.220122,4.242068,4.2472095,4.2421246,4.260706,4.264081,4.2674313,4.269522,4.272732,4.300134,4.293936,4.3011317,4.304103,4.313438,4.3143353,4.316407,4.317852,4.3269477,4.3187337,4.323478,4.331117,4.3435755,4.358666,4.3555264,4.3595185,4.3508654,4.3624153,4.376751,4.3615427,4.375695,4.389357,4.384897,4.384611,4.388883,4.3928504,4.4038897,4.386862,4.39353,4.388744,4.4038987,4.3957224,4.323843,4.305978,4.338019,4.3266134,4.35172,4.299195,4.3135214,4.2952456,4.2977343,4.3236227,4.316386,4.318804,4.30202,4.302783,4.2993393,4.294698,4.2947755,4.298414,4.296413,4.2937694,4.3023453,4.3115344,4.3031244,4.2979307,4.302022,4.3058143,4.2808137,4.2849054,4.288666,4.2870164,4.292083,4.292385,4.291247,4.2939043,4.292121,4.289753,4.275768,4.285697,4.2824836,4.2919793,4.2965307,4.2951336,4.297952,4.2945356,4.286905,4.290225,4.2890983,4.284318,4.296149,4.2869925,4.2899685,4.287158,4.2860236,4.2908254,4.290452,4.2939396,4.2906003,4.294414,4.2972975,4.291791,4.2953525,4.294818,4.294559,4.281874,4.2900853,4.291121,4.2861314,4.2822285,4.285309,4.292793,4.289561,4.2912617,4.290499,4.2927294,4.279491,4.325519,4.2947197,4.2876678,4.270794,4.2893276,4.301499,4.30446,4.310907,4.311707,4.3046846,4.3070564,4.308441,4.326525,4.323915,4.312802,4.3254104,4.321597,4.3321342,4.3294635,4.3333516,4.3408113,4.3442397,4.3597116,4.3567133,4.356582,4.3615427,4.3549733,4.3570766,4.3577247,4.3573947,4.356539,,,,,,,,,,,,,,,,,,,,,,,,,,,,,,,,,,,,,,,,,,,,,,,,,,,,,,,,,,,,,,,,,,,,,,,,,,,,,,,,,,,,,
4.060411,4.06735,4.057571,4.068279,4.0617385,4.073684,4.0616164,4.0596037,4.0650396,4.0812063,4.074386,4.0836754,4.0706325,4.0782404,4.076573,4.080736,4.0864663,4.077972,4.053792,4.0796375,4.08778,4.08736,4.088394,4.088228,4.103348,4.101642,4.1152253,4.1175337,4.123887,4.13124,4.1142607,4.1400914,4.132336,4.130214,4.124773,4.1370234,4.1359973,4.1304517,4.1474442,4.134752,4.144882,4.1301947,4.1401815,4.152999,4.1602035,4.1476135,4.160463,4.1586604,4.1472526,4.137432,4.128252,4.1134157,4.1003604,4.0863585,4.056698,4.039735,4.0316744,4.0226088,3.9871683,3.9653425,3.953935,3.9328685,3.893302,3.8501809,3.8379352,3.8346307,3.813814,3.8047223,3.7865877,3.7725804,3.7624779,3.7532063,3.7126372,3.6827707,3.67229,3.6527023,3.6535373,3.6508443,3.642662,3.646903,3.6362548,3.6259053,3.613645,3.6181083,3.6130753,3.6042478,3.6063378,3.5981326,3.602322,3.5993466,3.6020722,3.592767,3.5918396,3.5977466,3.5916233,3.5965798,3.5972977,3.58807,3.5987227,3.5964167,3.598402,3.604144,3.6092167,3.6118977,3.6205196,3.6145601,3.6141953,3.6185296,3.6228502,3.6386783,3.6306422,3.6419544,3.6384509,3.6385453,3.6545916,3.6510766,3.6494393,3.6598415,3.6626904,3.6672118,3.672374,3.7111542,3.7176633,3.7183375,3.7138624,3.7139494,3.7272885,3.7302852,3.737044,3.7393534,3.7376945,3.7435172,3.746834,3.7613454,3.7441595,3.7429013,3.730652,3.7124276,3.683951,3.841103,3.8563116,3.8712997,3.8844671,3.8944292,3.8910544,3.907927,3.916873,3.9273443,3.9419065,3.9476485,3.9536104,3.9570658,3.961594,3.9633844,3.964899,3.9609547,3.9646225,3.9671602,3.9728553,3.9802191,3.9820333,4.001237,3.9891522,3.9934044,3.9946249,4.0018444,4.007834,4.0135183,4.0261116,4.0019746,4.016184,4.018846,4.026469,4.029092,4.0222654,4.022028,4.0300198,4.031835,4.0534554,4.0425344,4.037059,4.0414114,4.068835,4.0550785,4.0435386,4.017419,4.023293,4.028832,4.030698,4.0429873,4.04086,4.0498075,4.0571523,4.0497665,4.0555143,4.068092,4.0572643,4.06105,4.062433,4.061714,4.059606,4.060767,4.0569196,4.050876,4.070512,4.088178,4.0725403,4.0810785,4.088303,4.087103,4.0876694,4.0948853,4.0840316,4.086325,4.0784507,4.0880213,4.0893035,4.0872674,4.082329,4.084025,4.081318,4.082228,4.084995,4.0787897,4.0803876,4.0742173,4.0799756,4.071661,4.076487,4.072076,4.083507,4.0722847,4.07371,4.083093,4.069095,4.075464,4.064918,4.073014,4.0613327,4.072881,4.0756254,4.067517,4.071008,4.0697174,4.063428,4.070401,4.0755963,4.0734735,4.0713363,4.0714073,4.0694847,4.0793834,4.0753627,4.0744095,4.075872,4.0806346,4.0799294,4.088007,4.0885224,4.098819,4.102151,4.099943,4.105225,4.1023297,4.102867,4.1142955,4.116504,4.1203613,4.1030526,4.1189113,4.120665,4.1304436,4.1221757,4.1335783,4.1318445,4.136663,4.139666,4.141816,4.1623445,4.166797,4.1642013,4.1789904,4.1759048,4.199793,4.1960025,4.2057905,4.2027855,4.210307,4.2124796,4.219088,4.228425,4.2273507,4.2314386,4.2401137,4.242068,4.2421756,4.239662,,,,,,,,,,,,,,,,,,,,,,,,,,,,,,,,,,,,,,,,,,,,,,,,,,,,,,,,,,,,,,,,,,,,,,,,,,,,,
4.1425495,4.1348577,4.132176,4.1292624,4.1338468,4.1338587,4.1319327,4.130195,4.138097,4.133112,4.134787,4.1379848,4.136243,4.133792,4.124044,4.1487904,4.15517,4.1496844,4.1507654,4.155589,4.152205,4.156484,4.153047,4.1522,4.155812,4.1696577,4.163465,4.16036,4.159862,4.1569223,4.159784,4.1706033,4.1645865,4.16847,4.170157,4.174731,4.1793475,4.174955,4.1662736,4.168489,4.1764693,4.1740003,4.159112,4.1979027,4.1344633,4.136095,4.14151,4.155606,4.149722,4.1352696,4.135842,4.1284847,4.113572,4.111837,4.094552,4.07626,4.0621457,4.048292,4.025966,4.0054398,3.953987,3.9376013,3.9232779,3.9055693,3.887902,3.8710992,3.8649244,3.8440824,3.801094,3.7922337,3.7690005,3.7541516,3.7325845,3.7345903,3.727706,3.7233129,3.699708,3.6969485,3.6792357,3.682864,3.6621532,3.6537745,3.6480277,3.654508,3.6463552,3.646673,3.6479115,3.6327322,3.6332235,3.630992,3.6398997,3.6322973,3.6327913,3.6344948,3.646709,3.6237595,3.636571,3.6324165,3.6315067,3.6357293,3.648307,3.6353078,3.639612,3.642688,3.652861,3.6580758,3.6638026,3.6667297,3.6653757,3.6698954,3.6806428,3.688405,3.703748,3.7061253,3.7117395,3.7205496,3.7279003,3.7358837,3.7463691,3.756816,3.7605734,3.7845266,3.7838252,3.7936153,3.7957218,3.7852886,3.7708044,3.797922,3.7816577,3.7542517,3.7375913,3.8819866,3.887989,3.9559054,3.9645848,3.9970245,4.004418,4.014287,4.0134916,4.0277905,4.0246186,4.035455,4.0421515,4.061996,4.061423,4.0700793,4.066765,4.068499,4.0975547,4.083488,4.1163135,4.112735,4.1149635,4.130326,4.123903,4.136861,4.1450367,4.1198535,4.1408296,4.1496396,4.1460485,4.1585064,4.168675,4.1608787,4.1599865,4.170872,4.159035,4.1695933,4.1850057,4.1786113,4.183542,4.1903715,4.1974864,4.202274,4.2004895,4.199858,4.201796,4.2119136,4.215173,4.213476,4.212172,4.2118106,4.214793,4.22011,4.2143807,4.2271023,4.22228,4.226667,4.2186217,4.231437,4.2209315,4.2200994,4.218526,4.202029,4.21583,4.217709,4.1987634,4.2017264,4.21497,4.208819,4.2089114,4.209886,4.2054114,4.205561,4.2112594,4.20599,4.2051764,4.201816,4.208734,4.2088647,4.1993785,4.1828237,4.197229,4.205757,4.2075105,4.207028,4.207946,4.210509,4.212951,4.1911283,4.18266,4.2001057,4.176172,4.181802,4.177739,4.1893687,4.173337,4.1728125,4.1869426,4.181532,4.1841855,4.1745634,4.173064,4.182016,4.1808934,4.1719837,4.167793,4.1736364,4.1729274,4.155843,4.1637444,4.1661925,4.1634965,4.1667275,4.1638103,4.164783,4.157597,4.160436,4.147581,4.1583743,4.1478457,4.1359415,4.1410356,4.1433983,4.1571527,4.140133,4.1452894,4.1479654,4.15019,4.1408157,4.146131,4.1339493,4.1479077,4.1434946,4.1443706,4.1407475,4.138272,4.1279907,4.1453147,4.1343517,4.1384153,4.1369576,4.1409645,4.14477,4.1299257,4.119339,4.1244574,4.1185603,4.1200843,4.1358395,4.132291,4.1346755,4.1326284,4.1259947,4.1340947,4.1547084,4.159649,4.1626573,4.152796,4.15038,4.150621,4.1461663,4.147202,,,,,,,,,,,,,,,,,,,,,,,,,,,,,,,,,,,,,,,,,,,,,,,,,,,,,,,,,,,,,,,,,,,,,,,,,,,,,,,,,
4.7030663,4.7033553,4.7105265,4.705067,4.6971474,4.690344,4.6792274,4.6993604,4.7130303,4.704401,4.710128,4.7136326,4.7073636,4.7148514,4.7096696,4.7157283,4.714399,4.7145324,4.709698,4.718626,4.7159576,4.718765,4.7204366,4.713399,4.725263,4.728659,4.72581,4.7414284,4.7328024,4.7227054,4.712971,4.731848,4.735811,4.7261744,4.733527,4.7494445,4.738491,4.7674065,4.7555394,4.7479515,4.764737,4.76445,4.754058,4.7599235,4.7572255,4.762857,4.773636,4.758391,4.7534394,4.7372546,4.7224674,4.716946,4.7010784,4.6773224,4.663658,4.6339283,4.611918,4.604927,4.5828705,4.557247,4.521107,4.489422,4.4706573,4.459555,4.4292607,4.4304047,4.4018373,4.3701873,4.332085,4.302708,4.2952332,4.281149,4.273748,4.2729774,4.2418623,4.2461367,4.229116,4.2001567,4.1978226,4.199951,4.1721034,4.1713357,4.155126,4.1375265,4.1361356,4.148503,4.105518,4.097948,4.1074986,4.060715,4.0347257,4.0347676,3.1007116,4.0179033,4.0053887,4.0427947,4.0385475,4.031672,4.0458465,4.05229,4.035587,4.07159,4.053904,4.0656047,4.0826926,4.065753,4.079869,4.0852904,4.1027775,4.110046,4.1163526,4.123992,4.1313143,4.1364284,4.1383324,4.142281,4.158976,4.1537924,4.1743145,4.178945,4.1808753,4.20048,4.2005267,4.199636,4.2145863,4.2195635,4.2438173,4.258754,4.261816,4.274631,4.274173,4.2856035,4.3050723,4.3098865,4.3165665,4.3146105,4.319971,4.3454986,4.3579087,4.382305,4.3897915,4.423104,4.426183,4.4285374,4.446166,4.457404,4.4512467,4.4575696,4.463181,4.4679675,4.4810696,4.4737916,4.483109,4.4944353,4.50634,4.5179133,4.5186977,4.524649,4.535826,4.53937,4.551792,4.5594373,4.551584,4.559222,4.57239,4.571057,4.5714726,4.577727,4.5836105,4.5763297,4.585301,4.6082387,4.6060395,4.5876765,4.604487,4.600052,4.6126394,4.620638,4.6020722,4.6133704,4.617326,4.6046143,4.62702,4.616905,4.6193147,4.624498,4.6171336,4.631149,4.6245747,4.622774,4.618505,4.6143746,4.6208277,4.618724,4.6162786,4.6196356,4.623611,4.617192,4.618363,4.615709,4.6156273,4.6069837,4.6076827,4.595015,4.598715,4.596034,4.599615,4.5892987,4.6010633,4.592566,4.590954,4.5907164,4.587054,4.5837626,4.575472,4.5870886,4.5914683,4.5806704,4.5732026,4.574673,4.5712767,4.572744,4.579383,4.5619392,4.5657315,4.5638566,4.573925,4.5678473,4.5710144,4.5663824,4.568255,4.566703,4.5740843,4.565516,4.5733604,4.5682955,4.565735,4.567941,4.568564,4.573371,4.574324,4.5751414,4.580755,4.571752,4.568972,4.5805006,4.5764093,4.582894,4.5783753,4.5841722,4.5824566,4.5824566,4.5810637,4.5908437,4.584563,4.5931373,4.606182,4.607761,4.6079593,4.6126995,4.5977445,4.617251,4.6129475,4.6164336,4.6294823,4.631192,4.623156,4.6105366,4.6171074,4.635788,4.631367,4.6269245,4.649659,4.6362925,4.6468034,4.650381,4.654455,4.659161,4.6592712,4.6541095,4.646666,4.653827,4.665866,4.6638513,4.6645513,,,,,,,,,,,,,,,,,,,,,,,,,,,,,,,,,,,,,,,,,,,,,,,,,,,,,,,,,,,,,,,,,,,,,,,,,,,,,,,,,,,,,,,,,
4.2917953,4.286073,4.3046994,4.301949,4.2904778,4.2912636,4.28267,4.292188,4.291436,4.2816405,4.2842374,4.283282,4.281037,4.2803836,4.2896924,4.2818155,4.27768,4.2913322,4.286119,4.289451,4.288498,4.2861767,4.285197,4.292388,4.2898483,4.292859,4.2937927,4.283352,4.3004527,4.302255,4.295802,4.3124547,4.2908416,4.308876,4.299427,4.305154,4.300336,4.299175,4.3120413,4.310055,4.303909,4.3154254,4.3224697,4.289954,4.321927,4.3111115,4.303577,4.302506,4.2921,4.288625,4.283097,4.2699447,4.270924,4.2303834,4.2053714,4.175559,4.1629944,4.1370025,4.121943,4.117586,4.093745,4.0513997,4.0297112,4.0013795,3.9784946,3.968569,3.9602115,3.940685,3.9195096,3.906633,3.892109,3.8889132,3.8521366,3.842789,3.7965953,3.7997665,3.7924345,3.7862802,3.7679076,3.773668,3.7671309,3.7710817,3.7602623,3.7525618,3.7527463,3.7511015,3.7463274,3.729458,3.7490387,3.7469532,3.741896,3.734287,3.7390747,3.7339938,3.7389913,3.7354383,3.7413979,3.740253,3.742479,3.7395182,3.7450097,3.74327,3.7493284,3.7539353,3.751362,3.7565572,3.766826,3.767806,3.7722049,3.7877014,3.7910337,3.7879746,3.803722,3.8049693,3.803276,3.7970183,3.8225038,3.8151114,3.8164213,3.8282442,3.8245351,3.8418622,3.8365033,3.8622277,3.8506167,3.8632476,3.8767788,3.8692985,3.8793652,3.8815188,3.8884084,3.8818972,3.8925414,3.8945827,3.8982725,3.9115558,3.9084842,3.9193263,3.9285114,3.923604,3.9313893,3.93469,3.9359608,3.9388468,3.9401095,3.949759,3.94404,3.9481144,3.960981,3.9517446,3.9630895,3.9664292,3.9740171,3.9837434,3.9900188,4.002851,3.9827108,4.011694,4.025828,4.0277267,4.0355296,4.025475,4.0436645,4.049582,4.0428123,4.0540185,4.04976,4.0612764,4.0829816,4.0728393,4.070723,4.0735025,4.0815587,4.082035,4.081991,4.0803695,4.0919237,4.091301,4.086423,4.086295,4.106876,4.127229,4.129859,4.1309814,4.1367397,4.1274333,4.1378345,4.1442714,4.1396003,4.1410255,4.1426983,4.13836,4.154062,4.13645,4.13381,4.1357183,4.1432476,4.14187,4.137816,4.146394,4.136097,4.1413436,4.1399655,4.1396093,4.145757,4.149129,4.1410046,4.1482425,4.150804,4.1496053,4.140263,4.1484413,4.15218,4.145471,4.1434093,4.1526966,4.146309,4.14975,4.142733,4.148938,4.147123,4.1360335,4.14532,4.1469936,4.1469784,4.1422496,4.142259,4.1442804,4.146893,4.1519065,4.1469183,4.1525807,4.1532993,4.147628,4.1568108,4.15149,4.150958,4.1577325,4.158071,4.164921,4.1687956,4.16792,4.1674213,4.179389,4.1814575,4.1751423,4.1736836,4.1710644,4.1777987,4.1804376,4.1939745,4.180279,4.1783533,4.1890764,4.190482,4.182658,4.1878057,4.185718,4.184823,4.183304,4.187563,4.193212,4.19266,4.189718,4.190973,4.190827,4.199404,4.1843853,4.1965632,4.19896,4.194206,4.1991596,4.1930037,4.1934786,4.1978106,4.195793,4.2060933,4.206156,4.210075,4.2156453,4.213885,4.2199335,4.2069297,4.2146177,4.211963,4.2127004,4.2142444,4.213345,4.2144675,4.2176137,4.220319,4.2150545,4.2175183,4.216757,4.2123876,4.2107916,4.2111573,4.214779,4.214023,4.2225413,4.2265806,4.237291,4.223666,4.2272243,4.2293963,4.2220645,4.2294736,4.235037,4.2329206,4.2345815,4.22493,4.2265787,4.2343063,4.23877,4.2333674,4.2285414,4.234726,,,,,,,,,,,,,,,,,,,,,,,,,,,,,,,,,,,,,,,,,,,,,,,,,,,,,,,,,
4.710377,4.7196712,4.72951,4.711854,4.7249317,4.7296205,4.726089,4.729416,4.728369,4.7360315,4.737864,4.7402053,4.7426805,4.7430134,4.748368,4.7444706,4.7478247,4.7588243,4.774473,4.7818785,4.7743516,4.770407,4.764622,4.7664404,4.7697086,4.7963657,4.7781334,4.788937,4.7991242,4.8033776,4.787583,4.796696,4.805855,4.798816,4.800765,4.8063946,4.7985187,4.7997594,4.7876987,4.79851,4.7967987,4.7987843,4.800679,4.778764,4.7791557,4.7915277,4.7709937,4.776897,4.7724433,4.776964,4.7510285,4.732955,4.7231307,4.714634,4.7034183,4.690669,4.6684904,4.6411858,4.6053095,4.57863,4.562314,4.537515,4.518647,4.48601,4.4703174,4.453204,4.442936,4.413588,4.3916306,4.377313,4.3653545,4.3474927,4.3328924,4.3053484,4.2986417,4.287728,4.2862134,4.2765136,4.276223,4.2609167,4.236082,4.2265162,4.221701,4.203807,4.2086163,4.206824,4.1990905,4.1965632,4.18673,4.1980257,4.1929336,4.196792,4.187722,4.191579,4.1793213,4.1657205,4.2066092,4.1744447,4.1515727,4.1588154,4.1850305,4.2129908,4.1878386,4.2028756,4.201914,4.185904,4.203202,4.2091265,4.2169075,4.2125087,4.213258,4.21971,4.229546,4.228942,4.233466,4.233252,4.2501664,4.236863,4.2460465,4.271158,4.2649784,4.2635818,4.268859,4.2775607,4.2677016,4.275524,4.303921,4.3022904,4.311242,4.329777,4.337173,4.333656,4.344689,4.3502307,4.3530965,4.370278,4.37088,4.3706617,4.382257,4.3855867,4.3991795,4.394795,4.4099593,4.412751,4.4191,4.4267597,4.4416018,4.4461355,4.448954,4.4575067,4.4631524,4.4799204,4.4503193,4.469625,4.4684143,4.48199,4.4816055,4.501113,4.513143,4.5174274,4.525399,4.5149307,4.527803,4.5245304,4.538961,4.5422244,4.536584,4.536963,4.5326586,4.5421314,4.5410433,4.546338,4.5548406,4.5535016,4.5603147,4.5582347,4.5538054,4.561709,4.5625577,4.551926,4.583484,4.588429,4.586774,4.5909715,4.588439,4.585899,4.585257,4.587005,4.5814633,4.5875826,4.584626,4.5880957,4.5745,4.5994344,4.5857735,4.5793886,4.590196,4.6026497,4.587089,4.59585,4.592038,4.5904818,4.600573,4.596181,4.5954123,4.601225,4.591461,4.602733,4.5893664,4.5884986,4.599177,4.5948896,4.599053,4.5793433,4.601946,4.5943847,4.587489,4.590757,4.5873165,4.5825286,4.590864,4.5863767,4.7107835,4.7104955,4.7063184,4.698266,4.703579,4.709871,4.7063713,4.701459,4.701874,4.6955047,4.7038865,4.6943455,4.6914654,4.691715,4.6941557,4.6806154,4.699345,4.697204,4.6989694,4.691517,4.7125273,4.7138796,4.7066865,4.712971,4.7207274,4.717108,4.717222,4.7233515,4.722395,4.7232623,4.730556,4.7284064,4.7223573,4.7206073,4.723554,4.7258844,4.725742,4.7156305,4.7261543,4.7275076,4.711716,4.7139173,4.7237396,4.731461,4.7200656,4.718371,4.7231565,4.72631,4.723696,4.7314157,4.7375956,4.739657,4.7447457,4.7440815,4.723785,4.7345147,4.74605,4.728305,4.7267823,4.7342706,4.724846,4.73486,4.7292566,4.7389545,4.7400737,4.762916,4.745379,4.7594595,4.76673,4.756747,4.7627063,4.768277,4.760937,4.7707067,4.777779,4.777712,4.771901,,,,,,,,,,,,,,,,,,,,,,,,,,,,,,,,,,,,,,,,,,,,,,,,,,,,,,,,,,,,,,,,,,,,,,,,,,,
4.5981445,4.587082,4.597873,4.603027,4.5979414,4.603399,4.610511,4.59436,4.601794,4.6011486,4.591439,4.6008253,4.584038,4.589347,4.6012397,4.5942454,4.5887427,4.5937204,4.5911913,4.592334,4.5880985,4.5833893,4.5958533,4.5995083,4.597729,4.5995836,4.5915465,4.5937543,4.588875,4.5753136,4.57912,4.5864353,4.5830836,4.5886574,4.5695634,4.5882683,4.558299,4.5695114,4.542445,4.568874,4.5664687,4.5541244,4.5544114,4.532421,4.553929,4.5326333,4.5304503,4.5299277,4.53357,4.5139637,4.4959693,4.480899,4.4709888,4.4473863,4.4201264,4.4026246,4.39383,4.3753195,4.3415275,4.303568,4.264765,4.2649875,4.224801,4.2249694,4.190101,4.170504,4.131075,4.112028,4.0822144,4.067422,4.0382113,4.02792,4.0305357,4.004424,3.9683287,3.9617288,3.9526525,3.958041,3.9345458,3.9240992,3.878183,3.880751,3.872383,3.8751392,3.8534746,3.847355,3.8377953,3.839712,3.834836,3.8340175,3.979791,3.8368506,3.8176496,3.8139675,3.807476,3.7938733,3.8000453,3.8032029,3.798904,3.7916548,3.7970877,3.7922568,3.8055823,3.8028145,3.8099575,3.8066652,3.812213,3.8252168,3.8026786,3.808006,3.7917907,3.799858,3.7856135,3.7578795,3.7822075,4.0217853,4.0453954,3.9992514,3.9947336,4.0489683,4.051453,4.074661,4.0822134,4.0873976,4.0998564,4.110804,4.1247888,4.1423154,4.1447744,4.150472,4.167011,4.1675196,4.1743503,4.1578264,4.196085,4.185233,4.1829844,4.193419,4.221944,4.2165694,4.231697,4.2463984,4.220975,4.228482,4.2304153,4.2328243,4.236319,4.242065,4.264527,4.2516255,4.2823915,4.3098855,4.275172,4.305776,4.3124423,4.324425,4.320485,4.322363,4.330586,4.300919,4.3828363,4.43018,4.3880997,4.3129215,4.325089,4.326093,4.3428655,4.3390765,4.3454614,4.3575883,4.357059,4.3541675,4.383027,4.3753376,4.3695474,4.376481,4.3844757,4.3845277,4.3852553,4.391691,4.394691,4.39395,4.385953,4.397106,4.385306,4.4077163,4.3966417,4.402142,4.3992395,4.393169,4.402148,4.402404,4.399664,4.407502,4.423352,4.41551,4.4055157,4.408528,4.3837147,4.39549,4.411312,4.408002,4.3983717,4.4083147,4.396457,4.401314,4.4025865,4.386152,4.3895593,4.384342,4.3911786,4.3771915,4.386528,4.375359,4.378153,4.380495,4.4032073,4.3961987,4.395911,4.3912644,4.4069333,4.4005127,4.402146,4.3988137,4.395042,4.3993816,4.393189,4.3953238,4.398144,4.400504,4.3936157,4.4034395,4.386341,4.399333,4.3938184,4.3890467,4.4005075,4.39091,4.3827634,4.388003,4.4008594,4.3796935,4.3843803,4.389468,4.384054,4.3818593,4.382516,4.383002,4.3813744,4.3882895,4.379152,4.385668,4.380557,4.384623,4.3788233,4.386919,4.3845706,4.380577,4.379166,4.396987,4.392877,4.387981,4.386348,4.394139,4.391526,4.4022946,4.3680763,4.3690443,4.347097,4.36136,4.3514886,4.344414,4.3401866,4.3362374,4.3226595,4.3241577,4.319469,4.3197484,4.3197284,4.318757,4.320381,4.3091297,4.3057623,4.297783,4.298725,4.2982616,4.294925,4.287245,4.2880826,4.295774,4.2863903,4.282138,4.282435,4.2747717,4.2678375,4.2674785,4.2612624,4.2643943,4.2660813,4.25908,,,,,,,,,,,,,,,,,,,,,,,,,,,,,,,,,,,,,,,,,,,,,,,,,,,,,,,,,,,,,,,,,,,,,,,,,,
4.3542185,4.3549037,4.351078,4.359814,4.359415,4.3687487,4.3732038,4.3745017,4.3712873,4.3868933,4.3805256,4.383785,4.379796,4.392204,4.3909416,4.396491,4.404771,4.405729,4.404158,4.406433,4.402277,4.40574,4.4082665,4.412835,4.4185348,4.4162016,4.4200296,4.414914,4.4152737,4.418355,4.416876,4.41822,4.435186,4.429864,4.42609,4.4266214,4.4373794,4.435695,4.428878,4.447499,4.4360156,4.4493957,4.4419518,4.460212,4.4136763,4.458668,4.45426,4.4427395,4.4345093,4.425284,4.417494,4.399119,4.390799,4.383413,4.355619,4.336021,4.3122053,4.2873964,4.278612,4.246023,4.2283273,4.2128596,4.193187,4.187096,4.164508,4.1382904,4.100619,4.086439,4.0773306,4.0662556,4.0517707,4.0493393,4.040549,4.0136275,4.01329,4.0003414,3.9995751,4.0069757,3.986727,3.9784977,3.9750936,3.9772928,3.960248,3.953897,3.954025,3.943111,3.9435189,3.927965,3.9375205,3.9239647,3.924867,3.9249234,3.9179235,3.9080772,3.895976,3.8933642,3.8928716,3.8345768,3.863926,1.7956085,1.076047,4.007383,4.0738587,4.078794,4.0529065,4.046476,4.041096,4.040467,4.055082,4.09033,4.0671453,4.069835,4.0813336,4.1014,4.1050725,4.100107,4.114825,4.105031,4.105439,4.142882,4.151497,4.139568,4.1502013,4.156839,4.166105,4.166406,4.173466,4.170716,4.1636767,4.1762085,4.169375,4.183802,4.189036,4.19114,4.1986284,4.2125936,4.225505,4.216172,4.227821,4.2265425,4.2287354,4.2246304,4.238847,4.237899,4.235653,4.243551,4.2414536,4.2674184,4.267745,4.263046,4.274719,4.2800884,4.2806025,4.2834873,4.272424,4.281083,4.2827325,4.2909846,4.2947783,4.291367,4.2813816,4.29445,4.317947,4.311104,4.3207636,4.333284,4.336102,4.333673,4.3437476,4.3420744,4.3391695,4.350437,4.360442,4.3592663,4.357688,4.364795,4.3381257,4.3450427,4.355996,4.361532,4.350968,4.3529925,4.344434,4.357936,4.359101,4.35479,4.3719425,4.373546,4.3668213,4.386247,4.383605,4.378652,4.384911,4.3814754,4.378933,4.378204,4.3880506,4.383361,4.3868876,4.3927393,4.3861732,4.382197,4.3921895,4.3883123,4.3889184,4.3935957,4.387378,4.396888,4.3925447,4.3917933,4.3943024,4.400794,4.3902125,4.3984966,4.3889427,4.390652,4.397512,4.386977,4.395246,4.3912773,4.384213,4.4059734,4.416914,4.3979373,4.4050317,4.3884635,4.399488,4.398765,4.3952117,4.399789,4.3877883,4.403934,4.3926835,4.4010797,4.4062114,4.4309855,4.424034,4.4126387,4.414016,4.4191275,4.4268284,4.4320073,4.431218,4.412078,4.416312,4.42221,4.4186482,4.4214163,4.424446,4.4300914,4.4336486,4.421975,4.4271717,4.411221,4.4217887,4.4135175,4.417501,4.426375,4.4254665,4.429588,4.4181824,4.4241266,4.424565,4.423889,4.4202824,4.4240885,4.424397,4.4339437,4.416535,4.420091,4.4283457,4.4249296,4.434287,4.4207973,4.431895,4.4292965,4.4307814,4.429835,4.4317875,4.4337654,4.444608,4.4423466,4.441206,4.4449143,4.451526,4.4445753,4.4501753,4.4555387,4.4559145,4.452834,4.4602427,4.455792,,,,,,,,,,,,,,,,,,,,,,,,,,,,,,,,,,,,,,,,,,,,,,,,,,,,,,,,,,,,,,,,,,,,,,,,,,,,,,,,,,
4.0629015,4.082133,4.076774,4.076607,4.052926,4.0781245,4.0941725,4.0858855,4.0889006,4.0866675,4.0935354,4.0864644,4.0867405,4.090445,4.0929623,4.094649,4.0964627,4.094783,4.112898,4.11848,4.102062,4.1119084,4.117675,4.118646,4.1226635,4.1250877,4.1311636,4.1322503,4.1299024,4.1324534,4.141893,4.130024,4.1335955,4.1338286,4.1507225,4.13281,4.1414633,4.141506,4.1325145,4.132649,4.12942,4.1062484,4.1099644,4.101435,4.0921264,4.102096,4.10004,4.0897036,4.0845757,4.0819435,4.0741897,4.062583,4.0481167,4.027196,4.016571,3.9820855,3.9764993,3.9555223,3.922308,3.9194083,3.899969,3.884995,3.8696802,3.8503458,3.8453302,3.8108082,3.7875214,3.770606,3.7496243,3.738228,3.7143745,3.7110975,3.706814,3.6979127,3.6828547,3.6850235,3.6810305,3.673844,3.6566901,3.6662583,3.6391768,3.631416,3.6347694,3.6257865,3.6196463,3.626204,3.615227,3.616855,3.617544,3.6184669,3.615078,3.610172,3.599051,3.6129637,3.6057475,3.6186604,3.6126428,3.6195965,3.6294744,3.6265619,3.6243927,3.6323264,3.6169677,3.6273062,3.647051,3.6386378,3.6387298,3.6404996,3.646163,3.648952,3.6416416,3.6241777,3.631858,3.6385593,3.6381497,3.6476479,3.6610296,3.6684992,3.6639035,3.6764908,3.6804307,3.697264,3.6960583,3.7024195,3.705516,3.7058578,3.7135646,3.7080855,3.7223864,3.7334535,3.730558,3.7428715,3.7429295,3.7449892,3.745053,3.757819,3.7734694,3.7860782,3.799349,3.8052151,3.8086996,3.8143222,3.8171127,3.8317673,3.8333635,3.8467822,3.8460066,3.8551176,3.870289,3.8747685,3.8734357,3.8831403,3.8962102,3.892908,3.9023237,3.8988147,3.9130452,3.9141133,3.9082484,3.9340897,3.9314492,3.9406471,3.9398906,3.9425344,3.9487724,3.9531116,3.9570782,3.9534862,3.9566698,3.9672945,3.9681995,3.9829032,3.990144,3.9890563,3.9928281,3.9899192,3.9890332,3.9794035,4.003612,3.9977314,4.010541,4.0083866,4.0070534,4.0217695,4.023967,4.00466,4.008213,4.0193844,4.0235786,4.0196276,4.0216374,4.0227175,4.027268,4.0214334,4.0352716,4.019851,4.036546,4.0352902,4.026294,4.0304475,4.0414724,4.037704,4.036271,4.046277,4.050242,4.045842,4.0461965,4.0506616,4.0437927,4.0442324,4.0603566,4.052622,4.061298,4.065252,4.064737,4.055206,4.0567474,4.062217,4.0656056,4.073341,4.068971,4.0709276,4.070336,4.0755196,4.0770044,4.063012,4.0757055,4.084543,4.0763025,4.0894074,4.085827,4.082,4.0833125,4.0837107,4.0968747,4.085539,4.085519,4.090941,4.081468,4.0894237,4.0975513,4.0951595,4.0909395,4.096267,4.0879164,4.0956354,4.1011057,4.0904937,4.0950046,4.0894237,4.099617,4.1031046,4.0963874,4.1045094,4.098302,4.1002464,4.1028647,4.101472,4.102949,4.1149287,4.095829,4.0784073,4.0883775,4.085794,4.0799546,4.0872903,4.0872765,4.084116,4.0885224,4.0801206,4.091218,4.0990186,4.0907884,4.082434,4.0922713,4.092961,4.09678,4.104007,4.1024885,4.0981603,4.096201,4.093042,4.0982933,4.112646,4.11213,4.1203923,4.102441,4.097504,4.1081314,4.1167774,4.10497,4.1062775,4.1071916,4.1132693,4.102262,4.111466,4.1084146,4.1100473,4.1102977,4.1174235,,,,,,,,,,,,,,,,,,,,,,,,,,,,,,,,,,,,,,,,,,,,,,,,,,,,,,,,,,,,,,,,,,,,,,,,,,
4.18107,4.1746845,4.176495,4.194817,4.184318,4.1836925,4.191032,4.1707177,4.18478,4.1907215,4.19382,4.1940527,4.1976357,4.1866546,4.194848,4.191313,4.1912413,4.1905465,4.188704,4.200554,4.192548,4.2139764,4.19592,4.1963167,4.20128,4.2022657,4.2196245,4.214214,4.20249,4.2186036,4.2166533,4.2224216,4.205422,4.230139,4.222134,4.225427,4.232015,4.240032,4.2318764,4.2412477,4.2189612,4.234124,4.231039,4.228186,4.2209153,4.2403445,4.2282743,4.2336516,4.22674,4.216969,4.2179427,4.199686,4.179829,4.167173,4.1555476,4.131909,4.139646,4.105672,4.0688457,4.026965,4.0120645,3.9886963,3.9630268,3.8837624,3.9000545,3.8418822,3.7953212,3.8017113,3.7315707,3.7215557,3.7011263,3.677946,3.707567,3.698597,3.697459,3.686528,3.6877096,3.6682665,3.6785622,3.6715474,3.681057,3.6621704,3.6681113,3.6556451,3.6600785,3.6616688,3.6592138,3.6501703,3.646208,3.649267,3.6404564,3.6431026,3.6460621,3.6443396,3.64563,3.6498394,3.654777,3.6586761,3.6542404,3.6670635,3.6647463,3.6634624,3.6849594,3.6934073,3.6907644,3.7063296,3.7133887,3.6999083,3.6811655,3.6982915,3.6912968,3.6844358,3.6710548,4.0137286,3.9999125,3.9800413,3.9678316,3.9687994,4.0031824,4.0195513,4.032618,4.0494976,4.0463076,4.055632,4.062044,4.0608835,4.060989,4.063793,4.0682316,4.078599,4.0927978,4.1077785,4.107984,4.1197624,4.1270466,4.116076,4.1231737,4.1227055,4.121554,4.1353807,4.1552796,4.156421,4.1503687,4.1543307,4.167908,4.159973,4.180582,4.1730146,4.173286,4.178059,4.180715,4.1783147,4.182865,4.1829734,4.19269,4.1980577,4.1923547,4.202774,4.2067933,4.207616,4.203419,4.2051816,4.218046,4.2210245,4.2096953,4.2198977,4.2195373,4.225508,4.2150235,4.2233825,4.2151723,4.224145,4.228084,4.232634,4.230794,4.2235303,4.2284036,4.222717,4.224288,4.2276373,4.226713,4.2258406,4.2380757,4.2279024,4.2298765,4.223041,4.230659,4.2191505,4.221831,4.219994,4.2412825,4.231017,4.223747,4.2266297,4.2190127,4.219925,4.2113476,4.2078776,4.215931,4.213125,4.212751,4.2274785,4.22979,4.2091875,4.1996803,4.24924,4.256858,4.2535615,4.2548275,4.252601,4.2511125,4.246023,4.248997,4.2501855,4.247946,4.248137,4.2521443,4.2413545,4.249193,4.244034,4.2491283,4.2423124,4.243112,4.24865,4.2404566,4.2485495,4.2381144,4.2409887,4.2443466,4.241278,4.2416177,4.237914,4.2272596,4.232548,4.2279406,4.2301865,4.240827,4.2262874,4.239644,4.2335863,4.238735,4.2254486,4.240315,4.238605,4.2377954,4.236552,4.2367473,4.2471676,4.2476187,4.241517,4.2387724,4.2386436,4.240019,4.253362,4.241273,4.2448173,4.250647,4.2478023,4.2498384,4.252946,4.2495627,4.249856,4.253332,4.26151,4.2537417,4.2560964,4.2576556,4.254507,4.253169,4.250418,4.264956,4.265351,4.262222,4.2642817,4.25915,4.262878,4.2543344,4.270266,4.273194,4.267269,4.263472,4.2680864,4.2792006,4.2807245,4.290098,,,,,,,,,,,,,,,,,,,,,,,,,,,,,,,,,,,,,,,,,,,,,,,,,,,,,,,,,,,,,,,,,,,,,,,,,,,,,,,,,,,,,,,,,
4.1453857,4.147439,4.145544,4.1547427,4.152473,4.1512713,4.1662607,4.1602535,4.173253,4.1790633,4.1720395,4.1808367,4.1794205,4.1825476,4.192465,4.1890445,4.1932745,4.2013493,4.218512,4.2145247,4.220275,4.222108,4.2369037,4.250629,4.247672,4.2587347,4.251837,4.2633514,4.2719445,4.274631,4.276879,4.2771688,4.2797174,4.280438,4.2850943,4.286102,4.290028,4.291138,4.2852054,4.2985973,4.290977,4.2981224,4.30663,4.293655,4.291124,4.2920747,4.277938,4.2789764,4.266773,4.242709,4.233801,4.223444,4.211785,4.2001834,4.177819,4.168173,4.1228194,4.094371,4.081024,4.0792775,4.054071,4.042605,4.0137305,4.000547,3.9879658,3.9601243,3.9323583,3.9215293,3.904191,3.8772542,3.8787622,3.8716805,3.8691492,3.8476002,3.8380759,3.8180935,3.805912,3.7807333,3.7737145,3.7736669,3.769692,3.7723923,3.7620246,3.7625124,3.7640986,3.7583725,3.7515872,3.740448,3.7361856,3.7123332,3.7212882,3.7073896,3.6843112,3.673436,3.637572,3.5478137,3.7602358,3.747808,3.765167,3.7704327,3.7723353,3.7874703,3.7970998,3.8118198,3.8186088,3.814308,3.8161619,3.840646,3.8404799,3.8514526,3.8462255,3.8598778,3.8674452,3.8587458,3.8804085,3.8894181,3.888131,3.8926177,3.9017806,3.897454,3.9104095,3.9193823,3.926898,3.9324844,3.9441366,3.9564319,3.982379,3.990576,3.9869723,4.0090675,4.0093503,4.0098324,4.0232844,4.023396,4.024703,4.031923,4.0420036,4.051162,4.0523105,4.0523696,4.0537004,4.055018,4.060538,4.061122,4.069598,4.0734386,4.077469,4.079027,4.0828443,4.090165,4.083735,4.0918627,4.108302,4.1067743,4.118672,4.120567,4.128802,4.130405,4.120063,4.1299014,4.125605,4.134827,4.1317167,4.1302333,4.138461,4.133856,4.140855,4.148017,4.1483088,4.1415515,4.1537485,4.154203,4.1527505,4.1466074,4.1447783,4.1579328,4.1403804,4.1617436,4.160676,4.15007,4.1455994,4.159575,4.161721,4.1447673,4.149149,4.1372757,4.1346817,4.1355824,4.141422,4.135073,4.1311107,4.1324377,4.13757,4.1350145,4.130217,4.1364183,4.127604,4.1278396,4.125512,4.1225734,4.1191435,4.1296706,4.1354985,4.1380253,4.1293325,4.1227126,4.10292,4.122446,4.110183,4.1190963,4.110355,4.0937862,4.1068892,4.1052074,4.1020513,4.0986085,4.10508,4.1111407,4.1055937,4.1034226,4.096965,4.098766,4.0912547,4.0914164,4.090733,4.09132,4.0936484,4.0903873,4.092528,4.0867324,4.084941,4.087573,4.078056,4.0927043,4.0810666,4.0694623,4.0756755,4.0759215,4.0714564,4.071092,4.066973,4.071946,4.074246,4.0766683,4.063295,4.069934,4.0649843,4.0733333,4.065094,4.0551515,4.0590405,4.0568957,4.0467086,4.0436378,4.045257,4.046009,4.0418563,4.0495543,4.0467663,4.0457664,4.0463386,4.053741,4.036019,4.0452414,4.048436,4.0460863,4.0471354,4.047781,4.040979,4.0589566,4.0462317,4.052515,4.0497546,4.0538316,4.0557995,4.0579324,4.0595837,4.055418,4.05981,,,,,,,,,,,,,,,,,,,,,,,,,,,,,,,,,,,,,,,,,,,,,,,,,,,,,,,,,,,,,,,,,,,,,,,,,,,,,,,,,,,,,,,,,,,,,,,
4.1816487,4.1704435,4.165905,4.1741624,4.173457,4.149997,4.164809,4.167213,4.170313,4.1550403,4.158405,4.1706376,4.1662407,4.1624575,4.1667376,4.176711,4.166827,4.1790466,4.171495,4.1655207,4.1736436,4.175501,4.1673484,4.180286,4.169246,4.1889486,4.185809,4.1857777,4.1864467,4.1824474,4.179558,4.1939955,4.1944046,4.193968,4.1946235,4.201629,4.1921854,4.1926203,4.1953764,4.200139,4.1858625,4.202652,4.1879125,4.1941285,4.192848,4.1895256,4.177339,4.1710067,4.1715236,4.143974,4.127922,4.1056843,4.080735,4.0609455,4.048312,4.020533,4.008968,3.9894018,3.9776878,3.9508042,3.9186764,3.9067485,3.878039,3.8594005,3.8482816,3.831767,3.8224618,3.7975297,3.7783933,3.774901,3.7545238,3.743556,3.7290246,3.722055,3.7028627,3.6873484,3.674317,3.6557648,3.6241043,3.5389147,1.8054671,2.953431,2.5893822,3.555723,3.5576124,3.5482187,3.5615168,3.5742304,3.5695624,3.5789204,3.5901797,3.6177065,3.5882368,3.6179237,3.6213355,3.644612,3.647366,3.658157,3.6619675,3.6610806,3.6513176,3.6645527,3.6681619,3.683434,3.6770222,3.6893497,3.687437,3.6788836,3.7123365,3.724914,3.7332947,3.7349846,3.7614148,3.743709,3.7571394,3.7665894,3.7596042,3.7697015,3.7693605,3.7696717,3.7868726,3.8073354,3.8205907,3.8207352,3.825598,3.840672,3.849603,3.86229,3.8584876,3.868563,3.877105,3.8844037,3.8670142,3.8798006,3.9069512,3.8988886,3.9111133,3.9172556,3.9226098,3.9238603,3.9270377,3.9289114,3.9342678,3.9397418,3.9428434,3.9487123,3.9586642,3.945244,3.9481697,3.960919,3.9645123,3.9706156,3.9753923,3.975026,3.9788983,3.9897566,3.9884028,3.9936666,3.9963431,3.99596,4.0032034,4.0038943,4.017719,4.0216274,4.0171986,4.020507,4.016264,4.021271,4.0253463,4.0296273,4.023512,4.0324097,4.0289717,4.0334015,4.0292754,4.033106,4.0359406,4.030634,4.03372,4.0342684,4.0386677,4.0394144,4.038893,4.0362463,4.037515,4.036156,4.0433116,4.039807,4.032546,4.0417504,4.0336804,4.035037,4.034578,4.03658,4.0289297,4.0350237,4.0334716,4.0197926,4.036978,4.0405884,4.036206,4.044407,4.0364075,4.0389247,4.0417066,4.043464,4.042263,4.0396566,4.041793,4.04906,4.044345,4.037801,4.036406,4.0324917,4.0332093,4.041834,4.0446644,4.042027,4.053108,4.0389543,4.043301,4.0420284,4.042607,4.0420055,4.0452247,4.042029,4.054003,4.0606265,4.0665374,4.0579596,4.0591393,4.0539517,4.0758367,4.06454,4.072181,4.083615,4.0692916,4.0711164,4.064515,4.0843644,4.0748596,4.0630555,4.071361,4.07791,4.069799,4.0851045,4.08419,4.0781593,4.0808883,4.079107,4.0813603,4.0770516,4.088172,4.0923896,4.08194,4.08783,4.0957146,4.1116495,4.0969515,4.09468,4.0882173,4.099785,4.1040983,4.1019087,4.098327,4.103642,4.103238,4.1020317,4.099067,4.1085663,4.1071353,4.101008,4.104197,4.100143,4.1235733,,,,,,,,,,,,,,,,,,,,,,,,,,,,,,,,,,,,,,,,,,,,,,,,,,,,,,,,,,,,,,,,,,,,,,,,,,,,,,,,,,,,,,,,,,,,,,,,,,,
4.3008904,4.306026,4.311763,4.300031,4.3080163,4.3129153,4.3031764,4.3164163,4.322844,4.325281,4.3197746,4.316109,4.3211594,4.333866,4.3448625,4.335904,4.3353543,4.345907,4.3420477,4.337483,4.3459787,4.348254,4.3565035,4.3617077,4.3503866,4.3555527,4.353185,4.356415,4.370168,4.373181,4.36173,4.369081,4.36694,4.373155,4.3727245,4.380873,4.3823547,4.380729,4.381805,4.375349,4.381143,4.378701,4.3733764,4.38749,4.3760133,4.383934,4.3747973,4.367333,4.354801,4.342429,4.3400702,4.3425026,4.314963,4.298476,4.2774715,4.2743363,4.269012,4.248221,4.2361717,4.201237,4.178209,4.1687317,4.146263,4.126912,4.100869,4.089014,4.0570736,4.0377984,4.0404153,4.0294046,3.9938908,3.9933503,3.9637928,3.9525225,3.9336088,3.9266696,3.911431,3.9042983,3.887006,3.88418,3.8781009,3.8727844,3.8687205,3.8578105,3.864355,3.8454049,3.8508341,3.8524613,3.8631985,3.8649414,3.8329997,3.844326,3.8447106,3.8367872,3.8468547,3.83157,3.840852,3.8457701,3.8609433,3.8467107,3.865319,3.844633,3.8630207,3.854553,3.8564286,3.8789363,3.859844,3.8624337,3.863934,3.882819,3.8951008,3.9024687,3.91288,3.9205937,3.9258752,3.9296455,3.9426084,3.947117,3.9391744,3.9584625,3.9632118,3.9808228,3.9762883,3.9897413,4.0073147,4.020509,4.0298996,4.0330443,4.0444,4.025352,4.053891,4.0636096,4.062402,4.0709043,4.0769143,4.082806,4.0774245,4.0929184,4.1045303,4.114545,4.1179624,4.129945,4.1315513,4.1428947,4.144764,4.148744,4.1447573,4.148482,4.1527967,4.156062,4.159947,4.1655354,4.166132,4.1684346,4.1770735,4.1824284,4.181693,4.180612,4.187522,4.189029,4.196533,4.204151,4.2004805,4.23095,4.2187123,4.2428617,4.2405643,4.239906,4.244037,4.2474575,4.252368,4.250009,4.2519674,4.2525578,4.2607937,4.2649164,4.276508,4.2844415,4.2856607,4.2838173,4.2784133,4.2928586,4.284742,4.2816615,4.3001437,4.297058,4.30265,4.3099556,4.3189306,4.304911,4.316688,4.3267145,4.341601,4.3282657,4.327028,4.337023,4.3251305,4.3450527,4.353609,4.3352184,4.3361187,4.3464484,4.353956,4.3464403,4.3497086,4.352337,4.346789,4.3580685,4.348554,4.3427844,4.358976,4.3433456,4.3537865,4.3443995,4.349349,4.3422112,4.326418,4.319911,4.308104,4.292026,4.2769594,4.24089,4.236553,4.141756,4.131006,3.7178311,4.239032,4.2221622,4.2641554,4.2871346,4.293754,4.2811737,4.2947106,4.30368,4.309746,4.3122673,4.318667,4.322047,4.328688,4.3366647,4.336826,4.324394,4.3257194,4.3380394,4.3472776,4.3455353,4.347071,4.349592,4.349884,4.3366117,4.352029,4.3482127,4.353702,4.341545,4.3353767,4.346418,4.3439837,4.3547454,4.3558745,4.3414364,4.356288,4.346336,4.351204,4.3537,4.354845,4.3545628,4.3579803,4.35892,4.357127,4.354923,4.360104,4.362368,4.364528,4.3565035,4.3628025,4.351274,4.3622437,4.357148,4.3687787,4.3624988,4.3570147,4.3676486,4.3677654,4.359676,4.346854,4.3582,4.347072,4.34815,4.351688,4.346279,4.350962,4.3416576,4.3469157,4.338739,4.344188,4.3329387,4.3340254,4.333018,4.334175,4.337482,4.319892,4.33795,4.329356,4.3160486,,,,,,,,,,,,,,,,,,,,,,,,,,,,,,,,,,,,,,,,,,,,,,,,,,,,,,,,,,,,,,,,,,,,,,
4.531835,4.5413513,4.541386,4.5392,4.5373554,4.5453563,4.5503445,4.5441666,4.5480523,4.549116,4.54436,4.5518374,4.550742,4.542241,4.548517,4.554859,4.546506,4.533857,4.5492167,4.5453954,4.550518,4.5500054,4.5415344,4.545175,4.550744,4.5366106,4.539307,4.537405,4.5427966,4.5524387,4.548576,4.538969,4.54817,4.547383,4.5458593,4.5533404,4.5443826,4.550889,4.53808,4.5450425,4.546534,4.5525723,4.554245,4.546463,4.533593,4.531876,4.5241513,4.52178,4.5112476,4.4770837,4.4766536,4.4468913,4.4058084,4.3991656,4.387615,4.3618426,4.355704,4.324868,4.2894087,4.2852483,4.2482753,4.2303147,4.204517,4.190229,4.177761,4.148697,4.1196685,4.1128664,4.1009774,4.0936956,4.089159,4.0672407,4.0483675,4.014002,4.0188084,4.003004,3.9972153,3.9846284,3.9716296,3.9783812,3.975192,3.9769654,3.95886,3.9644408,3.960228,3.9543822,3.939712,3.9325879,3.9302008,3.9283156,3.9257903,3.9342737,3.9407654,3.9333122,3.9322226,3.9333265,3.9195604,3.912151,3.9080446,3.9023557,3.8929665,3.8813875,3.8654377,3.868385,3.8375673,3.8449798,3.9138951,3.92671,3.9608948,3.9990163,3.987368,4.022058,4.0160933,4.033976,4.0360255,4.0391717,4.044588,4.0594215,4.0673566,4.0621934,4.0758233,4.065823,4.083379,4.10234,4.11625,4.111366,4.1160345,4.120294,4.131053,4.121478,4.1170692,4.138929,4.142575,4.1424823,4.142538,4.1345596,4.1569915,4.1381407,4.142617,4.1576333,4.1659203,4.1693907,4.168369,4.1782165,4.207325,4.2057853,4.2065225,4.2174654,4.2227044,4.230978,4.2178025,4.2233725,4.224213,4.2225394,4.2371025,4.2363935,4.256713,4.2660213,4.2645297,4.275649,4.2852488,4.288439,4.290781,4.2886033,4.2837744,4.2975225,4.2866817,4.3135777,4.310533,4.306637,4.31256,4.320084,4.304134,4.318087,4.313341,4.318412,4.311684,4.3287287,4.3152933,4.320286,4.3194895,4.320101,4.2995663,4.2975082,4.2918096,4.298499,4.2943325,4.302592,4.292992,4.297613,4.3039746,4.300703,4.29501,4.309784,4.296464,4.307582,4.290623,4.3205204,4.3050933,4.3016777,4.2999887,4.3104186,4.305719,4.297401,4.2958035,4.306036,4.299433,4.3162313,4.309413,4.310745,4.2982693,4.2898283,4.3070087,4.2894406,4.2937016,4.2930207,4.292165,4.2875113,4.2880983,4.286903,4.2719073,4.2645164,4.2672367,4.255168,4.2602706,4.2586718,4.272259,4.257045,4.2561502,4.266304,4.263256,4.2472663,4.250165,4.245852,4.241086,4.2427444,4.259171,4.23586,4.2352066,4.2353983,4.2498727,4.2501764,4.2373223,4.2440248,4.2368865,4.240638,4.2485003,4.2456436,4.2452717,4.2399044,4.24831,4.2447834,4.254472,4.2477856,4.25047,4.2496552,4.2620573,4.25236,4.2519073,4.2609563,4.2625694,4.261593,4.2544136,4.2643366,4.2640967,4.260007,4.263824,4.260122,4.2591524,4.264086,4.2640295,4.282162,4.275401,4.2670717,4.2648573,4.2744975,4.2592125,4.2718744,4.2586884,4.267899,4.2593493,4.256982,4.2683554,4.273971,4.2694383,4.2775264,4.278019,4.2792444,,,,,,,,,,,,,,,,,,,,,,,,,,,,,,,,,,,,,,,,,,,,,,,,,,,,,,,,,,,,,,,,,,,,,,,,,,,,,,,,,,,,,,
4.1864314,4.1900215,4.1990886,4.206007,4.199505,4.198618,4.2026505,4.210173,4.206587,4.206779,4.212612,4.214743,4.2291617,4.229951,4.240684,4.2413497,4.2360587,4.246309,4.253597,4.25206,4.256699,4.2591963,4.25589,4.2541122,4.2585135,4.271682,4.2780023,4.279512,4.2813163,4.2751846,4.2851105,4.292849,4.2955513,4.297984,4.2966285,4.2962184,4.295633,4.2939405,4.307071,4.2955484,4.2962937,4.2943125,4.299991,4.313646,4.3160877,4.3045006,4.311948,4.31127,4.3060827,4.2938437,4.288445,4.2816377,4.2625184,4.252894,4.235274,4.211141,4.1644816,4.152938,4.1523776,4.137236,4.108167,4.091041,4.0688076,4.0416236,4.0361657,3.9909968,3.9902894,3.959139,3.933456,3.924202,3.9248545,3.9166827,3.9015317,3.8862853,3.8714092,3.8598964,3.8353052,3.820578,3.8217666,3.7927046,3.7811306,3.771782,3.7815516,3.7578223,3.7651277,3.7662144,3.761552,3.7667463,3.7585871,3.7504227,3.7465293,3.7475107,3.7472465,3.7326581,3.74534,3.7363114,3.7356675,3.7259665,3.740195,3.7395985,3.7356026,3.7354963,3.733244,3.7195592,3.735739,3.7423623,3.7399068,3.7336519,3.739207,3.7349994,3.750551,3.754153,3.763686,3.7561815,3.759724,3.75264,3.763583,3.7606084,3.760011,3.7632728,3.7843091,3.7846546,3.782403,3.7898014,3.7871768,3.7919836,3.7972302,3.8059883,3.821056,3.799445,3.811413,3.798361,3.8233516,3.824837,3.8349366,3.8323088,3.8391094,3.8637471,3.8474917,3.8479216,3.8814862,3.8643155,3.886647,3.8825634,3.889416,3.904346,3.8944283,3.904014,3.9130993,3.914685,3.9161303,3.9211986,3.9226265,3.9279072,3.9311643,3.9283278,3.9342244,3.943036,3.9551728,3.9625525,3.9718912,3.9820533,3.9773307,4.000322,4.013525,4.0058565,4.0192704,4.002145,4.0107455,4.004755,3.9953437,3.935604,3.2367663,4.059539,4.09407,4.0555563,4.071649,4.092049,4.0971217,4.1102476,4.10774,4.101328,4.1039014,4.121122,4.122813,4.1176925,4.1167073,4.115939,4.113975,4.1301417,4.1256166,4.1305256,4.132855,4.1340914,4.1333017,4.135018,4.134046,4.1257997,4.1453977,4.1385994,4.134352,4.134654,4.141425,4.1499214,4.1550684,4.1518106,4.1552973,4.164032,4.155878,4.170873,4.170237,4.172525,4.169303,4.1627903,4.1777325,4.1737137,4.177774,4.1737957,4.1821184,4.1800065,4.173092,4.1980743,4.1950192,4.1948485,4.200659,4.1981874,4.2057514,4.1980686,4.2035675,4.205923,4.2072296,4.2042713,4.209364,4.2091165,4.209435,4.216192,4.2138257,4.2217293,4.205448,4.2191434,4.2181993,4.2171755,4.208881,4.2180448,4.228813,4.227209,4.215659,4.232228,4.2351036,4.229217,4.2334275,4.2328033,4.216994,4.231012,4.2169857,4.224189,4.2185884,4.228753,4.2272906,4.226752,4.216218,4.2267933,4.2260723,4.2253485,4.2400036,4.2309337,4.241026,4.2163806,4.2311625,4.238345,4.2391458,4.2331667,4.2380204,4.2274446,4.235808,4.237945,4.2412863,4.245591,4.2419915,,,,,,,,,,,,,,,,,,,,,,,,,,,,,,,,,,,,,,,,,,,,,,,,,,,,,,,,,,,,,,,,,,,,,,,,,,,,,,,,,,,,,,,,,,,,,,,
4.146701,4.1435943,4.1432347,4.1558504,4.1527553,4.145353,4.149558,4.161232,4.1447124,4.1459017,4.1448674,4.1467495,4.1409817,4.1392713,4.1599016,4.153868,4.1553226,4.156968,4.1504645,4.155829,4.1651473,4.17026,4.156493,4.1644397,4.158276,4.1649866,4.16972,4.176976,4.1607113,4.1717515,4.1754313,4.17618,4.1850595,4.184926,4.1938148,4.187177,4.1986322,4.200456,4.196867,4.1974673,4.21413,4.212854,4.217602,4.2178903,4.218745,4.223203,4.224675,4.2205167,4.227561,4.2235994,4.2271395,4.220532,4.2015443,4.2020426,4.171013,4.148839,4.127878,4.1162453,4.094904,4.0789723,4.065898,4.0474615,4.01538,3.9930003,3.9813013,3.9548867,3.9202683,3.9128876,3.8984585,3.8604376,3.862474,3.8408604,3.817393,3.7931175,3.7883182,3.7714493,3.7671044,3.7604158,3.7527032,3.7340055,3.7207754,3.6832745,3.6919506,3.680407,3.6655254,3.6568713,3.672052,3.660119,3.6568208,3.653399,3.6397476,3.6484208,3.6418781,3.6401684,3.6289914,3.63262,3.6093967,3.615149,3.6065326,3.580338,3.5630658,3.5380313,3.3088822,1.8226568,3.6380806,3.6417487,3.6191545,3.6626186,3.667276,3.6607904,3.6683967,3.6625686,3.6658146,3.6746309,3.6800644,3.696815,3.7056148,3.7016518,3.7143896,3.7091105,3.7145357,3.716276,3.713096,3.7293134,3.7169845,3.7358441,3.741004,3.741065,3.7414997,3.7866786,3.7752647,3.8094037,3.795316,3.794945,3.8177934,3.8171666,3.8199272,3.8210583,3.8291345,3.8474886,3.8575027,3.8688364,3.8617578,3.868322,3.8915217,3.8969393,3.9196506,3.921008,3.9424782,3.9476264,3.9531677,3.9595075,3.9616973,3.9698358,3.983365,3.9782279,3.9888194,3.9914987,3.9927983,4.002968,4.004712,3.9894633,4.0034676,4.0232964,4.0227475,4.029659,4.028836,4.031157,4.0306473,4.031793,4.0517464,4.054821,4.058709,4.078911,4.08301,4.107757,4.09053,4.1001163,4.1087832,4.0960946,4.0934377,4.1034713,4.1227226,4.1191072,4.119241,4.1174083,4.1205077,4.120516,4.117981,4.123249,4.1282153,4.129433,4.1172814,4.121757,4.1285944,4.132806,4.1348104,4.123549,4.1231675,4.122097,4.130466,4.128328,4.120456,4.123613,4.1305027,4.122594,4.1344333,4.129307,4.1176286,4.1257033,4.124404,4.1177,4.1187263,4.1215024,4.1159062,4.119771,4.1222057,4.1217723,4.1146383,4.1138463,4.117487,4.1140914,4.105421,4.108843,4.1020117,4.095706,4.0976033,4.105815,4.1067142,4.090797,4.0947795,4.0923667,4.0833383,4.0938363,4.087597,4.092594,4.0878496,4.089924,4.090257,4.072084,4.075719,4.095117,4.0786157,4.092211,4.089757,4.078446,4.065551,4.08428,4.0795946,4.0830336,4.0863676,4.079521,4.066444,4.073894,4.076587,4.083048,4.079736,4.0800095,4.0767446,4.0682206,4.078872,4.071919,4.0870004,4.0870585,4.080609,4.091411,4.0977397,4.093201,4.0994678,4.0789824,4.072231,4.0793405,4.0923815,4.1105556,4.103429,4.1020923,4.1042285,4.0846047,4.1000504,4.111441,4.112224,4.1092863,4.108882,4.1172924,4.1089296,4.1169553,4.106322,4.117002,4.1108394,4.118597,4.115202,4.11704,4.1112127,,,,,,,,,,,,,,,,,,,,,,,,,,,,,,,,,,,,,,,,,,,,,,,,,,,,,,,,,,,,,,,,,,,,,,,,,,,,,,,,,
4.251418,4.2587314,4.2474995,4.2494807,4.248485,4.255893,4.2540174,4.2478576,4.2505383,4.2600646,4.240546,4.249339,4.2528806,4.2616277,4.2533517,4.2456803,4.25049,4.2524824,4.255095,4.257386,4.25631,4.2566967,4.257334,4.255512,4.25661,4.260478,4.2499504,4.247448,4.2611747,4.2580204,4.256381,4.2466893,4.2589493,4.2636194,4.2552123,4.263198,4.255357,4.2646666,4.265888,4.2582564,4.256772,4.270374,4.2490916,4.2497582,4.2458076,4.2432294,4.243165,4.222263,4.216338,4.200927,4.1647983,4.146945,4.1342416,4.115667,4.097945,4.0746317,4.051014,4.0155163,4.00128,3.9578362,3.9564824,3.937624,3.918757,3.891946,3.8777833,3.8525143,3.8129978,3.7979739,3.7773774,3.772994,3.7551122,3.7532518,3.7455761,3.7310367,3.7265263,3.7184086,3.6791935,3.676069,3.6479442,3.6543314,3.6388028,3.6420062,3.647374,3.636015,3.6306431,3.639002,3.628162,3.634404,3.6310205,3.6271605,3.6307597,3.6235247,3.6257079,3.6147635,3.6259296,3.6226923,3.6202757,3.6293342,3.6190155,3.624331,3.6154687,3.618625,3.6268935,3.6232488,3.6324115,3.6262195,3.6446211,3.6566281,3.656857,3.6467245,3.648798,3.666196,3.677671,3.6872485,3.680163,3.692818,3.695523,3.7012792,3.7180927,3.7274365,3.724735,3.7170272,3.7284923,3.7340643,3.7459278,3.7472625,3.746566,3.7498088,3.7559829,3.7653906,3.760623,3.7724183,3.7799065,3.775124,3.800668,3.8165975,3.8280678,3.8253844,3.8328445,3.8395965,3.8445656,3.8678296,3.873785,3.8781848,3.8851902,3.900377,3.9074247,3.9199407,3.9180305,3.915264,3.9234324,3.923706,3.9279382,3.9218607,3.9457316,3.944605,3.949795,3.9591274,3.9555137,3.962137,3.9627135,3.959618,3.980586,3.9820642,4.002246,3.9960337,3.9958713,4.010182,4.0190983,4.018303,4.027193,4.0326157,4.030295,4.0327897,4.035451,4.0478697,4.0514245,4.060612,4.041623,4.058519,4.0591617,4.06274,4.0563765,4.065561,4.059021,4.077328,4.092509,4.082322,4.0955086,4.081902,4.1013136,4.0961924,4.098058,4.1108828,4.1029773,4.110302,4.1097608,4.1091156,4.1132526,4.1109223,4.1184874,4.1165376,4.114387,4.116608,4.123327,4.1248493,4.1226892,4.1172156,4.122313,4.1258183,4.1278906,4.1322227,4.130994,4.136158,4.131387,4.1332316,4.1339107,4.1395636,4.126566,4.132697,4.132963,4.1305895,4.1367536,4.1377587,4.1391773,4.1374726,4.134436,4.141082,4.134818,4.1338305,4.135814,4.1470733,4.13047,4.141741,4.1373835,4.1499224,4.1395206,4.1468325,4.1581693,4.138941,4.146621,4.1495185,4.149428,4.143783,4.158428,4.1572943,4.1536922,4.151675,4.158243,4.148963,4.1638026,4.154112,4.1669965,4.157865,4.173375,4.1837587,4.170024,4.17414,4.178901,4.175929,4.183943,4.1813173,4.180968,4.193785,4.202704,4.192202,4.202944,4.208535,4.207357,4.2096696,4.22693,4.2277875,4.2374883,4.2246037,4.2390203,4.2412667,4.24114,4.24531,4.231993,4.2504063,4.250352,4.2470474,4.2519107,4.2554545,4.246994,4.257608,4.26386,4.2572536,4.2545185,4.259163,4.2604804,4.264912,4.2683616,4.2639294,4.269644,4.2709007,4.272999,4.275567,4.27135,4.276324,4.278277,4.281608,4.2802963,,,,,,,,,,,,,,,,,,,,,,,,,,,,,,,,,,,,,,,,,,,,,,,,,,,,,,,,,,,,,,,,,,,,,,,
4.0098643,4.005411,4.010991,4.009501,4.0107937,4.0141926,4.011055,4.00345,4.020397,4.018227,4.0203958,4.0159135,4.0197983,4.0208855,4.031237,4.0289283,4.030345,4.029511,4.047698,4.0489016,4.0491776,4.05315,4.051166,4.051324,4.0543146,4.0596275,4.054598,4.0542855,4.0576587,4.059968,4.0604897,4.0717797,4.08709,4.0844874,4.089146,4.1029534,4.1063113,4.12069,4.105631,4.204694,4.115412,4.109657,4.127465,4.1379156,4.1475043,4.1455183,4.135602,4.297988,4.1256394,4.097802,4.0867643,4.069654,4.0477138,4.039846,4.03507,4.0009856,3.9875777,3.9801674,3.9462197,3.9193802,3.9015045,3.8553183,3.847361,3.8367784,3.8145888,3.8141766,3.794666,3.768816,3.7307358,3.7134995,3.690711,3.6918645,3.6732342,3.6653302,3.6535316,3.6475499,3.6340885,3.6224194,3.6126435,3.6126127,3.609373,3.6020174,3.5966866,3.5853481,3.5828547,3.5632849,3.575242,3.5637746,3.5518713,3.554669,3.5598645,3.5529425,3.5670867,3.551317,3.5449252,3.5431597,3.5511346,3.554253,3.5476036,3.5420382,3.543619,3.556424,3.5407012,3.544759,3.544446,3.543937,3.5568094,3.5457678,3.5514557,3.5563893,3.5520687,3.5539188,3.5542426,3.5546741,3.5560818,3.558348,3.5528395,3.5646741,3.5628228,3.569538,3.5744271,3.5758276,3.5736318,3.597661,3.590938,3.5992167,3.6011941,3.6063964,3.6045678,3.611834,3.6099746,3.625183,3.6186154,3.6298199,3.6337345,3.6382666,3.6413438,3.6618164,3.6743042,3.6786418,3.676045,3.6820724,3.6899555,3.6891367,3.7043588,3.7113693,3.7109141,3.7347238,3.740479,3.758476,3.7581675,3.7622426,3.7666695,3.7621024,3.7795372,3.7843804,3.7868433,3.7901266,3.8053212,3.8177505,3.830357,3.849901,3.8478873,3.852568,3.8656983,3.8665452,3.8763947,3.8644073,3.8844404,3.8904805,3.9055886,3.9077623,3.9130738,3.9243484,3.9324636,3.9378304,3.9549098,3.955792,3.9558032,3.9557464,3.9677432,3.973658,3.9571848,3.983826,3.9790218,3.9797254,4.0020695,3.9945893,3.9997478,4.002188,4.007558,4.009517,4.010176,4.012038,4.0090513,4.0102696,4.00525,4.0202584,4.019678,4.0203333,4.0077434,4.0214977,4.0194507,4.038781,4.027102,4.043189,4.0311513,4.0388865,4.033138,4.06362,4.0378447,4.029885,4.051484,4.041245,4.0560164,4.0722947,4.063698,4.059797,4.0611506,4.0623646,4.0535417,4.0624943,4.066197,4.064566,4.055554,4.0505943,4.0663595,4.0620265,4.0501475,4.057809,4.0520515,4.0525613,4.042333,4.053625,4.0475655,4.040825,4.057515,4.0439477,4.048897,4.042834,4.0377307,4.0563927,4.0447135,4.041083,4.047186,4.0442133,4.0468626,4.043209,4.0416837,4.047315,4.0409813,4.0470953,4.0462017,4.0527034,4.0482345,4.0461383,4.0490527,4.053841,4.0498824,4.051385,4.0495353,4.051085,4.0532413,4.050157,4.06335,4.066347,4.0697007,4.0704427,4.061919,4.0731754,4.063934,4.075803,4.070451,4.0659513,4.0677605,4.083323,4.0769253,4.083537,4.0830894,4.08165,4.081367,4.0762596,4.073814,4.0767374,4.089681,4.084757,4.0906725,4.105123,4.097009,4.109982,4.1071863,4.111546,4.1163354,4.131358,4.125772,4.131081,4.130063,4.1459455,4.141313,4.143258,4.1492624,4.1415095,4.138662,4.1209736,4.134077,4.119938,4.1390595,4.149314,,,,,,,,,,,,,,,,,,,,,,,,,,,,,,,,,,,,,,,,,,,,,,,,,,,,,,,,,,,,,,,,,,
4.3825717,4.3789167,4.387703,4.3812485,4.3871126,4.386957,4.389552,4.391324,4.39709,4.399408,4.4083147,4.401175,4.4212575,4.416783,4.420036,4.406443,4.4034038,4.404937,4.4349856,4.411258,4.414374,4.4155297,4.4259505,4.4321094,4.4200644,4.4195313,4.428125,4.4192085,4.423218,4.429519,4.4298587,4.4379034,4.443273,4.4432893,4.437141,4.43282,4.445015,4.443363,4.428528,4.4355392,4.448787,4.433139,4.582124,4.46813,4.4195104,4.421137,4.4259133,4.403638,4.398268,4.384271,4.3805566,4.3583565,4.352115,4.3513236,4.3263135,4.298887,4.2697105,4.2423325,4.22804,4.202119,4.155351,4.127053,4.0934505,4.065215,4.0532393,4.051618,4.0081754,3.9967823,3.975004,3.939121,3.9149451,3.8903208,3.8813555,3.9029455,3.8571367,3.8436985,3.8441823,3.821754,3.8136652,3.7889173,3.7892866,3.7872508,3.7716854,3.7675996,3.7598848,3.760465,3.7578545,3.7492807,3.736966,3.7331574,3.7193913,3.7311492,3.715895,3.7073326,3.709526,3.7159457,3.7124617,3.7215035,3.72711,3.7243109,3.7161615,3.7165072,3.690751,3.7134526,3.7053244,3.6996665,3.7207453,3.71188,3.7223575,3.731102,3.7283325,3.7380686,3.740544,3.742246,3.7482905,3.7636466,3.7523258,3.7534826,3.765179,3.769547,3.7704084,3.77152,3.786944,3.7694411,3.7766085,3.7798407,3.7815087,3.7833245,3.787147,3.7945137,3.790445,3.7860997,3.7910957,3.7991955,3.8128889,3.8202147,3.8200192,3.8314455,3.8293881,3.8299687,3.8483665,3.8461006,3.8697858,3.8783734,3.889543,3.8900404,3.9012535,3.906233,3.9167726,3.9250576,3.9302695,3.9110181,3.9588087,3.9667094,3.960394,3.9549286,3.9919143,3.9984884,4.0018754,4.006984,4.0050435,4.0151634,4.0145955,4.035392,4.049667,4.0634675,4.075227,4.080133,4.0813103,4.0827503,4.084,4.0878315,4.120042,4.116332,4.1060467,4.127476,4.1177006,4.130319,4.107683,4.0917397,4.082069,4.187136,4.2474236,4.2210383,4.184961,4.1992855,4.224226,4.2378087,4.222597,4.2245183,4.2307396,4.2347817,4.2402997,4.248082,4.249632,4.2323575,4.2390146,4.23344,4.2415075,4.246052,4.2429447,4.2554913,4.230877,4.236038,4.2492414,4.251543,4.2660985,4.2605114,4.260356,4.249539,4.252006,4.257719,4.263667,4.260145,4.2647767,4.267879,4.2630916,4.27712,4.2747126,4.281532,4.267072,4.2786884,4.275784,4.2796173,4.278105,4.2787056,4.2848263,4.284245,4.2918034,4.2846103,4.2909117,4.2874026,4.2942405,4.2942877,4.2973676,4.2923174,4.296905,4.2940187,4.2940044,4.2969017,4.2897325,4.291651,4.2911806,4.2883935,4.2972755,4.2975416,4.2974124,4.300513,4.3043103,4.297907,4.3126593,4.308915,4.314192,4.312273,4.307154,4.3074346,4.3099456,4.308917,4.3113184,4.3069615,4.30817,4.3279257,4.313978,4.307567,4.3049307,4.3166375,4.308788,4.3133526,4.3128114,4.3083606,4.3129826,4.316925,4.3159385,4.3174133,4.31545,4.3110995,4.3140492,4.313712,4.3116436,4.3110123,4.3025737,4.312196,4.3039327,4.3021274,4.3071046,4.296893,4.283115,,,,,,,,,,,,,,,,,,,,,,,,,,,,,,,,,,,,,,,,,,,,,,,,,,,,,,,,,,,,,,,,,,,,,,,,,,,,,,,,,,,,,,,
4.3696275,4.3725543,4.3702674,4.369025,4.3739552,4.3712006,4.375043,4.3755474,4.380943,4.378146,4.3813047,4.3715787,4.3813224,4.3714514,4.37477,4.3808446,4.3819337,4.3810816,4.3848495,4.3829455,4.38356,4.394198,4.390134,4.380359,4.382874,4.3942175,4.3882136,4.394452,4.392292,4.397189,4.3913527,4.403002,4.4017835,4.4118853,4.408623,4.407649,4.411659,4.406777,4.4164524,4.4158916,4.407119,4.4014664,4.413764,4.3972855,4.4205194,4.4019957,4.3838468,4.4034495,4.3803296,4.3755136,4.3746676,4.367207,4.353998,4.3395143,4.3002386,4.306319,4.2862506,4.281346,4.246133,4.2227817,4.215764,4.1857667,4.1690845,4.147171,4.1099563,4.0956316,4.0777445,4.069648,4.0524783,4.0332,4.0261,4.018241,3.99547,3.9864235,3.978459,3.9674766,3.9277933,3.910667,3.9122796,3.8962114,3.8967474,3.8886645,3.8923018,3.8848202,3.8773134,3.8777297,3.8601315,3.8624156,3.8467293,3.859909,3.8246655,3.8003843,3.7696762,3.9158235,3.9049356,3.9015713,3.9196055,3.938485,3.9405425,3.9672413,3.9809577,3.9914093,3.9787781,3.9873505,3.9928954,4.0186357,4.0242033,4.03237,4.028909,4.0351534,4.063609,4.0638785,4.072495,4.082003,4.0802617,4.0858517,4.096312,4.10326,4.1027937,4.118308,4.1253433,4.127757,4.1439843,4.1394076,4.1416893,4.142459,4.140958,4.143221,4.1496124,4.1520896,4.1696215,4.1761208,4.1919293,4.190615,4.189222,4.185429,4.192971,4.188993,4.1997004,4.2178106,4.2094665,4.2108517,4.2207003,4.2240515,4.2301993,4.2306237,4.2293406,4.231163,4.2339063,4.2345033,4.23617,4.2492876,4.234487,4.240562,4.2467675,4.2485085,4.2752924,4.265618,4.2785544,4.2844934,4.2902265,4.2896056,4.279158,4.2850137,4.285538,4.2883234,4.297141,4.296442,4.304555,4.3010497,4.3028626,4.315304,4.3115206,4.30399,4.3000317,4.31428,4.301159,4.2966356,4.3033957,4.2980986,4.2860637,4.2912607,4.286873,4.292964,4.2800956,4.2934103,4.295226,4.2777348,4.2816286,4.269903,4.271502,4.263938,4.2660904,4.275259,4.255749,4.269601,4.264584,4.264798,4.272483,4.2671514,4.2569947,4.244974,4.24568,4.2468,4.254769,4.2517424,4.2422647,4.250732,4.24356,4.2432947,4.243129,4.235874,4.2300534,4.2535744,4.232856,4.2414293,4.2410874,4.236001,4.254773,4.249945,4.2463326,4.234541,4.2479124,4.2415934,4.2465796,4.2507944,4.2524567,4.246684,4.253787,4.2451344,4.2554507,4.262003,4.2712154,4.2744174,4.275787,4.282998,4.281091,4.281866,4.280639,4.289476,4.2842283,4.2917423,4.2894673,4.29276,4.2834835,4.2935066,4.292729,4.2961955,4.2974815,4.301674,4.298472,4.2949386,4.3045077,4.3103476,4.2939496,4.3046384,4.3070083,4.311858,4.3074408,4.3084855,4.3149347,4.3229413,4.318474,4.3077207,4.3449183,4.3395643,4.351636,,,,,,,,,,,,,,,,,,,,,,,,,,,,,,,,,,,,,,,,,,,,,,,,,,,,,,,,,,,,,,,,,,,,,,,,,,,,,,,,,,,,,,,,,,,,,,,,,,,,,,,,,,,
4.65222,4.659229,4.6585045,4.663939,4.6626267,4.660112,4.652737,4.6484003,4.6532083,4.653066,4.657551,4.660488,4.65042,4.653862,4.6502542,4.6605964,4.6523943,4.652417,4.661589,4.653924,4.6571817,4.659193,4.6520667,4.649306,4.666216,4.658341,4.6555796,4.6495724,4.664626,4.637184,4.6640506,4.6523232,4.6552258,4.636157,4.645563,4.661466,4.6545644,4.660982,4.6471214,4.6506944,4.6563487,4.6509,4.657528,4.6537466,4.660664,4.648768,4.6440897,4.6201925,4.624729,4.5868096,4.5630326,4.544452,4.537187,4.506976,4.4885416,4.465443,4.439356,4.3884687,4.372079,4.3306355,4.319499,4.286615,4.2632103,4.256025,4.217513,4.1871023,4.162566,4.139413,4.136244,4.10034,4.0904694,4.0798426,4.0527873,4.036782,4.021522,4.004749,3.999167,3.974585,3.9619424,3.942131,3.912677,3.9212964,3.9165819,3.907328,3.8882875,3.892927,3.8950675,3.8985112,3.8872254,3.8883781,3.889336,3.8786778,3.8774786,3.884905,3.8790543,3.876223,3.875936,3.8714256,3.8838024,3.877637,3.8796482,3.8762586,3.8691237,3.8718672,3.873442,3.874134,3.8837788,3.879173,3.878697,3.891966,3.8824418,3.8896792,3.8980923,3.9035726,3.8981955,3.8970532,3.9173896,3.9061608,3.9075716,3.9223905,3.9325216,3.9581215,3.9553406,3.948042,3.9287086,3.951209,3.9589813,3.943995,3.965755,3.9693718,3.9654782,3.9816334,3.98961,4.0061817,4.0085263,4.0066304,4.0281873,4.017521,4.03139,4.031658,4.0452375,4.0620227,4.0756927,4.082547,4.0775876,4.0882945,4.0994244,4.1019297,4.1121573,4.1236672,4.1282086,4.123852,4.132475,4.1411986,4.143694,4.133734,4.139665,4.147146,4.1348233,4.1446123,4.1749835,4.1757464,4.18108,4.1835923,4.206137,4.2055836,4.2099643,4.2107906,4.217386,4.224105,4.219795,4.229403,4.2316513,4.23248,4.237919,4.2420163,4.2408166,4.2625613,4.2596364,4.266774,4.2825804,4.276217,4.279066,4.2820168,4.275105,4.2912703,4.294977,4.290508,4.304366,4.2922816,4.2969337,4.305834,4.3008966,4.3057065,4.3114724,4.3118634,4.3211923,4.3176517,4.3204923,4.331167,4.3170624,4.328746,4.3188033,4.334107,4.3381977,4.337346,4.3454313,4.3500166,4.3502955,4.364069,4.388443,4.3651633,4.3622093,4.3570232,4.3696513,4.376441,4.380643,4.3820267,4.3790984,4.388147,4.394563,4.3919926,4.3953376,4.4076195,4.410014,4.4081254,4.4147396,4.4138703,4.4287477,4.4273252,4.440243,4.445318,4.4479566,4.4369135,4.4351335,4.4488826,4.4468875,4.4318595,4.4280386,4.40922,4.407298,4.3383,3.65631,3.3091426,4.4453754,4.555839,4.546731,4.519871,4.518909,4.533682,4.5619626,4.537094,4.51809,4.534744,4.552259,4.55242,4.5659437,4.564291,4.574368,4.5707135,4.577911,4.5879793,4.591854,4.59726,4.6137776,4.5929966,4.60446,4.612939,4.614036,4.6094933,4.6147895,4.617349,4.6121306,4.6133227,4.6286073,4.6300564,4.628519,4.633898,4.63465,4.649132,4.660414,4.668011,4.6673822,4.675957,4.6678925,4.674529,4.671158,4.6748223,4.6583347,4.673585,4.673674,4.663579,4.664244,4.665344,4.661694,4.6691585,4.6765275,4.678489,4.6764383,4.674799,4.68475,4.6781445,4.6854253,4.6827974,4.673813,4.6594563,4.676013,4.679212,4.6871777,4.679256,4.686287,4.6837816,4.682445,4.674292,4.6767845,4.6712933,4.674997,4.671742,4.6749144,4.6750035,4.6721425,4.671343,4.676537,4.665452,4.667654,4.661272,4.6518736,4.6647625,4.6635303,4.6585517,4.6580577,4.6535106,4.6573277,4.6527643,4.652206,4.6420465,4.64257,4.639668,4.6421733,4.6400905,4.6356764,4.6430287,4.6372805,4.6360283,4.64279,4.63942,4.632987,4.630346,4.626614,4.616495,4.634493,4.648167,4.641831,4.6279135,4.630843,4.63549,4.6246066,4.6273103,4.6225963,4.61885,4.626129,4.6308594,4.6274858,4.6148148,4.62472,4.6133,4.6187096,4.6196947,4.6243434,4.628726,4.6162596,4.6206155,4.628113,4.6240854
4.641632,4.6403522,4.6385713,4.643224,4.6372175,4.634545,4.6326375,4.6406364,4.6356354,4.6411586,4.6350975,4.636684,4.631783,4.635041,4.62764,4.635201,4.6325107,4.636213,4.623418,4.6313033,4.628589,4.6242676,4.6192064,4.63086,4.6138215,4.604718,4.616811,4.6060796,4.614738,4.602919,4.607538,4.60592,4.607335,4.614754,4.600325,4.6054845,4.6092334,4.6030045,4.5739584,4.619258,4.600647,4.5863657,4.5824533,4.578036,4.566811,4.562462,4.5497203,4.5365624,4.5333023,4.4990335,4.482703,4.4495726,4.431111,4.4122114,4.3783894,4.3540683,4.326875,4.316823,4.2758517,4.26234,4.2402196,4.2066283,4.190743,4.1523194,4.152719,4.1535683,4.1040483,4.081664,4.069716,4.056114,4.0305405,4.0173755,3.9994035,3.975738,3.9727197,3.9619036,3.9466882,3.9298959,3.91631,3.9066758,3.8853252,3.8920197,3.8963802,3.8850207,3.8807251,3.8848047,3.8608685,3.8685963,3.8822374,3.8568602,3.8490875,3.85422,3.8463876,3.844469,3.841318,3.8402295,3.8425145,3.8436713,3.845804,3.835949,3.8404744,3.8499982,3.8511643,3.8552983,3.85702,3.8569684,3.8534641,3.873066,3.8844178,3.8856192,3.8937223,3.8886678,3.90338,3.899448,3.9135168,3.917734,3.9158404,3.920569,3.923009,3.9234066,3.9247315,3.9251316,3.9278364,3.938559,3.9474845,3.9544582,3.9634857,3.9577768,3.964955,3.9722455,3.9882627,3.9872043,3.996026,3.9902234,4.0113325,4.0275264,4.040287,4.0556355,4.0592,4.0714173,4.066385,4.070012,4.0777907,4.085531,4.089422,4.091153,4.1033473,4.110307,4.126842,4.1205006,4.126461,4.1383657,4.1451426,4.1466393,4.147156,4.144617,4.1562924,4.1489244,4.171115,4.1812015,4.1896253,4.1722565,4.1686997,4.1798573,4.155161,4.1380134,4.145193,4.1647086,3.9103496,4.150886,4.1695433,4.1415453,4.1449046,4.1600647,4.20706,4.2586837,4.2323446,4.285031,4.266582,4.284066,4.3198295,4.313875,4.3408685,4.3549604,4.3561687,4.3450327,4.3462934,4.370972,4.3545003,4.3760114,4.3909855,4.3668013,4.39205,4.3999286,4.4080925,4.41271,4.4151373,4.4071665,4.4188333,4.4187136,4.422668,4.4206815,4.418657,4.418534,4.4219227,4.4187756,4.4283414,4.4104066,4.4022264,4.4157915,4.4125986,4.4174542,4.402676,4.4102764,4.4213324,4.414626,4.4046125,4.3924,4.419322,4.4244423,4.4205704,4.3879166,4.349497,4.182376,1.3827612,4.1329546,4.2267566,4.3045325,4.412339,4.3779507,4.398468,4.40446,4.4248967,4.4160175,4.414871,4.4270587,4.425486,4.4215517,4.433327,4.4312067,4.433904,4.425086,4.4291525,4.429898,4.4288573,4.4277596,4.4278526,4.4230456,4.431738,4.4282575,4.4312825,4.432367,4.436015,4.4338007,4.429484,4.434696,4.4239717,4.427394,4.4195485,4.4408245,4.43963,4.4316263,4.4343233,4.441372,4.4407616,4.4560127,4.4433556,4.4509892,4.443853,4.4483075,4.4644856,4.464044,4.45298,4.457352,4.4568243,4.458097,4.4639053,4.4691663,4.4568315,4.469058,4.4620385,4.466297,4.4566965,4.4568963,4.462249,4.4526644,4.465221,4.4422,,,,,,,,,,,,,,,,,,,,,,,,,,,,,,,,,,,,,,,,,,,,,,,,,,,,,,,,,,,,,,,,,,,,,,,,,,,,,,,,,,,,,,
4.3048472,4.3206544,4.32412,4.3215494,4.324344,4.3115106,4.3103633,4.3197637,4.320397,4.3207026,4.3163867,4.318592,4.3194423,4.333047,4.338131,4.3296647,4.3443627,4.3350954,4.3392425,4.3561873,4.3424253,4.348091,4.3432994,4.350238,4.345064,4.3483334,4.3538485,4.3531075,4.350221,4.360655,4.370651,4.363956,4.359492,4.361918,4.368883,4.3614874,4.3646398,4.3708906,4.3467455,4.3794737,4.3588753,4.3644786,4.3613605,4.3514404,4.334865,4.3271527,4.3224177,4.316575,4.298001,4.2656894,4.263749,4.2516594,4.235661,4.2077746,4.165418,4.134438,4.1206737,4.122053,4.1131577,4.059091,4.0603065,4.037049,4.028514,3.9928064,3.9719212,3.954443,3.9288282,3.9160113,3.9202304,3.914294,3.9053183,3.8978615,3.883249,3.8744795,3.853914,3.837048,3.8259747,3.8180122,3.817683,3.810059,3.8130352,3.8093462,3.805375,3.795292,3.7934253,3.785255,3.7914994,3.7677484,3.780157,3.7416847,3.7428021,3.7518775,3.7797828,2.2920468,3.7933514,3.763352,3.72589,3.7663248,3.767297,3.7711365,3.7889624,3.8040824,3.8342655,3.8231926,3.823456,3.8397148,3.852387,3.8648334,3.873276,3.8635216,3.8911362,3.887365,3.920839,3.9279172,3.928406,3.9365208,3.9481184,3.945377,3.9625325,3.983486,3.9838812,3.9865212,3.9915593,3.992285,4.0069633,4.0035467,4.0185127,4.032636,4.034431,4.043888,4.0451427,4.0592265,4.0615306,4.0612264,4.0682607,4.0716653,4.083036,4.0873446,4.0849853,4.1019816,4.116451,4.1244116,4.127393,4.136697,4.129247,4.130857,4.1450458,4.1385374,4.1431885,4.142998,4.145946,4.1658597,4.1512165,4.160461,4.1727924,4.1741643,4.171128,4.1644044,4.1829624,4.1796865,4.178481,4.1770396,4.193456,4.1844115,4.199692,4.1486087,4.150606,4.1456585,4.1491275,4.1469975,4.151568,4.1513085,4.152917,4.161007,4.1538215,4.148894,4.147866,4.1508355,4.1500807,4.141144,4.139532,4.1504426,4.142155,4.139282,4.1380496,4.136042,4.141697,4.141421,4.147255,4.1451488,4.148281,4.139451,4.1413417,4.1466675,4.141832,4.145665,4.1469755,4.138374,4.1412663,4.1347528,4.1396656,4.143393,4.1396465,4.119624,4.133558,4.129316,4.11728,4.1066117,4.1243167,4.12394,4.134954,4.1303625,4.1261854,4.1276927,4.1337667,4.12774,4.119314,4.1160364,4.1426225,4.1105733,4.1247983,4.129612,4.1421714,4.134279,4.123651,4.1348214,4.1261907,4.124973,4.1444077,4.1358733,4.1333213,4.141955,4.134065,4.147696,4.130988,4.142984,4.14935,4.146546,4.1502414,4.1359243,4.15559,4.1475945,4.1502395,4.156508,4.1501455,4.1522884,4.152151,4.158309,4.1613364,4.165028,4.1619825,4.164348,4.1863594,4.17689,4.172962,4.183572,4.1742296,4.1741824,4.1845202,4.1951213,4.197239,4.1876388,4.201028,4.194257,4.1984906,4.2103667,4.2012324,4.2088075,4.2117624,4.2188606,4.230179,4.2195654,4.21858,,,,,,,,,,,,,,,,,,,,,,,,,,,,,,,,,,,,,,,,,,,,,,,,,,,,,,,,,,,,,,,,,,,,,,,,,,,,,,,,,,,,,,,,,,,,,,,,,,,,,
4.0126576,4.0160446,4.0151997,4.0207133,4.0165186,4.0256248,4.0264077,4.0374455,4.0301447,4.028952,4.036955,4.0476475,4.055199,4.061406,4.0700564,4.070966,4.066783,4.0777636,4.078069,4.07709,4.0854225,4.083973,4.090909,4.09202,4.103377,4.088093,4.1055098,4.099704,4.1091466,4.1055913,4.1152754,4.118236,4.113867,4.103545,4.1175685,4.124041,4.119304,4.1289644,4.13457,4.1276126,4.117336,4.164676,4.121659,4.1332192,4.1097374,4.109954,4.1082253,4.101372,4.100984,4.096968,4.085554,4.0750465,4.0686083,4.055735,4.0447917,4.030905,4.0064325,3.9901457,3.9733036,3.9453526,3.913726,3.8857427,3.8803442,3.8733552,3.859733,3.810504,3.8036458,3.7845669,3.7708921,3.7730346,3.7394366,3.7235436,3.7228396,3.7137504,3.7083724,3.7033672,3.7026117,3.6748168,3.6742072,3.654381,3.6428795,3.6450229,3.6318007,3.6253476,3.6206894,3.608627,3.6089797,3.603553,3.6070487,3.6007893,3.5972857,3.5978663,3.6056783,3.6068418,3.5987582,3.5994034,3.5982046,3.5971458,3.601419,3.6058874,3.6074977,3.6170776,3.6082418,3.6232831,3.622001,3.6322777,3.63605,3.6589952,3.648671,3.6722307,3.6663256,3.6597316,3.6860523,3.6736023,3.6539495,3.670344,3.6377823,3.6374998,2.2265556,1.2506665,3.7335353,3.698844,3.6783412,3.6994405,3.72598,3.7258313,3.7577193,3.7684076,3.789902,3.7942526,3.8015218,3.8046398,3.8014996,3.827025,3.835489,3.8344307,3.8317235,3.8725197,3.865228,3.8655202,3.8743217,3.8785355,3.8910894,3.8882267,3.8854508,3.893137,3.9017885,3.9079123,3.9023886,3.9147193,3.9084697,3.9348474,3.9209094,3.9424896,3.9473927,3.9453661,3.9433677,3.9425876,3.9394743,3.9580736,3.9609754,3.9628935,3.9752324,3.9761055,3.977781,3.9847355,3.9930403,3.9940107,4.005581,3.995574,4.0097394,3.9907541,3.9932222,4.0029244,4.0027466,4.0097275,4.0176425,4.0133057,4.011874,4.016302,4.0245113,4.020815,4.0194607,4.0278897,4.0263743,4.0271482,4.036972,4.0312586,4.040387,4.043461,4.042862,4.0325384,4.0413456,4.038374,4.052431,4.0481443,4.0500417,4.0487385,4.0471926,4.050603,4.0614514,4.0699825,4.058198,4.066118,4.052481,4.061544,4.058833,4.046982,4.048284,4.0568743,4.046894,4.052421,4.044859,4.0522127,4.038572,4.050809,4.035483,4.037916,4.032137,4.044442,4.036429,4.032188,4.0298033,4.021765,4.0191984,4.0195284,4.0152674,4.0223007,4.02796,4.03962,4.013825,4.0033665,4.017064,4.0137897,4.0135484,4.0132985,4.0112033,4.0080605,4.004583,4.0129776,3.9973438,4.000787,3.988247,3.9974215,3.983645,3.9756677,3.9745421,3.972845,3.9857476,3.9618516,3.972387,3.946449,3.972092,3.9765742,3.942929,3.9536216,3.9599898,3.9484465,3.9448388,3.9527035,3.9494298,3.9293714,3.9433687,3.937942,3.939623,3.9350476,3.9435794,3.936103,3.9324036,3.9538388,3.9586759,3.9513135,3.9561682,3.9642467,3.9586625,3.9633002,3.967968,3.9698339,3.9552853,3.9522526,3.9607975,3.9658651,3.9673443,3.9664443,3.963873,3.9629464,3.9709764,3.967295,3.971145,3.9810922,3.9751773,3.9761655,3.982289,3.9769769,3.9868839,,,,,,,,,,,,,,,,,,,,,,,,,,,,,,,,,,,,,,,,,,,,,,,,,,,,,,,,,,,,,,,,,,,,,,,,,,,,,,,
4.3383393,4.332536,4.33559,4.3375506,4.3376265,4.3447466,4.335452,4.3449383,4.3527727,4.3472357,4.353574,4.349354,4.3561716,4.3553586,4.350036,4.3656797,4.3698854,4.362218,4.3743544,4.3657293,4.3744035,4.3777924,4.3753753,4.3832126,4.3841267,4.3976545,4.3864756,4.40249,4.3956227,4.403587,4.400728,4.403761,4.404025,4.398356,4.416677,4.40198,4.414229,4.422184,4.4208956,4.4262576,4.4099846,4.427577,4.422994,4.4249773,4.4000034,4.4214587,4.4243584,4.4146547,4.3929873,4.3820553,4.3853073,4.381797,4.360886,4.342326,4.3098083,4.2992206,4.2559867,4.249455,4.2089233,4.2008533,4.1646214,4.134798,4.122931,4.119833,4.0921264,4.063386,4.0263643,4.0161405,3.9919472,3.9857867,3.9613507,3.9578435,3.933781,3.913284,3.9111376,3.9012651,3.8675117,3.8752644,3.8561845,3.846373,3.8390925,3.841828,3.8441467,3.830335,3.829552,3.8134878,3.7976122,3.8042157,3.8221438,3.8001406,3.8080444,3.8033772,3.7857955,3.7886202,3.8045,3.807482,3.7959602,3.802789,3.810552,3.7796738,3.796993,3.7755034,3.7615788,3.7688122,3.7433884,3.7204337,1.2431637,1.3313917,3.9152615,2.084618,4.1654277,3.89359,3.9376934,3.8945298,3.8807814,3.9029503,3.8886645,3.9038749,3.917057,3.9036598,3.9194117,3.9119039,3.921231,3.9116437,3.925487,3.9262815,3.9378757,3.9330559,3.9520655,3.9508986,3.9670434,3.968935,3.9788382,3.9800622,3.9903877,3.9894168,3.997547,3.9895577,3.9913375,3.9940412,4.005764,4.0176854,4.022758,4.02256,4.0387845,4.0361915,4.051037,4.0555067,4.0581684,4.058096,4.060613,4.0600314,4.078482,4.0647697,4.0799227,4.0835814,4.093128,4.108533,4.101907,4.1128273,4.1135373,4.119243,4.119299,4.118913,4.13516,4.1290207,4.1438413,4.143979,4.152885,4.149765,4.1581264,4.1638064,4.1560507,4.1762586,4.200642,4.187322,4.1785336,4.1771474,4.19046,4.191937,4.192876,4.192324,4.195373,4.2133274,4.2138357,4.2113957,4.2091928,4.2120094,4.2190456,4.216619,4.222649,4.241849,4.235359,4.2430744,4.2468543,4.242555,4.2481866,4.2561774,4.262392,4.2571554,4.2526994,4.263473,4.257186,4.2744164,4.258923,4.267677,4.260241,4.2698627,4.2631044,4.2681494,4.258357,4.277313,4.271898,4.271551,4.2790585,4.2701035,4.271103,4.282477,4.2755475,4.2832336,4.289708,4.290711,4.2854414,4.2903905,4.2892666,4.297676,4.271089,4.268528,4.270069,4.2644463,4.2563753,4.272205,4.283585,4.2776847,4.2832537,4.27004,4.27863,4.273911,4.2776017,4.283664,4.3002653,4.3059664,4.304046,4.31084,4.312291,4.316309,4.3135433,4.302145,4.3174176,4.3167872,4.3189507,4.3234353,4.319302,4.3319063,4.340445,4.342062,4.3606696,4.3691196,4.3753834,4.372946,4.3765116,4.3840137,4.3877683,4.3855104,4.3948627,4.390572,4.393807,4.394165,4.4040666,4.4017234,4.39895,4.409207,4.4129467,4.413627,4.438408,4.4281826,4.4337225,4.4352536,4.439641,4.424001,4.4304533,4.448041,4.443594,4.4415164,4.444983,4.4596205,4.44699,4.46505,4.4590497,4.494543,,,,,,,,,,,,,,,,,,,,,,,,,,,,,,,,,,,,,,,,,,,,,,,,,,,,,,,,,,,,,,,,,,,,,,,,,,,,,,,,,,,,
4.5809784,4.575483,4.575063,4.571329,4.576744,4.577637,4.5930886,4.602661,4.5869265,4.581752,4.581708,4.5880766,4.587714,4.5988917,4.599403,4.594651,4.59683,4.594275,4.5960827,4.59705,4.6037345,4.604959,4.6026855,4.6039658,4.599533,4.6017556,4.604619,4.5984864,4.59456,4.6081944,4.6174803,4.5941997,4.601958,4.607765,4.6239347,4.6242113,4.626597,4.615222,4.634272,4.627503,4.815745,4.658198,4.6633377,4.672994,4.808674,4.67332,4.61187,4.616037,4.6100383,4.602651,4.5810256,4.57084,4.57102,4.5532174,4.5016646,4.4868274,4.4496684,4.4365335,4.416288,4.4034953,4.3974943,4.3694525,4.3499637,4.307278,4.2874417,4.2640533,4.253938,4.2280684,4.203263,4.1919875,4.1978784,4.1819816,4.1710205,4.1570325,4.1445303,4.114579,4.081467,4.0775523,4.058797,4.049121,4.050525,4.045445,4.0307612,4.030196,4.0299406,4.022006,4.0084977,4.00556,4.011566,4.0033937,4.0020795,4.001841,4.005041,4.003857,4.0011063,4.00497,4.0031376,3.9997408,4.0214977,4.0149646,4.0221972,4.034066,4.030836,4.0338016,4.0335126,4.027702,4.0488067,4.0451984,4.044955,4.0596247,4.0716977,4.0755787,4.081054,4.0933685,4.089729,4.1102653,4.130518,4.142552,4.1310635,4.152759,4.151606,4.1658897,4.181122,4.188301,4.18594,4.181484,4.184756,4.1853113,4.186576,4.187806,4.1912007,4.221331,4.2359695,4.2476974,4.24401,4.260886,4.267491,4.282527,4.2859244,4.2849402,4.2863398,4.292787,4.295313,4.297068,4.2991624,4.315184,4.315329,4.316186,4.3207064,4.3233876,4.333419,4.327489,4.338543,4.352111,4.368992,4.372277,4.3780975,4.386603,4.3891006,4.385026,4.3850865,4.3902307,4.3981485,4.3973875,4.413155,4.418864,4.421765,4.4261775,4.4332824,4.4455223,4.4445906,4.4393067,4.4499,4.4503345,4.4527383,4.466858,4.460631,4.4665346,4.4708114,4.4780183,4.4806724,4.4762797,4.479803,4.4905176,4.4922643,4.490407,4.501943,4.5038977,4.495556,4.4916162,4.514248,4.5234513,4.519235,4.529691,4.534197,4.528527,4.533993,4.5326605,4.5275455,4.532036,4.525784,4.5511594,4.55385,4.5556183,4.5578446,4.543355,4.5597425,4.5572,4.55502,4.55798,4.5600166,4.5592394,4.5644364,4.566719,4.5559053,4.555893,4.559777,4.5607176,4.561485,4.563397,4.5662537,4.563001,4.5586677,4.5656776,4.5697417,4.5679917,4.5576067,4.568214,4.563509,4.565988,4.5520263,4.5649357,4.566825,4.557081,4.5572686,4.566713,4.564963,4.5598054,4.558527,4.5528326,4.581032,4.5603786,4.558642,4.5645666,4.5681386,4.554717,4.566977,4.561329,4.556671,4.561147,4.558633,4.5439363,4.5956836,4.5574827,4.5420365,4.542475,4.577121,4.5669503,4.5547395,4.558179,4.5579443,4.568419,4.5546503,4.5585184,4.5651016,4.5668287,4.5715747,4.5650115,4.568499,4.5603094,4.5587,4.567191,4.5538874,4.5536437,4.55209,4.564188,4.553646,4.5550056,4.551051,4.5609756,4.5439405,4.551066,4.550271,4.5547776,4.5525184,4.554375,4.5521145,4.5520105,4.558906,4.5534697,4.5555496,4.5540147,4.5559,4.5473785,4.554497,4.551621,4.5515137,4.5625896,4.5569167,4.5520973,4.551436,4.5580716,4.550137,4.557013,4.548965,4.555401,4.5401044,4.5319333,4.542743,,,,,,,,,,,,,,,,,,,,,,,,,,,,,,,,,,,,,,,,,,,,,,,,,,,,,,,,,,,,,,,,,
4.087599,4.100016,4.0893426,4.105809,4.1090903,4.105601,4.108887,4.093455,4.109494,4.1043873,4.117726,4.1278114,4.1182685,4.1252294,4.113934,4.130163,4.1319103,4.1354203,4.1280475,4.1486506,4.148661,4.150146,4.1518145,4.1519675,4.155481,4.151861,4.1718435,4.168287,4.174089,4.1773405,4.172913,4.1698494,4.178382,4.1793056,4.181773,4.182993,4.197044,4.1939454,4.1943545,4.191386,4.1952004,4.196618,4.2091904,4.2044272,4.1980743,4.195334,4.2029877,4.1971946,4.203511,4.1963987,4.1871214,4.183706,4.162182,4.138558,4.1229315,4.09857,4.0942917,4.077118,4.0470657,4.024057,3.9863799,3.9855356,3.9626133,3.94561,3.908559,3.902821,3.868212,3.843864,3.8237908,3.812267,3.8065102,3.7865825,3.7755384,3.7723408,3.7260678,3.7270463,3.7112913,3.7052073,3.7016294,3.6913688,3.6764994,3.6597877,3.653304,3.653459,3.6399765,3.6410747,3.6241395,3.629515,3.6395888,3.631513,3.6233544,3.627926,3.634784,3.6205025,3.6186364,3.6271093,3.6195283,3.6249244,3.6236367,3.6178901,3.604556,3.6130168,3.584181,3.550012,0.982839,3.8094914,3.8010147,3.7598255,3.742927,3.7612126,3.7654493,3.762466,3.7656095,3.775153,3.7928276,3.8072991,3.8160648,3.8318949,3.8313112,3.8381464,3.847234,3.8536842,3.8479192,3.8486314,3.854936,3.8605688,3.8888123,3.873331,3.8698084,3.88143,3.888244,3.8984966,3.9022162,3.9108171,3.915266,3.9230666,3.9233184,3.9201503,3.928756,3.9358885,3.9325526,3.938105,3.9293027,3.9361284,3.9362895,3.932181,3.9351559,3.9347694,3.9348452,3.949229,3.9509997,3.9699345,3.969487,3.9853086,3.98288,3.9845364,4.009619,4.000469,4.001894,4.0079346,4.0099263,4.0073237,4.0023904,4.0118313,4.0029864,4.0200586,4.009949,4.028409,4.0272512,4.0291705,4.031286,4.0339236,4.0497975,4.0407057,4.033126,4.0325313,4.0284653,4.0419803,4.031431,4.041665,4.042591,4.0445766,4.0278864,4.030175,4.031837,4.032266,4.0277505,4.0245233,4.0305853,4.025554,4.0261707,4.031487,4.0313854,4.0285335,4.0260158,4.027114,4.025267,4.0262856,4.028808,4.0286922,4.0267725,4.0305448,4.032432,4.0283365,4.0339317,4.0290546,4.0287356,4.026035,4.0286555,4.025958,4.03232,4.028513,4.022325,4.0260434,4.0185146,4.0201783,4.017096,4.0214233,4.028814,4.020777,4.0147123,4.0181165,4.0198917,4.011792,4.0150414,4.0128617,4.0125227,4.010051,4.0171056,4.011163,4.0091233,4.0098634,4.0030656,4.0042267,4.012633,3.999572,4.000582,4.0104237,4.0148544,4.002854,4.003954,4.007424,3.9874394,3.9949105,3.9981096,3.9986494,4.003553,3.990232,4.011487,3.9947693,4.0050797,4.0097914,4.017239,4.00911,4.006825,4.01184,4.017004,4.0152545,4.0125666,4.0102386,4.016168,4.0239577,4.0174065,4.025085,4.0309234,4.030238,4.0265584,4.0323687,4.0362296,4.0247107,4.0309134,4.03332,4.038883,4.0315576,4.035985,4.0308623,4.0362086,4.044435,4.0489726,4.0364356,4.0466123,4.0466785,4.0420017,4.0657396,4.060155,4.063443,4.070074,4.071187,4.0719113,4.0778065,4.07122,4.07814,4.0817814,4.078044,4.0819716,4.092625,4.0810895,4.0860233,4.0969243,4.0993357,4.092511,4.10033,,,,,,,,,,,,,,,,,,,,,,,,,,,,,,,,,,,,,,,,,,,,,,,,,,,,,,,,,,,,,,,,,,,,,,,,
3.9688163,3.9655445,3.9644976,3.9785805,3.9705656,3.969523,3.978149,3.9728017,3.9735045,3.9908106,3.9902756,4.0001154,3.9967444,4.0007815,4.009651,4.012954,4.014746,4.017195,4.0144463,4.022587,4.02366,4.0159483,4.028822,4.028081,4.0322623,4.0450077,4.042878,4.0393615,4.0370865,4.0457497,4.0561795,4.0655355,4.070794,4.0608525,4.0701394,4.0720563,4.076419,4.0641084,4.078832,4.049552,4.074369,4.0569115,4.0626035,4.081847,4.083867,4.0916266,4.085129,4.084258,4.0928063,4.077249,4.0662704,4.060684,4.049758,4.0349607,4.034946,4.021059,3.9977102,3.9841018,3.9752743,3.9436224,3.8942907,3.8767474,3.871788,3.857941,3.8470967,3.8237336,3.7946522,3.7770977,3.749467,3.7421317,3.7311397,3.702115,3.6873622,3.6835284,3.6544507,3.6567743,3.6371262,3.638039,3.621607,3.6094518,3.603226,3.5857673,3.5673862,3.570132,3.5614383,3.56185,3.5677297,3.5630114,3.5667496,3.5407164,3.5378082,3.5379303,3.538533,3.5286915,3.5325847,3.5384314,3.5348177,3.5474923,3.53941,3.5366962,3.506968,3.5017068,3.4853973,3.46844,3.490504,0.99796003,1.1429797,3.5918581,3.6566358,3.6227894,3.5792,3.5835845,3.60406,3.6314425,3.6248283,3.628906,3.63492,3.6333437,3.6573796,3.6413562,3.6652362,3.647432,3.6695802,3.6842246,3.6753244,3.6809466,3.6579494,3.676062,3.6841044,3.6890032,3.6906362,3.7079344,3.7204292,3.7322845,3.7210138,3.71407,3.7397041,3.7602274,3.7386222,3.7668805,3.773051,3.7753808,3.7823203,3.7772868,3.7799032,3.7869647,3.7967827,3.814753,3.8106523,3.813929,3.8221998,3.8329148,3.8360636,3.8286977,3.8488126,3.8588712,3.8466558,3.8727396,3.8679705,3.8672059,3.8743765,3.8898277,3.8806522,3.8862844,3.8989024,3.8999214,3.8980649,3.9054844,3.9112775,3.9173357,3.9241173,3.9280417,3.9385884,3.9348028,3.9284487,3.9324718,3.9413617,3.943682,3.9429636,3.9461288,3.9427578,3.9372692,3.9396648,3.9389641,3.9364223,3.9330056,3.946829,3.9413633,3.9414942,3.9461737,3.9378562,3.9487731,3.939381,3.939679,3.9461963,3.9522953,3.9448118,3.943444,3.9403558,3.9436407,3.9411352,3.9468167,3.9425762,3.93883,3.9377816,3.9302227,3.9340563,3.9344547,3.9295223,3.931027,3.9311562,3.9299638,3.9239113,3.9360285,3.9292388,3.925752,3.9188328,3.9213476,3.9176333,3.9275198,3.9250627,3.928023,3.9236934,3.9086607,3.9226382,3.920322,3.911633,3.9204037,3.911263,3.9168446,3.9159203,3.9173853,3.917777,3.911728,3.914765,3.9114118,3.9141498,3.9165952,3.9020758,3.8933215,3.9003165,3.9009073,3.8926225,3.8961217,3.902812,3.887183,3.8949199,3.890302,3.891354,3.8803387,3.8840454,3.891412,3.8808975,3.8893948,3.8850524,3.8967967,3.890673,3.8916614,3.8929749,3.8941824,3.8928587,3.8936515,3.8992474,3.8911896,3.8956215,3.896914,3.896384,3.897475,3.8966088,3.888367,3.8974748,3.8938065,3.8936074,3.900471,3.9031684,3.8894327,3.8976598,3.8960137,3.9060087,3.9065154,3.9057908,3.8973672,3.903546,3.9173596,3.9109645,3.9114678,3.9161527,3.9130528,3.922706,3.9056878,3.9161592,3.9114833,3.9126925,3.9151406,3.917461,3.9291074,,,,,,,,,,,,,,,,,,,,,,,,,,,,,,,,,,,,,,,,,,,,,,,,,,,,,,,,,,,,,,,,,,,,,,,,,,,,,,
4.043589,4.071075,4.07087,4.061692,4.0683303,4.0653915,4.0607543,4.067716,4.075083,4.072691,4.071408,4.090223,4.071941,4.0827494,4.0963874,4.0926223,4.1010165,4.0884624,4.096426,4.0958967,4.099557,4.1056967,4.1017804,4.104064,4.106617,4.106729,4.109527,4.1116157,4.1107507,4.1275325,4.1163898,4.1264777,4.1225014,4.1308923,4.1513906,4.141863,4.1468196,4.1419983,4.152906,4.1621675,4.159751,4.1754303,4.1685266,4.1783376,4.1845636,4.17231,4.165495,4.159827,4.173865,4.163973,4.1610327,4.1473618,4.143289,4.138188,4.1221037,4.1112022,4.0938845,4.0494275,4.029588,4.013409,4.0183554,3.9932675,3.9615512,3.9535997,3.919098,3.9124525,3.8809388,3.840409,3.8416762,3.825059,3.8129568,3.8008559,3.7892897,3.7947822,3.764473,3.756229,3.7319524,3.729843,3.7121544,3.6901634,3.6905625,3.6731293,3.6810849,3.6804707,3.6441944,3.6431606,3.642662,3.6320827,3.6347275,3.632726,3.6237073,3.6175678,3.6155777,3.6183918,3.621806,3.6102498,3.6007247,3.5825796,3.5841253,3.592066,3.5504305,3.6455336,3.6219964,3.6161888,3.7034616,3.7703998,3.6819005,3.6265817,3.6419222,3.650226,3.6474445,3.6704698,3.674878,3.6850178,3.6893675,3.6916974,3.7029068,3.7036846,3.7055733,3.7105176,3.737925,3.7379572,3.7405713,3.7541971,3.7546299,3.7573829,3.7621431,3.7737057,3.7596292,3.7683613,3.7710948,3.7743578,3.7826195,3.799318,3.807642,3.8147082,3.8175504,3.8209338,3.8302658,3.837942,3.8315501,3.8569098,3.8869429,3.8663204,3.8854527,3.8899088,3.923892,3.896334,3.9209447,3.9067779,3.9176385,3.9137747,3.9407358,3.9111931,3.9141457,3.9158924,3.938708,3.948335,3.9688063,3.968048,3.9786937,3.976405,3.9779716,3.9605935,3.9763331,3.96641,3.9633405,3.9822874,3.9697747,3.9896357,3.981217,3.971553,3.9741569,3.994421,3.9840395,4.0020285,3.992544,4.012546,3.9935324,3.9909906,4.0477085,4.0449114,4.0349874,4.034994,4.038441,4.047,4.032511,4.0374556,4.0386157,4.037933,4.026637,4.0231395,4.021314,4.020668,4.015908,4.0206227,4.0103335,4.0087833,4.0134172,4.02143,4.008597,4.0042796,4.0101743,4.0090523,4.0038495,4.011256,4.013595,4.016574,4.0198197,4.017678,4.0209723,4.014543,4.0179825,4.021351,4.018461,4.0119915,4.0225563,4.0221086,4.022345,4.014882,4.0259266,4.02229,4.0213184,4.0206537,4.0347543,4.032922,4.025847,4.0296,4.031719,4.0284657,4.036495,4.0243106,4.026328,4.0301194,4.0243793,4.0275693,4.0355988,4.0223594,4.0297627,4.0329695,4.0319877,4.0213847,4.02949,4.0258946,4.0281577,4.025865,4.048094,4.0406804,4.048784,4.0422325,4.0498395,4.0504737,4.0522017,4.053229,4.060461,4.0616317,4.0626855,4.062886,4.069655,4.0692844,4.064101,4.070715,4.0775757,4.0769763,4.0762086,4.0882835,4.0907717,4.0765505,4.0905275,4.0882044,4.094617,4.0907397,4.085937,4.087493,4.0904217,4.0933666,4.089671,4.0872393,,,,,,,,,,,,,,,,,,,,,,,,,,,,,,,,,,,,,,,,,,,,,,,,,,,,,,,,,,,,,,,,,,,,,,,,,,,,,,,,,,,,,,,,,,,,,,,,
4.3871098,4.3880525,4.390094,4.3911333,4.391355,4.385451,4.402015,4.4090815,4.425995,4.4157367,4.4233236,4.4288325,4.424142,4.4203715,4.4319234,4.432569,4.4279504,4.4366913,4.4257526,4.4277244,4.4356103,4.4287357,4.442734,4.4452825,4.457792,4.452886,4.460284,4.452569,4.461741,4.456263,4.4698257,4.4706297,4.4781075,4.4850135,4.4739733,4.478208,4.4831862,4.496139,4.48995,4.479372,4.49307,4.473021,4.452595,4.453508,4.452936,4.4612026,4.4650145,4.4424214,4.430878,4.4246707,4.415933,4.415062,4.392732,4.3583217,4.35035,4.337743,4.3034415,4.2603545,4.2403994,4.227238,4.210982,4.188408,4.1632676,4.152941,4.1339965,4.0923963,4.063204,4.046465,4.0351353,4.0224776,4.007685,3.997763,3.9957814,3.9584558,3.97405,3.9351845,3.9233274,3.9132938,3.913772,3.9066691,3.9084,3.9029515,3.9013085,3.8774433,3.879845,3.8669672,3.8653827,3.870137,3.8734577,3.8543832,3.8650856,3.8491182,3.852996,3.8487113,3.8455908,3.8424373,3.8362489,3.822701,3.8217387,3.8000412,3.8216724,3.8127706,3.7976592,3.7691853,3.7809699,3.102367,1.3627558,3.8879747,3.8811896,3.8914144,3.9098363,3.9085724,3.9145885,3.9195228,3.892755,3.9159,3.911882,3.9141827,3.9548388,3.9691834,3.9680405,3.9746246,3.973613,3.963975,3.9699492,3.9733434,3.9729805,3.9815278,4.0015774,3.985649,3.991925,3.9937544,3.9774566,3.9975903,3.9971256,3.9960017,4.000028,4.0024314,4.0095673,4.029403,4.037277,4.030605,4.02866,4.040484,4.0452023,4.0552754,4.0492806,4.065561,4.0651207,4.0756717,4.088433,4.092409,4.106849,4.09118,4.1168604,4.115043,4.119363,4.11632,4.122627,4.1264067,4.128194,4.1460586,4.130745,4.140434,4.152496,4.1526313,4.1584864,4.159139,4.172114,4.179956,4.202172,4.1991343,4.199682,4.2047887,4.209691,4.2023025,4.2260184,4.228894,4.229905,4.2305136,4.227337,4.2532177,4.2435794,4.2402644,4.231953,4.249428,4.240705,4.231027,4.243184,4.2331085,4.2527328,4.253169,4.254645,4.2577353,4.2604837,4.2702975,4.2637105,4.277775,4.27122,4.2741103,4.281934,4.284191,4.278331,4.276922,4.2861285,4.272187,4.270813,4.2716713,4.2794714,4.270999,4.275735,4.2785783,4.2691,4.27613,4.2692504,4.2810836,4.2768345,4.2699656,4.269288,4.269317,4.267503,4.2702246,4.261536,4.2731514,4.250134,4.2525077,4.2648377,4.252578,4.2623367,4.249225,4.2443967,4.2514834,4.252235,4.2472153,4.251969,4.2442594,4.2472224,4.2376437,4.2482285,4.242505,4.2537003,4.253064,4.2449937,4.2524953,4.25392,4.2508326,4.2488966,4.240915,4.244524,4.2453375,4.248957,4.2545877,4.252573,4.2462006,4.254325,4.2528744,4.2478447,4.253382,4.2872686,4.2636576,4.269158,4.2770658,4.2819495,4.2811685,4.2836814,4.2957973,4.295248,4.282782,4.290004,4.2986116,4.286212,4.2949424,4.2927804,4.288243,4.299703,4.300061,4.311838,4.3145175,4.3185825,4.3213444,4.312152,4.3232145,4.32073,4.3205485,4.328572,4.3278947,4.3401256,4.3312473,4.342208,4.331433,4.334184,4.34577,4.351649,4.348409,4.3439355,4.350168,4.350657,4.3516555,4.3542566,4.351978,4.35286,,,,,,,,,,,,,,,,,,,,,,,,,,,,,,,,,,,,,,,,,,,,,,,,,,,,,,,,,,,,,,,,,,,,,,,,,
4.1951146,4.1985936,4.1847873,4.1946235,4.207919,4.2030044,4.21106,4.209459,4.205269,4.2121334,4.206826,4.218435,4.214518,4.2129335,4.2514315,4.23991,4.2480307,4.2371755,4.244512,4.265364,4.279912,4.2816,4.292644,4.2895575,4.3035226,4.2996135,4.3097844,4.3242283,4.32457,4.3206954,4.33369,4.336267,4.3413086,4.3459496,4.3480577,4.351851,4.34913,4.347983,4.356638,4.3561196,4.3658943,4.35363,4.36092,4.3654923,4.3659315,4.362282,4.3636417,4.35745,4.352425,4.348583,4.3341455,4.3202224,4.3000097,4.296911,4.2829504,4.2662406,4.2343297,4.2219033,4.2037034,4.192167,4.151844,4.120127,4.1076794,4.0971055,4.0516996,4.0464616,4.0382547,4.0075946,4.007949,3.9942408,3.9812791,3.9595325,3.9630537,3.9303021,3.9103003,3.8978012,3.8917785,3.8782527,3.8783662,3.875837,3.8672905,3.861649,3.8464081,3.8379738,3.829938,3.8363507,3.8342557,3.8218954,3.8278031,3.8279245,3.8283396,3.8229194,3.8144207,3.811556,3.7910607,3.8013818,3.7799115,3.8098521,3.7995205,3.803516,3.7775664,3.7953155,3.7433121,3.7987478,3.604671,3.563656,3.9941366,3.8397727,3.8111343,3.8114958,3.8508654,3.8410366,3.8762188,3.8942115,3.90696,3.9311407,3.9262936,3.9667385,3.968137,3.983656,3.9959428,4.009441,4.0143285,4.0172534,4.0288105,4.036092,4.041905,4.0461874,4.050554,4.0652146,4.065145,4.082864,4.093434,4.1130185,4.1112514,4.117988,4.13112,4.143791,4.1563973,4.1646748,4.1889496,4.196332,4.187075,4.2020836,4.202538,4.2109523,4.206698,4.212762,4.2104707,4.2153435,4.2361927,4.239194,4.258087,4.2646694,4.2615433,4.2660275,4.2787747,4.2961235,4.316464,4.3256416,4.3281913,4.343987,4.33698,4.3540106,4.3462243,4.348376,4.3574777,4.3617883,4.3664494,4.3652415,4.3858957,4.3887963,4.4007936,4.3996124,4.4057984,4.409823,4.405969,4.4021697,4.402613,4.4112606,4.4086804,4.4044743,4.4219527,4.4181986,4.420301,4.421239,4.426924,4.4374957,4.424069,4.4412293,4.4455557,4.448436,4.4483604,4.447445,4.446435,4.4467673,4.45191,4.4534574,4.447842,4.4466906,4.4485126,4.451773,4.454527,4.4456663,4.462264,4.440184,4.458259,4.465774,4.4427834,4.431252,4.437476,4.435637,4.4196515,4.4291883,4.425243,4.4195848,4.428712,4.4269876,4.420523,4.4274225,4.427014,4.4221807,4.4195514,4.4113936,4.418568,4.413155,4.431974,4.410379,4.4101973,4.3896556,4.397197,4.395202,4.4027944,4.411175,4.4058886,4.4126525,4.4053326,4.403656,4.4153566,4.409664,4.403882,4.40247,4.3915176,4.4230595,4.396884,4.4009514,4.3929334,4.405563,4.41181,4.391578,4.4013686,4.405796,4.4000783,4.402822,4.403381,4.4064856,4.410565,4.405951,4.4042854,4.408737,4.410014,4.415576,4.4083624,4.416843,4.4190903,4.417766,4.415518,4.427277,4.441227,4.4564667,4.4424434,4.4508715,4.4577746,4.4516606,4.4766607,4.4755015,4.465203,4.4728994,4.4797597,4.47498,4.4913964,4.4846816,4.481101,4.490831,4.493079,4.496373,4.5014744,4.5076427,4.514436,4.5063906,4.511125,4.512383,4.4939146,4.5233088,4.5249906,,,,,,,,,,,,,,,,,,,,,,,,,,,,,,,,,,,,,,,,,,,,,,,,,,,,,,,,,,,,,,,,,,,,,,,,,,,,,,,
4.218946,4.2135496,4.2108183,4.213603,4.218545,4.213303,4.2110825,4.209718,4.2128315,4.2128997,4.213351,4.2126713,4.226164,4.2133956,4.216311,4.22089,4.2150187,4.2272654,4.22566,4.2287016,4.224158,4.2283792,4.234322,4.2326527,4.2257123,4.2408423,4.244771,4.242238,4.240241,4.2479186,4.251757,4.2461476,4.247123,4.2502794,4.254485,4.2498465,4.256126,4.2642303,4.2631817,4.2597356,4.265218,4.262045,4.2712812,4.2484603,4.2549396,4.257453,4.2576647,4.2581706,4.25692,4.2667365,4.2466965,4.2404313,4.2268147,4.2153897,4.1953416,4.1784954,4.1644654,4.145789,4.13278,4.097736,4.074047,4.051256,4.0350547,4.000135,3.995103,3.978185,3.952637,3.9101844,3.8991323,3.894736,3.8817499,3.8456764,3.839494,3.8193688,3.810583,3.7921057,3.767791,3.7508066,3.7541187,3.7470531,3.7268078,3.724508,3.7148936,3.696907,3.6978474,3.684875,3.6728764,3.684685,3.6589391,3.6596498,3.6748528,3.6560228,3.665472,3.6601727,3.6491857,3.6496394,3.649803,3.6479094,3.6516912,3.657107,3.6498995,3.6583395,3.6604197,3.6569052,3.6565487,3.6505651,3.658654,3.6613975,3.6568544,3.6704004,3.6697013,3.682439,3.684163,3.6839867,3.687064,3.670972,3.6826544,3.689948,3.688987,3.688227,3.710866,3.7053626,3.696846,3.7074583,3.6947656,3.6826205,3.6548896,3.6640303,3.624953,1.0583961,2.888793,3.8599346,3.8131518,3.8026867,3.8125725,3.833007,3.8598669,3.8620346,3.8691955,3.8605664,3.8663342,3.8956065,3.8972244,3.914072,3.9234636,3.9211266,3.9280665,3.9364536,3.9302998,3.9479399,3.9488757,3.9605567,3.966401,3.9870195,3.9895718,4.0229073,4.0133147,4.0262256,4.0386753,4.041532,4.0396056,4.045124,4.0518785,4.054176,4.060353,4.0573874,4.07096,4.0768833,4.070381,4.0894995,4.101405,4.0941825,4.091041,4.115243,4.1155877,4.111362,4.121838,4.1294923,4.127977,4.1324177,4.1376147,4.136816,4.138792,4.143792,4.148891,4.1496553,4.1507444,4.156892,4.162076,4.1653523,4.1691003,4.175706,4.166232,4.166506,4.17131,4.175498,4.182419,4.181564,4.187261,4.187219,4.190573,4.1837754,4.192095,4.1897755,4.1935587,4.187031,4.19203,4.193856,4.1896043,4.1852884,4.1900206,4.199843,4.1914325,4.194045,4.190629,4.202495,4.2014804,4.2059903,4.202006,4.2039824,4.2073913,4.21142,4.2160954,4.2015114,4.2063055,4.2135887,4.1974244,4.20595,4.211698,4.2133417,4.204775,4.210855,4.204696,4.200028,4.202291,4.209025,4.203461,4.1953964,4.203573,4.1961317,4.1952324,4.1906404,4.2000837,4.207574,4.204064,4.2025976,4.193469,4.198695,4.2025,4.19436,4.1972713,4.1908083,4.19635,4.1984086,4.20377,4.1948476,4.1861706,4.1907654,4.189755,4.191729,4.192682,4.1965404,4.196463,4.1855316,4.1886506,4.1782923,4.1926904,4.1749325,4.1691623,4.1707253,4.195044,4.1844716,4.1873884,4.1837816,4.1826696,4.1928887,4.19192,4.185178,4.1763215,4.185624,4.192674,4.1754427,4.1905107,4.185838,4.1850586,4.1776476,4.187202,4.1862826,4.1909027,4.191395,4.1877713,,,,,,,,,,,,,,,,,,,,,,,,,,,,,,,,,,,,,,,,,,,,,,,,,,,,,,,,,,,,,,,,,,,,,,,,,,,,,,,,,,,
4.5488734,4.57141,4.5625215,4.565135,4.568583,4.5653234,4.5570803,4.5598574,4.571734,4.564187,4.5523834,4.543856,4.5670896,4.5524764,4.5424843,4.5420938,4.5417953,4.5531626,4.5551124,4.551032,4.555681,4.5486903,4.5502734,4.552504,4.539616,4.5390944,4.5477047,4.547957,4.53912,4.5319996,4.545784,4.534208,4.5445337,4.5469375,4.5348716,4.5520763,4.5310593,4.5519686,4.544568,4.548658,4.536273,4.5567966,4.5316925,4.5452414,4.5263014,4.5299067,4.520124,4.508591,4.483543,4.4616656,4.4414177,4.4226046,4.3803873,4.3771176,4.3537235,4.3263927,4.3020043,4.268904,4.2335467,4.222154,4.215657,4.2017856,4.188949,4.1478567,4.109449,4.09425,4.085188,4.065764,4.049461,4.0461526,4.032846,4.0288243,4.0048175,3.9923306,3.9775515,3.9690814,3.9528022,3.9504561,3.9393373,3.946342,3.9248507,3.9212306,3.9109337,3.9054027,3.899021,3.889276,3.8885775,3.8795419,3.8873358,3.8921027,3.888765,3.8937323,3.8752377,3.8735573,3.8771155,3.878145,3.8703966,3.873281,3.8727782,3.8746767,3.8901336,3.8642378,3.8772678,3.8760169,3.8898213,3.881423,3.8899336,3.9063451,3.9160843,3.9181628,3.9089432,3.9252372,3.9242365,3.9232414,3.928297,3.9256399,3.9278662,3.947115,3.936504,3.9414134,3.9422357,3.9453537,3.9502609,3.9476807,3.9517143,3.956588,3.9705417,3.9748604,3.9745646,3.9784367,3.986112,3.9844801,3.996591,4.008144,4.0059505,4.015613,4.0367293,4.0426707,4.0317764,4.034118,4.0366597,4.0486073,4.0627813,4.084601,4.087746,4.0884323,4.0964484,4.099483,4.1017456,4.106099,4.1178255,4.118698,4.1336718,4.135493,4.1378202,4.1536407,4.159338,4.1705823,4.170463,4.170009,4.18082,4.183718,4.175782,4.1943426,4.212135,4.194284,4.2023296,4.1869106,4.1556563,4.253222,4.2616796,4.2212915,4.2273116,4.2295437,4.246524,4.257735,4.2716336,4.279641,4.285767,4.29134,4.291812,4.3034854,4.3037276,4.30597,4.320992,4.318038,4.3224993,4.3203244,4.3250523,4.3227983,4.3159122,4.3188643,4.323302,4.312514,4.333874,4.321204,4.3234773,4.316238,4.3287582,4.329317,4.338137,4.343206,4.350724,4.3498583,4.3444257,4.346817,4.3668375,4.3705473,4.3665767,4.369937,4.377915,4.384205,4.3824797,4.3805037,4.3789716,4.3779926,4.373148,4.3785815,4.394542,4.3920355,4.3892536,4.3899055,4.390432,4.3943624,4.4013734,4.3855405,4.398102,4.4031186,4.4060683,4.400642,4.404741,4.4135046,4.415079,4.414923,4.446369,4.4311633,4.434176,4.4532948,4.445355,4.432161,4.443929,4.4530544,4.4512916,4.4357257,4.45352,4.4381013,4.4445314,4.4408364,4.4369807,4.4502587,4.447364,4.4520497,4.4580574,4.4450455,4.454976,4.441133,4.442724,4.4407043,4.460022,4.439352,4.444354,4.4513183,4.4382715,4.442743,4.431338,4.438213,4.436411,4.434433,4.437716,4.4367943,4.4320745,4.42335,4.421735,4.433286,4.419619,4.430519,4.429235,4.4197383,4.421679,4.4219437,4.4217663,4.4229918,4.420224,4.4116077,4.414894,4.4204764,4.421042,4.422956,,,,,,,,,,,,,,,,,,,,,,,,,,,,,,,,,,,,,,,,,,,,,,,,,,,,,,,,,,,,,,,,,,,,,,,,,,,,,,,,,,,,,,
4.6810255,4.6811953,4.6885614,4.6769605,4.676078,4.6830797,4.676317,4.6737328,4.680557,4.6875753,4.6897607,4.6869864,4.6822066,4.688049,4.6892133,4.6903877,4.6915727,4.68766,4.684476,4.682509,4.669874,4.6639757,4.669876,4.690364,4.6789722,4.6877704,4.694017,4.697866,4.7007737,4.6953907,4.7090683,4.7061048,4.7048807,4.7107625,4.710239,4.714628,4.715424,4.705697,4.707129,4.705384,4.7066793,4.703454,4.6900268,4.698019,4.689438,4.6702404,4.68268,4.671637,4.6596365,4.648814,4.6422358,4.6367292,4.6238966,4.5899725,4.563601,4.522656,4.502867,4.4951787,4.4682035,4.444286,4.3920374,4.3715663,4.3518157,4.3255334,4.3008785,4.279514,4.2546124,4.23889,4.216256,4.1918354,4.1603637,4.1513443,4.134259,4.1266804,4.107107,4.089835,4.047807,4.0294027,4.022855,4.020697,4.011216,4.004921,3.9991782,3.980778,3.982288,3.9787266,3.9655232,3.9578347,3.9698873,3.948525,3.951274,3.9433112,3.9342496,3.9515574,3.9292476,3.9310043,3.9266472,3.9253492,3.9229112,3.9278383,3.9365232,3.934003,3.9402652,3.94633,3.937486,3.9433174,3.9473436,3.9415822,3.9482305,3.947648,3.9398112,3.9484115,3.9613626,3.9630888,3.953593,3.985776,3.992783,3.9682956,3.9820068,3.9967752,3.9945083,3.9813974,4.00573,4.0124164,4.0319414,4.0233884,4.0331435,4.0411286,4.06765,4.060999,4.0930166,4.103866,4.1004357,4.1162777,4.1201854,4.131393,4.155836,4.1620564,4.172649,4.183754,4.189679,4.195586,4.207719,4.203831,4.2119317,4.2154427,4.212625,4.2344723,4.2455835,4.2530713,4.2575197,4.2556415,4.28287,4.2762904,4.289758,4.2812357,4.285722,4.2913,4.2891183,4.283033,4.295941,4.3048215,4.3178782,4.326298,4.3387556,4.3342514,4.352973,4.3561783,4.3545704,4.357568,4.377118,4.370431,4.374059,4.37988,4.3802514,4.401341,4.403764,4.4212236,4.4164968,4.4209447,4.436051,4.441618,4.44201,4.4465885,4.452052,4.45665,4.455534,4.4574966,4.4704313,4.4670916,4.477737,4.474923,4.485502,4.4841657,4.496975,4.495401,4.4942675,4.501816,4.511626,4.5191994,4.518081,4.5282054,4.5391765,4.533205,4.5272818,4.5272164,4.5272183,4.5444007,4.5352225,4.5401716,4.5515523,4.539894,4.53942,4.5473723,4.5468154,4.5542383,4.573205,4.578402,4.580278,4.5802007,4.5765095,4.5853877,4.582143,4.581869,4.58509,4.593019,4.597769,4.5872173,4.5929713,4.6026015,4.6039705,4.610741,4.611485,4.5998907,4.616192,4.626654,4.6053414,4.610391,4.605239,4.6033463,4.602651,4.5955167,4.5894923,4.6108503,4.6018724,4.6007214,4.611983,4.6190557,4.614205,4.6290607,4.620238,4.623579,4.6218514,4.6184764,4.6156697,4.61461,4.617019,4.626486,4.6399703,4.6238112,4.6261616,4.636945,4.6258373,4.61636,4.6309805,4.634506,4.626362,4.6131167,4.6197586,4.615675,4.6128526,4.6207724,4.6141,4.613236,4.6129537,4.6157494,4.6295824,4.6325727,4.633525,4.627286,4.633384,4.644307,4.628669,4.628496,4.635586,4.635232,4.641107,4.6457005,4.649395,4.6485605,4.648906,4.6522217,4.6529937,4.8489537,4.9742074,4.762648,4.651039,4.6590943,4.65718,4.658303,4.6694565,4.6785226,4.675023,4.6732755,4.6831074,4.689698,4.6752415,4.675793,4.6753283,4.677468,4.6944547,4.6818643,4.679178,4.676668,4.6887755,4.6844144,4.6845756,4.6882205,4.6858306,4.700769,4.7527847,4.703403,4.7192225,,,,,,,,,,,,,,,,,,,,,,,,,,,,,,,,,,,,,,,,,,,,,,,,,,,
