image_name,response_key,response_time,t1,t2,t3,t4,t5,t6,t7,t8,t9,t10,t11,t12,t13,t14,t15,t16,t17,t18,t19,t20,t21,t22,t23,t24,t25,t26,t27,t28,t29,t30,t31,t32,t33,t34,t35,t36,t37,t38,t39,t40,t41,t42,t43,t44,t45,t46,t47,t48,t49,t50,t51,t52,t53,t54,t55,t56,t57,t58,t59,t60,t61,t62,t63,t64,t65,t66,t67,t68,t69,t70,t71,t72,t73,t74,t75,t76,t77,t78,t79,t80,t81,t82,t83,t84,t85,t86,t87,t88,t89,t90,t91,t92,t93,t94,t95,t96,t97,t98,t99,t100,t101,t102,t103,t104,t105,t106,t107,t108,t109,t110,t111,t112,t113,t114,t115,t116,t117,t118,t119,t120,t121,t122,t123,t124,t125,t126,t127,t128,t129,t130,t131,t132,t133,t134,t135,t136,t137,t138,t139,t140,t141,t142,t143,t144,t145,t146,t147,t148,t149,t150,t151,t152,t153,t154,t155,t156,t157,t158,t159,t160,t161,t162,t163,t164,t165,t166,t167,t168,t169,t170,t171,t172,t173,t174,t175,t176,t177,t178,t179,t180,t181,t182,t183,t184,t185,t186,t187,t188,t189,t190,t191,t192,t193,t194,t195,t196,t197,t198,t199,t200,t201,t202,t203,t204,t205,t206,t207,t208,t209,t210,t211,t212,t213,t214,t215,t216,t217,t218,t219,t220,t221,t222,t223,t224,t225,t226,t227,t228,t229,t230,t231,t232,t233,t234,t235,t236,t237,t238,t239,t240,t241,t242,t243,t244,t245,t246,t247,t248,t249,t250,t251,t252,t253,t254,t255,t256,t257,t258,t259,t260,t261,t262,t263,t264,t265,t266,t267,t268,t269,t270,t271,t272,t273,t274,t275,t276,t277,t278,t279,t280,t281,t282,t283,t284,t285,t286,t287,t288,t289,t290,t291,t292,t293,t294,t295,t296,t297,t298,t299,t300,t301,t302,t303,t304,t305,t306,t307,t308,t309,t310,t311,t312,t313,t314,t315,t316,t317,t318,t319,t320,t321,t322,t323,t324,t325,t326,t327,t328,t329,t330,t331,t332,t333,t334,t335,t336,t337,t338,t339,t340,t341,t342,t343,t344,t345,t346,t347,t348,t349,t350,t351,t352,t353,t354,t355,t356,t357,t358,t359,t360,t361,t362,t363,t364,t365,t366,t367,t368,t369,t370,t371,t372,t373,t374,t375,t376,t377,t378,t379,t380,t381,t382,t383,t384,t385,t386,t387,t388,t389,t390,t391,t392,t393,t394,t395,t396,t397,t398,t399,t400,t401,t402,t403,t404,t405,t406,t407,t408,t409,t410,t411,t412,t413,t414,t415,t416,t417,t418,t419,t420,t421,t422,t423,t424,t425,t426,t427,t428,t429,t430,t431,t432,t433,t434,t435,t436,t437,t438,t439,t440,t441,t442,t443,t444,t445,t446,t447,t448,t449,t450,t451,t452,t453,t454,t455,t456,t457,t458,t459,t460,t461,t462,t463,t464,t465,t466,t467,t468,t469,t470,t471,t472,t473,t474,t475
FS/51.png,left,0.1428893999982392,5.0189896,5.010936,5.0256314,5.0333447,5.033945,5.0083647,5.0082183,5.000053,5.00351,5.0071025,5.007695,5.0003724,5.006721,5.003866,4.971135,4.994325,4.9823313,4.9751697,4.98605,4.9921455,5.004475,4.9802294,4.9868016,4.9886603,4.981694,4.9818807,4.989104,4.9847245,4.9944444,4.9792295,4.9966645,4.992114,4.987439,4.9888263,4.9688473,4.9792542,4.969604,4.974408,4.985904,4.9948955,4.9794226,4.988568,4.9782248,4.979938,4.9958534,4.982079,4.993086,4.9899135,4.987542,4.9913797,4.994536,4.9800797,4.93342,4.9696293,4.983061,4.9435854,4.938946,4.9308243,4.9211307,4.8778887,4.8796096,4.8815165,4.865424,4.8446765,4.849227,4.8286195,4.8219247,4.8142047,4.7870746,4.7714987,4.750743,4.734441,4.7378573,4.72841,4.7382565,4.719769,4.709632,4.6924405,4.7066817,4.6658735,4.6716647,4.6795564,4.6830297,4.637221,4.647532,4.6523046,4.6680503,4.66026,4.6615887,4.6497855,4.6659803,4.641516,4.647737,4.6560054,4.6877275,4.6369286,4.669263,4.6827927,4.681219,4.6955476,4.697065,4.6986413,4.701186,4.713195,4.7306356,4.699868,4.7263303,4.7330413,4.7459316,4.7271843,4.757177,4.7326612,4.7728267,4.7725906,4.749495,4.7918963,4.7804446,4.793053,4.812054,4.8046703,4.827438,4.8409915,4.8122067,4.8339767,4.8282213,4.844846,4.853218,4.8663483,4.886548,4.8538804,4.886107,4.8989472,4.8745394,4.877333,4.8803387,4.871998,4.8360214,4.795246,4.7946157,4.752713,4.751445,4.7124686,4.70468,4.671535,4.5769467,4.5805473,4.5449557,4.528265,4.5011077,4.4842696,4.411306,4.3687305,4.347331,4.337004,4.327309,4.2899733,4.2598224,4.2216125,4.218502,4.180813,4.1615553,4.1552906,4.14019,4.120225,4.1223197,4.1183863,4.086433,4.0935984,4.0660176,4.049777,4.051019,4.0348663,4.031475,4.028935,4.0176682,4.0422783,4.038229,4.0145764,4.027762,4.0193763,4.02959,4.0182343,4.034896,4.0158257,4.0262938,4.047232,4.087169,4.0357275,4.079758,4.0874295,4.1117826,4.12124,4.1408825,4.125595,4.145435,4.150027,4.1492577,4.1513157,4.1651764,4.182227,4.1802945,4.222595,4.235513,4.251373,4.275761,4.2771344,4.311352,4.3323574,4.3320146,4.343642,4.347792,4.3727455,4.3655567,4.421327,4.417064,4.4566517,4.4485393,4.4730554,4.4815245,4.5095577,4.4988422,4.525899,4.5297194,4.531539,4.5387907,4.56134,4.5649195,4.6063576,4.587825,4.6217337,4.6375585,4.6510916,4.659945,4.6968,4.688592,4.702824,4.7251453,4.7233405,4.716845,4.7146087,4.721405,4.748084,4.752473,4.7346745,4.7481356,4.751946,4.802459,4.7763495,4.7927217,4.7773147,4.801389,4.7847466,4.8361006,4.839141,4.8583403,4.854257,4.8601646,4.8505735,4.869626,4.8720484,4.8924284,4.8956027,4.903176,4.9256964,4.9004583,4.907967,4.93343,4.9227953,4.9407463,4.946037,4.943946,4.941866,4.938894,4.9467654,4.9367557,4.9387755,4.944576,4.9357514,4.938567,4.942689,4.936424,4.956721,4.955783,4.979033,4.9685235,4.983221,4.9814205,4.990892,4.9750476,4.9834948,4.961169,4.987277,5.020874,5.002864,4.983564,4.9847684,5.0191984,5.011629,5.011392,4.992093,5.011552,5.0037208,5.0186186,5.0304017,5.0048437,5.005416,5.0090504,5.0001383,5.0127177,5.0120773,5.0010533,5.0253596,5.0184317,5.019408,5.0204678,5.0178065,5.0175366,5.011125,5.007029,5.0016503,5.012529,5.0068254,4.9978685,5.00756,5.001875,5.0164547,4.9951115,5.003886,4.9768867,4.9921355,4.9779778,4.996376,4.9699063,4.9869027,4.984452,5.0002437,4.982404,4.9870048,4.9671025,4.99387,4.9780245,4.980623,4.986077,4.9803205,4.9763064,4.9925547,4.98664,4.999477,4.961181,4.9693418,4.9813747,4.961835,4.98262,4.971242,4.970876,4.971088,4.9667954,4.9418573,4.9881663,4.9661,4.9721513,4.9626527,4.9635615,4.9594955,4.943755,4.9420123,4.955901,4.9427185,4.962632,4.9654183,4.9551105,4.959778,4.9453692,4.9419584,4.941617,4.9581733,4.953272,4.9477134,4.9438553,4.9611597,4.956773,4.940201,4.95652,4.9399505,4.9738736,4.9679084,4.9601164,4.9766192,4.955215,4.9839787,,,,,,,,,,,,,,,,,,,,,,,,,,,,,,,,,,,,,,,,,,,,,,,,,,,,,,,,,,,,,,,,,,,,,,,,,,,,,,,,,,,,,t1
FS/581.png,right,0.1790024000074481,5.027482,5.014933,5.0169435,5.0543838,5.025234,5.0139346,5.0410385,5.0261045,5.0367427,5.033007,5.025671,5.029209,5.0314784,5.038016,5.0329986,5.0589356,5.040188,5.0174227,5.0413327,5.0360126,5.035441,5.0234265,5.045578,5.051964,5.053297,5.052021,5.0524096,5.0495014,5.060697,5.064793,5.0555763,5.0786495,5.0557923,5.066483,5.068332,5.058663,5.060277,5.0870514,5.0934258,5.0754814,5.096376,5.074492,5.1077695,5.1015944,5.087705,5.108367,5.103527,5.113044,5.100601,5.102302,5.100553,5.107801,5.1200304,5.1067076,5.080751,5.0933,5.109217,5.110925,5.1165752,5.1137013,5.0862365,5.056391,5.067909,5.0603633,5.066333,5.0484614,5.0422716,5.0601497,5.044378,5.0472417,5.0386586,5.0266995,5.0318656,5.007152,4.993102,4.9780846,4.976012,4.9858108,4.984351,4.9557147,4.9556828,4.9523606,4.896214,4.9211154,4.933962,4.9361897,4.927406,4.8978615,4.910034,4.93432,4.9042387,4.912612,4.921382,4.8981586,4.9205065,4.921219,4.9199915,4.9319005,4.9053826,4.924231,4.923663,4.931323,4.936314,4.9543595,4.9514356,4.960408,4.935537,4.961174,4.984452,4.9838557,4.983341,4.9859333,4.9825463,5.0008397,5.0035014,4.995624,5.013091,5.016455,5.00171,5.020333,5.039974,5.0461926,5.0327334,5.007855,5.024499,5.0229845,5.0474257,5.043117,5.0471525,5.0614033,5.045556,5.043024,5.0301075,5.0462594,5.0347743,5.0303636,5.034219,4.998051,4.981415,4.9399076,4.9058094,4.8623376,4.8136544,4.776665,4.7335753,4.704445,4.6602626,4.6324463,4.588674,4.5400715,4.502503,4.45829,4.409114,4.3833437,4.358875,4.3252573,4.281945,4.246897,4.2067733,4.174741,4.167841,4.155044,4.1042438,4.112735,4.075046,4.0655494,4.0163,3.9987965,4.0090113,3.9649658,3.967144,3.9693651,3.933187,3.930253,3.934867,3.8969007,3.8942573,3.9246666,3.8867612,3.9178915,3.9078414,3.8786879,3.8859859,3.8814216,3.8877504,3.8954258,3.886842,3.8901587,3.8839846,3.872546,3.890222,3.883898,3.9000523,3.8956208,3.9318495,3.933623,3.924591,3.9384358,3.9250383,3.9800858,3.984825,3.9900765,3.9890006,3.9972425,4.043489,4.046979,4.041751,4.07479,4.105071,4.116815,4.133089,4.1460595,4.1544323,4.156261,4.220049,4.2207456,4.2548127,4.2475214,4.237358,4.3029,4.3252296,4.3318872,4.344249,4.3500996,4.3773,4.3660603,4.402848,4.4228554,4.4459906,4.460737,4.474929,4.4849515,4.4951406,4.529418,4.5393434,4.544572,4.558957,4.57001,4.5824223,4.5895925,4.591275,4.6276035,4.6561584,4.680662,4.6624207,4.6858983,4.6943727,4.700278,4.7226524,4.7278166,4.754254,4.7326574,4.735745,4.745379,4.7656875,4.793466,4.7927604,4.798905,4.802981,4.818835,4.818898,4.833085,4.837559,4.842079,4.862404,4.85701,4.8798327,4.9033217,4.8739266,4.908078,4.9153094,4.9172564,4.930455,4.940777,4.9368844,4.9347043,4.949783,4.9394665,4.9419913,4.946418,4.945838,4.964477,4.9744544,4.9903665,4.9662657,4.962496,4.9704595,4.986759,4.9751325,4.980713,4.994662,5.0033655,4.9903693,5.0025306,4.998038,5.0205774,5.0188847,5.0412216,5.0259786,5.014366,5.041925,5.071049,5.0411468,5.066057,5.0252056,5.0635366,5.048872,5.084023,5.075578,5.0744505,5.077608,5.0772457,5.053651,5.0686054,5.084634,5.0793257,5.088024,5.100083,5.085671,5.086999,5.089698,5.084495,5.0808034,5.0951514,5.1017404,5.0790234,5.1013136,5.090711,5.0856743,5.093875,5.096136,5.1123323,5.094415,5.0883045,5.0942,5.105887,5.090185,5.101172,5.1045465,5.0889034,5.1034513,5.088729,5.0943127,5.0962005,5.097617,5.0899386,5.084002,5.0801654,5.094161,5.0986876,5.089329,5.1011014,5.098138,5.097013,5.0948772,5.0776987,5.0783114,5.0851536,5.0930667,5.108516,5.0817504,5.0891976,5.0876985,5.0831866,5.0772076,5.0851007,5.081944,5.085536,5.0690603,5.0770206,5.076667,5.079531,5.073361,5.0898337,5.0709033,5.0656853,5.0648804,5.051741,5.056112,5.0684805,5.0608826,5.030072,5.049236,5.0566835,5.076258,5.0785923,5.0640697,5.029719,5.033215,5.0483117,5.03451,5.0389647,5.056047,5.032738,5.0543833,5.061541,5.0691357,5.0496206,5.0525627,5.0355697,5.0237255,5.035122,5.032716,,,,,,,,,,,,,,,,,,,,,,,,,,,,,,,,,,,,,,,,,,,,,,,,,,,,,,,,,,,,,,,,,,,,,,,,t3
FS/711.png,left,0.3106570999952964,5.1689334,5.1631474,5.1828384,5.1857386,5.162117,5.1655955,5.1863337,5.1706514,5.1809006,5.1688333,5.181507,5.1764083,5.1941385,5.170998,5.177794,5.1834884,5.187858,5.1911283,5.203257,5.204104,5.206552,5.186902,5.205985,5.207926,5.1939287,5.19378,5.1918283,5.1954226,5.194508,5.2085648,5.208061,5.196941,5.1851153,5.2132745,5.206074,5.215002,5.2063594,5.202975,5.204458,5.199168,5.201945,5.1946645,5.1981516,5.214747,5.1978073,5.2155147,5.1923547,5.2257667,5.211914,5.2064962,5.2044516,5.2042546,5.2108455,5.2191234,5.214017,5.198646,5.2034507,5.1911397,5.217093,5.196481,5.1818156,5.174386,5.1777015,5.1678104,5.138598,5.1183515,5.122536,5.1178045,5.108366,5.095649,5.099112,5.091433,5.082916,5.0723357,5.085217,5.06314,5.0358663,5.026961,5.0425487,5.0568094,5.04457,5.054736,5.0416217,5.046297,5.0229597,5.053496,5.0430126,5.0417347,5.044028,5.0543876,5.0446453,5.0467186,5.0445094,5.0169272,5.0370073,5.0420833,5.033817,5.0408506,5.046786,5.0460668,5.0380807,5.0364447,5.0436487,5.043756,5.049483,5.041308,5.0566497,5.0533223,5.049666,5.058706,5.051191,5.049685,5.0524282,5.068936,5.0664268,5.0708885,5.0824685,5.0730658,5.0752954,5.089374,5.073784,5.0967994,5.1153584,5.1301365,5.1172485,5.1182504,5.1184516,5.1143417,5.120471,5.110521,5.1257143,5.138091,5.1264977,5.1271524,5.1333966,5.109173,5.096524,5.0340414,4.9930153,4.968861,4.9637,4.9189043,4.876807,4.797371,4.771899,4.740299,4.6626606,4.6325207,4.5775533,4.5492067,4.497986,4.4502125,4.4281588,4.4073863,4.3556395,4.301197,4.2966094,4.268664,4.230509,4.199318,4.1758866,4.149094,4.12528,4.0658216,4.062667,4.0509934,4.0345197,4.0428925,4.0158777,4.0205493,3.9984632,3.941925,3.9317222,3.9331577,3.9094315,3.9124644,3.8705335,3.8808732,3.8704069,3.8769698,3.8692002,3.838652,3.8466156,3.8654733,3.8399243,3.8397336,3.839911,3.8394582,3.8318152,3.8265254,3.831916,3.8307812,3.826202,3.8398206,3.8574994,3.8718638,3.9031055,3.9204676,3.900317,3.8961344,3.916794,3.9123416,3.9619806,3.9667327,3.9807997,3.983514,3.964716,3.995081,4.018813,4.056317,4.054532,4.0769095,4.095887,4.1354227,4.1097174,4.127089,4.1383653,4.159686,4.167723,4.1908135,4.2074594,4.244787,4.2547636,4.2703395,4.2834454,4.290445,4.312824,4.334083,4.3350368,4.323835,4.379826,4.4099216,4.404118,4.409373,4.4213634,4.4368315,4.4702277,4.4798236,4.4843082,4.4959006,4.510534,4.520857,4.549247,4.553471,4.5967875,4.5957136,4.6001034,4.627818,4.6192365,4.615258,4.623984,4.633827,4.6457825,4.6506186,4.6735177,4.674546,4.6929355,4.724506,4.733536,4.728658,4.7333093,4.7516165,4.7452526,4.7517157,4.7345533,4.798395,4.812796,4.8224006,4.8222322,4.8215103,4.842527,4.8265314,4.8355503,4.846315,4.8572407,4.8539333,4.847823,4.86213,4.8502903,4.854266,4.859919,4.8782053,4.876897,4.887025,4.90175,4.8907466,4.873087,4.9348836,4.9088664,4.939745,4.9465203,4.9369226,4.9411063,4.957952,4.940364,4.9522915,4.96656,4.9701285,4.9621315,4.975838,4.9787273,4.951828,4.987411,4.9652543,4.998631,4.9789667,4.989542,4.979257,4.991512,4.9883666,5.02647,4.982292,5.000667,4.9796433,5.0017242,5.0132914,5.0004253,4.978872,4.985371,5.002351,4.9870787,5.007647,4.9906874,4.996608,5.016101,5.0152125,4.9836144,5.0129976,5.004877,4.9847007,5.0050464,4.9960876,5.0155325,4.9881873,5.0229774,5.0006504,5.0132008,5.0202937,4.995666,4.994539,5.006725,5.0229797,5.0123453,5.0210853,5.025396,5.019289,5.0241156,5.0095353,5.0268245,5.0279346,5.016283,5.033139,5.0407166,5.0258365,5.0301323,5.0275927,5.032296,5.03004,5.0304017,5.044114,5.0211115,5.0202603,5.03147,5.032019,5.036809,5.042205,5.0463724,5.045882,5.023141,5.0327888,5.0525312,5.037507,5.032574,5.049217,5.0563188,5.0415726,5.0492086,5.049253,5.046524,5.038831,5.053142,5.0518456,5.0601134,5.054053,5.051133,5.0560284,5.0704713,5.0429673,5.050183,5.0504723,5.0470276,5.0557923,5.045028,5.0499983,5.048595,5.0684237,5.0508523,5.0444145,5.065109,5.0700192,5.0662656,5.052551,5.0737247,5.0608487,5.0632596,5.0533376,5.050709,5.077295,5.0699043,5.0615044,5.0609717,5.09249,5.0694046,5.0695853,5.070023,5.070744,5.0955276,5.099026,5.0831566,5.1120524,,,,,,,,,,,,,,,,,,,,,,,,,,,,,,,,,,,,,,,,,,,,,,,,,,,,,,,t5
FS/711.png,left,0.2682791000115685,5.181764,5.1908526,5.1914964,5.1963644,5.192028,5.1897893,5.20179,5.185737,5.1856174,5.186303,5.1962094,5.2052307,5.2070665,5.172482,5.204843,5.182387,5.2011395,5.1939325,5.194337,5.199715,5.2087936,5.213928,5.203474,5.1953545,5.1933465,5.208435,5.209989,5.2229586,5.209384,5.2039843,5.2173777,5.204537,5.2216325,5.2042727,5.2044497,5.2286434,5.2113037,5.219577,5.2438283,5.2091913,5.210964,5.2216945,5.2101393,5.221121,5.219522,5.233145,5.2235622,5.2087917,5.2299447,5.2234373,5.2239065,5.2343974,5.227896,5.2324305,5.2323704,5.2295237,5.225974,5.2264085,5.240184,5.219048,5.1994433,5.2147117,5.190072,5.196618,5.1845727,5.1836348,5.177164,5.154773,5.1693683,5.1528206,5.111285,5.1179843,5.0931573,5.0911345,5.0937257,5.0927844,5.0811315,5.0634317,5.057738,5.052685,5.03467,5.0339284,5.0318027,5.0135336,5.0356603,5.0190086,5.0065627,4.9953213,5.020833,4.980901,4.975552,4.9823294,4.9426537,4.9711394,4.977519,4.968501,4.9599624,4.947563,4.975929,4.9884095,4.950305,4.9745626,4.9824505,4.986905,4.9634614,4.9825063,4.9950523,4.983855,5.002484,5.0028615,5.0175023,5.012501,5.019825,5.0048933,5.0294423,5.024965,5.054026,5.0362024,5.0497046,5.0509634,5.058585,5.0630097,5.0568957,5.055402,5.0687456,5.0827584,5.0586348,5.06239,5.0879445,5.0788975,5.088746,5.098186,5.0906873,5.0749044,5.0855956,5.0799456,5.0412464,5.0122275,4.978359,4.942772,4.930327,4.8706813,4.88158,4.795572,4.770624,4.717607,4.6738834,4.631004,4.5904775,4.553105,4.5000114,4.381509,4.367428,4.3572345,4.323879,4.317632,4.2458663,4.2198596,4.142301,4.1403646,4.1163034,4.074691,4.0526423,4.014783,3.9778225,4.0094404,3.9459937,3.9353402,3.896523,3.8616533,3.8411543,3.833802,3.8330348,3.8177264,3.815701,3.8226013,3.8075259,3.7911925,3.7792997,3.74665,3.7799046,3.7674057,3.7559884,3.7622168,3.7510207,3.7232957,3.7622876,3.721131,3.7238498,3.7096105,3.7226062,3.7212186,3.7055705,3.733994,3.7291634,3.740898,3.7741997,3.7590694,3.7511413,3.7731292,3.7408621,3.7539265,3.7733872,3.7872763,3.788674,3.7911913,3.7893903,3.8086424,3.8429885,3.8389392,3.8487847,3.8610194,3.8483777,3.8654459,3.8806982,3.887515,3.918382,3.920947,3.966673,3.9375942,3.972982,4.0021214,4.022769,4.062418,4.0554566,4.057649,4.0518384,4.0769687,4.086476,4.1287103,4.1624136,4.1745944,4.188381,4.2224197,4.236266,4.2348213,4.2612424,4.2486763,4.2539406,4.3131924,4.323082,4.3159323,4.340887,4.3526435,4.391474,4.3818073,4.406398,4.4294424,4.425737,4.452568,4.4738474,4.4937625,4.4733596,4.5010247,4.5039344,4.5023694,4.53645,4.5434604,4.5498652,4.544311,4.587649,4.589035,4.6094365,4.619759,4.609846,4.6458097,4.637454,4.652444,4.6666036,4.668488,4.691529,4.7138395,4.73639,4.721526,4.7325683,4.7256455,4.724595,4.7336383,4.7557316,4.7634377,4.7717204,4.7658486,4.7737336,4.745788,4.752423,4.781864,4.7990584,4.8008637,4.80094,4.81386,4.80681,4.8315644,4.831719,4.801446,4.8133626,4.8404093,4.8382516,4.836165,4.833115,4.8433547,4.8479047,4.8433504,4.8590136,4.858359,4.846573,4.860433,4.881219,4.83642,4.8687425,4.8604155,4.8473463,4.875042,4.894904,4.8651547,4.8847413,4.864882,4.8856945,4.8759685,4.8735685,4.8543973,4.848752,4.864439,4.8559513,4.8774033,4.875309,4.868593,4.857709,4.8800077,4.862598,4.8601284,4.8474674,4.8380632,4.8587675,4.837158,4.844218,4.8409276,4.8428097,4.8445454,4.84485,4.839084,4.8404036,4.8350835,4.833888,4.832509,4.831659,4.829737,4.8253393,4.8238287,4.8301525,4.827706,4.8322845,4.8305626,4.821119,4.813031,4.8278413,4.8366866,4.833517,4.814248,4.827671,4.806211,4.822709,4.805073,4.824321,4.818735,4.814644,4.8232107,4.8274474,4.813363,4.819864,4.8155065,4.813562,4.829001,4.8164773,4.843001,4.8470674,4.8519893,4.8373885,4.8156967,4.8448653,4.84801,4.8675776,4.886378,4.8496814,4.865363,4.845567,4.8762755,4.8856997,4.8913317,4.8817587,4.887916,4.880568,4.907491,4.890952,4.893909,4.8965816,4.88969,4.8874054,4.9020677,4.912552,4.873976,4.892525,4.9055758,4.902078,4.912922,4.913198,4.888651,4.9063406,4.916383,4.899286,4.901335,4.9008884,,,,,,,,,,,,,,,,,,,,,,,,,,,,,,,,,,,,,,,,,,,,,,,,,,,,,,,,,,,,,,,,t7
FS/41.png,right,0.1226478000025963,5.0687766,5.0715384,5.0807977,5.051206,5.054061,5.083321,5.07182,5.0747795,5.078331,5.098321,5.059172,5.0914917,5.0734663,5.0853415,5.0709496,5.0783052,5.074674,5.0715814,5.074587,5.0757036,5.095457,5.089766,5.086477,5.088441,5.0892644,5.076049,5.1002684,5.077625,5.086227,5.0998034,5.0798793,5.0913835,5.0877824,5.0922112,5.099213,5.0934286,5.0908704,5.0996757,5.1188483,5.099218,5.1015573,5.0881324,5.108846,5.076244,5.0881805,5.115154,5.0916944,5.1172075,5.0969996,5.1223474,5.0998764,5.0938444,5.086346,5.1097293,5.0863404,5.1088996,5.0920615,5.073253,5.0718546,5.075334,5.06874,5.0299454,5.0482674,5.030988,5.0408335,5.0369205,5.0215273,5.037326,5.0089045,4.973872,4.9439416,4.962452,4.938766,4.953806,4.9396806,4.92289,4.922467,4.9048653,4.8968368,4.885386,4.9004374,4.8895574,4.884155,4.90432,4.861612,4.876485,4.9071283,4.8872476,4.870347,4.88545,4.869475,4.8998537,4.879026,4.9016733,4.8885984,4.900083,4.90335,4.905129,4.9082937,4.897657,4.9204144,4.9041095,4.9045157,4.875185,4.9045873,4.936917,4.9031243,4.934637,4.9355326,4.9566336,4.9681163,4.969382,4.9644656,4.97115,4.9720373,5.0176554,5.0106425,4.989179,5.03357,5.0196557,5.0284185,5.0488214,5.03711,5.046877,5.0301175,5.0394325,5.0339813,5.0884485,5.0755377,5.109301,5.0844865,5.086285,5.09907,5.080692,5.0665617,5.070172,5.0682464,5.035447,5.0360785,5.013407,4.9689302,4.937392,4.9171333,4.8923926,4.8675785,4.8237395,4.802938,4.759528,4.720423,4.688586,4.6380596,4.608566,4.5889196,4.538816,4.5289917,4.4880495,4.465708,4.429441,4.358667,4.359122,4.3472733,4.323092,4.298087,4.267684,4.2537475,4.2529764,4.2606945,4.219805,4.2053576,4.2007294,4.1856904,4.146402,4.157826,4.125955,4.11533,4.135466,4.1158385,4.0938377,4.098312,4.111526,4.0911264,4.0949097,4.063337,4.078213,4.0897365,4.077272,4.133383,4.109318,4.0894194,4.069882,4.1140137,4.1409874,4.131654,4.1198525,4.1622972,4.145525,4.1619754,4.1805563,4.169055,4.1523356,4.173745,4.209045,4.190408,4.251272,4.2467046,4.2795954,4.281003,4.3098073,4.320631,4.3256993,4.3455324,4.3509464,4.3674393,4.381913,4.382774,4.388367,4.4188223,4.438085,4.482453,4.473897,4.4767814,4.5145254,4.5451937,4.558532,4.558225,4.5772333,4.5853395,4.59729,4.6015444,4.6193366,4.646718,4.6756573,4.6654778,4.6921997,4.7107534,4.720138,4.7404,4.7206254,4.7661614,4.756716,4.7685494,4.7920985,4.790656,4.796595,4.838571,4.832305,4.8346653,4.863564,4.843393,4.865283,4.863408,4.8942122,4.901482,4.918017,4.9125056,4.9313607,4.9373536,4.937975,4.9448442,4.9545417,4.957141,4.96128,4.968129,4.9927344,4.9865704,4.9760013,4.9761243,4.971557,4.983763,4.993451,5.0171237,5.0033298,4.992721,5.0196223,4.9910855,5.0481586,5.0547223,5.063433,5.0648556,5.068984,5.075735,5.0384974,5.055983,5.0782766,5.0654044,5.0763555,5.0957365,5.071209,5.0908375,5.0981183,5.1043177,5.1051874,5.111527,5.108614,5.1099544,5.1092973,5.1091337,5.105916,5.103038,5.1054354,5.106585,5.1122856,5.115026,5.106187,5.095391,5.102448,5.1201997,5.104667,5.1132355,5.1109595,5.113807,5.0969653,5.110618,5.1167927,5.1011057,5.109434,5.1057916,5.112656,5.1098347,5.095236,5.1019545,5.1171865,5.1034727,5.1039367,5.1164203,5.1196,5.1023893,5.114775,5.1164203,5.1226654,5.1132536,5.1465583,5.136837,5.1626654,5.15775,5.126362,5.117848,5.134513,5.1236973,5.126155,5.15481,5.146338,5.1617756,5.1490664,5.147152,5.141689,5.14931,5.141464,5.1564,5.1732697,5.1736135,5.175917,5.175731,5.17946,5.19995,5.1529245,5.185735,5.1888666,5.1803637,5.1798515,5.1783805,5.2131357,5.195953,5.199523,5.205519,5.1686378,5.196754,5.2009397,5.193656,5.204967,5.183031,5.20811,5.1852007,5.206031,5.2012734,5.209042,5.2168856,5.182359,5.208354,5.193962,5.213337,5.219368,5.196639,5.2083836,5.181893,5.200209,5.208901,5.2076964,5.1867123,5.189406,5.1923566,5.197581,5.185419,5.1933265,5.1750517,,,,,,,,,,,,,,,,,,,,,,,,,,,,,,,,,,,,,,,,,,,,,,,,,,,,,,,,,,,,,,,,,,,,,,,,,,,,,,,,t13
FS/21.png,right,0.1414387999975588,5.188698,5.188825,5.189462,5.195092,5.18071,5.179116,5.164293,5.1931057,5.181992,5.1648564,5.185587,5.200048,5.1905346,5.2079687,5.186442,5.189146,5.209585,5.2053323,5.2020187,5.216133,5.1910563,5.185404,5.2113223,5.193576,5.210752,5.2172346,5.198432,5.2083387,5.1968384,5.202315,5.219057,5.2239995,5.213516,5.198909,5.216127,5.2214227,5.2038875,5.2100453,5.2278237,5.21491,5.2288065,5.2160892,5.2172856,5.220274,5.2154756,5.226722,5.212088,5.2034283,5.2134275,5.209504,5.20708,5.1980147,5.1880045,5.199893,5.156211,5.1698847,5.152292,5.141527,5.1510997,5.1353493,5.1221566,5.1110272,5.112473,5.06319,5.0549574,5.057629,5.048613,5.002993,4.994292,4.9897304,4.9679937,4.999105,4.971454,4.9492683,4.9382644,4.9341793,4.931213,4.9362,4.922279,4.9112415,4.914195,4.9164495,4.8955264,4.878963,4.881475,4.884185,4.8602133,4.870074,4.8991613,4.891684,4.886182,4.9121222,4.9194274,4.8844705,4.907042,4.8884916,4.8933244,4.881721,4.922128,4.9222293,4.920394,4.9386225,4.9351826,4.932407,4.9253726,4.9429812,4.949287,4.930729,4.9514737,4.957867,4.93922,4.962269,4.95216,4.968076,4.9684973,4.972962,4.9705157,4.984141,4.984625,5.010662,5.005525,4.9922633,5.0509014,5.0443473,5.04382,5.060791,5.057644,5.064704,5.0460615,5.093317,5.0842276,5.058598,5.080033,5.0527797,5.066268,5.0460987,5.02675,4.9774055,4.9814844,4.9473042,4.9443855,4.9010563,4.858468,4.8097577,4.7705107,4.753518,4.7373185,4.677927,4.6149263,4.6012464,4.509619,4.510131,4.466652,4.435939,4.395692,4.377346,4.3214574,4.3172245,4.3173923,4.2773895,4.2384195,4.2145605,4.208029,4.2090597,4.1834126,4.1653504,4.1540804,4.116949,4.1277456,4.111622,4.0842314,4.0747943,4.062219,4.074055,4.065008,4.0673714,4.0614686,4.041757,4.062776,4.027307,4.0477433,4.055473,4.031887,4.0411463,4.058263,4.051969,4.0347424,4.055249,4.064175,4.0384464,4.0605283,4.0513134,4.0410056,4.054292,4.064977,4.0790095,4.083165,4.086164,4.1015563,4.123252,4.14381,4.128521,4.144662,4.2019587,4.1941814,4.2000794,4.2162404,4.221513,4.243559,4.248603,4.2687764,4.2783504,4.299651,4.3051977,4.356642,4.3351197,4.3428674,4.358224,4.376501,4.3943253,4.4095554,4.431637,4.4358997,4.4252324,4.4565783,4.4910293,4.5040326,4.4911757,4.5533075,4.5388417,4.5866466,4.5862365,4.5939913,4.5983667,4.627444,4.6138854,4.6346445,4.6374707,4.630229,4.6475773,4.652389,4.6668615,4.7052393,4.7268662,4.7455072,4.758878,4.733675,4.7961187,4.802592,4.8069158,4.802788,4.812325,4.818598,4.8069024,4.8276787,4.850911,4.8787456,4.8962035,4.900222,4.876351,4.901652,4.8905773,4.9024515,4.903476,4.9418163,4.9362273,4.917444,4.9281282,4.933284,4.9521804,4.9345913,4.9575458,4.984714,4.976957,4.9632316,4.9727616,4.9778266,4.9948277,4.993242,4.9727535,4.995781,4.9984384,5.0040703,5.0136247,5.019058,5.0024014,5.020141,5.0331974,5.028862,5.024037,5.044845,5.056582,5.0282874,5.0480013,5.0566974,5.045313,5.039988,5.0364923,5.0317545,5.045486,5.0471683,5.026901,5.05571,5.045816,5.035652,5.065244,5.0574346,5.0546436,5.0563645,5.0439825,5.058607,5.050836,5.077797,5.037924,5.074407,5.0725985,5.0845323,5.0637574,5.0642724,5.070581,5.0692267,5.0775046,5.084613,5.0440636,5.083987,5.064457,5.0415363,5.073726,5.0898433,5.077279,5.07631,5.061914,5.0613194,5.0918226,5.0844173,5.081675,5.041761,5.0792513,5.0913997,5.100114,5.089974,5.093424,5.076933,5.0814395,5.0843673,5.090142,5.0820737,5.0864005,5.0898833,5.0692205,5.081012,5.0874343,5.072798,5.06892,5.0747876,5.0780096,5.093704,5.064602,5.073926,5.0728393,5.098011,5.0977173,5.094084,5.0709605,5.091087,5.0707736,5.0829344,5.0673013,5.0798306,5.0694747,5.0827804,5.0659747,5.0682645,5.0645685,5.048605,5.0578513,5.0447755,5.030473,5.0844517,5.0893216,5.0152993,5.054624,5.0566835,5.083906,5.04575,5.0631766,5.045651,5.060282,5.063837,5.053797,5.030363,5.020205,,,,,,,,,,,,,,,,,,,,,,,,,,,,,,,,,,,,,,,,,,,,,,,,,,,,,,,,,,,,,,,,,,,,,,,,,,,,,,,,,,,t14
FS/21.png,left,0.2145755000092322,5.1278334,5.110905,5.1270695,5.1288285,5.145809,5.144843,5.126028,5.133674,5.1294117,5.1279016,5.134922,5.1494,5.122061,5.125371,5.1147046,5.119659,5.1300898,5.130813,5.133944,5.1448345,5.132224,5.141375,5.119631,5.145069,5.1251874,5.1341915,5.149645,5.0990386,5.144355,5.1468563,5.141107,5.145171,5.125977,5.150467,5.1368365,5.1353645,5.149511,5.1419535,5.14476,5.1609616,5.1584744,5.1369667,5.1657624,5.1427836,5.165556,5.123883,5.1601048,5.151035,5.155325,5.1391397,5.1508904,5.1678476,5.14191,5.1587796,5.155645,5.1445694,5.139184,5.1193776,5.120159,5.1151567,5.0907326,5.0810924,5.073892,5.073662,5.0655665,5.051798,5.03638,5.0450726,5.0342937,5.0293374,4.9908915,4.9975944,4.9624953,4.9681687,4.9451437,4.976116,4.952841,4.9590197,4.939742,4.9489255,4.932365,4.919224,4.9235697,4.9234304,4.9154434,4.9182167,4.9107594,4.9248185,4.901111,4.897959,4.9181104,4.9272094,4.9311304,4.936856,4.9171147,4.906334,4.9081697,4.9388494,4.934307,4.9531374,4.9520726,4.940801,4.9524674,4.941255,4.979067,4.981511,4.977609,4.9637275,4.99145,4.9953957,5.001505,4.9999766,5.0048156,5.0008864,4.998123,5.0205407,5.033459,5.0404034,5.0370507,5.0441203,5.069315,5.0883994,5.0889072,5.0824623,5.0623307,5.073871,5.072145,5.0658174,5.097444,5.080068,5.0926538,5.114879,5.0906568,5.073168,5.088845,5.050293,5.0753937,5.042136,5.0210304,5.0181637,4.969697,4.945914,4.947694,4.925663,4.85089,4.8172383,4.801965,4.744594,4.686588,4.672876,4.658992,4.6187,4.5756316,4.534073,4.5186925,4.502736,4.480323,4.4449997,4.4192166,4.381537,4.3858886,4.3717103,4.3358774,4.336939,4.316513,4.29142,4.244498,4.2835026,4.28147,4.235517,4.2272177,4.241078,4.246698,4.2242785,4.234839,4.1993256,4.209808,4.1980233,4.201502,4.2138414,4.204758,4.21818,4.2284813,4.2242546,4.2149177,4.2132735,4.2400417,4.22029,4.2169757,4.247281,4.270207,4.2336645,4.2492995,4.2503967,4.3282123,4.305228,4.3407035,4.344226,4.3479323,4.3605957,4.3751416,4.404899,4.404205,4.42055,4.4289317,4.4423976,4.4693065,4.4621124,4.5061474,4.5306125,4.5376115,4.564934,4.5716743,4.585589,4.590396,4.638003,4.639733,4.647052,4.666086,4.6870294,4.688291,4.7299933,4.720078,4.777631,4.769178,4.7613897,4.8042073,4.8314815,4.85079,4.837656,4.866772,4.885598,4.871789,4.8790574,4.8815904,4.916151,4.9226165,4.9175034,4.9575906,4.9660997,4.9829087,4.9780846,4.9921794,5.0076246,5.0187416,5.0296307,5.018399,5.016046,5.030616,5.038723,5.0664644,5.0502386,5.082326,5.0706563,5.1159706,5.094635,5.1072464,5.1253,5.1139293,5.126125,5.122987,5.1369376,5.111837,5.174637,5.1512284,5.1408057,5.1692257,5.164739,5.151569,5.1689134,5.1684275,5.1659565,5.1689916,5.189669,5.1733046,5.1997166,5.20231,5.2050304,5.2096186,5.20495,5.220849,5.2296543,5.2150846,5.2070017,5.2362213,5.241166,5.2469316,5.2564206,5.2556577,5.225569,5.2499566,5.250641,5.278872,5.2695217,5.2750335,5.2906346,5.299229,5.283929,5.274928,5.3019743,5.297632,5.3008947,5.2919736,5.3017983,5.322982,5.3372135,5.3121576,5.3210487,5.3230696,5.3432918,5.3329973,5.3412447,5.315897,5.303194,5.345759,5.349903,5.33374,5.3288093,5.320017,5.3237357,5.344443,5.3398786,5.3473687,5.3410506,5.349356,5.3397365,5.3394156,5.349072,5.340627,5.3434453,5.329627,5.353207,5.3385477,5.345811,5.35562,5.361492,5.3330307,5.3479333,5.3530374,5.365098,5.3291874,5.3446393,5.3464384,5.343958,5.354629,5.337787,5.353385,5.3233094,5.3504424,5.337364,5.3389397,5.351472,5.328768,5.353543,5.3527837,5.3345447,5.357284,5.3463264,5.360006,5.3289013,5.345808,5.3207946,5.3181834,5.3649535,5.354757,5.3330264,5.3428698,5.3448563,5.331988,5.3474708,5.352382,5.3452134,5.315465,5.3256273,5.3172565,5.348605,5.335096,5.3271437,5.326877,5.3261166,5.3409057,5.322299,5.3170886,5.336134,5.340429,5.36264,5.3534517,5.3559084,5.354598,5.357416,5.3586774,5.390538,5.3533225,5.375378,5.3602247,5.374432,5.3629227,5.3982177,5.340928,5.345573,5.373657,5.338056,5.3607135,5.3374577,,,,,,,,,,,,,,,,,,,,,,,,,,,,,,,,,,,,,,,,,,,,,,,,,,,,,,,,,,,,,,,,,,,,,,,t26
FS/21.png,right,0.1890811999910511,5.1435394,5.171853,5.140885,5.152998,5.1423044,5.157727,5.1610627,5.1582704,5.1701837,5.141964,5.165569,5.1501155,5.154412,5.1367664,5.1537833,5.165954,5.1393213,5.158219,5.1635404,5.1462965,5.1530185,5.147401,5.1404986,5.153426,5.160794,5.1681595,5.1424065,5.1367135,5.169754,5.170022,5.1451592,5.1636486,5.1637526,5.166992,5.157979,5.1667128,5.1691985,5.1635447,5.143867,5.132301,5.1311946,5.155673,5.128925,5.1572437,5.143356,5.1503315,5.137389,5.160053,5.1476984,5.163639,5.145385,5.1270795,5.1392455,5.138711,5.120388,5.1393523,5.1057334,5.131348,5.113215,5.1239676,5.1039515,5.085631,5.099734,5.0805287,5.080109,5.057627,5.040602,5.049307,5.0388846,5.010984,5.0103455,4.9777393,4.958468,4.9644585,4.981395,4.9594173,4.9407134,4.936998,4.936859,4.939124,4.919192,4.922947,4.936283,4.9201097,4.902678,4.9189525,4.877778,4.885697,4.888983,4.8849535,4.8702183,4.853959,4.891737,4.9006677,4.8909726,4.877023,4.8951836,4.9031587,4.8886743,4.861613,4.907488,4.9006658,4.9273353,4.9039807,4.909353,4.9004974,4.9177895,4.9205947,4.9159493,4.9363327,4.9436927,4.933248,4.926836,4.943515,4.9355106,4.9670625,4.9495487,4.946651,4.965661,4.9729905,4.995651,4.971455,4.9874415,4.984885,4.9843426,4.9839263,4.994116,5.010296,5.017078,5.0040536,5.0225983,4.9941974,4.99081,4.9873433,4.99767,4.958964,4.9596634,4.9583983,4.912366,4.8809876,4.867887,4.8389626,4.8268094,4.767449,4.753694,4.691298,4.623093,4.6052494,4.5705757,4.52437,4.472649,4.464629,4.407778,4.3176503,4.338703,4.28945,4.263694,4.2448916,4.214711,4.1923537,4.1421785,4.112138,4.09574,4.098417,4.061586,4.0446053,3.9963987,4.0042014,3.954948,3.9420195,3.9473028,3.952065,3.9426012,3.8901486,3.9011102,3.8800998,3.8900888,3.8800542,3.8944952,3.864096,3.8614266,3.8513312,3.8570712,3.8709612,3.8305209,3.8570023,3.8616383,3.873803,3.8589904,3.8764338,3.863467,3.8652995,3.874057,3.8875327,3.9082074,3.8927357,3.8860495,3.919164,3.8927794,3.9015503,3.911766,3.9060328,3.9348614,3.9507167,3.9518025,3.9153726,3.9732072,3.9745226,4.0068083,3.982166,4.0029535,4.0335364,4.0476937,4.088017,4.1041164,4.1028776,4.1177607,4.1428275,4.1463013,4.1509466,4.1916933,4.1921563,4.1999197,4.2400446,4.251497,4.2477555,4.2832193,4.297469,4.321295,4.336499,4.3657403,4.345753,4.3549314,4.4028797,4.4150734,4.436551,4.429744,4.435334,4.4755354,4.4914804,4.520707,4.50187,4.5148525,4.5256815,4.5549593,4.548399,4.561793,4.559017,4.5706644,4.594023,4.6056137,4.614441,4.640598,4.6624217,4.661935,4.6813216,4.6997623,4.6837893,4.681651,4.700337,4.7403784,4.7533455,4.753485,4.7832427,4.7818937,4.785822,4.784235,4.771724,4.7915235,4.7966065,4.809944,4.796965,4.8067894,4.849055,4.848148,4.8497715,4.837852,4.848793,4.8509474,4.880833,4.880671,4.8379903,4.870255,4.8502817,4.852293,4.8888373,4.8816757,4.8848658,4.8751454,4.8959756,4.9050717,4.9181004,4.8990793,4.9268427,4.939126,4.911759,4.8823385,4.9029775,4.9247613,4.9203887,4.907493,4.9159646,4.904207,4.911877,4.902879,4.917137,4.9396253,4.9340816,4.9295506,4.9264936,4.9219866,4.9189057,4.9415827,4.9350863,4.9261312,4.948698,4.936749,4.9495697,4.913456,4.922992,4.9261036,4.9278107,4.9392815,4.905318,4.873941,4.9138,4.923002,4.927522,4.9436793,4.885697,4.8956237,4.8968606,4.8955803,4.8697524,4.884755,4.895215,4.8996677,4.865662,4.8745785,4.90495,4.8767524,4.8790717,4.864363,4.8564806,4.8478713,4.8339763,4.8475695,4.861505,4.8610125,4.85963,4.848923,4.8458633,4.8422594,4.8422465,4.851468,4.837645,4.847005,4.827434,4.8460507,4.839239,4.851094,4.838544,4.816555,4.8028364,4.8299227,4.8080516,4.801289,4.8099513,4.7999797,4.7954006,4.80211,4.803901,4.7847023,4.8002048,4.782646,4.823052,4.792037,4.8125362,4.818013,4.790494,4.7954845,4.7992654,4.7982326,4.7907157,4.7948694,4.7958694,4.816119,4.7901874,4.8180118,4.8403525,4.7889233,4.820342,4.8033595,4.8067837,4.7804127,4.831209,4.795505,4.808657,4.803149,4.822789,4.8100557,4.7993283,4.808058,,,,,,,,,,,,,,,,,,,,,,,,,,,,,,,,,,,,,,,,,,,,,,,,,,,,,,,,,,,,,,,,,,,,,,,,t34
FS/21.png,left,0.1416147999989334,4.96395,4.9821095,4.9791512,4.9806247,4.975827,4.975419,4.975507,4.9775133,4.980668,4.975515,4.9847503,4.986061,4.988755,4.9875507,4.9751816,4.993265,4.993935,4.9911904,4.994961,4.9919415,4.9903502,4.9979706,4.988506,5.000058,4.9858375,4.9996696,4.9751606,4.983958,4.9852767,4.9876842,4.9894443,4.991957,4.9881372,4.9981513,4.9905095,4.9943004,4.980729,4.981698,4.9805307,4.986693,4.990587,4.9874134,4.987412,4.9778433,4.9787674,4.989584,4.9795394,4.989702,4.9756956,4.9758267,4.9747987,4.9784856,4.9745326,4.9759417,4.956319,4.95419,4.9404197,4.9572253,4.9431033,4.9720216,4.934077,4.910517,4.9118614,4.9147496,4.9072657,4.895616,4.8769517,4.8915,4.8983974,4.8644285,4.86308,4.8696537,4.8732123,4.8560734,4.845256,4.845132,4.831305,4.825381,4.826926,4.8200264,4.826265,4.8526692,4.837534,4.8287053,4.82545,4.854768,4.8285465,4.851524,4.836978,4.84147,4.8394322,4.8538337,4.847547,4.885594,4.884068,4.8770633,4.847717,4.861266,4.8727226,4.8734837,4.890482,4.874062,4.8883595,4.882499,4.8931684,4.9037485,4.905332,4.896694,4.8945537,4.9391627,4.8735313,4.8991504,4.8873487,4.898658,4.893165,4.8826632,4.9171085,4.888416,4.9153986,4.886114,4.9202523,4.912241,4.9131,4.919468,4.9137974,4.886548,4.9164953,4.9141154,4.917768,4.9146857,4.90848,4.929095,4.965984,4.9416523,4.9231544,4.8880444,4.8909597,4.863584,4.8578153,4.846798,4.828747,4.7881465,4.7765203,4.7195616,4.6901336,4.629432,4.6059847,4.559171,4.511611,4.4827657,4.460427,4.4391265,4.412929,4.38697,4.3347707,4.2766805,4.236554,4.2225857,4.1738772,4.167849,4.153358,4.1108985,4.11742,4.1240854,4.080115,4.005718,4.0253096,3.9917407,3.977248,3.9557374,3.9493394,3.9436588,3.9413316,3.926409,3.9295516,3.9207015,3.9127784,3.9129074,3.8953655,3.8998895,3.8899941,3.8874435,3.9052248,3.8990207,3.8918164,3.8863857,3.9213753,3.8864026,3.8820589,3.894519,3.9024477,3.8776753,3.917167,3.9054432,3.9206443,3.908403,3.9119346,3.9240458,3.923867,3.950371,3.963906,3.9731202,3.9983048,3.989584,4.0071917,4.027561,4.0225825,4.054035,4.104136,4.1096044,4.1111293,4.132439,4.141945,4.17297,4.1783333,4.19423,4.1859455,4.2047553,4.202968,4.2203026,4.229883,4.2463965,4.24077,4.2952504,4.333179,4.307898,4.335257,4.3483977,4.3491516,4.37988,4.408969,4.453263,4.433153,4.434738,4.4449186,4.436803,4.4526296,4.452273,4.4648104,4.4819508,4.509626,4.504213,4.509719,4.5448833,4.563302,4.5691843,4.600725,4.606396,4.6156387,4.64135,4.643274,4.6396484,4.64516,4.6619873,4.6739,4.6577744,4.6911736,4.70877,4.682784,4.7256703,4.738623,4.7494516,4.776548,4.7648916,4.776468,4.7838707,4.785452,4.7797856,4.8235574,4.8062773,4.8216863,4.8076644,4.8187385,4.830885,4.8375325,4.840332,4.851537,4.84305,4.8592277,4.876615,4.853336,4.8730993,4.8880873,4.8958464,4.9046054,4.88522,4.8798447,4.8821306,4.8977456,4.8797913,4.8983793,4.9071198,4.906594,4.9010596,4.9118567,4.88144,4.8672004,4.897946,4.8938575,4.8717213,4.8880606,4.8811774,4.8725348,4.8688397,4.8846684,4.871335,4.886506,4.8741703,4.837694,4.8703403,4.861211,4.858809,4.855344,4.8618736,4.8452263,4.833277,4.8444395,4.835373,4.8301396,4.836763,4.8326597,4.8029428,4.801437,4.8299394,4.8183293,4.8083096,4.801801,4.795704,4.8018894,4.7946463,4.798817,4.7846518,4.794616,4.79493,4.775464,4.77539,4.7505817,4.7737083,4.7815,4.784754,4.7480965,4.7656765,4.7596517,4.746026,4.75408,4.738808,4.745794,4.7414393,4.732084,4.728606,4.7571697,4.737055,4.7524467,4.724364,4.748055,4.7172675,4.7454424,4.737742,4.7476296,4.7206554,4.729679,4.7491846,4.7103996,4.733331,4.7194147,4.7131443,4.724723,4.715874,4.720875,4.728182,4.743184,4.7168703,4.7293277,4.737992,4.739003,4.7607565,4.773906,4.732335,4.7426887,4.7358465,4.7378054,4.755639,4.7667007,4.791043,4.775629,4.759108,4.7728767,4.7509437,4.7713876,4.75981,4.7720304,4.776145,4.7597423,4.8032856,4.777264,4.772668,4.779941,4.799292,,,,,,,,,,,,,,,,,,,,,,,,,,,,,,,,,,,,,,,,,,,,,,,,,,,,,,,,,,,,,,,,,,,,,,,,,,,,,t97
FS/361.png,left,0.1515842999942833,5.049863,5.038212,5.043088,5.0434136,5.0347815,5.063144,5.04241,5.0412626,5.057454,5.0061874,5.0386486,5.0433507,5.0237656,5.06517,5.0541263,5.0551734,5.060341,5.040012,5.053396,5.041584,5.0378256,5.0434046,5.0109,5.018457,5.042419,5.0219607,5.0173388,5.0519476,5.0596156,5.0638847,5.0340776,5.0317874,5.060264,5.0260477,5.0509214,5.0247707,5.037072,5.047538,5.035785,5.048806,5.047475,5.0494256,5.0682244,5.0543213,5.0509515,5.0458617,5.03937,5.053532,5.0359583,5.0308547,5.059504,5.0435452,5.047675,5.0313053,5.0245156,5.021446,5.012137,5.0118837,5.003427,4.9876666,4.983271,4.982904,4.9723907,4.9681554,4.955525,4.9372706,4.938079,4.9293303,4.929168,4.9006658,4.9200435,4.854728,4.863065,4.8114,4.8219686,4.8429728,4.8172894,4.8092127,4.804569,4.785447,4.7842298,4.7930975,4.7848115,4.795736,4.7683234,4.7920856,4.788309,4.7972174,4.780658,4.7905154,4.7794776,4.792415,4.778439,4.7736206,4.782454,4.776766,4.7925086,4.7891817,4.7781343,4.7926235,4.815694,4.812151,4.8071065,4.804962,4.8039465,4.8247337,4.8176565,4.8382783,4.8389115,4.834583,4.8405313,4.8504558,4.872879,4.8598,4.860924,4.880276,4.902285,4.892378,4.9087276,4.917487,4.9165983,4.9434867,4.9379487,4.9505286,4.9303675,4.959127,4.965988,4.9582615,4.9747677,4.9883566,4.9679847,4.991869,4.9842825,4.9932423,4.9828053,4.9640827,4.932654,4.9210587,4.8700037,4.857672,4.831056,4.8228865,4.7745147,4.742274,4.6897426,4.683088,4.6511793,4.5988193,4.5577197,4.5508623,4.473151,4.4585605,4.4470186,4.405394,4.398389,4.360703,4.3120193,4.279951,4.2814426,4.2270737,4.2309566,4.229981,4.2089987,4.202089,4.185486,4.1674075,4.156517,4.14908,4.1213536,4.1184063,4.1021757,4.099421,4.113285,4.0971756,4.08621,4.102287,4.0920815,4.1126637,4.1094995,4.0774813,4.075693,4.074041,4.077259,4.062465,4.0600867,4.067681,4.060012,4.09793,4.081299,4.0734797,4.0765653,4.073725,4.088945,4.0800247,4.089964,4.1300616,4.1781764,4.1613994,4.1850843,4.1786795,4.2122173,4.2130404,4.235208,4.247563,4.258214,4.294661,4.3053746,4.316086,4.3310337,4.346642,4.358516,4.3910737,4.399152,4.4052362,4.423277,4.451446,4.4628077,4.479841,4.505856,4.5291843,4.5461855,4.562403,4.580745,4.5599017,4.58889,4.5983405,4.6156225,4.631633,4.6222525,4.660223,4.690773,4.723829,4.7242756,4.728835,4.725921,4.7509227,4.7611995,4.7794347,4.7718096,4.799753,4.8191805,4.8070445,4.836659,4.8468804,4.870119,4.881633,4.89397,4.8764443,4.877409,4.9276567,4.9319134,4.955295,4.9343033,4.9279294,4.9728003,4.9522247,4.970588,4.9621067,4.984841,4.979429,5.0079575,4.9817367,5.0016227,5.0093236,4.9874134,5.010615,5.0277066,5.0245414,5.042445,5.0251384,5.0627475,5.057092,5.0621953,5.0404177,5.0618315,5.0600295,5.0618334,5.068952,5.0800033,5.103324,5.1011653,5.073595,5.1178265,5.1319356,5.1062155,5.1081953,5.104207,5.1036196,5.120983,5.1153755,5.1276298,5.134206,5.115807,5.11642,5.132838,5.123336,5.1397295,5.1287513,5.133551,5.1254687,5.1364775,5.1364603,5.1337166,5.1142373,5.1417975,5.1274376,5.1449924,5.1332645,5.146896,5.1404576,5.1394124,5.1249247,5.1305914,5.1265435,5.130774,5.137185,5.1410646,5.1303267,5.1301155,5.146223,5.122968,5.128907,5.137851,5.128762,5.1226034,5.123556,5.134369,5.130579,5.120573,5.0687494,5.116069,5.1307406,5.113955,5.1078544,5.108107,5.112989,5.0979156,5.100087,5.113539,5.0960455,5.0888762,5.102435,5.0674148,5.0981736,5.070725,5.069516,5.0533857,5.088968,5.0950155,5.0627847,5.0980372,5.081228,5.055086,5.061048,5.075084,5.070758,5.049583,5.0492477,5.038096,5.043518,5.047769,5.0216746,5.0480065,5.041331,5.049189,5.042586,5.061055,5.034957,5.076303,5.0398836,5.03119,5.0500355,5.043454,5.0417714,5.0477715,5.0327787,5.037772,5.0472608,5.0539074,5.0502367,5.0427313,5.049926,5.0485554,5.0485497,5.0506473,5.0625134,5.0507894,5.0431843,5.0425878,5.0570483,5.0429993,5.0550137,,,,,,,,,,,,,,,,,,,,,,,,,,,,,,,,,,,,,,,,,,,,,,,,,,,,,,,,,,,,,,,,,,,,,,,,,,,,,,,,,,,t15
FS/31.png,right,0.1214297999977134,5.0429993,5.0550137,5.0411935,5.0637875,5.05434,5.0580497,5.048233,5.0400705,5.049599,5.0414968,5.0495777,5.0373664,5.0417457,5.0558343,5.088096,5.055635,5.040331,5.0456047,5.0383463,5.053566,5.0370035,5.0481715,5.035171,5.0363874,5.044592,5.0371413,5.0394497,5.0599446,5.045845,5.066972,5.0528183,5.043765,5.0368576,5.0477223,5.0588794,5.0578074,5.063098,5.037645,5.043826,5.0371027,5.0412855,5.038996,5.068092,5.0581956,5.0586743,5.064265,5.048359,5.057541,5.080986,5.063258,5.0599113,5.078435,5.0762997,5.0581985,5.087353,5.048369,5.090608,5.055015,5.050666,5.0387244,5.0311947,5.032746,5.0199256,5.0084596,4.9988613,5.018952,4.982156,4.9554114,4.9421372,4.916163,4.9154034,4.9008675,4.8818545,4.8981447,4.8490067,4.8546195,4.831012,4.814087,4.8189692,4.7720356,4.7885127,4.795343,4.778683,4.7862277,4.751653,4.7595468,4.747802,4.763302,4.749704,4.7447805,4.7520666,4.762381,4.7585015,4.752115,4.762243,4.748301,4.74383,4.7605357,4.7502365,4.7793117,4.7688684,4.791921,4.765391,4.80459,4.7710633,4.7873445,4.801644,4.841632,4.8293123,4.8528624,4.8513117,4.882749,4.8588796,4.853473,4.917896,4.9082437,4.917224,4.920807,4.922362,4.925019,4.9473124,4.9259706,4.957788,4.9828854,4.9841766,4.9794874,4.9647503,5.001933,4.9872046,5.0021706,5.002382,4.996094,4.999856,5.003275,4.9941444,5.0099015,5.0208735,5.009242,4.987435,4.972048,4.9394326,4.9176946,4.8940964,4.8399777,4.8189096,4.773901,4.7401867,4.7147155,4.695193,4.621981,4.563999,4.5576463,4.515291,4.4986877,4.4213567,4.4178953,4.4052134,4.3578057,4.3227425,4.2427273,4.232777,4.209702,4.208051,4.210467,4.130142,4.160122,4.137283,4.142054,4.1200223,4.121042,4.113519,4.091422,4.083734,4.0606217,4.0585012,4.043445,4.056469,4.038742,4.062646,4.01569,4.04404,4.0118575,4.01847,3.9934251,4.0062118,4.0241055,4.0360775,4.0020766,4.017699,4.0420856,4.0496078,4.0383196,4.058315,4.0556526,4.074087,4.061414,4.084769,4.085993,4.1099772,4.1074195,4.1171017,4.108977,4.1400075,4.156784,4.1764355,4.1907887,4.1878047,4.198778,4.20165,4.237707,4.2339363,4.239228,4.2649703,4.2874193,4.3085704,4.312557,4.346796,4.369648,4.407222,4.420434,4.4365396,4.431885,4.4501896,4.4659176,4.4720235,4.506607,4.513036,4.541024,4.5379443,4.5487423,4.599743,4.6155787,4.612755,4.6007857,4.643937,4.642534,4.656013,4.6749096,4.686196,4.6854563,4.719155,4.7472873,4.739718,4.7698774,4.776379,4.812849,4.784682,4.794444,4.8220506,4.831056,4.83514,4.8396792,4.8575,4.8642616,4.885655,4.8805847,4.863672,4.884857,4.890189,4.886099,4.911033,4.8973722,4.917804,4.911091,4.924065,4.9544163,4.9463754,4.9706,4.972632,4.9735255,4.965092,4.992314,4.9967847,5.0063457,4.9995904,5.0057516,5.0118227,4.999684,5.0028095,5.020771,5.027906,5.012325,5.014101,5.023071,5.0262866,5.037674,5.031633,5.0318184,5.027067,5.0050507,5.035738,5.0495625,5.028436,5.015168,5.0228386,5.007023,5.022756,5.0351486,5.0376496,5.0239615,5.0415845,5.0476494,5.0449286,5.0324497,5.0397997,5.04199,5.047988,5.0394235,5.032461,5.0482173,5.0431447,5.0345535,5.025753,5.0440373,5.048535,5.0305886,5.0298123,5.0330415,5.0328026,5.0382037,5.028026,5.0587516,5.04708,5.0300975,5.04629,5.0507555,5.055265,5.05096,5.0552907,5.0437517,5.0462728,5.039603,5.0707426,5.0714827,5.068802,5.0670485,5.068287,5.063404,5.0727663,5.051323,5.0698094,5.060568,5.0869174,5.062477,5.0764804,5.08474,5.0801845,5.0693645,5.0545354,5.080473,5.0858865,5.0898466,5.1011114,5.079819,5.088212,5.072772,5.11385,5.0971823,5.0906773,5.1002474,5.1113257,5.0804644,5.0920815,5.0757265,5.082952,5.1048026,5.089538,5.091221,5.099646,5.096573,5.0922174,5.110172,5.10038,5.091279,5.104351,5.098207,5.1045847,5.1025047,5.1094294,5.097446,5.1130705,5.1102543,5.110585,5.09703,5.108689,5.107412,5.10886,5.1078777,5.1150494,5.120451,5.108782,5.1168065,5.111686,,,,,,,,,,,,,,,,,,,,,,,,,,,,,,,,,,,,,,,,,,,,,,,,,,,,,,,,,,,,,,,,,,,,,,,,,,,,,,,,,,t16
FS/251.png,right,0.1995542999939061,5.0426774,5.0586777,5.0606656,5.074371,5.0790157,5.0696206,5.0773735,5.071304,5.067256,5.070078,5.0739775,5.0717754,5.070121,5.0999765,5.0994425,5.095563,5.078957,5.0626664,5.098306,5.0908976,5.1234107,5.098367,5.0862904,5.0978255,5.11423,5.118942,5.1095185,5.1226897,5.120132,5.1309366,5.1130257,5.11981,5.11825,5.141247,5.119579,5.1380525,5.107602,5.1180696,5.16285,5.1599116,5.152887,5.1466064,5.157601,5.154124,5.1578083,5.1800966,5.1598086,5.1542115,5.1601615,5.1490006,5.15008,5.169893,5.1623354,5.161095,5.1688414,5.1786346,5.1700406,5.15623,5.1195307,5.134973,5.126336,5.1046934,5.097149,5.0824227,5.0837636,5.05777,5.0574512,5.0377183,5.0285044,5.0050697,5.018149,4.9892673,4.9880557,4.9832067,4.979508,4.935861,4.939186,4.9249725,4.946604,4.91629,4.946173,4.9191413,4.9157624,4.922033,4.9080935,4.926592,4.9173727,4.912051,4.9027486,4.910949,4.914866,4.917994,4.91632,4.9076953,4.9148574,4.9227138,4.92496,4.9243402,4.930709,4.9348598,4.9317665,4.9323635,4.9495306,4.958014,4.9367294,4.943181,4.962012,4.9718823,4.980102,4.994023,4.980606,5.007416,5.0126114,5.013929,5.0280952,5.035258,5.043456,5.0388384,5.074504,5.0779734,5.0590024,5.0950937,5.082521,5.104578,5.0930815,5.1087947,5.111093,5.105463,5.1090255,5.1192966,5.1120005,5.122662,5.116306,5.1167927,5.1171665,5.1153555,5.1125216,5.076988,5.0669913,5.017795,4.9835873,4.9363585,4.9316273,4.8952904,4.8417892,4.8282547,4.7943535,4.7546024,4.693016,4.628974,4.6243267,4.595501,4.579722,4.5309,4.507699,4.46221,4.4322424,4.3867273,4.3730807,4.348748,4.327693,4.2796655,4.252937,4.2516465,4.2464547,4.240584,4.1953993,4.2094274,4.1851125,4.1847973,4.1725864,4.156569,4.1363373,4.113568,4.1057177,4.104212,4.111056,4.1054745,4.0801682,4.094577,4.071386,4.0929093,4.075485,4.028284,4.102857,4.0630064,4.0883517,4.060375,4.041454,4.091041,4.108909,4.0913057,4.1145253,4.119154,4.084128,4.140548,4.125438,4.1270185,4.1455092,4.20164,4.182986,4.196329,4.1853724,4.2131844,4.2390833,4.253744,4.2338595,4.2512455,4.291008,4.2965884,4.266369,4.3011637,4.319505,4.321919,4.3353777,4.3532043,4.3868046,4.3941402,4.4355545,4.4184003,4.4376836,4.4719477,4.4660745,4.4922285,4.489567,4.532222,4.532041,4.543576,4.611703,4.601853,4.609343,4.6107216,4.6482363,4.655394,4.6450715,4.6921844,4.7079196,4.711429,4.729945,4.7226143,4.746073,4.743256,4.7686157,4.7639236,4.7588587,4.748839,4.820572,4.83549,4.8554025,4.8546333,4.883036,4.8793077,4.8948045,4.920972,4.8973618,4.9066496,4.9124413,4.927375,4.9259195,4.9290185,4.9335713,4.938671,4.9557686,4.978859,4.962821,4.983696,4.990931,4.983846,4.9958024,4.993961,5.003841,5.0026217,5.0184264,5.030412,5.0447707,5.0231924,5.0377116,5.014152,5.0545807,5.057699,5.0332723,5.078833,5.0745225,5.087111,5.0655265,5.0963845,5.1004276,5.085002,5.069999,5.088834,5.1116567,5.1094246,5.114707,5.1118174,5.110337,5.1157026,5.1243215,5.117947,5.113223,5.1276097,5.129536,5.1339965,5.1255956,5.1406884,5.1136003,5.130584,5.137322,5.1311555,5.136603,5.1489854,5.1224675,5.156355,5.1442385,5.1548724,5.145502,5.147557,5.154996,5.154005,5.1374702,5.148331,5.1339173,5.139614,5.122183,5.1338687,5.1391,5.1123796,5.139006,5.1517773,5.136718,5.105773,5.1416335,5.123368,5.147563,5.1079216,5.133392,5.1278815,5.101048,5.1311474,5.120196,5.142853,5.110466,5.120951,5.0986214,5.1117215,5.1279235,5.109994,5.108396,5.139522,5.1105146,5.118766,5.1050224,5.091063,5.0767097,5.0912223,5.1167774,5.0860596,5.096561,5.100195,5.086632,5.0850873,5.097687,5.057142,5.0954595,5.1082854,5.098087,5.105633,5.08322,5.080085,5.0764422,5.0823116,5.099414,5.0918818,5.065562,5.0893126,5.0806656,5.079529,5.073536,5.083156,5.094966,5.0738635,5.068437,5.0669303,5.0887647,5.1000595,5.0808268,5.100354,5.079621,5.070942,5.052766,5.0996494,5.0717473,5.067639,5.0954165,5.094311,5.085541,5.0684967,5.0880127,5.0880294,5.088868,5.079478,5.0660324,5.086315,5.0620465,,,,,,,,,,,,,,,,,,,,,,,,,,,,,,,,,,,,,,,,,,,,,,,,,,,,,,,,,,,,,,,,,,,,,,,,t19
FS/251.png,left,0.1441580999962752,4.8854876,4.8775887,4.887885,4.8942256,4.8880672,4.8942957,4.9007316,4.891003,4.891337,4.8972425,4.9022975,4.9017324,4.9099245,4.9132977,4.8997097,4.9055266,4.9135294,4.9004183,4.9031897,4.9149833,4.926866,4.926852,4.9461946,4.954823,4.945414,4.9573007,4.9492474,4.940268,4.9429655,4.941599,4.948252,4.961539,4.9905815,4.9785233,4.9745555,4.9819727,4.992647,4.9851403,4.9719667,4.98159,4.9953966,4.961364,4.9901967,4.9695344,4.988463,5.0098753,4.9829698,5.0008097,4.9582534,4.967019,4.9622087,4.9953833,5.0074954,4.9869747,4.964713,4.9885488,4.9992366,4.9588294,4.9968762,4.96918,4.9779243,4.9727263,4.9842377,4.9976783,4.97927,4.9830375,4.9793463,4.968849,4.9522233,4.949396,4.9605355,4.944773,4.9417167,4.9093623,4.9136605,4.914539,4.913712,4.9124436,4.9195647,4.89102,4.898058,4.8971963,4.89091,4.884643,4.9151125,4.8896666,4.902339,4.9164524,4.9104657,4.9085116,4.928069,4.9177823,4.9248548,4.9291425,4.9051113,4.9245825,4.9231863,4.9248395,4.923014,4.908798,4.916366,4.9330316,4.9266315,4.941333,4.9387884,4.935241,4.934401,4.9539905,4.9511166,4.960415,4.9587126,4.959382,4.9858627,4.987727,4.9767966,5.0323825,5.0105324,5.023709,5.0245094,5.0186777,5.0405607,5.0426464,5.042562,5.045565,5.0451274,5.0727234,5.0625734,5.0464973,5.067602,5.05381,5.0650444,5.094171,5.0799756,5.074772,5.082006,5.0540957,5.0662,5.0278964,5.0240164,5.00794,4.9801016,4.980679,4.961672,4.9132566,4.860537,4.826967,4.7584906,4.7695727,4.718267,4.6687174,4.6390247,4.636398,4.5600014,4.5357985,4.4827943,4.4811583,4.4363213,4.4278994,4.387819,4.332329,4.319004,4.2697573,4.244693,4.2354326,4.209953,4.178325,4.1641765,4.192324,4.1499577,4.1826715,4.1346884,4.0870304,4.128026,4.0802765,4.0874047,4.0837584,4.076206,4.056735,4.060283,4.0378456,4.050401,4.031157,4.034772,4.017132,4.042599,4.065477,4.047935,4.033079,4.038157,4.0413375,4.018256,4.024256,4.0391793,3.9883502,4.026682,4.0400457,4.0246496,4.0983486,4.029009,4.0096664,3.9034317,4.0323467,4.1099133,4.0961637,4.1904,4.3865933,4.460258,4.4131045,4.39485,4.4211617,4.408254,4.4645147,4.4618015,4.469173,4.482881,4.4931,4.528663,4.5275955,4.5494843,4.585187,4.571616,4.595441,4.595065,4.5931044,4.6074533,4.5922184,4.6615562,4.6342697,4.6703258,4.7094393,4.7320213,4.7291884,4.7462015,4.765806,4.7414246,4.7357855,4.7456245,4.7680836,4.797538,4.790582,4.8348584,4.815936,4.8594823,4.8500915,4.858961,4.862656,4.882271,4.8718143,4.894191,4.8742437,4.8678856,4.8895636,4.8959427,4.902299,4.9127297,4.9201393,4.94256,4.9391108,4.954274,4.9357824,4.9762053,4.9522834,4.958593,4.9610667,4.9841714,4.965999,4.9723535,4.969234,4.9827356,4.983136,4.9749393,4.9855056,4.9890385,4.9850197,4.9855623,4.980336,4.993758,4.999136,4.983796,4.986888,4.982546,4.986783,4.9908924,4.984203,4.9905286,4.9840026,4.999449,5.007606,4.9831333,4.997149,5.002582,5.0006857,5.006111,5.021617,5.01292,4.996132,5.014626,5.0223765,5.0182157,5.040145,5.017723,5.0237403,5.0181775,5.0138965,5.038789,5.0182586,5.0567026,5.031322,5.0310626,5.0517673,5.045356,5.0195203,5.019896,5.0340705,5.0186906,5.011684,5.0019712,5.0595217,5.004867,5.0217814,5.0249305,5.0168347,5.0010233,5.0190196,4.9997215,5.0028768,4.976992,5.0043297,4.9861145,5.0043387,5.0048647,5.008398,4.994744,4.9808044,4.989179,4.9850607,4.9838376,4.9699063,4.965977,4.9295444,4.948997,4.95611,4.939803,4.9629483,4.905277,4.9407697,4.9377956,4.939701,4.955453,4.9299464,4.9228916,4.9224105,4.9411764,4.8933992,4.9328685,4.921061,4.9282417,4.895345,4.9315276,4.9221973,4.914351,4.9170265,4.954527,4.931036,4.9227185,4.9139023,4.910108,4.938642,4.9507113,4.916943,4.9389596,4.9407177,4.9530964,4.9529943,4.966132,4.93915,4.9768143,4.9622726,4.9770064,4.9727454,4.9712877,4.9958115,4.9662623,4.9829974,,,,,,,,,,,,,,,,,,,,,,,,,,,,,,,,,,,,,,,,,,,,,,,,,,,,,,,,,,,,,,,,,,,,,,,,,,,,,,,,,,,,,,,,,,,t50
FS/251.png,left,0.0664314999885391,5.3872285,5.3828692,5.3337626,5.3455267,5.3657084,5.3605556,5.3507824,5.3716235,5.3412237,5.3653107,5.368068,5.3627496,5.325208,5.337438,5.357298,5.367565,5.302527,5.3575563,5.3629403,5.36239,5.374989,5.361827,5.3631725,5.350127,5.320343,5.3301563,5.3752456,5.3561635,5.3557754,5.352433,5.3769493,5.3386035,5.3518953,5.3538895,5.3481197,5.3545794,5.354721,5.3453264,5.3628964,5.3730826,5.361363,5.3573284,5.345421,5.3593946,5.3474245,5.358978,5.368782,5.3650517,5.360909,5.376103,5.3540897,5.339258,5.3788223,5.3489757,5.3855805,5.36524,5.3521233,5.342257,5.3441105,5.3411865,5.309237,5.32215,5.326054,5.307684,5.299349,5.2779293,5.2587867,5.2661433,5.2413883,5.2398806,5.237424,5.227649,5.230726,5.2373075,5.2159424,5.220714,5.2079496,5.207346,5.195086,5.179323,5.197814,5.1759605,5.1674623,5.168676,5.1784806,5.156367,5.176642,5.1751695,5.1611533,5.135195,5.1515937,5.128734,5.157933,5.135534,5.1212645,5.125897,5.137882,5.1401887,5.1346607,5.126426,5.1399045,5.123682,5.144874,5.1405525,5.126427,5.12857,5.1401987,5.1270986,5.1561418,5.1435323,5.1351304,5.128848,5.135812,5.1385145,5.1216817,5.1513844,5.1445827,5.146762,5.160476,5.145646,5.1612067,5.155404,5.1578765,5.163932,5.1601577,5.147217,5.190734,5.1662693,5.1859307,5.1791077,5.161401,5.1927376,5.221335,5.1946783,5.18888,5.2081885,5.1814528,5.155193,5.161478,5.1408734,5.1399407,5.104148,5.100425,5.058321,5.0156517,4.9457417,4.922368,4.8817058,4.843704,4.822194,4.7803755,4.7229757,4.6992936,4.6785564,4.6048303,4.5731845,4.564002,4.5422554,4.507173,4.467903,4.4531946,4.378448,4.377705,4.377533,4.354284,4.3286247,4.3139915,4.2887545,4.2663994,4.2628746,4.2506237,4.2447677,4.2345176,4.221331,4.2015367,4.1534214,4.177702,4.145979,4.164355,4.1443925,4.1808124,4.1619987,4.1711936,4.1523743,4.143258,4.1641507,4.134121,4.112426,4.0989985,4.105263,4.1257806,4.127602,4.0977006,4.0899076,4.09803,4.082542,4.0867915,4.1104484,4.121479,4.1484766,4.1522884,4.1631646,4.1852093,4.1816707,4.2102556,4.187934,4.1799407,4.2543635,4.284553,4.2650666,4.2894845,4.2939067,4.364354,4.35283,4.335401,4.382027,4.3787594,4.4029264,4.4278474,4.424384,4.452703,4.47644,4.4884,4.5213523,4.54355,4.5417643,4.56583,4.571729,4.567012,4.6001053,4.5997353,4.671778,4.6406274,4.6723175,4.6869874,4.718854,4.705196,4.732944,4.740128,4.7474613,4.733844,4.7531285,4.769914,4.8132715,4.829724,4.805606,4.8220963,4.8016357,4.854152,4.857685,4.8889604,4.885585,4.906803,4.9013505,4.936403,4.913046,4.9415393,4.947029,4.9271655,4.9439397,4.9629583,4.959899,4.986592,4.98756,4.9921794,4.977744,5.0221596,4.9926815,4.9848905,5.0108485,5.00496,5.0298696,5.0370307,5.028048,5.0470037,5.0455136,5.050279,5.0523396,5.064713,5.046837,5.0593452,5.0523634,5.0988517,5.0777817,5.091639,5.09975,5.0942335,5.1081185,5.1127267,5.1093397,5.1093917,5.1181426,5.126703,5.1283216,5.091167,5.1192603,5.1282287,5.106999,5.082873,5.125218,5.114271,5.1117477,5.1220746,5.142925,5.1316214,5.134326,5.125203,5.115936,5.1281915,5.15886,5.1392884,5.151281,5.121582,5.1382766,5.1293845,5.140914,5.14161,5.149096,5.11091,5.135133,5.1087737,5.1338677,5.109759,5.11538,5.1387215,5.092829,5.1401043,5.1127653,5.1411347,5.120925,5.103378,5.092571,5.105585,5.1039596,5.1032715,5.1173363,5.1110525,5.0991664,5.094565,5.1047397,5.0922775,5.092885,5.0752006,5.095895,5.0909295,5.0689664,5.0766478,5.106863,5.0986342,5.0859385,5.0725307,5.076131,5.095816,5.073918,5.065475,5.0643525,5.0903225,5.0718474,5.07061,5.0630164,5.0830827,5.067278,5.064235,5.050335,5.060812,5.050733,5.054644,5.06848,5.0595975,5.065667,5.069567,5.073326,5.0599446,5.0439014,5.059249,5.0599246,5.034953,5.072817,5.050145,5.0328283,5.0562367,5.0443573,5.0721917,5.070084,5.0620403,5.059689,5.079434,5.086984,5.0464926,5.0426292,5.064628,5.0595474,5.057305,,,,,,,,,,,,,,,,,,,,,,,,,,,,,,,,,,,,,,,,,,,,,,,,,,,,,,,,,,,,,,,,,,,,,,,,,,,,,,,,,,t52
FS/251.png,left,0.2178396999952383,5.3248744,5.3412027,5.3178906,5.3275547,5.314534,5.3596816,5.3171983,5.3107347,5.3131394,5.3084803,5.3125677,5.3119597,5.282295,5.295916,5.314217,5.2908435,5.314476,5.3130846,5.3092737,5.2863364,5.320269,5.314299,5.306573,5.3074527,5.3177147,5.3188424,5.326151,5.321464,5.322416,5.341085,5.3185754,5.310032,5.3268785,5.327433,5.334616,5.3660345,5.3325925,5.351474,5.3550386,5.3243446,5.356606,5.352864,5.3491473,5.3500767,5.357585,5.3733196,5.3566794,5.359845,5.3765683,5.379215,5.389665,5.390029,5.3691516,5.3564982,5.355911,5.3841467,5.38037,5.363019,5.3574224,5.349602,5.320024,5.3169103,5.307212,5.2795577,5.264823,5.2703767,5.2443876,5.24437,5.2212834,5.2187405,5.2039275,5.194149,5.1827097,5.1699395,5.1381764,5.1665835,5.1333365,5.147354,5.1178236,5.1273465,5.12492,5.124655,5.0972686,5.11056,5.1045127,5.1186504,5.134254,5.0996513,5.094414,5.096316,5.082426,5.1103477,5.0721817,5.1080484,5.103075,5.107529,5.093838,5.0930324,5.105042,5.1080427,5.090166,5.107209,5.083587,5.1159167,5.10904,5.119982,5.100781,5.0901055,5.0973263,5.1074295,5.0937157,5.120369,5.1065283,5.13546,5.137754,5.133637,5.132043,5.123441,5.1401873,5.1342077,5.133251,5.1380877,5.166151,5.1403584,5.16997,5.216019,5.185398,5.1921806,5.2058773,5.21259,5.2138968,5.223995,5.2193294,5.2257886,5.2133813,5.2171254,5.2160172,5.2121005,5.188741,5.1680946,5.1540494,5.14468,5.0977983,5.065634,5.027682,4.9802337,4.9638934,4.9417167,4.887411,4.831912,4.805378,4.792397,4.7456474,4.7003794,4.6575465,4.630738,4.591658,4.561252,4.550376,4.543944,4.5051856,4.483895,4.428403,4.42114,4.3980656,4.374225,4.3500934,4.3220882,4.3198514,4.2847385,4.28262,4.280189,4.2574587,4.2823586,4.245019,4.2379384,4.241701,4.2370462,4.2298727,4.2341156,4.229934,4.208651,4.228958,4.219664,4.1929803,4.2062426,4.2316895,4.217186,4.197996,4.2126765,4.206861,4.220721,4.243392,4.2379622,4.221999,4.23718,4.2359524,4.230698,4.244367,4.2677455,4.2469406,4.220426,4.218267,4.276436,4.217315,3.998444,4.520475,4.520065,4.5684733,4.571851,4.6168494,4.629449,4.6161175,4.605399,4.6658506,4.7055016,4.715518,4.7476616,4.7540216,4.766597,4.7941337,4.8303537,4.833057,4.8242908,4.8694334,4.8575363,4.8469405,4.8857393,4.8755317,4.9084406,4.931701,4.943989,4.9438653,4.9589267,4.9619102,4.996642,4.9738045,4.9769516,5.032706,5.000275,5.0420127,5.037934,5.0694356,5.060371,5.0686054,5.0894284,5.083343,5.0982194,5.1031375,5.1148424,5.134668,5.1328006,5.1178756,5.138095,5.109464,5.1091733,5.128612,5.1474996,5.130013,5.160156,5.1576757,5.161266,5.1729417,5.1852093,5.1775846,5.180801,5.1757097,5.179239,5.189922,5.1970015,5.179932,5.2065654,5.209401,5.19721,5.210956,5.1974807,5.212189,5.224952,5.21128,5.2328057,5.230133,5.2291045,5.2244816,5.2030463,5.231222,5.2346025,5.2030673,5.2315817,5.229323,5.2137356,5.2145004,5.239947,5.231358,5.2475634,5.242867,5.216509,5.2401304,5.248432,5.237166,5.295246,5.2484365,5.239622,5.272743,5.2753215,5.2534485,5.265664,5.266235,5.241432,5.2372,5.2391877,5.24018,5.2570443,5.2596684,5.2578454,5.2621856,5.2430296,5.2462864,5.2312627,5.2362814,5.2260127,5.234209,5.2213087,5.2345285,5.2370977,5.241067,5.235593,5.244742,5.21693,5.2109613,5.2311788,5.223679,5.235391,5.1952806,5.219273,5.2107863,5.19312,5.1855826,5.1876435,5.206045,5.1746645,5.1604543,5.1741505,5.1699786,5.1652646,5.143381,5.1644487,5.138484,5.1529956,5.150855,5.14136,5.1816535,5.1529016,5.1667113,5.153744,5.1755056,5.159648,5.1641793,5.1558065,5.186391,5.164443,5.1533246,5.1571054,5.1581874,5.1670322,5.1583357,5.146792,5.140416,5.1347675,5.1541243,5.138443,5.134838,5.134739,5.154997,5.139055,5.164861,5.135005,5.141733,5.1585493,5.131131,5.157571,5.147019,5.1504745,5.148904,5.1301475,5.180563,5.1983337,5.1787624,,,,,,,,,,,,,,,,,,,,,,,,,,,,,,,,,,,,,,,,,,,,,,,,,,,,,,,,,,,,,,,,,,,,,,,,,,,,,,,,,,,,,,,,t110
FS/491.png,right,0.1335593999974662,5.058016,5.0290666,5.023297,5.044476,5.0617867,5.0569024,5.050475,5.061345,5.0514493,5.049136,5.063112,5.0743494,5.038424,5.0926275,5.060765,5.0512753,5.0806475,5.0880795,5.066757,5.080459,5.062365,5.0604186,5.07199,5.07636,5.083068,5.0840163,5.0840435,5.063714,5.0957346,5.079261,5.093646,5.067308,5.0893755,5.113178,5.0966797,5.091357,5.100127,5.110524,5.1028886,5.11802,5.1059737,5.116784,5.1134567,5.1189795,5.1122155,5.1327114,5.123961,5.1174483,5.1334796,5.117122,5.1462493,5.145492,5.137275,5.1271005,5.144545,5.14188,5.1516366,5.144444,5.1352897,5.125198,5.1495876,5.099512,5.1151824,5.095758,5.083668,5.0919857,5.066974,5.0701203,5.0500817,5.0299516,5.0281973,5.0366545,5.016315,5.0202494,5.008789,4.992293,4.9940763,4.979018,4.9761047,4.9835596,4.975392,4.980788,4.9568343,4.952485,4.9509883,4.9320793,4.9589396,4.9520516,4.937661,4.9740596,4.9510756,4.964939,4.9409695,4.9614124,4.9752736,4.9685,4.966157,4.9787335,4.97525,4.9697886,4.966959,4.9822927,4.993268,4.99793,4.9833646,4.9939218,5.018093,5.017683,4.9935136,4.9983,5.016034,5.0287457,5.027435,5.0507255,5.0321026,5.029003,5.028016,5.0636034,5.048389,5.0471506,5.046126,5.0615845,5.067121,5.0781794,5.0829034,5.104657,5.1018414,5.08997,5.1069703,5.1135907,5.0959706,5.105009,5.077099,5.0721216,5.07187,5.036738,5.0163536,4.989887,4.9748096,4.9653554,4.8926826,4.892892,4.845108,4.839819,4.8003583,4.761156,4.6872544,4.665671,4.6211824,4.6200166,4.614766,4.553696,4.4953623,4.4892893,4.4558787,4.4385266,4.410091,4.3927155,4.3729362,4.344626,4.3276105,4.324249,4.326016,4.322774,4.2960744,4.282752,4.255952,4.259963,4.250389,4.2062035,4.21895,4.225941,4.189932,4.1997375,4.1753335,4.1774507,4.1935687,4.186923,4.184562,4.2204313,4.22423,4.1937633,4.1853633,4.234337,4.209234,4.2101736,4.2087674,4.2025857,4.206922,4.20437,4.238908,4.219719,4.215599,4.191986,4.2682986,4.2564144,4.2883687,4.4417825,4.374508,4.401177,4.4106345,4.3746614,4.3961263,4.4073625,4.419418,4.422446,4.453463,4.4761257,4.483136,4.507209,4.5449443,4.5754704,4.562732,4.6111903,4.635025,4.638949,4.6392207,4.639238,4.6629386,4.668859,4.6722035,4.7130823,4.7167735,4.741231,4.771635,4.7778754,4.774404,4.7725086,4.822281,4.826655,4.8532305,4.80896,4.8200045,4.503506,4.9941792,4.949479,4.9485064,4.9842477,4.9782043,4.989737,5.0157166,5.0247645,5.019452,5.0137467,5.02677,5.03478,5.013397,5.021385,5.021395,5.032254,5.0818615,5.0482674,5.059405,5.0800314,5.0744505,5.089791,5.0963855,5.0972447,5.099706,5.1073017,5.090569,5.105493,5.093573,5.095731,5.0977416,5.101756,5.110535,5.104133,5.1204867,5.1020103,5.1215296,5.1002355,5.110313,5.1046124,5.091561,5.109528,5.0953016,5.094547,5.1078644,5.09515,5.094835,5.0869412,5.1020365,5.097138,5.0923824,5.096248,5.0731792,5.07483,5.073864,5.08729,5.079258,5.0620255,5.0311465,5.0636506,5.0596423,5.056753,5.0390844,5.043068,5.035554,5.0568337,5.0224934,5.040489,5.0384045,5.0279117,5.031034,5.028935,4.989134,5.00841,4.989549,4.985953,4.9762206,5.0054784,4.9850383,4.992091,5.0145183,4.9981914,4.993981,4.9931164,4.9904118,4.991029,4.975392,4.9708495,4.967053,4.980011,4.971005,4.9582114,4.962966,4.962926,4.94527,4.9682064,4.956733,4.943561,4.9323983,4.9395676,4.9491844,4.920229,4.9227147,4.9181595,4.928981,4.9209785,4.9111657,4.9120755,4.8812776,4.902638,4.918058,4.9031816,4.9093866,4.8978662,4.9032555,4.895803,4.910224,4.92091,4.8949146,4.9044437,4.930688,4.9198337,4.88645,4.9172664,4.9029574,,,,,,,,,,,,,,,,,,,,,,,,,,,,,,,,,,,,,,,,,,,,,,,,,,,,,,,,,,,,,,,,,,,,,,,,,,,,,,,,,,,,,,,,,,,,,,,,,,,,,,,,,,,,,,,,,,,,t21
FS/381.png,left,0.1591170000028796,4.9172664,4.9029574,4.875313,4.8823867,4.8846045,4.8866115,4.9098287,4.9155946,4.9137673,4.9391046,4.9080005,4.9404273,4.9290986,4.944162,4.944931,4.9391937,4.944816,4.9603243,4.958529,4.9711676,4.963307,4.96085,4.9724016,4.9906693,4.9768457,4.984494,4.9852023,4.977602,4.987451,4.99345,5.001626,4.9936986,4.995622,5.00449,5.0022283,5.008388,5.023151,5.015939,5.025954,4.997879,5.0356865,5.0092483,5.0217886,5.0148354,5.037129,5.0357375,5.0241694,5.0289736,5.044316,5.0459676,5.0238056,5.0316515,5.027239,5.029722,5.0373645,5.032213,5.024794,5.029978,5.0026007,5.0336156,5.022484,5.0234823,5.002577,4.9959245,4.9799023,4.9811997,4.9778113,4.9604096,4.9508247,4.9256516,4.907557,4.91819,4.8786077,4.873723,4.848617,4.8449073,4.8434234,4.847873,4.8377542,4.8224745,4.8038354,4.809186,4.7947006,4.8338013,4.803001,4.8233666,4.803202,4.7915926,4.816885,4.819016,4.7931404,4.7764087,4.8080597,4.8069105,4.8019013,4.8065505,4.7978153,4.8175716,4.807688,4.803895,4.8102007,4.8294706,4.828501,4.829629,4.8345304,4.8370132,4.835116,4.84323,4.8308587,4.8577776,4.850049,4.833803,4.8393574,4.869705,4.8802533,4.906277,4.895889,4.905963,4.914574,4.9057765,4.9100757,4.9471645,4.9290347,4.926902,4.951024,4.9505467,4.972796,4.9666967,4.981431,4.993039,5.022489,5.043653,5.020855,5.009,5.027752,5.000555,4.973229,4.9803305,4.9477367,4.912999,4.90484,4.8675737,4.854639,4.83125,4.7917023,4.755091,4.691017,4.6665897,4.6489635,4.579211,4.588601,4.5289154,4.520524,4.4885607,4.446681,4.39975,4.393161,4.3365817,4.3531737,4.3092823,4.3150043,4.2651424,4.2354946,4.225929,4.225702,4.185997,4.181052,4.165398,4.1334877,4.156028,4.1549006,4.117836,4.09809,4.1361647,4.104465,4.089238,4.092967,4.1053686,4.074025,4.080937,4.074921,4.0796957,4.0647664,4.075952,4.0785913,4.0419426,4.0584254,4.0679784,4.093692,4.0696073,4.1063905,4.076194,4.1096277,4.121601,4.125195,4.1263866,4.1308146,4.1353483,4.126923,4.1516824,4.1596,4.2027493,4.212543,4.2246695,4.227194,4.236149,4.255394,4.257699,4.2696643,4.2833176,4.3235006,4.337516,4.374474,4.39596,4.415381,4.426163,4.4305162,4.4320006,4.462013,4.486488,4.486567,4.492735,4.513644,4.524416,4.573939,4.5769887,4.610864,4.609612,4.608654,4.636186,4.682042,4.695011,4.685266,4.6950727,4.7168674,4.745522,4.7333426,4.7262435,4.761852,4.7774873,4.792277,4.794995,4.813296,4.806912,4.821251,4.839487,4.863723,4.8607497,4.8959928,4.8820333,4.9028606,4.904468,4.9131675,4.931941,4.9491696,4.9365206,4.9449162,4.9480486,4.963844,4.9702506,4.9728675,4.9955173,5.000034,4.996166,4.9889975,4.9970336,5.00152,5.01927,5.0038157,5.0092134,5.0018206,5.0144057,5.019618,5.0239387,5.033183,5.0239305,5.023844,5.0311656,5.0371575,5.0370693,5.0819383,5.0676928,5.06891,5.0709524,5.0592804,5.127992,5.1205115,5.1213098,5.126606,5.125678,5.120845,5.122734,5.1217537,5.1102085,5.1586146,5.143723,5.150242,5.1470532,5.156989,5.1544504,5.161625,5.181482,5.146808,5.178286,5.1614676,5.1550937,5.1634507,5.1585536,5.147974,5.160927,5.1642895,5.184393,5.1700993,5.177365,5.154885,5.139608,5.166029,5.1625977,5.1244206,5.1539454,5.160909,5.139829,5.1568537,5.1404724,5.142128,5.139293,5.1534796,5.1308637,5.158899,5.145885,5.156291,5.134837,5.1487393,5.1325083,5.1373467,5.136929,5.1507297,5.1405005,5.1305776,5.1483293,5.135745,5.1228724,5.143537,5.124682,5.131296,5.12449,5.134164,5.1287436,5.1408825,5.1263747,5.11178,5.1318884,5.1369743,5.104245,5.1157975,5.143692,5.102406,5.128508,5.122261,5.1289153,5.136632,5.1433215,5.1227303,5.148515,5.1384964,5.149174,5.15136,5.1378427,5.1345506,5.132479,5.1401105,5.1446323,5.155096,5.144426,5.13879,5.1376586,5.158722,5.1532545,5.128969,5.1349077,5.142569,5.1177063,5.1374574,5.144604,5.152128,5.138818,5.142823,5.1429076,5.153868,5.1471715,5.149393,5.1446633,5.1406217,5.1711793,5.189162,5.1564436,,,,,,,,,,,,,,,,,,,,,,,,,,,,,,,,,,,,,,,,,,,,,,,,,,,,,,,,,,,,,,,,,,,,,,,,,,,,,,,t22
FS/271.png,right,0.1009419999900274,5.189162,5.1564436,5.140233,5.1736016,5.1646595,5.159771,5.16828,5.199714,5.160701,5.1687245,5.1782866,5.177939,5.177842,5.156605,5.205346,5.165999,5.188118,5.178737,5.174861,5.1712217,5.2077293,5.2202926,5.186021,5.1723714,5.1938214,5.179956,5.220644,5.209067,5.2252464,5.222421,5.213607,5.2517505,5.2308326,5.2432976,5.2286897,5.2296343,5.254351,5.22316,5.2317195,5.278655,5.2588973,5.2410297,5.2677703,5.2461867,5.276425,5.265687,5.2742853,5.2659707,5.2698216,5.282215,5.299659,5.26347,5.2498865,5.2659254,5.2418103,5.250957,5.2499,5.2403383,5.2237725,5.2357535,5.24792,5.2140493,5.1951375,5.1974382,5.1878157,5.167564,5.122349,5.1363416,5.1193085,5.1234665,5.124527,5.103331,5.1120825,5.0902934,5.0727386,5.089132,5.04666,5.0336566,5.0367713,5.021156,5.004576,5.013247,4.9982934,5.0075226,5.007566,5.001443,4.9892297,4.993179,4.994895,4.9751906,4.98725,4.972405,4.9726095,4.989005,4.9905787,5.013765,4.9898586,5.003242,4.970267,4.993679,4.9992743,4.994766,4.99468,5.0016603,5.0305443,5.008596,5.017346,5.0483723,5.0419903,5.04502,5.0550947,5.069434,5.075219,5.088771,5.1013384,5.098274,5.085676,5.0979285,5.118963,5.1146317,5.1169434,5.1237073,5.1242194,5.1261773,5.118192,5.141736,5.129846,5.166385,5.1817393,5.1849103,5.1722198,5.1800475,5.173705,5.192725,5.1781898,5.1792,5.192685,5.1613355,5.140358,5.157254,5.1260138,5.1053743,5.0855594,5.064283,5.0036583,4.9836783,4.9610944,4.9195495,4.8946013,4.847931,4.8122888,4.7953925,4.7529926,4.716035,4.6993513,4.6609473,4.626105,4.6130304,4.588308,4.551289,4.5339484,4.5150223,4.4775953,4.449256,4.4393907,4.436639,4.424252,4.3981757,4.405544,4.391712,4.3766932,4.3558254,4.344952,4.323991,4.3364553,4.331829,4.3292875,4.291509,4.315727,4.2815742,4.3175125,4.301327,4.3026953,4.300505,4.279346,4.302889,4.270356,4.268898,4.266598,4.2809143,4.2654657,4.2434435,4.2469983,4.2760634,3.7938125,3.6568453,4.3044524,4.5704074,4.591643,4.5695467,4.63219,4.61802,4.5741234,4.618024,4.665925,4.672911,4.69641,4.6979055,4.70173,4.7147236,4.7384176,4.767495,4.81504,4.823351,4.8333535,4.861876,4.8680177,4.8940454,4.887015,4.9176817,4.889388,4.9088907,4.930956,4.9401555,4.975142,4.954336,4.9809785,5.006798,4.9662004,5.0028844,4.986476,5.0404243,5.0368767,5.060876,5.0506997,5.0653462,5.0752144,5.077107,5.0985746,5.106847,5.093725,5.1057506,5.1203265,5.1109166,5.125971,5.145807,5.1135874,5.085193,4.9782987,5.1501694,5.203855,5.172236,5.1483755,5.1448245,5.154781,5.186085,5.188993,5.2046638,5.2158656,5.216488,5.1912675,5.22154,5.2087903,5.2242174,5.2100973,5.227332,5.204287,5.198145,5.196286,5.208803,5.2002783,5.207428,5.2007885,5.197496,5.189345,5.18509,5.2047462,5.1829953,5.1802387,5.1927614,5.178671,5.181446,5.1847734,5.176662,5.191929,5.1778955,5.180814,5.145656,5.159307,5.162812,5.1588755,5.1517944,5.1581335,5.1612716,5.1484113,5.1526375,5.155162,5.1498737,5.1342998,5.149878,5.1269355,5.158929,5.1433654,5.1167693,5.125505,5.1194086,5.131549,5.1208544,5.132489,5.131771,5.117603,5.1097693,5.106926,5.1024,5.114678,5.1110277,5.1063614,5.1172276,5.093488,5.092698,5.115066,5.1018004,5.1264157,5.0868864,5.105887,5.099257,5.1084423,5.1072755,5.0946074,5.10047,5.113562,5.1106095,5.103964,5.109378,5.116106,5.1202774,5.1113043,5.1289396,5.143712,5.111148,5.113193,5.1406574,5.13278,5.158103,5.1111536,5.1332145,5.1394844,5.122497,5.125471,5.1471195,5.1126184,5.127699,5.118743,5.1040273,5.1032004,,,,,,,,,,,,,,,,,,,,,,,,,,,,,,,,,,,,,,,,,,,,,,,,,,,,,,,,,,,,,,,,,,,,,,,,,,,,,,,,,,,,,,,,,,,,,,,,,,,,,,,,,,,,,,,,,,,,,,,,t23
FS/271.png,left,0.1175831000000471,5.144871,5.1235147,5.1417804,5.1392865,5.1453404,5.1245656,5.1559124,5.158818,5.136083,5.157974,5.171852,5.160117,5.140853,5.153401,5.1637535,5.1652393,5.1775813,5.1750526,5.1717353,5.165084,5.161386,5.1367807,5.1745267,5.181799,5.166193,5.1593385,5.164819,5.1595135,5.159223,5.1801286,5.17657,5.1690454,5.1770597,5.156599,5.196734,5.186198,5.1620374,5.1757674,5.164383,5.1894937,5.176603,5.1662393,5.159374,5.172583,5.1578407,5.165506,5.1645045,5.1791573,5.1601677,5.170755,5.167294,5.1575212,5.16312,5.162422,5.153478,5.1717606,5.142185,5.1415095,5.1546316,5.1310754,5.157589,5.132642,5.093706,5.0966043,5.1088376,5.083391,5.075243,5.0732026,5.077912,5.0865006,5.0618906,5.0624814,5.070506,5.066898,5.0690126,5.059832,5.054337,5.057302,5.058703,5.050387,5.0582247,5.060987,5.0098987,5.055786,5.0506945,5.0521145,5.056019,5.0529227,5.0538297,5.05626,5.034798,5.0472436,5.044031,5.057065,5.0633974,5.0646324,5.0756693,5.072258,5.0552416,5.078026,5.077892,5.081113,5.0865083,5.075519,5.1029644,5.1018763,5.096388,5.106838,5.1186576,5.119089,5.1252756,5.1505127,5.1278505,5.165017,5.166105,5.1789894,5.1622324,5.185424,5.189159,5.20354,5.198512,5.220789,5.204313,5.2299814,5.2177544,5.2449393,5.2422814,5.203817,5.233557,5.246203,5.243338,5.2594,5.240405,5.2346616,5.2215014,5.2225556,5.1787477,5.1520996,5.139922,5.1387644,5.0798583,5.0446987,5.0276294,4.9760385,4.954689,4.9310327,4.852735,4.8347054,4.7796993,4.7457347,4.7586775,4.6924434,4.6712565,4.6411767,4.5957723,4.5588284,4.5364614,4.528532,4.4685016,4.4781857,4.4095187,4.3679485,4.36946,4.351082,4.3518662,4.3126473,4.286458,4.284081,4.273664,4.2717347,4.2321844,4.23037,4.1858034,4.2304964,4.2011633,4.189328,4.188492,4.1657863,4.175539,4.1758313,4.171337,4.1633267,4.1740294,4.166759,4.1497555,4.168861,4.1825957,4.1741333,4.1523256,4.1687336,4.1808667,4.1686144,4.151442,4.1875367,4.1637783,4.172312,4.169108,4.1749134,4.1701093,4.198979,4.204268,4.214638,4.2330785,4.2651772,4.2847714,4.308496,4.2939467,4.3068924,4.3072543,4.3041854,4.317391,4.375793,4.374914,4.3855853,4.417729,4.42146,4.477465,4.5061855,4.4942656,4.507265,4.5326343,4.538747,4.539325,4.561353,4.5666323,4.5925937,4.5997496,4.5918555,4.5968337,4.6127954,4.626444,4.641516,4.660145,4.690195,4.7133565,4.694939,4.726406,4.756501,4.7458715,4.7790947,4.79126,4.7999716,4.821449,4.8075576,4.8264565,4.8112407,4.841836,4.8415313,4.8630657,4.860075,4.8634944,4.8755627,4.882766,4.900833,4.9060483,4.9032474,4.9032483,4.913799,4.891811,4.943818,4.9408855,4.936078,4.957122,4.9749737,4.9496045,4.9655066,5.0182014,5.0010133,5.0201507,5.003195,5.0152707,5.020267,5.0531936,5.0524306,5.04559,5.049532,5.045752,5.06911,5.0601726,5.0425572,5.0785007,5.097551,5.084414,5.0945754,5.1094923,5.078769,5.1142898,5.1223645,5.1056585,5.1274815,5.1182985,5.136489,5.1413345,5.145126,5.16241,5.135437,5.1587076,5.140165,5.140394,5.146956,5.148907,5.157633,5.1648355,5.1564755,5.142016,5.154784,5.167579,5.1449356,5.1507406,5.1672626,5.144038,5.161492,5.147,5.142369,5.1491995,5.1509256,5.148771,5.140394,5.1443105,5.1480236,5.1430664,5.125692,5.139369,5.133233,5.1171713,5.1225386,5.1543202,5.1120114,5.1244392,5.110152,5.11273,5.104738,5.0921674,5.082494,5.104402,5.092513,5.1099734,5.1207504,5.1116147,5.119648,5.1143804,5.101968,5.1117644,5.093349,5.1160064,5.109227,5.1246243,5.1265593,5.126319,5.1211715,5.124833,5.111589,5.1214094,5.1235657,5.123229,5.1220465,5.127874,5.1397047,5.1205535,5.1250114,5.1252656,5.1414566,5.1444864,5.1387343,5.1506267,5.1438828,5.1383734,5.152699,5.1514354,5.1537495,5.1535306,5.1794643,5.157658,5.1760664,5.1786404,5.17834,5.1892323,5.197129,5.205885,5.1898355,5.2050376,5.205632,5.17918,5.204727,5.19998,5.212996,5.2084413,5.2269244,5.235631,5.2197747,5.245893,5.2249403,5.2222466,5.2243733,5.236762,5.2350926,,,,,,,,,,,,,,,,,,,,,,,,,,,,,,,,,,,,,,,,,,,,,,,,,,,,,,,,,,,,,,,,,,,,,,,,,,,,,,,t84
FS/271.png,right,0.2078899000043748,5.4155726,5.4151936,5.4482627,5.427673,5.4519157,5.430457,5.4204035,5.4389796,5.4577546,5.4657116,5.464392,5.4368544,5.424753,5.465893,5.4793243,5.4775066,5.4769073,5.4728985,5.5002217,5.489478,5.4748006,5.450887,5.501053,5.497519,5.490399,5.5007153,5.4806886,5.498795,5.495865,5.5168757,5.4973035,5.500227,5.4893646,5.4889207,5.486822,5.4842963,5.4928536,5.481859,5.4794436,5.4767313,5.4973106,5.4832234,5.4739804,5.470408,5.483829,5.469507,5.476051,5.4735355,5.481531,5.4860272,5.4804583,5.4871387,5.4618726,5.4462795,5.4381437,5.4441605,5.4519606,5.4498425,5.465333,5.4422383,5.453823,5.4341555,5.405216,5.4267955,5.429984,5.399577,5.3921566,5.388409,5.387178,5.376686,5.384204,5.372063,5.357865,5.349699,5.338511,5.3413763,5.318597,5.2952485,5.3033757,5.30571,5.2946386,5.282071,5.2785277,5.284891,5.2797313,5.279441,5.263467,5.271994,5.2995377,5.2687135,5.252167,5.2604914,5.310827,5.2812777,5.2790546,5.2687182,5.294812,5.268295,5.277558,5.2850695,5.2981253,5.297592,5.2796197,5.292276,5.3117843,5.3032446,5.293523,5.3160357,5.306488,5.3180127,5.309971,5.3245625,5.3350625,5.330932,5.3327856,5.3581057,5.36451,5.3386836,5.368755,5.3675785,5.3674173,5.3764687,5.3595934,5.387364,5.399529,5.386972,5.3822675,5.3863006,5.3905377,5.381932,5.3761992,5.3849206,5.372133,5.393656,5.3861694,5.334643,5.340114,5.3029413,5.2898602,5.253598,5.2193446,5.1899486,5.136587,5.1114693,5.080611,5.0569806,4.951454,4.9277654,4.912866,4.8458133,4.8161798,4.788154,4.7542763,4.706902,4.6277514,4.579893,4.5622067,4.5353184,4.496282,4.4643936,4.4350595,4.379093,4.372224,4.36535,4.334875,4.308844,4.322103,4.265967,4.2575946,4.245636,4.180239,4.228253,4.161682,4.1811295,4.1444783,4.154593,4.1423283,4.1317225,4.149154,4.1233134,4.1645336,4.1401663,4.130924,4.1323185,4.1340647,4.1227555,4.116265,4.1082363,4.1431437,4.130089,4.1272864,4.131429,4.118871,4.132923,4.135354,4.146841,4.1773605,4.15623,4.1836915,4.1964197,4.186418,4.208724,4.233208,4.222153,4.2300267,4.2385235,4.2430477,4.2554083,4.2513757,4.2559843,4.2898054,4.3108196,4.349577,4.3464427,4.368754,4.4051023,4.388496,4.409125,4.426206,4.437865,4.4749727,4.4990644,4.512316,4.563202,4.5551987,4.594255,4.620949,4.613245,4.6421685,4.638954,4.6484613,4.6734214,4.6633506,4.6951375,4.6987386,4.7240963,4.7377,4.774094,4.750933,4.785577,4.783265,4.8059688,4.8310533,4.84942,4.8499594,4.901283,4.910443,4.8975625,4.9076686,4.9329596,4.9356623,4.934475,4.9361157,4.9680724,4.956367,4.9871707,4.983034,4.9983773,4.9867435,4.9844093,4.9956574,4.9926133,5.046753,5.043852,5.041177,5.04641,5.0824356,5.101722,5.05613,5.059377,5.0515933,5.0419474,5.0049205,5.0830607,4.3245325,4.813043,5.01925,5.1488876,5.1814833,5.1789103,5.095676,5.203635,5.1105084,5.154747,5.151749,5.1875153,5.18413,5.2050467,5.206349,5.222496,5.199328,5.217765,5.2226486,5.219728,5.2399487,5.2336335,5.244734,5.2429566,5.237167,5.2515545,5.255779,5.2396727,5.2379384,5.272289,5.247604,5.2492547,5.2669044,5.2616363,5.2818213,5.2663035,5.2537775,5.2632546,5.2777257,5.256347,5.260447,5.260602,5.256729,5.247884,5.2689486,5.2490153,5.2537766,5.2425594,5.2267013,5.2370687,5.2411566,5.239191,5.2047105,5.2209096,5.229202,5.2057004,5.2136006,5.201519,5.1972384,5.2024255,5.1830397,5.1927524,5.1870165,5.1778893,5.1856527,5.184295,5.1748695,5.18171,5.204885,5.162287,5.1775627,5.161229,5.158493,5.161813,5.1717324,5.1692557,5.1396832,5.1722493,5.1591105,5.154209,5.152956,5.143897,5.169178,5.1616526,5.1530585,5.1489897,5.1456714,5.125528,5.157564,5.139741,5.1742153,5.150306,5.1798773,5.168036,5.179353,5.1749334,5.144952,5.16887,5.119024,5.1394343,5.161616,5.1819916,5.188617,5.1640315,5.1514354,5.1720276,5.160417,5.1764517,5.1807966,5.1627164,5.1715264,5.1675572,5.165961,5.178001,5.1785183,5.1670713,5.193151,5.150814,,,,,,,,,,,,,,,,,,,,,,,,,,,,,,,,,,,,,,,,,,,,,,,,,,,,,,,,,,,,,,,,,,,,,,,,,,,,,,,,,,,t107
FS/301.png,left,0.2080797999951755,5.2102804,5.2156715,5.2317767,5.234817,5.229779,5.2219353,5.233479,5.225243,5.239731,5.2233586,5.2365584,5.2394753,5.2643876,5.2420273,5.2623715,5.225988,5.2437906,5.2571735,5.2492676,5.258078,5.250559,5.247112,5.265804,5.2453003,5.2531767,5.2526116,5.260718,5.2355275,5.254558,5.2557535,5.258327,5.259448,5.2828636,5.252262,5.258947,5.280931,5.2734275,5.2835693,5.2739983,5.2808976,5.2661242,5.2881308,5.275748,5.287495,5.2863526,5.2736506,5.270083,5.260307,5.2827888,5.272448,5.289371,5.276232,5.2483325,5.265655,5.271049,5.2230487,5.2299166,5.209743,5.212203,5.213563,5.2063236,5.192591,5.1583304,5.1515365,5.1554546,5.1316924,5.117895,5.102598,5.054781,5.0600524,5.0340166,5.0074964,5.0506577,4.994841,5.0121694,4.977706,4.9627185,4.9644675,4.9592447,4.9539623,4.9437923,4.937816,4.9450555,4.9397664,4.924625,4.9209,4.909436,4.8981867,4.885427,4.910952,4.9214063,4.900822,4.8776274,4.901984,4.880621,4.905564,4.9148855,4.8878903,4.893408,4.9327207,4.930818,4.9296675,4.9443054,4.930168,4.950558,4.9404697,4.972087,4.953253,4.9566045,4.9511986,4.9473047,4.959361,4.987845,4.989641,4.992456,4.9849524,4.9893026,4.9895825,4.98434,4.992309,5.0237403,5.0036125,5.009235,5.0314035,5.0254264,5.0394397,5.0346518,5.0558987,5.0675526,5.0373816,5.051261,5.044207,5.069419,5.0486274,5.0314174,5.0206976,5.008605,4.987494,4.973019,4.915868,4.8770785,4.8728375,4.8311462,4.791603,4.775282,4.7387786,4.6879945,4.641918,4.590418,4.5730004,4.5371213,4.524258,4.486054,4.4423223,4.43124,4.37647,4.3465934,4.333859,4.3052435,4.31057,4.297914,4.2767463,4.2289596,4.2273846,4.19638,4.180773,4.1600194,4.1432242,4.133553,4.12768,4.110256,4.129948,4.107997,4.082073,4.094543,4.107513,4.085586,4.0646396,4.0872693,4.070467,4.0774813,4.080332,4.074562,4.0758934,4.0659885,4.0739226,4.0708394,4.0751176,4.0746403,4.089023,4.1178565,4.0965004,4.1007276,4.111862,4.1260414,4.1207337,4.1134186,4.135028,4.1437616,4.135735,4.1262927,4.1314273,4.154643,4.1374927,4.205736,4.2322016,4.174857,4.5047536,4.560796,4.529091,4.5277724,4.586145,4.606707,4.628857,4.63274,4.641309,4.65777,4.6728673,4.7008457,4.722078,4.742939,4.742857,4.759762,4.7664595,4.7631035,4.7995234,4.8102193,4.8272915,4.82928,4.819549,4.846484,4.875523,4.8786983,4.886998,4.894403,4.906507,4.9097996,4.9109755,4.902834,4.9213185,4.92579,4.9291115,4.9673805,4.963738,4.953927,4.966876,4.9820957,4.9906187,4.992891,5.005336,4.992058,4.987687,5.003857,5.0030646,5.026443,5.0258245,5.043007,5.0780344,5.0431676,5.067302,5.0837812,5.0640454,5.0762067,5.084205,5.0903015,5.081962,5.0862894,5.0913653,5.0958633,5.0927753,5.096671,5.119655,5.1081023,5.1031585,5.1160116,5.097536,5.1104555,5.1277437,5.132173,5.1114388,5.1254506,5.1226163,5.152084,5.1435328,5.1338773,5.1686172,5.14335,5.166183,5.151633,5.1666746,5.1524606,5.173588,5.1525407,5.159953,5.172788,5.169658,5.1699524,5.160448,5.153123,5.180403,5.1582646,5.166656,5.1797066,5.172103,5.182977,5.1922293,5.171141,5.161639,5.154616,5.1622214,5.1558833,5.163194,5.175656,5.182259,5.157924,5.1856174,5.15442,5.168625,5.152942,5.1631637,5.1469617,5.140254,5.1431904,5.132644,5.131183,5.119755,5.0976753,5.103652,5.112247,5.129893,5.12412,5.1016774,5.081243,5.084484,5.093693,5.09174,5.06966,5.082786,5.0864716,5.084813,5.0835485,5.0817146,5.069082,5.0790787,5.0662794,5.0663543,5.070659,5.058842,5.0616083,5.060328,5.0589247,5.0561986,5.0738497,5.082918,5.0578394,5.0697236,5.0550594,5.0490236,5.0598764,5.065702,5.0674224,5.0526185,5.06708,5.07283,5.0843434,5.073565,5.0651584,5.09366,5.0787873,5.0847006,5.0742755,5.0868726,5.0961695,5.091435,5.095725,5.094344,5.1114283,5.112969,5.106405,5.1124396,5.114457,5.1140585,5.119449,5.1142673,5.117007,,,,,,,,,,,,,,,,,,,,,,,,,,,,,,,,,,,,,,,,,,,,,,,,,,,,,,,,,,,,,,,,,,,,,,,,,,,,,,,,,,,,,,,,,,t28
FS/161.png,left,0.7785642000089865,5.1142673,5.117007,5.120922,5.123605,5.1344275,5.1321077,5.1403704,5.1363125,5.131496,5.1280413,5.140194,5.1371307,5.1222377,5.130487,5.134196,5.1425877,5.16162,5.1546526,5.1312366,5.164638,5.137014,5.160073,5.1636076,5.1379576,5.1675673,5.1769104,5.1557074,5.178662,5.181444,5.152336,5.1586223,5.1857824,5.195742,5.1721263,5.1838784,5.1886387,5.1545024,5.1808724,5.1908965,5.183187,5.181207,5.178155,5.1739593,5.1650376,5.1902685,5.17968,5.2030325,5.1928806,5.1963673,5.1971517,5.1934004,5.1838446,5.1922894,5.178717,5.1762285,5.120545,5.142503,5.1459374,5.124715,5.130229,5.1019564,5.102361,5.095155,5.085756,5.055209,5.038319,5.002943,4.9784107,4.9983835,4.9607625,4.981914,4.9637623,4.9389224,4.946369,4.9119806,4.913499,4.900076,4.8975673,4.8985267,4.860356,4.853417,4.8687644,4.8696637,4.8588986,4.838819,4.8398414,4.828404,4.8486185,4.8298397,4.84933,4.835458,4.8339715,4.8491354,4.839703,4.840713,4.8529973,4.8444166,4.8822308,4.8738317,4.8730645,4.8826556,4.888853,4.8908396,4.8937836,4.9216847,4.913962,4.9224253,4.907478,4.97401,4.9613013,4.975138,4.96907,4.9818325,4.979726,4.9702954,4.983481,4.9993896,4.9988427,5.002615,5.007341,5.031802,5.051354,5.0116854,5.042544,5.0562367,5.036821,5.0673614,5.0656414,5.0801487,5.0715632,5.0920005,5.0840716,5.08987,5.079913,5.095572,5.068658,5.0593905,5.017421,4.996877,4.9897847,4.9598536,4.9338017,4.83357,4.8501716,4.8177304,4.7919054,4.762805,4.6802964,4.6550207,4.643874,4.6053243,4.567162,4.5270405,4.460872,4.445513,4.4363317,4.426075,4.4175277,4.360907,4.3531065,4.296422,4.262424,4.2517447,4.2413654,4.2279468,4.2282553,4.207483,4.1998124,4.19385,4.1769395,4.1726403,4.147552,4.129309,4.1260643,4.127086,4.1141872,4.096504,4.108618,4.075347,4.0874925,4.0824614,4.107246,4.076948,4.0842457,4.113306,4.0774355,4.0819626,4.1233406,4.1171336,4.11283,4.0908623,4.115759,4.131541,4.1342874,4.1606383,4.180229,4.165956,4.1986976,4.2071714,4.1956887,4.19541,4.212999,4.2324095,4.2356944,4.2325764,4.2521477,4.2839622,4.3077826,4.311504,4.3099847,4.3465257,4.3933005,4.3867617,4.403053,4.4383206,4.4354863,4.45412,4.441338,4.4471083,4.481601,4.5073705,4.5219917,4.536647,4.569205,4.579417,4.5916395,4.6136117,4.63336,4.641956,4.668825,4.668467,4.7016606,4.706315,4.7022705,4.7479434,4.733983,4.7548165,4.775285,4.791829,4.8046675,4.8026924,4.808633,4.805122,4.819967,4.849465,4.8502183,4.838122,4.887763,4.86824,4.918531,4.9181447,4.9503055,4.931217,4.98597,4.992223,5.000487,4.997669,5.0159283,5.000744,5.016943,5.029578,5.0334687,5.0317674,5.041748,5.0543556,5.0395856,5.0669146,5.0756755,5.091251,5.079149,5.104194,5.105138,5.10891,5.1191,5.122499,5.1254168,5.128809,5.152856,5.142837,5.1373754,5.1346455,5.1256504,5.138852,5.145698,5.142308,5.1404724,5.1760926,5.1620417,5.180988,5.196339,5.190182,5.1814694,5.2036676,5.21229,5.2010956,5.2073007,5.2151613,5.2350287,5.2140255,5.224487,5.239159,5.242079,5.2392197,5.2419925,5.2584043,5.27291,5.291481,5.274101,5.280422,5.279796,5.2716546,5.276933,5.298037,5.3065343,5.2945795,5.295831,5.3142633,5.3103976,5.312967,5.3062286,5.3039308,5.314998,5.3063774,5.325566,5.3107624,5.3006334,5.3077416,5.2915835,5.2715397,5.2561693,5.274468,5.2818503,5.2765183,5.3055162,5.308335,5.362279,5.2293725,5.3445077,5.3584776,5.2979383,5.3149533,5.294169,5.3072324,5.3591743,5.3865995,5.4063683,5.3615813,5.327151,5.319708,5.351768,5.334189,5.340637,5.3602805,5.3355536,5.348964,5.3617673,5.3552213,5.372964,5.3532147,5.381753,5.3762856,5.3730025,5.3788404,5.380425,5.377695,5.3580923,5.3714314,5.380048,5.3667884,5.37101,5.3787227,5.377591,5.359276,5.3480887,5.3275385,5.3394737,5.3446774,5.3363376,5.3188815,5.3435817,5.3305545,5.3385496,5.3672333,5.318046,5.3302217,5.312113,5.3414445,5.3299246,5.320043,5.3366776,5.3031588,5.3474336,5.330858,5.310024,5.319537,5.323136,5.331615,5.3179874,5.3373303,5.3153014,5.2994876,5.3103733,5.3047276,5.31524,5.3115106,5.307353,5.315469,5.308063,5.3189554,5.3223634,5.3261027,5.305856,5.3166466,5.3049693,5.3145604,5.3129425,5.3249393,5.307397,5.315567,5.317016,5.30533,5.322638,5.3115606,5.326095,5.2984695,5.308382,5.312626,5.309991,5.3325815,5.319454,5.320143,5.3092837,5.3304157,5.313104,5.3370185,5.3368344,5.329661,5.3255076,5.340841,5.3224287,5.3151803,5.325434,5.321032,5.3175,5.3064117,5.318745,5.31129,5.324631,5.3121004,5.296599,5.2974434,5.2978497,5.3053784,5.296662,5.308545,5.2794523,5.267372,5.2858353,5.2635417,5.272718,5.2764087,5.276376,5.2810493,5.2765365,5.2679415,5.27546,5.2732487,5.2654495,5.2647395,5.26327,5.275808,5.2622485,5.26902,5.2717824,t29
FS/161.png,right,0.1722107999958098,5.0900445,5.0710945,5.1047773,5.0866537,5.0808597,5.110038,5.1054053,5.0910854,5.0786033,5.0945306,5.104556,5.0703235,5.1165085,5.1202855,5.104757,5.1010075,5.1270947,5.1395903,5.1418066,5.1418147,5.145886,5.1291265,5.124477,5.1492844,5.13154,5.1293025,5.14058,5.140996,5.137457,5.146876,5.156247,5.1312413,5.141411,5.1511993,5.138768,5.1333795,5.1168404,5.1309004,5.156289,5.1398463,5.143925,5.1548033,5.1235056,5.114309,5.151564,5.162812,5.151016,5.1464057,5.1319747,5.1383996,5.126146,5.1370616,5.1384525,5.132428,5.1242766,5.096637,5.114671,5.075729,5.090781,5.03137,5.0578537,5.0245166,4.994716,4.9895678,4.990879,4.9953876,4.9856787,4.983186,4.964193,4.959346,4.9426837,4.966754,4.9242024,4.930398,4.898226,4.8976083,4.883127,4.888162,4.8884087,4.892272,4.882307,4.8814316,4.8746467,4.8726587,4.8712373,4.8631334,4.8637223,4.866997,4.8327217,4.8246207,4.8219776,4.8453646,4.8650703,4.872335,4.849603,4.8684926,4.8717966,4.8542237,4.849463,4.8303246,4.863864,4.8464117,4.8751974,4.8667803,4.8675995,4.8610697,4.870687,4.8798904,4.8551674,4.8746743,4.850831,4.859115,4.88091,4.877938,4.8757124,4.858895,4.8704295,4.8755064,4.865895,4.8751025,4.868221,4.8430314,4.8650246,4.8810086,4.8845096,4.844232,4.850644,4.846274,4.8628592,4.848461,4.853217,4.8505254,4.8260527,4.836408,4.8501687,4.831377,4.792546,4.7678294,4.7265387,4.739201,4.7053676,4.6772475,4.6591187,4.636217,4.599126,4.553524,4.521018,4.47968,4.4649243,4.426106,4.3672743,4.3425574,4.3312373,4.297624,4.2473764,4.227665,4.1987147,4.1847167,4.1893554,4.168337,4.137629,4.1385384,4.065704,4.0684085,4.046288,4.04291,3.9901943,4.002689,3.9678965,3.9465034,3.9700327,3.952185,3.95418,3.9352381,3.9379914,3.9675999,3.9281125,3.9388394,3.93721,3.9192812,3.95701,3.919957,3.9257705,3.9385777,3.9599283,3.9344203,3.9634519,3.9444683,3.9152591,3.9386237,3.928185,3.943063,3.9822237,3.9625943,3.9856946,3.9886372,4.005922,4.0724993,4.029786,4.087002,4.0823035,4.1050253,4.120044,4.1086473,4.1211147,4.1479974,4.156129,4.167803,4.1785207,4.1708736,4.203461,4.2212644,4.206877,4.209372,4.2342143,4.2425246,4.2712865,4.253741,4.2860103,4.3046546,4.3316164,4.3682833,4.3677773,4.3675494,4.383824,4.4048557,4.400896,4.4199944,4.41296,4.4341226,4.4229126,4.439775,4.4490156,4.473278,4.4887724,4.494188,4.4867024,4.512555,4.5206647,4.575029,4.550681,4.5909696,4.5971327,4.620586,4.608784,4.6506968,4.637857,4.6376634,4.6666427,4.666712,4.665055,4.685057,4.70649,4.7422814,4.756642,4.7368326,4.7258353,4.7368445,4.753182,4.749962,4.766302,4.782496,4.7994566,4.7950363,4.821554,4.8316193,4.823281,4.843765,4.841582,4.853437,4.864529,4.871444,4.878103,4.8838964,4.9106016,4.9206643,4.9317827,4.918036,4.928393,4.936356,4.930187,4.9633064,4.9798284,4.9516034,4.9630504,4.9937162,4.9907203,4.9929576,4.987817,5.000708,5.0116024,4.992139,5.0065312,5.010773,5.0160694,5.0116196,5.0382757,5.013309,5.037159,5.0234013,5.0357237,5.04154,5.030755,5.037553,5.0329747,5.0303044,5.037603,5.0454197,5.039722,5.0334396,5.053455,5.04958,5.049533,5.045422,5.055796,5.036444,5.051431,5.038545,5.0495,5.0507965,5.051894,5.034297,5.0604663,5.054152,5.0496564,5.05856,5.0389905,5.024458,5.0509696,5.0433497,5.0625353,5.0667844,5.05006,5.0529566,5.050397,5.055585,5.05308,5.0545735,5.046951,5.041258,5.0645165,5.0535626,5.065395,5.0714536,5.062169,5.0641747,5.075042,5.075026,5.059812,5.0739784,5.0696936,5.068081,5.076535,5.0677433,5.0691137,5.0574384,5.065301,5.0805793,5.08007,5.080208,5.0715303,5.0759673,5.064583,5.06591,5.0711803,5.0854597,5.0777283,5.0775175,5.091567,5.086057,5.0890656,5.093201,5.0822253,5.088572,5.09324,5.09014,5.1015687,5.103547,5.1056943,5.093762,5.130279,5.120593,5.1109715,5.135015,5.144251,5.132571,5.1489253,5.1545205,5.16477,5.135228,5.1551356,5.1617465,5.1601224,5.168417,5.162792,5.1658573,5.1636195,,,,,,,,,,,,,,,,,,,,,,,,,,,,,,,,,,,,,,,,,,,,,,,,,,,,,,,,,,,,,,,,,,,,,,,,,,,,,,t102
FS/101.png,right,0.1441038000048138,4.723753,4.708785,4.7165413,4.715309,4.704527,4.7144403,4.714308,4.7083263,4.7134795,4.7205925,4.706018,4.7160187,4.7309017,4.7312365,4.708761,4.705886,4.711842,4.702332,4.7234416,4.7037168,4.6865563,4.7033243,4.71758,4.7055044,4.7044053,4.714716,4.717027,4.715915,4.71918,4.714608,4.7199717,4.7176433,4.720493,4.7172594,4.705215,4.7287,4.735244,4.7435923,4.725306,4.7211795,4.7142572,4.7264643,4.7376666,4.7170043,4.734118,4.715578,4.737003,4.7309556,4.726383,4.7320247,4.7563887,4.7194457,4.731269,4.733985,4.7377806,4.758733,4.747055,4.7376432,4.7354374,4.745843,4.730422,4.7400417,4.726434,4.724233,4.716471,4.714707,4.708916,4.694797,4.6975484,4.7058287,4.6972914,4.704391,4.706803,4.7243414,4.6932454,4.6890244,4.6845107,4.662187,4.666565,4.687985,4.688504,4.6720843,4.665161,4.6654024,4.634208,4.6509595,4.6435256,4.651788,4.61748,4.6596804,4.6567683,4.6498156,4.6581964,4.6496315,4.6621537,4.661921,4.6457753,4.64291,4.66206,4.688712,4.676584,4.671932,4.686044,4.690415,4.701233,4.702205,4.705279,4.678048,4.703648,4.6966753,4.729275,4.717734,4.7180996,4.724939,4.7400126,4.732851,4.7386246,4.7319603,4.754746,4.7310805,4.772544,4.768558,4.767096,4.7587085,4.7799764,4.797503,4.7777305,4.779855,4.7837486,4.8085127,4.8195243,4.8129945,4.818575,4.830153,4.80773,4.794738,4.799082,4.792715,4.7637215,4.745535,4.7311883,4.7151356,4.6726513,4.61433,4.619126,4.5533066,4.52451,4.47355,4.4788923,4.424985,4.407506,4.3986683,4.3637,4.3279467,4.290602,4.246099,4.2414393,4.210318,4.1900754,4.150484,4.120258,4.099275,4.0745206,4.0746584,4.0625944,4.017728,4.05043,4.035377,4.011986,3.993744,3.979749,3.9800134,3.9785767,3.9585016,3.9561944,3.97408,3.968101,3.97744,3.957396,3.9767654,3.9551609,3.9756913,3.9592109,3.9493158,3.9547992,3.959722,3.9667964,3.9676435,3.9656131,3.975049,3.9817884,3.996002,3.9805431,4.0052695,4.0099745,4.034162,4.040023,4.072184,4.0671344,4.1024218,4.1020207,4.1193237,4.1382623,4.141042,4.1463976,4.1598053,4.1564546,4.1620502,4.1935363,4.2178736,4.1964664,4.252475,4.2354803,4.247477,4.3157973,4.290297,4.314724,4.317355,4.338599,4.3672104,4.38461,4.427732,4.4350495,4.4543996,4.484442,4.48869,4.5191665,4.503216,4.502141,4.533893,4.542144,4.5889397,4.5776863,4.596191,4.6186132,4.6086674,4.619978,4.648769,4.638364,4.625551,4.6768413,4.699463,4.6944385,4.727309,4.712352,4.751829,4.777736,4.764825,4.7976384,4.792546,4.8132477,4.8133535,4.8121247,4.811602,4.8317046,4.851631,4.840871,4.849035,4.878175,4.8520055,4.8907266,4.889557,4.891779,4.8723426,4.894115,4.9120684,4.9075146,4.9140315,4.926525,4.9459944,4.9622154,4.9778943,4.9659615,4.9674582,4.990971,4.987393,5.019115,4.9899936,5.0142016,5.0115867,5.0258474,5.0160394,5.0263324,5.033611,5.03089,5.0200596,5.055582,5.026594,5.025215,5.044557,5.040331,5.0474834,5.0541096,5.0400586,5.0724216,5.053717,5.0491085,5.050343,5.062587,5.042888,5.0466385,5.0447903,5.0311103,5.0429416,5.02962,5.0167384,5.0064683,5.02206,5.01213,4.9974275,5.0103,4.9870777,4.997002,4.9936695,4.9796953,4.9952083,4.963749,4.963842,4.9606977,4.934444,4.966225,4.9407196,4.93573,4.9476852,4.9371667,4.9498277,4.9262695,4.8952656,4.933699,4.9047694,4.927545,4.909203,4.9033065,4.910006,4.9007893,4.9072647,4.907655,4.9112597,4.906773,4.8895826,4.9239054,4.9186826,4.914311,4.900779,4.9021688,4.909816,4.9182696,4.910606,4.9137063,4.9150376,4.9146223,4.9228773,4.939884,4.9353895,4.9179816,4.9083104,4.9146113,4.936587,4.940646,4.9190164,4.9152713,4.903427,4.9341574,4.943781,4.9344172,4.933829,4.9224057,4.9400434,4.9248137,4.932047,4.928188,4.9273953,4.9105015,4.9294243,4.908955,4.9047084,4.9421654,4.9162307,4.943442,4.9126596,4.9025474,4.9058924,4.95528,4.9452457,4.926373,4.92652,4.91538,4.949922,4.93817,4.934797,4.913188,4.9425797,4.936964,4.9465294,4.9174404,4.9278693,4.946014,4.926169,,,,,,,,,,,,,,,,,,,,,,,,,,,,,,,,,,,,,,,,,,,,,,,,,,,,,,,,,,,,,,,,,,,,,,,,,,,,,t37
FS/461.png,right,0.1589895999932196,5.1114106,5.1158166,5.1062856,5.1242867,5.1205516,5.106212,5.104178,5.1024384,5.129626,5.104266,5.1220045,5.111598,5.107313,5.1203423,5.1073036,5.1127415,5.118695,5.114372,5.1182785,5.106045,5.118148,5.0996394,5.1207204,5.1099777,5.1257024,5.1156187,5.1172833,5.1138577,5.115025,5.1451564,5.1348834,5.11654,5.12932,5.1225963,5.122981,5.1165705,5.124153,5.125234,5.1380515,5.110035,5.138971,5.1289,5.119223,5.1218543,5.14235,5.1218996,5.120912,5.1084175,5.136839,5.125221,5.108281,5.1372795,5.0947866,5.1148815,5.1387486,5.1331806,5.132385,5.128367,5.1375403,5.105392,5.1047945,5.093095,5.100212,5.0844073,5.0594864,5.069898,5.0781765,5.0950136,5.0771575,5.0322194,5.0305414,5.0472302,5.047838,5.0017247,5.036899,5.0186543,4.9802694,5.008614,4.9788785,4.973847,4.977042,4.978506,4.9965396,4.9832935,4.9672055,4.9674397,4.969618,4.982888,4.9637284,4.982598,4.962914,4.971051,5.0139813,4.9801974,4.9790587,4.9796705,4.984888,5.003973,5.016235,5.002329,4.999006,5.0181627,5.0041327,5.023933,5.025717,5.0478463,5.036058,5.045211,5.0636272,5.063709,5.055542,5.082897,5.077799,5.0809116,5.076656,5.085044,5.1036954,5.0856533,5.1053953,5.098271,5.0995502,5.1116676,5.1019297,5.1137915,5.1074777,5.114019,5.131284,5.1264143,5.129518,5.1408467,5.122203,5.121104,5.126437,5.1228967,5.112983,5.1219625,5.098451,5.0856957,5.0556173,5.026466,4.973533,4.9328384,4.9280915,4.911907,4.8217173,4.788639,4.758481,4.7243767,4.662958,4.6263366,4.608508,4.556936,4.5129466,4.49669,4.474331,4.411513,4.385845,4.3706474,4.3326354,4.3050833,4.2645793,4.2241683,4.237815,4.161826,4.195746,4.189882,4.138554,4.15784,4.127676,4.1037974,4.074735,4.100573,4.077941,4.0393906,4.0394692,4.056764,4.0389857,4.0463085,4.032199,4.0262384,4.023768,4.0382056,4.0363526,4.0415173,4.0296226,4.030162,4.0306373,4.0369477,4.0294514,4.0427547,4.0418,4.0611525,4.066288,4.093457,4.0957046,4.1128755,4.1041675,4.107234,4.101035,4.1090107,4.113926,4.127625,4.1322765,4.1563807,4.217484,4.1832714,4.20935,4.2162747,4.2315545,4.2508945,4.258811,4.2710104,4.2749395,4.3123746,4.309269,4.337976,4.3496757,4.343918,4.3744,4.4029064,4.4101725,4.4274817,4.4471602,4.434475,4.4508348,4.486963,4.506267,4.5206723,4.5471,4.5671754,4.5873003,4.604279,4.606647,4.6019616,4.628418,4.630145,4.630869,4.6233172,4.6453485,4.6725755,4.7121882,4.722723,4.7338815,4.7639227,4.753708,4.7575703,4.781089,4.801389,4.807384,4.8119593,4.816653,4.822528,4.8205304,4.8298645,4.833284,4.835654,4.8602614,4.856546,4.841537,4.857639,4.865122,4.8409348,4.8835926,4.894849,4.871207,4.908132,4.896314,4.930419,4.9204197,4.9224567,4.945533,4.9466906,4.9350038,4.945899,4.9488063,4.9556866,4.94883,4.9441853,4.970917,4.94185,4.953478,4.9584937,4.9943323,4.982206,4.993149,4.9905496,4.9841456,5.0154514,4.9775286,4.978884,5.0111456,4.994503,5.001457,4.9889135,4.9866643,5.0344005,5.010395,5.003265,5.0102677,4.992465,5.011022,5.002499,5.0184493,4.9967947,5.0015798,4.9944615,4.994156,4.999588,5.0040207,4.9772115,5.0126433,5.0036945,4.978882,4.977136,4.9716706,4.967974,4.943296,4.972584,4.9775047,4.9703684,4.959244,4.966363,4.95916,4.974573,4.9470124,4.968118,4.9396605,4.9443264,4.9434447,4.9459333,4.9485855,4.9310493,4.948042,4.955867,4.9532127,4.965185,4.965317,4.956862,4.9617276,4.9571595,4.949522,4.95147,4.980389,4.968167,4.971746,4.980483,4.9543185,4.9492173,4.934414,4.958038,4.9643426,4.9445896,4.9419136,4.957604,4.9723263,4.958399,4.9456897,4.9582086,4.9490724,4.9546285,4.9531193,4.9566045,4.981332,4.955557,4.9434376,4.972233,4.969028,4.9821863,4.9745626,4.9830146,4.9707317,4.9691963,5.0020328,4.9786663,4.977085,4.979352,4.9951262,4.9844766,4.9963856,4.9863195,4.9876075,4.9650426,4.987277,4.994952,4.969405,4.993588,5.0003743,4.998633,4.9724464,4.99183,5.0191684,4.988231,5.00227,4.9978924,5.0357285,4.986946,4.9971085,,,,,,,,,,,,,,,,,,,,,,,,,,,,,,,,,,,,,,,,,,,,,,,,,,,,,,,,,,,,,,,,,,,,,,,,,,,,,,t40
FS/461.png,right,0.122613999992609,4.5568814,4.5611634,4.5689135,4.563234,4.586768,4.586114,4.582103,4.537159,4.5687804,4.6132956,4.5801015,4.6003017,4.5640874,4.591907,4.582652,4.595317,4.5858474,4.5865026,4.5835924,4.5731854,4.6147065,4.625217,4.59911,4.5784717,4.56713,4.5782557,4.5561395,4.5894423,4.567188,4.574806,4.5865393,4.570995,4.5881586,4.5926905,4.580409,4.5902658,4.5988917,4.5768685,4.5954413,4.5860543,4.5762043,4.6229496,4.6137333,4.578586,4.6202755,4.6037226,4.608766,4.602176,4.613435,4.6078105,4.6084785,4.60056,4.6046133,4.599416,4.5977063,4.590634,4.5941496,4.5895457,4.5933323,4.5806713,4.5664907,4.575077,4.5384293,4.539371,4.5196137,4.4983716,4.498839,4.513202,4.5047755,4.4673257,4.444765,4.4409027,4.455745,4.4403634,4.420549,4.437965,4.4356456,4.4315596,4.4172974,4.4148097,4.408057,4.4038873,4.425778,4.409813,4.4157066,4.3978057,4.3905206,4.3892345,4.399578,4.425353,4.400513,4.400278,4.3859844,4.4286413,4.399054,4.450722,4.422984,4.427473,4.4235735,4.4516134,4.440896,4.4744296,4.4668684,4.4778852,4.4757442,4.480429,4.474847,4.4771314,4.4857764,4.493957,4.4901905,4.486557,4.500573,4.5040517,4.5277443,4.5509486,4.54987,4.565242,4.555837,4.564265,4.5492306,4.558571,4.5735736,4.578214,4.574298,4.599957,4.5987873,4.5897765,4.626687,4.6069503,4.60356,4.6510057,4.648346,4.652364,4.639392,4.6317415,4.6368227,4.5992517,4.585634,4.554269,4.55708,4.547871,4.5177846,4.4693832,4.4686713,4.443922,4.4237638,4.3914266,4.330425,4.308521,4.2586775,4.225861,4.189553,4.1672297,4.144203,4.132976,4.0779505,4.0628014,4.050819,4.03294,4.025901,3.9909022,3.9607267,3.946236,3.9412732,3.9021873,3.898175,3.869673,3.832818,3.8508065,3.8243923,3.8226924,3.8250072,3.8100095,3.81306,3.8048024,3.765033,3.801813,3.7656658,3.8162227,3.7821891,3.8073995,3.779467,3.7731147,3.800752,3.7622647,3.8074841,3.8385599,3.813928,3.8227563,3.8090696,3.803178,3.8091953,3.7831607,3.8085902,3.8215818,3.4286487,3.7852042,3.8217146,4.050876,4.18198,4.140619,4.154495,4.1961236,4.1887794,4.231094,4.2374597,4.2517686,4.284989,4.275776,4.341653,4.3410873,4.3391514,4.355695,4.3538613,4.3614774,4.3759885,4.3852315,4.399769,4.444388,4.453537,4.4563775,4.471135,4.491249,4.5371304,4.5206876,4.5544615,4.5414853,4.5643706,4.562687,4.56558,4.580668,4.5962467,4.617149,4.6271296,4.651064,4.653413,4.677328,4.669444,4.711698,4.7063217,4.6955147,4.724086,4.732835,4.729607,4.7282047,4.7578363,4.7543406,4.770933,4.7565804,4.778688,4.788799,4.8088655,4.8124723,4.798989,4.808202,4.8088512,4.834483,4.8222175,4.8244843,4.828812,4.8277445,4.81347,4.837753,4.842922,4.8421106,4.85938,4.867253,4.862768,4.8414826,4.858136,4.8507013,4.8691316,4.891978,4.88688,4.8520145,4.871359,4.8695908,4.8813477,4.8712325,4.892401,4.8847857,4.8871655,4.8793745,4.8850884,4.862236,4.8555136,4.8672442,4.8571496,4.8780403,4.8539,4.8543177,4.869166,4.855487,4.8422318,4.8417864,4.8330026,4.828098,4.829095,4.825571,4.831559,4.8303103,4.8317103,4.8085604,4.812061,4.801527,4.7868524,4.773749,4.790023,4.759851,4.7673388,4.7936926,4.763465,4.767845,4.7650704,4.7522182,4.7641606,4.760017,4.762128,4.7545743,4.763199,4.724006,4.7585177,4.737693,4.7341375,4.7240005,4.722763,4.7308564,4.714326,4.733351,4.738903,4.7385473,4.7371984,4.7279487,4.7301917,4.727457,4.719488,4.719516,4.7062225,4.7201753,4.7204776,4.7237053,4.7170897,4.710445,4.6873493,4.699835,4.6907945,4.691266,4.7027135,4.695768,4.703007,4.686734,4.703694,4.6952267,4.7001085,4.708454,4.6958795,4.7031584,4.696691,4.7243567,4.720574,4.7073154,4.72392,4.7218328,4.7382164,4.734242,4.722037,4.7362757,4.7467747,4.721588,4.7399993,4.7675824,4.7426877,4.7786136,4.7583265,4.77106,,,,,,,,,,,,,,,,,,,,,,,,,,,,,,,,,,,,,,,,,,,,,,,,,,,,,,,,,,,,,,,,,,,,,,,,,,,,,,,,,,,,,,,,,,,,,,,,,,,t100
FS/311.png,left,0.0823185999906854,5.0430856,5.047674,5.040829,5.0255184,5.0580144,5.04889,5.030326,5.037638,5.0570054,5.0323615,5.0290685,5.05447,5.03525,5.03229,5.0579963,5.0617623,5.0605283,5.0621214,5.0413914,5.091422,5.089935,5.082086,5.1032825,5.0906367,5.0956326,5.0829215,5.077977,5.077532,5.0421267,5.050243,5.0843163,5.078106,5.036874,5.0466814,5.0501986,5.047875,5.0228205,5.0230165,5.034166,5.0378656,5.032199,5.032161,5.026576,5.034876,5.0104017,5.0281224,5.014064,5.007693,5.005455,5.0105968,5.009123,4.9999123,4.9958186,5.014154,4.9896235,4.991012,4.9572477,4.9608517,4.967811,4.937193,4.9229794,4.9447317,4.8944583,4.901738,4.8962336,4.8939285,4.8900504,4.8752747,4.8405223,4.8548098,4.8413196,4.82083,4.8018026,4.787172,4.79852,4.7545934,4.7781715,4.75832,4.760366,4.755427,4.7460384,4.7421265,4.7537937,4.760091,4.751038,4.77013,4.7434974,4.765662,4.7657576,4.7535477,4.7458944,4.755441,4.744364,4.757045,4.7576933,4.771943,4.7444167,4.758773,4.7745876,4.766793,4.7538905,4.765821,4.7573805,4.779834,4.7736406,4.760881,4.794118,4.7961574,4.7945476,4.811094,4.7958302,4.792757,4.815695,4.818949,4.8154173,4.8239646,4.808216,4.808603,4.823776,4.832683,4.830084,4.856919,4.8498864,4.835907,4.870264,4.873471,4.8468966,4.8692703,4.8663063,4.871275,4.8787365,4.8879046,4.903296,4.8842616,4.886055,4.8799667,4.8581285,4.845934,4.8326674,4.825635,4.7904625,4.763973,4.734666,4.6954527,4.6716943,4.6384563,4.568625,4.5422835,4.523925,4.4781437,4.4254484,4.4217186,4.3628755,4.3281813,4.311296,4.260311,4.2432003,4.21056,4.1788206,4.179163,4.136016,4.109517,4.0946555,4.0738754,4.089785,4.070103,4.0696135,4.0265274,4.0136247,3.9778764,3.968611,3.9527743,3.9543154,3.9509048,3.9385216,3.8744001,3.9014528,3.907004,3.9307327,3.9078097,3.891006,3.9033103,3.923517,3.890809,3.8870182,3.9223757,3.9287505,3.91484,3.9190538,3.9521034,3.9503682,3.9161355,3.9539447,3.959461,4.0206165,4.0038614,3.9888268,4.011671,4.0145273,4.046047,4.036214,4.0552106,4.0613375,4.049649,4.061837,4.0977964,4.1223745,4.117859,4.1530714,4.178048,4.2119617,4.1816797,4.217501,4.192691,4.2547593,4.2529945,4.2574654,4.289158,4.3169603,4.311348,4.349503,4.3521476,4.389574,4.383266,4.3868995,4.4254956,4.42369,4.4600115,4.4464746,4.4528055,4.4878917,4.5035195,4.5110116,4.523536,4.536906,4.574532,4.5507855,4.6031556,4.602449,4.637113,4.63809,4.6457186,4.657632,4.6846414,4.696971,4.709286,4.7338667,4.7388697,4.7822795,4.7792087,4.784213,4.8075113,4.802271,4.799272,4.815763,4.8564267,4.849121,4.855155,4.84463,4.848757,4.855855,4.8572536,4.8632317,4.879442,4.8746147,4.879165,4.944039,4.9508615,4.94193,4.929878,4.9769897,4.9665723,4.96192,4.9559083,4.9968424,4.9837623,4.9941726,4.9999285,4.9946823,5.016718,4.99715,5.021188,5.0138087,5.047903,5.028015,5.021126,5.062702,5.051556,5.053563,5.0638742,5.059831,5.0566134,5.0788403,5.0629425,5.0738454,5.070452,5.0791674,5.083033,5.09601,5.094043,5.0918593,5.0929437,5.0785894,5.0781593,5.1035233,5.0974193,5.0928755,5.07507,5.0871544,5.106902,5.119939,5.0985312,5.091217,5.095191,5.067647,5.0993752,5.085883,5.083977,5.0941353,5.0675793,5.0699334,5.0690036,5.079133,5.047471,5.0470057,5.0784717,5.0611763,5.067066,5.0569854,5.054404,5.0173254,5.0379777,5.026598,5.0532637,5.0330176,5.0219407,5.0366955,5.0301666,5.0334144,5.014034,5.0465326,5.044809,5.029062,5.014717,5.0024033,5.0013723,5.0347176,5.0203066,5.0414796,5.0182467,4.99754,5.0109515,4.9931517,5.0139036,5.0152555,4.993124,4.992531,4.997031,5.0111623,5.0126996,4.9973793,5.004589,5.0171614,5.024734,4.999278,4.996671,4.9975686,5.010178,5.0297437,5.036578,5.013136,5.0225115,5.0215774,5.020648,5.026926,5.0118275,5.0021143,5.008913,5.0186243,5.0634823,5.036131,,,,,,,,,,,,,,,,,,,,,,,,,,,,,,,,,,,,,,,,,,,,,,,,,,,,,,,,,,,,,,,,,,,,,,,,,,,,,,,,,,,,,,,,,,,,,,t46
FS/311.png,left,0.1748933000053512,5.1124206,5.101791,5.1230297,5.119187,5.1516557,5.139795,5.142146,5.156166,5.1421695,5.133439,5.129637,5.140318,5.151542,5.153147,5.161598,5.161042,5.155476,5.1590037,5.161654,5.177678,5.1835876,5.1813035,5.1729155,5.1787577,5.175296,5.201857,5.191039,5.1750016,5.2120185,5.1754203,5.2040744,5.196671,5.1998763,5.201115,5.2080307,5.2069454,5.21349,5.212717,5.2058578,5.220351,5.214665,5.221068,5.2025967,5.2158427,5.217837,5.2218776,5.220364,5.203736,5.2177606,5.2185693,5.2234054,5.19759,5.221001,5.196295,5.2187204,5.2186837,5.2158284,5.2293963,5.1975074,5.2054143,5.1978283,5.1862864,5.154387,5.1352363,5.131591,5.1304235,5.113256,5.110395,5.1085505,5.1071672,5.0941987,5.0851912,5.0822725,5.0459094,5.0591087,5.0507765,5.0235586,5.0233445,5.0344048,5.0120234,4.9982147,4.9953218,5.0008416,5.0201283,5.0193634,5.0192666,5.041548,5.0174384,5.0,5.041833,5.031803,5.04985,5.027826,5.051778,5.0233006,5.033344,5.049944,5.0267644,5.035652,5.071678,5.0333924,5.0488863,5.0519724,5.081749,5.071539,5.0821705,5.0833483,5.0839653,5.1050997,5.0933294,5.101879,5.0715065,5.123052,5.0916486,5.1004014,5.109567,5.110915,5.1081285,5.107614,5.1179824,5.11087,5.1230984,5.129993,5.1206527,5.1474624,5.174149,5.1399436,5.182405,5.1938624,5.207568,5.2061954,5.221172,5.2180777,5.2054653,5.2048717,5.192054,5.220609,5.185244,5.16651,5.127143,5.1177316,5.088594,5.064291,5.0349545,4.9829283,4.9578857,4.9198728,4.912604,4.8831754,4.823131,4.725977,4.741495,4.7090006,4.696063,4.61969,4.5957003,4.560537,4.527443,4.5128026,4.4790115,4.451092,4.4245305,4.4152284,4.37529,4.3642244,4.3450484,4.3011403,4.29541,4.3019857,4.2946906,4.259914,4.25095,4.2579436,4.205195,4.1965227,4.2030754,4.1814127,4.184055,4.1916485,4.172255,4.149678,4.1487412,4.161046,4.175106,4.1348214,4.156449,4.1481123,4.143107,4.146935,4.146254,4.1473904,4.130982,4.1667395,4.1657944,4.167267,4.169701,4.2057314,4.18451,4.1972337,4.204943,4.1860933,4.2032714,4.212326,4.193195,4.1955733,4.1892314,4.204198,4.1990714,4.1765323,4.2170305,4.2566133,4.1037593,3.8863022,3.7660646,4.0678673,4.2492657,4.333696,4.5931816,4.54056,4.496907,4.4772,4.5584774,4.556431,4.597249,4.6270876,4.6232934,4.651901,4.6789255,4.658706,4.6665273,4.658084,4.681091,4.7186866,4.7023053,4.7099023,4.7492776,4.767718,4.8022237,4.8070292,4.8210626,4.8392363,4.8605356,4.8263483,4.8465056,4.8694425,4.8737664,4.872242,4.8911777,4.904996,4.900066,4.937482,4.92917,4.934272,4.9504285,4.947061,4.9342127,5.0014944,4.987163,4.980482,5.0029807,5.008794,5.0052266,5.025052,5.004885,5.00174,5.0694036,5.020947,5.0381947,5.043827,5.0456038,5.0630302,5.082822,5.1080976,5.0907965,5.0965214,5.081703,5.08251,5.097817,5.0896583,5.113173,5.092724,5.1005807,5.106668,5.1103377,5.114764,5.1046658,5.113876,5.1178775,5.1108975,5.1398726,5.129469,5.1330266,5.1321497,5.128929,5.1213956,5.126543,5.1302567,5.151075,5.1491103,5.1094766,5.1277356,5.1670957,5.151538,5.16963,5.1260037,5.1445627,5.1587443,5.14429,5.142062,5.1456075,5.167008,5.13028,5.1735315,5.1399865,5.143007,5.1154923,5.1490245,5.135784,5.1461167,5.0897484,5.1464615,5.091597,5.1454544,5.1169643,5.115213,5.120275,5.094867,5.0935645,5.082796,5.1031313,5.0787354,5.0507736,5.092914,5.0836606,5.0495663,5.0399632,5.0411816,5.0609593,5.045379,5.046951,5.0520687,5.027624,5.0190043,5.028806,5.041979,5.0124846,5.0291133,5.0365224,5.034996,5.046144,5.0510235,5.022445,5.0268965,5.01482,5.0077577,5.0138793,5.007634,5.021312,5.0458317,5.0294313,5.0179963,5.0322866,5.022222,5.019066,5.015002,5.0346956,5.013939,5.029465,5.0087013,5.0241084,5.016192,5.0376425,5.025716,5.0311522,5.0390143,5.0283685,5.053675,5.0361485,5.0445204,5.0471835,5.036306,5.063686,5.0444694,5.048436,5.0490694,5.0565352,5.069215,5.053819,5.0666394,5.047155,5.0837193,5.078165,,,,,,,,,,,,,,,,,,,,,,,,,,,,,,,,,,,,,,,,,,,,,,,,,,,,,,,,,,,,,,,,,,,,,,,,,,,,,,,,,,,t63
FS/311.png,left,0.1278989999991608,4.745754,4.7643595,4.753234,4.7485065,4.7594843,4.771416,4.789816,4.717886,4.7272716,4.748089,4.757643,4.7360706,4.7585754,4.7499957,4.790823,4.7647142,4.732716,4.760566,4.755135,4.758227,4.740433,4.7405343,4.735735,4.7293243,4.7431645,4.7283993,4.7375093,4.7224917,4.730862,4.751806,4.7221246,4.717401,4.7173023,4.7187834,4.718587,4.7352295,4.721324,4.7144256,4.7030215,4.702643,4.7034664,4.7019515,4.7063212,4.691545,4.6929536,4.693567,4.678989,4.678119,4.6661844,4.6414704,4.675374,4.6543593,4.6466985,4.644297,4.665841,4.651973,4.6338854,4.6113205,4.617906,4.629858,4.596486,4.6184745,4.582192,4.572747,4.546698,4.5469747,4.539475,4.55217,4.537189,4.5302863,4.539946,4.5417223,4.5352635,4.5113773,4.4933763,4.4973865,4.5045376,4.482421,4.495035,4.492109,4.4893165,4.480308,4.476243,4.485136,4.451229,4.473407,4.4641137,4.4592614,4.481114,4.4609566,4.4810057,4.478474,4.444737,4.449605,4.4954133,4.4764385,4.4938416,4.4903674,4.493561,4.5034394,4.5022306,4.502194,4.5215364,4.5119915,4.5375047,4.5347786,4.5711303,4.541992,4.5681963,4.561244,4.5626693,4.5668635,4.6026917,4.5924864,4.5878167,4.6227484,4.625223,4.6272516,4.6225266,4.644538,4.6539755,4.653093,4.6775947,4.7000527,4.710076,4.7174835,4.745641,4.7427473,4.749334,4.7465353,4.754369,4.7819486,4.7751145,4.7864604,4.7723565,4.796565,4.8138046,4.789414,4.7894034,4.772383,4.7474375,4.708287,4.7091107,4.647956,4.6095896,4.5879216,4.5912766,4.533612,4.528372,4.476173,4.469451,4.4370246,4.3892293,4.3498044,4.349838,4.293477,4.2469344,4.259084,4.2583694,4.214662,4.2160354,4.185559,4.158174,4.1477385,4.1336975,4.129435,4.0797224,4.0936995,4.0959463,4.0803256,4.066765,4.068382,4.051914,4.034325,4.013839,4.0322886,4.0149083,4.0231547,4.0261607,4.0432954,4.021086,4.0020328,4.0205946,4.008223,4.0062604,4.0253215,4.0175285,4.036903,4.038487,4.0742526,4.070715,4.08768,4.114713,4.071767,4.081471,4.1046968,4.113585,4.11744,4.1236224,4.135883,4.194959,4.1966567,4.23388,4.236335,4.246299,4.249069,4.2610245,4.268103,4.2711616,4.2809095,4.274358,4.295112,4.3318243,4.392136,4.410719,4.441591,4.4531384,4.468826,4.438905,4.488991,4.464692,4.515538,4.5278554,4.5838685,4.583461,4.577443,4.605403,4.6218367,4.627899,4.6322083,4.6693316,4.682904,4.6893163,4.7024126,4.72507,4.7199926,4.7439566,4.7920437,4.788488,4.7938337,4.8262973,4.802827,4.8147283,4.8180156,4.8245635,4.831689,4.8439865,4.8557043,4.889174,4.900556,4.9125786,4.923089,4.9211197,4.941691,4.909913,4.9553986,4.94444,4.9340367,4.984007,4.9787707,4.9639516,4.9930773,4.987874,5.0032945,5.0157375,4.9768095,5.00293,5.022866,5.0125666,5.0224295,5.008259,5.0033884,5.016093,5.0261197,5.0443954,5.0214944,5.0103936,5.024042,5.0466604,5.0121174,5.015981,5.0208845,5.013505,5.0170736,4.9950137,5.008287,5.0086646,5.023629,5.0249143,4.985074,5.018284,4.987081,4.971728,4.987541,4.967269,4.970819,4.9553976,4.9615517,4.946596,4.9532766,4.9365,4.9208236,4.9378567,4.952791,4.9232364,4.925321,4.9254746,4.8852425,4.897189,4.870258,4.8774147,4.8800035,4.864216,4.866875,4.8895473,4.864167,4.8457074,4.8488555,4.846746,4.833554,4.829188,4.840458,4.8355985,4.8321223,4.813826,4.8306255,4.821905,4.8304157,4.8088145,4.815676,4.830463,4.808412,4.8017516,4.7973466,4.819646,4.791939,4.800767,4.777348,4.7997365,4.76248,4.7863307,4.7955894,4.790964,4.7768745,4.772838,4.763929,4.7877545,4.785243,4.787646,4.771858,4.7781777,4.776653,4.779272,4.7623396,4.7747784,4.7624173,4.752249,4.761564,4.775903,4.765767,4.751697,4.7613797,4.7588234,4.729992,4.747574,4.7332115,4.7386684,4.729109,4.7287765,4.707532,4.7315865,4.716992,4.715973,4.7357583,4.7127447,4.7066083,4.700406,4.7048535,4.690279,4.6844797,4.692231,4.6959662,4.6954837,4.7031527,4.6804247,4.6739855,4.6920657,4.7000875,4.6873894,4.6912627,4.7095976,4.6824193,4.693269,,,,,,,,,,,,,,,,,,,,,,,,,,,,,,,,,,,,,,,,,,,,,,,,,,,,,,,,,,,,,,,,,,,,,,,,,,,,,,,,,,t65
FS/11.png,right,0.188827099991613,4.9063625,4.88915,4.9075055,4.9334235,4.9190016,4.893975,4.9254737,4.9101543,4.9395933,4.937984,4.932623,4.945913,4.949529,4.961648,4.958004,4.9458776,4.9586487,4.959878,4.9651,4.954681,4.9558764,4.957418,4.9590564,4.9627414,4.9582376,4.99494,4.9825187,4.987507,4.974749,5.0060644,5.0084405,4.9854364,5.02945,5.022906,5.001301,5.007987,5.007544,5.021524,5.0176587,5.0231543,5.023351,5.0133204,5.027755,5.0173745,5.0368066,5.0481787,5.039499,5.051477,5.036345,5.035805,5.048578,5.036243,5.0309286,5.042936,5.0386605,5.0206776,5.0329113,5.024854,5.023616,5.0356774,5.013379,4.999297,5.0013623,4.9976397,4.985834,4.9768453,4.946174,4.9623966,4.9222546,4.9218416,4.9167,4.913584,4.892204,4.899683,4.889785,4.8834667,4.867301,4.868545,4.8759313,4.8650336,4.8729568,4.8738647,4.8462963,4.8268065,4.8534884,4.839321,4.858071,4.8675194,4.8509855,4.8645883,4.848756,4.8525777,4.838992,4.8651752,4.87182,4.866211,4.855791,4.854698,4.9024224,4.895555,4.892762,4.88744,4.8840566,4.9158325,4.9007087,4.9021497,4.9063306,4.920574,4.9366627,4.926333,4.941746,4.9494114,4.9268975,4.977395,4.9873238,4.9762,4.9937477,4.9933615,5.0027523,4.990158,5.0234394,5.0343595,5.035065,5.037745,5.05961,5.0604386,5.0319576,5.0843635,5.04526,5.079568,5.0680556,5.069096,5.058599,5.0747447,5.0477047,5.046498,4.9988565,4.9695773,4.9202533,4.9114585,4.871228,4.84399,4.809002,4.781137,4.7266445,4.714537,4.689719,4.6385045,4.592937,4.573209,4.5319715,4.513074,4.4924254,4.4698896,4.42456,4.3865237,4.3673615,4.348198,4.348053,4.3081474,4.317856,4.306517,4.260734,4.2680373,4.2409835,4.181074,4.2040434,4.2015605,4.1883035,4.169882,4.181194,4.178202,4.1671004,4.134033,4.151035,4.1424007,4.138425,4.1162915,4.1220965,4.1452146,4.1426144,4.115564,4.113559,4.1199436,4.1246142,4.1091285,4.158479,4.1461973,4.137556,4.1610856,4.1801205,4.161433,4.1856,4.1677413,4.205997,4.1780214,4.1888113,4.2056503,4.234601,4.233725,4.2499285,4.2619205,4.28668,4.2958775,4.2809925,4.2954416,4.3048453,4.2618756,4.32348,4.3476367,4.359133,4.381319,4.3985105,4.4061365,4.4138427,4.4239874,4.4587784,4.4260883,4.451489,4.439369,4.499854,4.5267015,4.570011,4.5766025,4.570974,4.599603,4.6152215,4.6501894,4.671299,4.6597323,4.6730523,4.6729093,4.6747127,4.6882386,4.6953173,4.7015905,4.7402315,4.743182,4.77099,4.790728,4.8007736,4.8097806,4.817006,4.815861,4.846604,4.8324485,4.85165,4.834655,4.8571677,4.8322897,4.8464403,4.8634505,4.8506823,4.8790426,4.907584,4.882574,4.908094,4.9196215,4.9529414,4.959648,4.9793534,4.9603314,4.9725976,4.9963927,4.9921107,5.0059457,4.9915276,5.024154,5.020061,4.99981,5.0297627,5.035361,5.0327044,5.035706,5.057877,5.0478635,5.0666485,5.065708,5.056627,5.0678997,5.0854745,5.07677,5.0565357,5.0853424,5.0711894,5.0937266,5.0730886,5.1038046,5.07404,5.0954547,5.099777,5.0868874,5.08645,5.0799427,5.045272,5.1006336,5.08363,5.086939,5.096926,5.07567,5.101179,5.1063495,5.1203465,5.100942,5.090255,5.0862026,5.0932884,5.0962696,5.111947,5.087524,5.1155977,5.107032,5.099465,5.113962,5.098911,5.098592,5.11352,5.077894,5.0684404,5.068649,5.0527725,5.0616703,5.047946,5.0732193,5.0581856,5.056351,5.067204,5.047177,5.0467525,5.0580516,5.0398936,5.0247593,5.036723,5.0305924,5.0376225,5.035045,5.027457,5.0487704,5.03038,5.0415163,5.038171,5.0394564,5.033802,5.037771,5.0335464,5.0287857,5.034383,5.0264645,5.041186,5.027657,5.0326037,5.0359254,5.0230813,5.019809,5.015447,5.023357,5.028335,5.03231,5.0200005,5.0274115,5.0182233,5.018286,5.0277214,5.02334,5.0084963,5.0199685,5.022711,5.0309377,5.0171385,5.0385947,5.044889,5.0331225,5.0528073,5.0472274,5.0438786,5.0589414,5.0284233,5.0514765,5.041829,5.043626,5.0471725,5.060127,5.0553045,5.0468326,5.052549,5.0571394,5.082637,5.0649323,5.06216,5.065059,5.056802,5.069855,5.0665407,5.0786796,5.0655694,5.078861,5.0624,5.0727496,5.080917,,,,,,,,,,,,,,,,,,,,,,,,,,,,,,,,,,,,,,,,,,,,,,,,,,,,,,,,,,,,,,,,,,,,,,,,,,,,t59
FS/91.png,right,0.1299357999960193,4.6959257,4.7155275,4.7200327,4.705836,4.728136,4.7232456,4.7232623,4.729024,4.7125587,4.713501,4.717508,4.7269654,4.737117,4.7477193,4.740124,4.730975,4.7634706,4.763126,4.7433066,4.7499723,4.778862,4.8083644,4.7788343,4.793766,4.786072,4.81555,4.824126,4.8104334,4.8261228,4.8170867,4.8218546,4.8179045,4.8316636,4.831885,4.839227,4.825468,4.8244123,4.814202,4.8280625,4.8197646,4.8257475,4.832336,4.818733,4.8447413,4.840627,4.855467,4.829488,4.826169,4.81176,4.8115625,4.8343596,4.8594527,4.832313,4.816899,4.8141403,4.836416,4.8426046,4.815232,4.8156943,4.80565,4.804109,4.7825084,4.764491,4.770549,4.731504,4.689442,4.6952777,4.695714,4.6780148,4.652965,4.6577787,4.6517234,4.647547,4.64524,4.616256,4.635571,4.6457524,4.6162724,4.608538,4.6124325,4.585303,4.602534,4.608059,4.598856,4.607402,4.5868306,4.599584,4.577239,4.5878916,4.588186,4.564595,4.5760946,4.5883536,4.574163,4.594978,4.5909038,4.5939612,4.5853963,4.5964236,4.595838,4.608541,4.589443,4.6262174,4.6311684,4.6274943,4.6254363,4.6148796,4.6256185,4.651867,4.647392,4.6752687,4.701247,4.7098184,4.710524,4.7110643,4.718181,4.722397,4.7334223,4.727375,4.7699733,4.7765884,4.7887497,4.8030386,4.827911,4.805229,4.8496323,4.826646,4.835554,4.832891,4.8453383,4.8590765,4.8466625,4.814692,4.8159523,4.8028383,4.7912626,4.746254,4.7104936,4.7017317,4.664457,4.6759,4.6216435,4.594827,4.5557313,4.5535746,4.5108557,4.449835,4.415667,4.411841,4.354911,4.3281116,4.292814,4.2860947,4.2811813,4.2618737,4.230802,4.201929,4.175338,4.16516,4.1555586,4.1542077,4.12676,4.087688,4.113726,4.1042223,4.075881,4.0744677,4.0789976,4.057613,4.060768,4.051524,4.055744,4.0172186,4.0450554,4.056436,4.037205,4.0556717,4.0460258,4.03423,4.0243773,4.0500703,4.04464,4.060254,4.0595675,4.0683746,4.0829434,4.07752,4.0667953,4.072526,4.069738,4.1136374,4.127119,4.123098,4.148955,4.1482353,4.168191,4.196373,4.1866856,4.2005486,4.1896677,4.214485,4.2785687,4.282686,4.296306,4.3381815,4.335882,4.3465705,4.3489995,4.396585,4.4166408,4.386763,4.4342074,4.438741,4.4396353,4.481414,4.5143023,4.536041,4.526128,4.5601783,4.554538,4.5891204,4.5708847,4.600436,4.601636,4.6060076,4.6129317,4.629106,4.6379166,4.682786,4.7057524,4.689413,4.70742,4.750843,4.7480397,4.768884,4.7796383,4.7805524,4.789316,4.7874427,4.7930155,4.837104,4.8486543,4.8429675,4.8516874,4.8666825,4.880827,4.8762255,4.88138,4.892157,4.902123,4.9346128,4.916628,4.9328623,4.9637303,4.9545956,4.9801183,4.9748955,4.976939,4.972666,4.975541,4.9715056,4.9805517,4.9894366,4.9921703,4.981431,4.995879,5.005598,5.0023446,5.01126,5.039785,5.0110517,5.013459,5.0259485,5.0198135,5.0373983,5.0379577,5.0394874,5.0493207,5.041806,5.0373144,5.059136,5.0337763,5.0532537,5.0515575,5.057407,5.046322,5.0455537,5.034513,5.0563183,5.0195165,5.0567236,5.052996,5.035717,5.0257983,5.0320616,5.0394807,5.0404363,5.045466,5.0468655,5.0210953,5.040145,5.0316796,5.01621,5.027981,5.034241,5.0474944,5.019821,5.004324,5.0299873,5.000083,5.006805,4.994934,5.0156054,4.991214,5.0195904,5.0256996,5.006427,5.009863,5.0092587,5.0378785,5.0260954,5.0141478,5.0223947,5.0232677,5.022486,5.0294886,5.0103016,5.035324,5.02917,5.025148,5.0286517,4.991844,5.0141354,5.0132146,4.9925127,4.998056,5.00772,4.9900575,5.0229015,5.012598,5.005267,5.0096655,4.9994826,5.013303,4.9950266,5.018507,4.995269,5.0149174,4.9840713,4.976947,4.991423,4.9770784,4.9723063,4.9785743,4.961107,4.968231,4.9792986,4.9914093,4.9683137,4.977196,4.9603443,4.952401,4.952732,4.951289,4.93588,4.9592557,4.9550524,4.953396,4.928496,4.9383593,4.9450107,4.9329333,4.9254575,4.9151607,4.950241,4.9223647,4.9494934,4.953489,4.947363,4.9274673,4.953029,4.9483438,4.9387875,4.945133,4.944787,4.9330873,4.9161415,4.9485755,4.9313574,4.9489098,,,,,,,,,,,,,,,,,,,,,,,,,,,,,,,,,,,,,,,,,,,,,,,,,,,,,,,,,,,,,,,,,,,,,,,,,,,,,,,,,,,,,t80
FS/91.png,right,0.1576746000064304,5.024768,5.020602,5.0187817,5.023436,5.0385437,5.0239325,5.041132,5.018939,5.0315967,5.0301156,5.0367064,5.027735,5.0309386,5.038904,5.0309353,5.036922,5.025257,5.0349126,5.0246572,5.030826,5.03411,5.056385,5.0274024,5.0508957,5.0403337,5.027218,5.054477,5.059413,5.0742283,5.049554,5.0680313,5.0779667,5.080421,5.0830865,5.082749,5.0798464,5.0831113,5.078458,5.0835114,5.085171,5.080227,5.0798283,5.081417,5.0773764,5.092371,5.0838823,5.090897,5.093222,5.0834455,5.098744,5.1302047,5.1223807,5.1379137,5.1453905,5.1325245,5.118967,5.109321,5.096288,5.0843096,5.1037307,5.08335,5.107734,5.0707107,5.069304,5.0645823,5.036252,5.030896,5.008543,5.010456,4.97954,4.9801965,4.9930625,4.978017,4.9564223,4.941262,4.921766,4.927542,4.9133606,4.9123225,4.909204,4.887236,4.902827,4.883136,4.8761864,4.8591228,4.8686986,4.854948,4.859676,4.8362226,4.8600535,4.8324504,4.8618717,4.8362083,4.863856,4.8806753,4.8492284,4.856024,4.8737316,4.852009,4.86921,4.883921,4.856829,4.8620553,4.860902,4.873356,4.8934755,4.9084015,4.90212,4.9236703,4.9077125,4.922769,4.9432297,4.9533443,4.9383554,4.945158,4.966702,4.971406,4.9797244,4.966439,4.977897,4.984169,4.9895577,4.9869094,5.0099688,5.0239363,5.009318,5.008381,5.008623,5.008089,5.0444765,5.037866,5.045769,5.050635,5.060067,5.080277,5.0447106,5.0357103,5.0252695,5.040023,5.0068364,4.9955673,4.9550414,4.949497,4.911831,4.8461194,4.822543,4.7986193,4.7671185,4.713672,4.691542,4.6313987,4.578394,4.5688996,4.4875464,4.5235677,4.491746,4.403217,4.382851,4.3815317,4.369559,4.3348246,4.3489494,4.307527,4.2920227,4.246916,4.2122927,4.192813,4.179015,4.1768765,4.172831,4.1718526,4.148877,4.1385484,4.1541047,4.1284456,4.114864,4.0665584,4.0664244,4.081224,4.0891204,4.066719,4.0680103,4.087322,4.0591855,4.0647435,4.082161,4.074138,4.1030807,4.07109,4.0718927,4.0910454,4.107494,4.080066,4.079925,4.0908484,4.0982656,4.1044526,4.135829,4.1640997,4.130565,4.209411,4.218447,4.235794,4.2571483,4.275962,4.2969427,4.2900724,4.277632,4.308409,4.3106976,4.340633,4.345958,4.3600464,4.3980556,4.420284,4.435715,4.4475155,4.4771466,4.477539,4.4816813,4.480244,4.5534625,4.5412188,4.5555606,4.5939927,4.6100297,4.623691,4.618794,4.658606,4.631,4.6539197,4.6627064,4.6823254,4.693206,4.6966786,4.7326536,4.7685685,4.7715816,4.7866354,4.8027835,4.789872,4.814173,4.8042097,4.854361,4.8537464,4.8657336,4.867088,4.882496,4.87237,4.879882,4.9041715,4.8820434,4.8921905,4.910219,4.912598,4.928813,4.9408026,4.952464,4.9469967,4.9665704,4.972015,4.9891343,4.976732,4.9780817,5.0282607,4.990715,5.009771,5.0358706,5.0398865,5.0591693,5.0360475,5.0608807,5.0324993,5.0678463,5.059176,5.056327,5.0383463,5.0386133,5.0562177,5.057778,5.046861,5.0553927,5.050513,5.0519223,5.065331,5.023645,5.0292025,5.0298567,5.03008,5.0252576,5.0289917,5.020789,5.0180626,5.024684,5.0120416,5.0214596,5.0186186,4.994216,5.0140724,5.016389,4.978444,4.978335,4.964788,4.9796343,4.9534817,4.9535894,4.963145,4.949177,4.9452567,4.933056,4.9368057,4.9143624,4.8970585,4.880093,4.897374,4.901665,4.854043,4.866154,4.8358474,4.8076615,4.8537045,4.8491993,4.81462,4.840392,4.817753,4.837862,4.808593,4.815839,4.8063164,4.802119,4.8027616,4.799557,4.806005,4.8087206,4.811526,4.7855496,4.830868,4.8206897,4.795023,4.785097,4.7939363,4.7887144,4.8114786,4.8097177,4.8062778,4.80882,4.802243,4.823848,4.827409,4.7949204,4.806848,4.8298597,4.824496,4.795152,4.8240113,4.8199034,4.8009014,4.8235435,4.840497,4.8270674,4.835015,4.824333,4.8124065,4.823525,4.824885,4.825207,4.8255787,4.8204393,4.8358145,4.841004,4.824868,4.8324494,4.8510385,4.8339753,4.863872,4.842826,4.8330536,4.8563213,4.8252325,4.84109,4.858345,4.834992,4.862999,4.8337274,4.8432603,4.856673,4.851346,4.851566,4.8724513,4.855434,4.84508,4.8580036,4.8478184,4.8683414,4.8554063,4.8654933,4.8633337,,,,,,,,,,,,,,,,,,,,,,,,,,,,,,,,,,,,,,,,,,,,,,,,,,,,,,,,,,,,,,,,,,,,,,,,,,,,,,t88
FS/201.png,right,0.235549400007585,4.96951,4.9473586,4.933491,4.9320264,4.9774013,4.9532027,4.9396424,4.9653635,4.972617,4.97622,4.9540854,4.9803386,4.978802,4.957909,4.9706206,4.9753985,4.973473,4.9849353,4.964284,4.9831715,4.991266,4.9977856,4.9932656,5.0150824,4.999755,5.0140467,5.0091033,4.9835954,5.0125566,5.0224814,5.0279455,5.0292287,5.0150104,5.0288663,5.0237913,5.0430613,5.033101,5.027647,5.046218,5.0391226,5.041432,5.026936,5.040965,5.0372953,5.0605664,5.048398,5.043775,5.0416737,5.053768,5.0242133,5.040382,5.040334,5.033164,5.043143,5.0499697,5.054367,5.0588684,5.031702,5.0250354,5.0178146,5.0189066,5.014195,5.010823,5.014988,4.9842305,4.98753,4.993382,4.9655833,4.961892,4.952089,4.947042,4.966791,4.9242764,4.931342,4.8944926,4.9192147,4.903203,4.897483,4.9039073,4.8875055,4.879108,4.905012,4.8781004,4.882793,4.892887,4.8922653,4.887497,4.887673,4.911155,4.888483,4.8828206,4.89912,4.8939414,4.9089837,4.904366,4.926941,4.9191947,4.9330215,4.9180937,4.9263425,4.9577136,4.944451,4.9724593,4.958923,4.9473057,4.9738183,5.001069,4.9975877,4.9935718,5.002587,5.0079966,5.015988,5.0171394,5.0389514,5.0411625,5.0327086,5.046857,5.0460043,5.0679855,5.060309,5.0663404,5.0547233,5.048259,5.0697117,5.087908,5.0830564,5.097704,5.097023,5.098003,5.0937757,5.112512,5.1134233,5.072107,5.116731,5.072998,5.0835023,5.069006,5.065102,5.066172,5.003171,5.006916,4.943392,4.873335,4.8656454,4.8090167,4.7916274,4.7192645,4.694875,4.6618953,4.6596313,4.616713,4.566624,4.5341473,4.4618964,4.4835157,4.4240565,4.4154315,4.3790774,4.3260074,4.3157406,4.310059,4.279124,4.2423806,4.238199,4.2295036,4.2107606,4.2022424,4.190326,4.149241,4.1215997,4.123267,4.1145496,4.1023374,4.0913095,4.0693693,4.0882177,4.061453,4.0870447,4.063284,4.072592,4.050564,4.0480046,4.032679,4.061997,4.060782,4.040144,4.0444455,4.069652,4.0343776,4.0818925,4.054496,4.064561,4.0761895,4.087419,4.1115885,4.091689,4.087836,4.111305,4.123129,4.134399,4.118936,4.1362047,4.1575146,4.165485,4.153604,4.1810565,4.182851,4.3285227,4.295179,4.3644066,4.3879433,4.3997355,4.3625965,4.4029408,4.378177,4.480277,4.438289,4.4705114,4.4637113,4.5013084,4.5123854,4.5267363,4.544853,4.570341,4.6144867,4.6245723,4.6379786,4.631505,4.6518,4.6802583,4.6919236,4.693437,4.7270355,4.728321,4.767009,4.7469645,4.7649674,4.7913074,4.804805,4.8345695,4.834775,4.8401723,4.849827,4.855446,4.85412,4.8857346,4.91032,4.913519,4.8833594,4.905144,4.959583,4.9485493,4.980485,4.951922,4.95893,4.956721,4.978035,5.013144,4.9962206,4.9917183,5.0108705,5.020023,5.0168185,5.0107303,5.0467906,5.0535684,5.050086,5.059165,5.060015,5.0674057,5.079807,5.0927544,5.120107,5.106303,5.101931,5.1080656,5.1089926,5.1142654,5.1090035,5.102242,5.119319,5.128397,5.1303086,5.1342983,5.1236887,5.1320996,5.1490564,5.150363,5.125047,5.136337,5.1483884,5.150837,5.157746,5.1411705,5.1369495,5.1641355,5.1672454,5.1605678,5.144438,5.1586165,5.164485,5.156727,5.146949,5.1598926,5.1728487,5.160357,5.1610303,5.1565504,5.138061,5.1656938,5.1530175,5.1621237,5.148197,5.1211047,5.1115513,5.1660633,5.1148844,5.100296,5.129239,5.113396,5.122831,5.12348,5.127451,5.0987864,5.138974,5.1278324,5.1321273,5.1065836,5.123057,5.1190658,5.127805,5.1345367,5.121017,5.1210318,5.1242514,5.095779,5.109569,5.0886784,5.0999184,5.0907965,5.071422,5.0906696,5.0875645,5.0630536,5.071339,5.0683875,5.0681057,5.0682044,5.0423737,5.0458317,5.0431957,5.0617213,5.037304,5.050285,5.0383925,5.0588193,5.0342116,5.041923,5.0323935,5.0456343,5.0307903,5.049285,5.0242524,5.043007,5.009214,5.011621,5.0115786,5.004126,5.020065,5.007468,5.0017323,5.0340843,5.024622,5.0086365,5.004369,5.0224204,5.0279527,5.0110865,5.023077,4.9931483,5.0339484,5.025622,5.010905,5.0187345,5.0134954,5.034716,5.0089173,4.9985657,4.9962177,5.019939,5.0065694,5.0029926,5.0063334,5.0058694,5.007494,4.9965916,5.0245275,4.9882755,5.034734,4.995236,,,,,,,,,,,,,,,,,,,,,,,,,,,,,,,,,,,,,,,,,,,,,,,,,,,,,,,,,,,,,,,,,,,,,,,,,,,t81
FS/571.png,right,0.3436433999886503,4.963146,4.9708276,4.95945,4.9789286,4.968743,4.9724455,4.97737,4.9744544,4.9860573,4.977374,4.968854,4.9633827,4.9586754,4.9770064,4.977784,4.9840612,4.9992933,4.992903,4.995805,5.000059,4.996755,5.0010457,5.002182,4.9976315,5.0013447,5.0092573,5.0046916,5.0457225,5.005767,5.026601,5.0098634,5.0191135,5.0503516,5.039263,5.032412,5.0404058,5.026382,5.0477843,5.051792,5.0718307,5.0474153,5.0570436,5.064145,5.0390453,5.0828643,5.0535836,5.0797973,5.0572066,5.0762157,5.0676684,5.0755424,5.0723357,5.0781255,5.056457,5.0686727,5.0595713,5.0567684,5.0818677,5.069386,5.063416,5.0709524,5.049865,5.0510154,5.0461693,5.052929,5.0590615,5.0168767,5.010661,5.0037513,5.0091343,4.9797726,4.9600782,4.966152,4.9494143,4.95747,4.9272575,4.9116282,4.9045477,4.8813047,4.8837233,4.8899283,4.874139,4.8605127,4.868977,4.855886,4.853563,4.837324,4.869689,4.854138,4.843665,4.849221,4.8451304,4.844922,4.8524327,4.841755,4.8525233,4.835735,4.8477507,4.8366494,4.847414,4.847063,4.8779826,4.876707,4.8616576,4.884207,4.876751,4.866852,4.8725505,4.908599,4.873902,4.906996,4.9076405,4.8934593,4.907246,4.9251227,4.95517,4.9484,4.954698,4.9565325,4.951407,4.966271,4.960941,4.9751124,4.9929194,4.9966316,4.990944,5.0003233,4.9818163,5.0222073,5.0196614,4.9979653,5.0048637,5.0100274,5.0131807,5.026505,5.020874,4.985539,4.9681005,4.958745,4.919393,4.9152803,4.8536844,4.8260055,4.824494,4.7750363,4.7369843,4.7132635,4.6787243,4.6314692,4.596248,4.5559144,4.5415525,4.508019,4.4956555,4.4771986,4.41216,4.4306626,4.398018,4.362955,4.3200154,4.3234925,4.252061,4.2886586,4.2335486,4.2373967,4.2267795,4.231643,4.2045817,4.1997113,4.193076,4.1730514,4.1838927,4.176793,4.193391,4.1756773,4.168844,4.1768146,4.1642246,4.15773,4.164907,4.1718946,4.167282,4.169207,4.173429,4.1820645,4.1675544,4.1830783,4.1864047,4.178923,4.1852827,4.195362,4.212088,4.213196,4.206174,4.2078366,4.241277,4.233794,4.2747555,4.273952,4.298645,4.3237743,4.3460126,4.340171,4.3636236,4.380939,4.409394,4.416672,4.4078617,4.422696,4.460106,4.476177,4.4994364,4.501964,4.512588,4.549706,4.5622764,4.561442,4.5873165,4.58464,4.5942817,4.6096883,4.611535,4.6148014,4.6461225,4.6471744,4.619011,4.659732,4.6839676,4.676699,4.706369,4.70085,4.722251,4.761962,4.7548223,4.7878094,4.7915535,4.8038654,4.829132,4.844974,4.8381705,4.838498,4.85764,4.873539,4.8846097,4.9031224,4.8997917,4.893112,4.9244537,4.943374,4.956032,4.9613476,4.958866,4.981179,4.9887857,4.997553,5.011096,5.00936,5.0170207,5.0207915,5.0535717,5.0447516,5.0470724,5.067168,5.064362,5.0633674,5.0924926,5.0954127,5.0786486,5.0775437,5.103907,5.113007,5.112374,5.107932,5.134136,5.1039524,5.1368194,5.1223135,5.1333456,5.115202,5.1445384,5.138267,5.145578,5.153422,5.152783,5.148139,5.147156,5.1550355,5.1526194,5.166794,5.1559787,5.1620092,5.163108,5.1534348,5.1602387,5.1568384,5.1730824,5.1782994,5.1746893,5.169165,5.166805,5.1808376,5.190056,5.1798806,5.204352,5.195204,5.218418,5.2046723,5.225334,5.1919966,5.20211,5.224052,5.1881337,5.231058,5.2215533,5.202737,5.214125,5.22397,5.2220945,5.242889,5.232499,5.2285953,5.253543,5.242096,5.2304306,5.241256,5.2313113,5.2337627,5.2374487,5.2209425,5.2463775,5.2447205,5.2530894,5.2440314,5.236827,5.2560873,5.221479,5.248913,5.2027025,5.227207,5.246707,5.2309775,5.233508,5.2069573,5.2319474,5.2288294,5.2119703,5.2168036,5.2241583,5.2118025,5.2182713,5.191276,5.19715,5.2005095,5.222755,5.198745,5.1923966,5.2083006,5.182609,5.1858835,5.203793,5.17502,5.1879354,5.1782856,5.209788,5.1856704,5.180518,5.184235,5.1700287,5.182589,5.1776285,5.1652055,5.182114,5.1721783,5.160322,5.2042766,5.1785398,5.2058034,5.163539,5.198636,5.158247,5.1949434,5.1827164,5.198698,5.1749434,5.1832542,5.1745906,5.1836314,5.1673408,5.2045455,5.206289,5.1851664,5.179645,5.1968307,5.2021627,5.1902347,5.1952662,5.209734,5.1692286,5.1953254,5.2291565,5.1996417,5.191385,5.186328,5.210216,5.2266684,5.18845,5.202522,5.2028565,5.208612,5.2269526,5.230486,5.2422023,5.244217,5.22206,5.231276,5.24931,5.2397127,5.2437987,,,,,,,,,,,,,,,,,,,,,,,,,,,,,,,,,,,,,,,,,,,,,,,,,,,,,,,,,t86
FS/181.png,right,0.1370655999926384,4.9621596,4.982027,4.993314,4.970997,4.9787483,4.973622,4.9741874,4.9833865,4.997676,4.979173,4.982727,4.9793563,4.99603,4.9926167,4.9872894,5.0052385,5.009137,4.996862,5.0025783,5.00079,5.0368657,5.0169015,5.030672,5.01471,5.0282564,5.0314617,5.0238247,5.0009856,5.0306106,5.0446744,5.011605,5.0212197,5.014664,4.9941287,5.0220623,5.003764,5.026847,5.035803,5.014162,5.019757,5.016965,4.990002,5.0400205,5.020737,5.01949,4.9691024,5.010401,5.0237784,5.0253024,5.036976,5.018793,5.0048885,5.031392,5.022727,5.0273943,5.0328155,4.999688,5.0242105,5.04682,5.0162597,5.0128107,5.0030766,5.023716,4.9998426,5.0070095,4.9831944,4.9842877,4.963696,4.9750066,4.9954066,4.9469414,4.9583564,4.990412,5.0002255,4.983295,4.9850187,4.96267,4.9966917,4.975081,4.9426184,4.957389,4.980371,5.005819,4.9501333,4.979394,5.026731,4.979495,4.986348,4.9772363,4.9988976,5.0043764,5.0137286,5.0121746,5.013365,5.0206156,5.0206714,5.026041,5.0362973,5.018847,5.0466614,5.018359,5.024473,5.0461116,5.0302854,5.043435,5.0058875,5.031425,5.0373206,5.0274816,5.031496,5.036545,5.0346212,5.022027,5.029476,5.0311413,5.0372586,5.0383677,5.0337396,5.0437794,5.032474,5.036376,5.0300007,5.0344105,5.037664,5.042336,5.028542,5.027882,5.0314226,5.0334277,5.0356636,5.02417,5.0163507,5.018871,5.013811,5.01001,4.9995427,5.0003023,4.952199,4.9094,4.913127,4.84723,4.8437767,4.7733335,4.738962,4.710883,4.674677,4.623463,4.6179442,4.583842,4.543151,4.496933,4.468492,4.448973,4.438073,4.369836,4.3259516,4.3136163,4.2731338,4.243628,4.2324066,4.2219505,4.1893606,4.178457,4.1705537,4.102475,4.1149015,4.1183205,4.1000643,4.0807853,4.0945783,4.0623574,4.028109,4.0201545,4.016087,3.9943511,4.001478,3.9988377,3.9479082,3.9943311,3.9592934,3.9646955,3.9669724,3.9587572,3.9540176,3.956877,3.9557836,3.9535456,4.00463,3.9876034,3.9660351,3.9978216,3.9866965,3.9902124,4.005391,4.018117,4.009365,4.023991,4.0147376,4.0457172,4.0664525,4.0676255,4.0898805,4.123142,4.1247654,4.1396008,4.1304708,4.1484656,4.1677394,4.173167,4.183108,4.186168,4.1955037,4.232308,4.224893,4.2238173,4.2460012,4.295564,4.291723,4.2881174,4.354318,4.344335,4.3700104,4.380554,4.383847,4.408875,4.4158697,4.435165,4.4364524,4.4558496,4.459749,4.4779315,4.490072,4.5385594,4.5484524,4.5248737,4.5676026,4.5617437,4.5644574,4.591438,4.594809,4.6197805,4.6113477,4.6316943,4.6392546,4.632597,4.6684403,4.650357,4.6761575,4.685442,4.7135773,4.7037096,4.737307,4.749046,4.746267,4.743059,4.7628107,4.7562795,4.7729287,4.773457,4.7762065,4.772616,4.792129,4.782499,4.8002234,4.814731,4.8381743,4.831785,4.857399,4.8443303,4.838404,4.865216,4.870963,4.848044,4.8849277,4.867022,4.8888083,4.9211984,4.894793,4.8791084,4.914693,4.9144955,4.931452,4.9074287,4.9390717,4.9308367,4.885102,4.8989244,4.9167414,4.9164085,4.9046164,4.8963637,4.8925805,4.895538,4.921734,4.8998456,4.9077764,4.9202814,4.882265,4.8810563,4.881191,4.9078326,4.912152,4.8832088,4.89313,4.894999,4.8987594,4.8635173,4.874284,4.884826,4.8726115,4.8623977,4.878667,4.853311,4.84041,4.853263,4.850467,4.8489203,4.8374195,4.8193345,4.824016,4.8408794,4.8379426,4.8089194,4.799518,4.791437,4.8002205,4.811424,4.787091,4.812408,4.7549753,4.77952,4.796382,4.777279,4.7745,4.7444286,4.7503266,4.7564692,4.739723,4.734178,4.741515,4.7822595,4.755888,4.7411337,4.7332,4.7386603,4.721342,4.7613397,4.7274494,4.7326083,4.7316194,4.74934,4.736302,4.728862,4.7283163,4.724211,4.71061,4.7287197,4.713371,4.723184,4.709278,4.7232947,4.712576,4.720127,4.72307,4.7222304,4.718702,4.735738,4.7190795,4.732483,4.7539,4.7230525,4.7285075,4.739841,4.7381654,4.7225337,4.734619,4.7439346,4.754029,4.71838,4.756681,4.7553825,4.77642,4.7336774,4.7396507,4.7404857,4.751706,4.742401,4.7890716,4.787054,4.7916327,4.760371,4.779614,4.7984996,4.8213434,4.8078413,,,,,,,,,,,,,,,,,,,,,,,,,,,,,,,,,,,,,,,,,,,,,,,,,,,,,,,,,,,,,,,,,,,,,,,,,,,,,,,,t91
FS/191.png,left,0.2042245999909937,4.820707,4.82715,4.820979,4.8280783,4.8222895,4.835402,4.820644,4.8467584,4.839365,4.845936,4.826622,4.8444953,4.8596025,4.8545504,4.8494606,4.8563633,4.846129,4.8604784,4.85532,4.8575654,4.8521595,4.8521657,4.8608117,4.8536267,4.8788905,4.8644814,4.8829994,4.8732424,4.8561473,4.8654947,4.8737016,4.854465,4.881536,4.8489046,4.865914,4.885144,4.8750525,4.8611298,4.874428,4.8756223,4.862771,4.872421,4.8578835,4.845354,4.855843,4.8614674,4.878444,4.868709,4.8534274,4.8695364,4.840227,4.8161364,4.80864,4.8084965,4.8120937,4.777351,4.8209095,4.7968426,4.8097887,4.811212,4.7737894,4.761718,4.747985,4.7200575,4.724793,4.7228475,4.6896434,4.706999,4.6773214,4.684223,4.6317406,4.6653056,4.6284323,4.6207123,4.625741,4.6059723,4.5978255,4.576987,4.592498,4.601909,4.5888824,4.5863576,4.5748653,4.590983,4.576172,4.5830812,4.5876374,4.5876336,4.586039,4.59133,4.5735655,4.593206,4.5914693,4.592256,4.5871496,4.6030393,4.6129785,4.611822,4.6429663,4.6052203,4.6351104,4.62585,4.6564317,4.6434746,4.656711,4.6785936,4.6799555,4.7049227,4.68317,4.7047496,4.703074,4.703091,4.721882,4.7363124,4.7346597,4.745813,4.738792,4.748768,4.743637,4.7515774,4.775665,4.7637377,4.759532,4.770954,4.764374,4.7699533,4.784341,4.7593036,4.7651515,4.788601,4.7916,4.7876406,4.7890325,4.783865,4.7938447,4.7790794,4.7652044,4.7580957,4.747774,4.721199,4.6931367,4.6636806,4.64113,4.60619,4.552301,4.496588,4.4652576,4.456883,4.4539,4.4138904,4.3541584,4.34856,4.312463,4.2377505,4.2249594,4.207875,4.178492,4.1619043,4.10505,4.1058908,4.106779,4.099241,4.026753,4.029246,4.00643,3.9730358,3.956223,3.9528697,3.9218147,3.9197142,3.9000025,3.8771124,3.8993897,3.8989303,3.8851635,3.8870044,3.8715496,3.85091,3.8600836,3.8809795,3.8511443,3.8561625,3.8461182,3.8595893,3.8254848,3.8484643,3.8432403,3.8549373,3.8448954,3.8544853,3.886075,3.874731,3.9203424,3.9054384,3.934259,3.9435587,3.9402528,3.9389844,3.9555867,3.9561834,3.9617567,3.9495962,4.0085297,4.012346,4.050697,4.046568,4.0687237,4.0671725,4.0890417,4.091979,4.1446347,4.1546297,4.169003,4.155101,4.173833,4.1862326,4.1805005,4.2048073,4.2312303,4.2247143,4.2324057,4.2763004,4.302694,4.312104,4.3218355,4.359383,4.3616705,4.366261,4.359818,4.3919706,4.3939548,4.4204164,4.396949,4.4401026,4.4438195,4.4491343,4.477559,4.4769726,4.5131145,4.5296407,4.5318084,4.5483885,4.5546565,4.548552,4.571303,4.5693107,4.5892835,4.5847487,4.612792,4.636756,4.630529,4.616954,4.64696,4.6574917,4.6860957,4.685331,4.6901026,4.6901646,4.703426,4.7185764,4.7164545,4.7409687,4.7405815,4.7510605,4.757304,4.756361,4.7645493,4.7581873,4.7860103,4.775697,4.784302,4.8053513,4.7952604,4.802032,4.8184886,4.787786,4.827719,4.841382,4.8275876,4.8286653,4.853788,4.8524833,4.8513117,4.84424,4.8502717,4.8529873,4.85831,4.84199,4.8557777,4.8505597,4.848775,4.861,4.8603015,4.8354278,4.852074,4.8777094,4.848511,4.8712707,4.8650503,4.856058,4.872741,4.8768387,4.85707,4.872739,4.846908,4.857329,4.8253355,4.8301287,4.850745,4.834584,4.8340063,4.840194,4.838896,4.8389435,4.822725,4.8264794,4.8332796,4.8295627,4.823385,4.826243,4.828027,4.8063273,4.8182564,4.8032303,4.8320866,4.8131266,4.8146763,4.822388,4.8176727,4.800541,4.810164,4.812621,4.788442,4.807816,4.811488,4.8058505,4.8048744,4.787429,4.799593,4.7926474,4.8067794,4.80866,4.790621,4.8103094,4.823834,4.7982507,4.78697,4.7895627,4.805966,4.7937703,4.783173,4.802519,4.80143,4.7854433,4.7940054,4.781832,4.801521,4.7969904,4.80576,4.8118114,4.796844,4.810986,4.792402,4.7803316,4.809131,4.7818646,4.7776475,4.7894,4.79969,4.8211155,4.799677,4.792805,4.804464,4.794987,4.816126,4.8034053,4.7967916,4.787106,4.812549,4.784447,4.785475,4.7745214,4.782218,4.8119597,4.8048472,4.805347,4.8317537,4.815039,4.7980433,4.8230724,4.813284,4.799996,4.797094,4.818138,4.8387365,4.824073,4.8253546,4.8042464,4.79829,4.8291783,4.8490715,4.8309445,4.8243494,4.823955,4.8433256,,,,,,,,,,,,,,,,,,,,,,,,,,,,,,,,,,,,,,,,,,,,,,,,,,,,,,,,,,,,,,,,,,,,,,t92
FS/81.png,left,0.1386141999973915,4.761104,4.762252,4.7673297,4.772564,4.757344,4.772911,4.729998,4.7306466,4.744047,4.7532525,4.766372,4.775094,4.7319336,4.7383432,4.7651744,4.7580123,4.7533913,4.760598,4.7319922,4.728594,4.727978,4.733942,4.725221,4.722398,4.701414,4.7078533,4.7178698,4.7437897,4.716386,4.71295,4.7118444,4.7478776,4.7372828,4.714257,4.7165494,4.709603,4.700719,4.722754,4.7002935,4.703112,4.705332,4.7168093,4.7211556,4.7109547,4.699044,4.726675,4.7228494,4.6928453,4.733745,4.7171407,4.717851,4.7343893,4.728994,4.73776,4.7477055,4.6912293,4.734144,4.73429,4.7512474,4.7242246,4.6982493,4.6993346,4.7333736,4.7113132,4.6839643,4.6599298,4.6606894,4.646004,4.6472597,4.6786127,4.669673,4.654762,4.6516337,4.6638546,4.655581,4.663962,4.650464,4.6483,4.6481647,4.6367345,4.6599164,4.654309,4.6370697,4.64486,4.6529756,4.658885,4.6457067,4.633473,4.6532445,4.648317,4.65705,4.645533,4.6589046,4.650651,4.644416,4.6873493,4.6857047,4.6892977,4.7035937,4.6873083,4.69934,4.6952467,4.694645,4.6861534,4.684658,4.7361007,4.7289762,4.7064342,4.710839,4.7290673,4.722858,4.735509,4.7294707,4.744079,4.740712,4.7559834,4.763539,4.733889,4.761276,4.752202,4.7615767,4.770278,4.751124,4.780097,4.770061,4.7717595,4.771896,4.7672358,4.7667966,4.7740855,4.770911,4.779412,4.8023453,4.7876587,4.7752666,4.780921,4.7684274,4.768309,4.7599254,4.7443485,4.734487,4.677472,4.6777534,4.68033,4.63657,4.5702715,4.5186377,4.491619,4.4796605,4.41266,4.403295,4.3965583,4.3449345,4.3029785,4.29237,4.239134,4.2251806,4.214009,4.1552286,4.1722,4.1396995,4.0787683,4.059542,4.0323763,4.0179915,3.9869757,3.982594,3.9793222,3.947162,3.949074,3.899383,3.9417694,3.933626,3.932969,3.9171402,3.9179604,3.9174922,3.8938525,3.8914526,3.8728316,3.8424277,3.8629498,3.895382,3.8618188,3.8708246,3.8677838,3.915074,3.8870482,3.887104,3.9031699,3.9017913,3.897617,3.90691,3.929501,3.9092915,3.903296,3.9150984,3.9281654,3.9068966,3.935959,3.9278355,3.942214,3.9424887,3.969765,4.2337155,4.139489,4.1974688,4.2276206,4.195285,4.180577,4.2023263,4.2589684,4.2856627,4.2943563,4.3017445,4.306807,4.296308,4.3081064,4.3077483,4.334684,4.3870673,4.380846,4.363079,4.396357,4.4086766,4.443921,4.437827,4.4560738,4.466599,4.4569125,4.487907,4.4885473,4.5159473,4.4781866,4.5255966,4.5412116,4.5083466,4.5285587,4.545879,4.5686707,4.5831766,4.573226,4.5701632,4.5715337,4.575627,4.5927386,4.5925894,4.5856824,4.617888,4.6222734,4.6181207,4.621142,4.6333485,4.6300535,4.6349044,4.6362014,4.633593,4.648697,4.6419806,4.629565,4.6293015,4.627373,4.63095,4.613563,4.631591,4.6315584,4.6332226,4.6263266,4.6199293,4.6286674,4.6211977,4.6095777,4.6292253,4.6186624,4.619549,4.614044,4.6411324,4.6546807,4.6610928,4.6539717,4.6544905,4.6614594,4.6667404,4.666937,4.6438107,4.6628304,4.650737,4.660063,4.666812,4.6552243,4.6581974,4.6323886,4.620581,4.6499124,4.645185,4.6463823,4.634862,4.612356,4.603978,4.655976,4.6450844,4.621937,4.6322265,4.638508,4.613876,4.62551,4.5880904,4.611969,4.582106,4.5743165,4.5464077,4.536431,4.554565,4.5512958,4.522841,4.515563,4.5227737,4.49217,4.507095,4.507869,4.4958863,4.5038643,4.505248,4.49086,4.499507,4.4796667,4.501072,4.4591274,4.496766,4.4562216,4.4763494,4.4660974,4.4594555,4.44772,4.4690757,4.421559,4.4395714,4.4507337,4.44316,4.438941,4.4203067,4.420972,4.4521427,4.411624,4.4458427,4.4085846,4.41601,4.425597,4.432766,4.4231443,4.4245152,4.405876,4.41324,4.40479,4.4105186,4.39918,4.4107227,4.39242,4.3951488,4.368682,4.387787,4.408662,4.405603,4.4047585,4.426061,4.4133987,4.4112663,4.3959136,4.392822,4.385434,4.403756,4.400849,4.4049854,4.399439,4.4047704,4.4088964,4.40158,4.401002,4.4104447,4.416687,,,,,,,,,,,,,,,,,,,,,,,,,,,,,,,,,,,,,,,,,,,,,,,,,,,,,,,,,,,,,,,,,,,,,,,,,,,,,,,,,,,,,,,,,,,,,,,t94
FS/561.png,left,0.2328564000054029,4.8418174,4.85437,4.8713865,4.8599877,4.857539,4.8837843,4.896736,4.8589664,4.863634,4.8863173,4.8997006,4.888782,4.8839087,4.903767,4.8810377,4.8669457,4.9096956,4.869245,4.8618894,4.903014,4.8930492,4.876698,4.8962874,4.8984914,4.8847985,4.8736687,4.8890915,4.882647,4.9066463,4.8963704,4.8968806,4.900531,4.926134,4.8915195,4.8943267,4.8852396,4.897671,4.90696,4.905261,4.9301763,4.91368,4.932703,4.8959856,4.9362183,4.9309907,4.9287324,4.943195,4.9289937,4.929998,4.9373493,4.934769,4.918437,4.938103,4.9175,4.933808,4.9210663,4.943728,4.935237,4.9143405,4.9219184,4.9060297,4.917189,4.90378,4.8827796,4.8715196,4.8747272,4.8757057,4.8880067,4.854497,4.8596797,4.8533163,4.829681,4.8473425,4.8254805,4.820636,4.851034,4.8174467,4.812191,4.8034263,4.789056,4.7781386,4.7974977,4.7960057,4.805232,4.8152704,4.795372,4.7910686,4.8437424,4.8127546,4.8254747,4.827908,4.8699207,4.826103,4.8666096,4.856796,4.886238,4.8743324,4.841827,4.8962536,4.9028773,4.90014,4.916178,4.890472,4.9152174,4.9126334,4.915093,4.913284,4.9164305,4.9359035,4.9217386,4.925991,4.9347258,4.94664,4.938345,4.9701943,4.9663734,4.9912963,4.987255,4.972906,4.998909,5.0106754,5.011764,5.002785,5.0421686,5.067815,5.063858,5.0557823,5.0899158,5.0616794,5.0846367,5.0892696,5.0666223,5.06642,5.0812116,5.0741515,5.069717,5.027241,4.968001,4.981927,4.9388514,4.920001,4.871677,4.845235,4.8041043,4.753063,4.689466,4.676544,4.661037,4.60693,4.588801,4.560972,4.522867,4.4650526,4.4120865,4.382931,4.384582,4.340143,4.3149085,4.3157415,4.2765584,4.2374067,4.2351656,4.184784,4.2084265,4.187025,4.152473,4.12554,4.1017103,4.083263,4.071021,4.080384,4.0683064,4.0598245,4.061121,4.057953,4.06199,4.0529637,4.036878,4.0306926,4.0361233,4.0214205,4.037767,4.0148373,4.0583124,4.040625,4.032548,4.0543547,4.053728,4.0616903,4.0387025,4.061345,4.0718336,4.07857,4.066505,4.103367,4.0745244,4.14408,4.1104484,4.1441636,4.12021,4.127335,4.1488667,4.1279535,4.156909,4.184673,4.182084,4.1734924,4.167553,4.18362,4.217817,4.2304416,4.2000003,4.2211146,4.225705,4.2987676,4.3583674,4.350413,4.357011,4.3814406,4.4042363,4.4193435,4.4250884,4.422864,4.439257,4.4553347,4.4878197,4.4998755,4.525742,4.5468845,4.538445,4.5502863,4.568761,4.5765953,4.597457,4.5934706,4.5933595,4.5920258,4.616419,4.6676865,4.634995,4.6631103,4.6974096,4.6867743,4.712822,4.7302284,4.7039504,4.7155523,4.691828,4.6821847,4.7034597,4.685914,4.6836476,4.7096834,4.693315,4.7103467,4.683381,4.744806,4.759461,4.7511744,4.767984,4.785784,4.808696,4.782917,4.8183236,4.826342,4.8173256,4.826224,4.826492,4.829321,4.8283315,4.8393717,4.843643,4.8581147,4.8558626,4.8594265,4.8634906,4.887896,4.8637166,4.884305,4.8895984,4.8771667,4.9015822,4.8933005,4.8899407,4.8928194,4.89677,4.926812,4.9309826,4.9439683,4.928518,4.955952,4.946601,4.9638667,4.9667196,4.9635906,4.9780955,4.9601703,4.977035,4.965159,4.9902325,4.959869,4.96736,4.9635944,4.9707537,4.967774,4.9584155,4.970442,4.957842,4.962364,4.970818,4.954418,4.9578023,4.9599156,4.970489,4.9435635,4.94971,4.9600687,4.95516,4.9372187,4.945896,4.9194527,4.9281397,4.9368033,4.8913503,4.9338737,4.908133,4.918815,4.9362965,4.9204307,4.897567,4.8593016,4.88659,4.884412,4.892444,4.878745,4.9018908,4.8752556,4.883506,4.89342,4.9017706,4.880297,4.87722,4.870174,4.876159,4.893024,4.8791447,4.8681774,4.893186,4.846838,4.87134,4.862248,4.8633766,4.8600187,4.8711605,4.8540783,4.8463836,4.8529725,4.8689795,4.8366528,4.8745685,4.841786,4.8476214,4.819826,4.8360124,4.857337,4.8809395,4.854848,4.863294,4.861919,4.84414,4.850241,4.8742156,4.841231,4.858152,4.8452263,4.8792334,4.870519,4.8727074,4.8657107,4.8680506,4.8889737,4.8846416,4.9230013,4.898935,4.923727,4.9119353,4.906222,4.921678,4.9197483,4.923043,4.9247775,4.934929,4.910841,4.923689,4.9374633,4.948903,4.9352837,4.9644184,4.953324,4.9519286,4.9440746,4.9654503,4.938051,4.9728656,,,,,,,,,,,,,,,,,,,,,,,,,,,,,,,,,,,,,,,,,,,,,,,,,,,,,,,,,,,,,,,,,,,,,,,t96
FS/471.png,left,0.1388286000001244,5.159351,5.1663966,5.1542597,5.1792355,5.1632147,5.168049,5.1671057,5.1598773,5.1720266,5.172651,5.1911426,5.168516,5.192467,5.1845503,5.1900444,5.1830177,5.1998324,5.1773887,5.1893263,5.1905336,5.174128,5.182588,5.176088,5.1681023,5.18987,5.183624,5.1895943,5.1841965,5.178488,5.20374,5.1915145,5.195719,5.1989613,5.196016,5.17911,5.18752,5.1812873,5.1818643,5.186293,5.183948,5.178368,5.1861453,5.1933317,5.2013173,5.1839037,5.2115865,5.188329,5.201515,5.189545,5.1932716,5.182241,5.203243,5.1865664,5.1835623,5.1710258,5.1641507,5.1621175,5.1768255,5.1641927,5.164305,5.1591015,5.145645,5.1419973,5.127406,5.127545,5.1010437,5.0828753,5.0861764,5.0654783,5.0649447,5.048265,5.042869,5.0173364,5.0137897,4.9946556,4.9710736,5.0007052,4.9711294,4.952214,4.9456773,4.9204297,4.911955,4.9155054,4.9359345,4.921918,4.9322143,4.933174,4.918315,4.907031,4.9199038,4.9030933,4.908283,4.9022956,4.9260554,4.915383,4.9170246,4.9198523,4.8989744,4.922921,4.911774,4.9129086,4.9154143,4.900024,4.9080234,4.9194818,4.938259,4.936711,4.925722,4.930221,4.9422283,4.936163,4.9157653,4.917959,4.9465938,4.934744,4.953984,4.944829,4.9659066,4.962968,4.967996,4.9687195,4.973426,4.983583,4.9766703,4.984233,4.969112,4.977252,5.005954,4.994191,4.998567,5.0096674,5.0216136,5.007389,5.0181427,4.9971843,5.0128403,4.991405,5.0141335,4.983787,4.9534063,4.9507422,4.911919,4.896485,4.872256,4.8191953,4.790055,4.7584867,4.70418,4.6716104,4.6200147,4.6018863,4.6048117,4.569052,4.523708,4.4965105,4.4432197,4.417661,4.3936634,4.368215,4.327213,4.3020005,4.306749,4.2957335,4.288374,4.224646,4.203924,4.2084603,4.193089,4.186092,4.161025,4.135936,4.1514287,4.1356187,4.1558127,4.1098595,4.1379714,4.1158824,4.1124663,4.1030793,4.090435,4.0752997,4.0718436,4.0666857,4.073805,4.080939,4.0661173,4.043793,4.0738287,4.1042767,4.0753365,4.0389886,4.082178,3.9563773,3.8996007,3.5151134,3.7329328,3.880777,4.2942243,4.3836455,4.2980137,4.282211,4.260556,4.2884555,4.339456,4.332565,4.364973,4.3636584,4.4067016,4.400165,4.429502,4.4420567,4.4545007,4.4549713,4.4819026,4.4792395,4.4885745,4.5067997,4.5346837,4.54118,4.5618796,4.589339,4.601598,4.5990696,4.620716,4.638915,4.649578,4.6591873,4.679063,4.676425,4.696154,4.70188,4.7312326,4.7551374,4.7715945,4.758719,4.7689857,4.776832,4.7814255,4.800228,4.796372,4.7882543,4.797914,4.8083773,4.81846,4.861345,4.853977,4.8782377,4.883455,4.883551,4.891784,4.9270372,4.9301524,4.928235,4.923819,4.9290795,4.9577436,4.982107,4.9662313,4.979686,4.965567,4.9804745,4.976454,4.9891825,4.9621253,5.0026793,4.99428,4.9999795,4.99467,4.994547,4.9923887,5.020131,4.9927173,5.0181823,5.00272,5.014421,5.0075703,5.0081387,5.0034547,5.0196857,5.0096793,5.014186,5.0017514,5.0048547,5.0220623,5.022297,5.0120654,5.023556,5.02592,5.0241513,5.022534,5.031451,5.0405354,5.018912,5.0459695,5.0300865,5.019739,5.0241084,5.0250673,5.028213,5.0091605,5.0078754,5.011791,5.0182962,5.022009,5.0245967,5.0353413,5.020986,5.0045304,5.013783,5.014525,5.0097065,4.9946237,5.015694,5.0244923,5.0049024,5.015012,5.010202,5.0075316,5.013822,5.0018954,5.0171657,4.997426,5.006613,4.99093,5.001815,4.997487,5.0031857,5.0036397,5.0037603,4.9999447,5.018368,5.0055413,5.0041733,5.009923,5.00011,5.0109787,5.0148697,5.0225334,5.0163918,5.0178995,5.0100036,5.028062,5.0245147,5.0076427,5.012886,5.0145597,5.0081396,5.039047,5.0205994,5.018453,5.009577,5.039884,5.045274,5.0442142,5.023991,5.037462,5.0460052,5.046514,5.028657,5.029067,5.038292,5.045672,5.0285463,5.057366,5.0447173,5.061427,5.0611415,5.0508094,5.054762,5.0805964,5.0718074,5.078686,5.096508,5.084286,5.08077,5.113878,5.1394606,5.1045995,5.131955,5.1311,,,,,,,,,,,,,,,,,,,,,,,,,,,,,,,,,,,,,,,,,,,,,,,,,,,,,,,,,,,,,,,,,,,,,,,,,,,,,,,,,,,,,,,,,,,,,,,t103
