t87,t88,t89,t90,t91,t92,t93,t94,t95,t96,t97,t98,t99,t100,t101,t102,t103,t104,t105,t106,t107,t108,t109,t110,t111,t112,t113,t114,t115,t116,t117,t118,t119,t120,t121,t122,t123,t124,t125,t126,t127,t128,t129,t130,t131,t132,t133,t134,t135,t136,t137,t138,t139,t140,t141,t142,t143,t144,t145,t146,t147,t148,t149,t150,t151,t152,t153,t154,t155,t156,t157,t158,t159,t160,t161,t162,t163,t164,t165,t166,t167,t168,t169,t170,t171,t172,t173,t174,t175,t176,t177,t178,t179,t180,t181,t182,t183,t184,t185,t186,t187,t188,t189,t190,t191,t192,t193,t194,t195,t196,t197,t198,t199,t200,t201,t202,t203,t204,t205,t206,t207,t208,t209,t210,t211,t212,t213,t214,t215,t216,t217,t218,t219,t220,t221,t222,t223,t224,t225,t226,t227,t228,t229,t230,t231,t232,t233,t234,t235,t236,t237,t238,t239,t240,t241,t242,t243,t244,t245,t246,t247,t248,t249,t250,t251,t252,t253,t254,t255,t256,t257,t258,t259,t260,t261,t262,t263,t264,t265,t266,t267,t268,t269,t270,t271,t272,t273,t274,t275,t276,t277,t278,t279,t280,t281,t282,t283,t284,t285,t286,t287,t288,t289,t290,t291,t292,t293,t294,t295,t296,t297,t298,t299,t300,t301,t302,t303,t304,t305,t306,t307,t308,t309,t310,t311,t312,t313,t314,t315,t316,t317,t318,t319,t320,t321,t322,t323,t324,t325,t326,t327,t328,t329,t330,t331,t332,t333,t334,t335,t336,t337,t338,t339,t340,t341,t342,t343,t344,t345,t346,t347,t348,t349,t350,t351,t352,t353,t354,t355,t356,t357,t358,t359,t360,t361,t362,t363,t364,t365,t366,t367,t368,t369,t370,t371,t372,t373,t374,t375,t376,t377,t378,t379,t380,t381,t382,t383,t384,t385,t386,t387,t388,t389,t390,t391,t392,t393,t394,t395,t396,t397,t398,t399,t400,t401,t402,t403,t404,t405,t406,t407,t408,t409,t410,t411
4.202286,4.2112794,4.194931,4.195689,4.205264,4.194488,4.1912804,4.1978836,4.2176723,4.2080016,4.2182307,4.211366,4.2097607,4.215183,4.2194123,4.208673,4.219223,4.2296286,4.2281923,4.2243166,4.234433,4.2161193,4.2452507,4.2251735,4.233728,4.2302856,4.247348,4.2341385,4.2378354,4.2393484,4.235446,4.2376046,4.231462,4.240239,4.2423058,4.235115,4.240971,4.242677,4.2449346,4.249425,4.241864,4.245518,4.210679,4.2304335,4.2258697,4.2301483,4.1989737,4.2010813,4.162413,4.166041,4.128187,4.1222215,4.102927,4.0953045,4.069707,4.04143,3.9877982,3.9558554,3.940959,3.9289398,3.8967931,3.871087,3.846102,3.8350585,3.7842689,3.7543943,3.7479796,3.723763,3.7014432,3.6996028,3.6794498,3.6660504,3.6424203,3.6301672,3.626731,3.5947163,3.5886967,3.5717757,3.533725,3.5197165,3.5176287,3.5251656,3.519369,3.5228603,3.5087743,3.5030653,3.4880219,3.4954958,3.4879634,3.4841835,3.484518,3.486763,3.4816594,3.4774325,3.4366894,3.4725337,3.4492867,3.4524186,3.4138951,3.4150417,3.4276445,3.3833072,3.3897583,2.640983,1.0788158,1.4640474,1.7387022,3.3646126,3.3726654,3.4442115,3.41358,3.4377391,3.4524322,3.4602478,3.4600883,3.4615707,3.499061,3.5195818,3.5185084,3.5470002,3.5514455,3.5754654,3.5660644,3.575036,3.583559,3.5863307,3.58323,3.5901415,3.6002944,3.5906107,3.6199813,3.6140382,3.601911,3.5954669,3.5740352,3.6007779,3.6241143,3.6032887,3.5976355,3.6084433,3.6184416,3.6343832,3.6295853,3.6326313,3.6249352,3.6306422,3.6391525,3.639951,3.6480246,3.6602652,3.6727107,3.7000167,3.7159655,3.7261124,3.6939876,3.740139,3.8231483,3.7997274,3.8228261,3.79184,3.774777,3.7800996,3.7900803,3.8033116,3.7937326,3.826617,3.8511822,3.8367965,3.8377402,3.8550377,3.8548021,3.8846624,3.8852127,3.8824124,3.8932436,3.8893392,3.8919284,3.877305,3.888985,3.8903213,3.8823698,3.8903623,3.8939104,3.8892367,3.9023294,3.9117508,3.9064589,3.9020343,3.9114046,3.8941693,3.915323,3.9193552,3.9249356,3.9170902,3.9172337,3.920058,3.9294896,3.9339623,3.9371982,3.9404924,3.9065988,3.9311683,3.9377677,3.9401233,3.9591186,3.9340117,3.9322996,3.9519866,3.9295962,3.9479194,3.9612446,3.9508693,3.9445274,3.9607618,3.9499002,3.9512897,3.960399,3.952538,3.9571762,3.9511766,3.9622064,3.9492965,3.9385326,3.9239218,3.9292216,3.9241557,3.9286597,3.9335558,3.9330916,3.9339275,3.927784,3.9446406,3.9282339,3.9347453,3.9445586,3.925876,3.9284797,3.9366503,3.9250183,3.9245129,3.9262493,3.9274042,3.9161904,3.9143481,3.907962,3.924967,3.916615,3.920242,3.9198682,3.9163942,3.9248421,3.9183688,3.91597,3.9164927,3.9282858,3.918692,3.9135742,3.9051435,3.9206278,3.9138727,3.9175549,3.9219813,3.9140375,3.9075892,3.9097145,3.91631,3.9193923,3.9115837,3.9120164,3.9160595,3.9216204,3.9430926,3.934927,3.9399037,3.908939,3.9252496,3.9231126,3.9211245,3.930992,3.928242,3.908022,3.931696,3.924362,3.9329984,3.9249332,3.9370637,3.938771,3.951963,3.9426012,3.9544458,3.9581065,3.9711301,3.9479177,3.9732602,3.9777498,3.9740403,,,,,,,,,,,,,,,,,,,,,,,,,,,,,
4.567711,4.5618706,4.5593824,4.5607405,4.5591288,4.563321,4.563638,4.5684776,4.5786624,4.570567,4.577138,4.5755887,4.578513,4.5790353,4.5786085,4.5760865,4.5934176,4.5833,4.5874577,4.5954733,4.578312,4.5788546,4.5873585,4.5713553,4.5681114,4.582871,4.575161,4.582335,4.5589952,4.5851865,4.5753694,4.570685,4.5733953,4.5769486,4.5803127,4.581299,4.5710225,4.5725083,4.5693703,4.572935,4.57667,4.625379,4.5874944,4.744479,4.6883063,4.55646,4.526971,4.5484347,4.540002,4.52719,4.5090976,4.50317,4.483318,4.4759717,4.4524994,4.4280334,4.4025636,4.3910327,4.366891,4.3458867,4.304494,4.2693615,4.2359753,4.2136774,4.206908,4.1968555,4.178252,4.1450086,4.1200213,4.1146255,4.0912795,4.0648046,4.04274,4.026182,4.0148997,4.0080614,3.9855955,3.9729414,3.9657915,3.9531386,3.9573421,3.9323063,3.93046,3.907656,3.9044175,3.8849092,3.8783503,3.8877583,3.8726554,3.871288,3.8682983,3.8655484,3.8655298,3.8563135,3.8488345,3.8599424,3.8573742,3.8421102,3.856782,3.8459425,3.8586624,3.8610349,3.845309,3.8513832,3.8545098,3.8512099,3.854434,3.8909218,3.8781307,3.8866668,3.8921201,3.8779652,3.8770666,3.8898923,3.8872051,3.8974469,3.9009213,3.897112,3.9001517,3.9042947,3.8998144,3.9138894,3.9179463,3.9245493,3.9244254,3.9289925,3.9376824,3.9313672,3.9302104,3.9317524,3.9335246,3.9387987,3.9487996,3.9538314,3.961543,3.9628055,3.9624271,3.9734328,3.9893227,4.001049,3.9996934,4.0169654,4.026468,4.0347595,4.0527215,4.0569234,4.0585485,4.080339,4.068046,4.080163,4.0921416,4.1028266,4.0946975,4.099902,4.109166,4.1276946,4.1219993,4.125353,4.1360345,4.1317005,4.1446624,4.1575027,4.1664677,4.1735716,4.1792865,4.1800914,4.1932445,4.198849,4.2120657,4.2120957,4.2170715,4.2223516,4.228447,4.228201,4.2254944,4.237115,4.2266273,4.258507,4.256119,4.259347,4.262607,4.272616,4.2582936,4.27138,4.2733803,4.274928,4.2830873,4.276572,4.2896037,4.280786,4.2917714,4.301008,4.2909055,4.3113813,4.298672,4.2942696,4.3134255,4.321417,4.312541,4.326431,4.33408,4.331101,4.322149,4.3236575,4.328243,4.33007,4.3300476,4.3416157,4.3399777,4.3465314,4.3475575,4.336433,4.348193,4.3414826,4.332412,4.321202,4.315027,4.341332,4.334662,4.347909,4.3443246,4.341687,4.343695,4.3490763,4.3445454,4.3407927,4.343424,4.3468504,4.343278,4.3389006,4.3473587,4.3396516,4.346183,4.3464336,4.361996,4.35127,4.3429103,4.352439,4.358305,4.3530517,4.356141,4.3555813,4.359434,4.366707,4.3599854,4.36625,4.3715267,4.373262,4.378584,4.3749247,4.3699384,4.3695326,4.3773203,4.379084,4.388302,4.3886905,4.387842,4.4021955,4.40874,4.4062963,4.4306917,4.419924,4.428225,4.4389634,4.438258,4.433334,4.4433475,4.444068,4.4337974,4.4394274,4.4525433,4.4396324,4.445322,4.454126,4.4497313,4.4443064,4.4618583,4.4705706,4.46909,4.47709,4.476763,4.4829497,4.4811378,4.4909725,4.478232,4.4841866,4.5006022,4.4977527,4.4927945,4.503872,4.5059757,4.502395,4.516717,4.4954944,4.5052333,4.49517,4.516995,4.505055,4.507707,4.5171194,4.5087514,4.5222416,4.519557,4.512138,4.534523,4.5222335,4.530224,4.52179,,,,,,,,,,,,,,,,,
4.7675695,4.7560725,4.7636867,4.7658043,4.753968,4.7624135,4.7547445,4.7606654,4.7597127,4.7643237,4.7658424,4.7578907,4.748014,4.7537813,4.759534,4.753607,4.7560086,4.7544227,4.775074,4.7546525,4.7905345,4.772044,4.781244,4.782646,4.7838073,4.7872386,4.7917805,4.7962613,4.794225,4.784467,4.7986875,4.789562,4.793634,4.7922363,4.8035355,4.7919745,4.796125,4.797181,4.8084784,4.8158946,4.817771,4.8161464,4.815258,4.8216023,4.82467,4.818285,4.8029203,4.826851,4.8199997,4.788608,4.787132,4.7624,4.7642865,4.743143,4.7218904,4.7052693,4.6844215,4.6610126,4.640964,4.6046596,4.596234,4.5676603,4.5534167,4.547688,4.5125837,4.5065346,4.4770327,4.4471693,4.406327,4.3881817,4.386673,4.3820176,4.3543315,4.328212,4.317062,4.3015985,4.2923594,4.291248,4.3000245,4.294752,4.2749434,4.270206,4.2444143,4.2186065,4.2398524,4.227566,4.204925,4.201166,4.1910615,4.19579,4.162993,4.144559,4.165294,4.1316113,4.107423,4.1107974,4.0934143,4.063796,4.1129127,4.085811,4.116346,4.1394615,4.0955734,4.1198606,4.0932574,4.123282,4.126779,4.138634,4.141117,4.140616,4.1683564,4.1577554,4.177306,4.179814,4.1794567,4.180997,4.1857853,4.184894,4.1925273,4.2113867,4.210608,4.214677,4.20221,4.2208877,4.2236376,4.2198687,4.251484,4.246703,4.264211,4.2691965,4.279874,4.281836,4.2955027,4.2932563,4.297184,4.3124604,4.29537,4.3239326,4.331259,4.3107615,4.3107753,4.2838526,4.2682266,4.527123,4.5102816,4.504962,4.525893,4.53899,4.548948,4.56497,4.574668,4.585524,4.5880413,4.5946,4.5986357,4.5983276,4.603513,4.605864,4.6075454,4.6087503,4.620898,4.6321416,4.620761,4.6309066,4.639526,4.642973,4.638249,4.631225,4.6395364,4.636509,4.6409698,4.6399784,4.651822,4.657622,4.653782,4.6503987,4.6514215,4.6578226,4.663383,4.6569896,4.671726,4.655875,4.654906,4.6602044,4.65362,4.6492743,4.666471,4.662953,4.651115,4.649808,4.64524,4.6450944,4.6438255,4.646241,4.637046,4.625199,4.6404533,4.635871,4.6347632,4.6458683,4.6342173,4.642271,4.628887,4.6182904,4.6274986,4.6226854,4.620519,4.6209097,4.624812,4.620502,4.624081,4.621136,4.6264353,4.619726,4.618575,4.6215067,4.620253,4.6371636,4.626505,4.6349216,4.7533317,4.841433,4.989291,4.9793134,4.903515,4.813017,4.5974894,4.6048784,4.598836,4.5969667,4.612703,4.614169,4.608183,4.622101,4.6175227,4.612052,4.6165237,4.63268,4.6381774,4.6264634,4.634346,4.6485825,4.651753,4.6464415,4.6546183,4.6593566,4.6494093,4.654975,4.651312,4.6586685,4.659941,4.6590767,4.656368,4.6643925,4.6606984,4.6637654,4.6548486,4.654197,4.6622305,4.666445,4.6600995,4.659684,4.6662235,4.67481,4.667726,4.6688986,4.6726885,4.670707,4.674255,4.674611,4.6801996,4.67605,4.682615,4.6832986,,,,,,,,,,,,,,,,,,,,,,,,,,,,,,,,,,,,,,,,,,,,,,,,,,,
4.152804,4.1538157,4.1517506,4.1575637,4.154222,4.152522,4.1525407,4.1621995,4.165031,4.183006,4.1724963,4.1680675,4.1741548,4.1798515,4.181089,4.179814,4.184367,4.188529,4.184858,4.1833677,4.201877,4.1963186,4.2013445,4.206601,4.2090354,4.208857,4.2080493,4.223341,4.225868,4.233563,4.2269573,4.232195,4.2330055,4.2235436,4.231415,4.2248435,4.2409935,4.2409844,4.246915,4.260042,4.257829,4.257973,4.2833757,4.2954636,4.2900863,4.306893,4.304489,4.2937756,4.2814503,4.284315,4.286724,4.2896843,4.278623,4.2696867,4.2459297,4.2433615,4.233987,4.205531,4.1826954,4.1619873,4.1154394,4.1030455,4.101221,4.0728183,4.049783,4.0375457,4.024333,4.005064,4.005285,3.9723144,3.946307,3.9095972,3.9064336,3.9067457,3.9052622,3.8754246,3.8763666,3.8577514,3.8432593,3.8506613,3.8385744,3.8385248,3.836795,3.835353,3.8174124,3.8121326,3.8106601,3.8077986,3.8067214,3.7989185,3.793607,3.8026595,3.799137,3.7836595,3.7845078,3.803949,3.7681575,3.7751634,3.7786648,3.7775848,3.7774374,3.7902033,3.7803056,3.7780573,3.775793,3.7870924,3.7890239,3.7804396,3.8180988,3.8252065,3.8234968,3.8238723,3.8384528,3.8122423,3.79724,3.8051732,3.8090782,3.795747,3.7490857,3.8493803,3.8592184,3.9144688,3.8928666,3.9196873,3.9201314,3.9423552,3.9506557,3.9674318,3.9777088,3.988893,3.9933414,4.002918,4.015679,4.0211105,4.0183034,4.0267057,4.027715,4.035775,4.040153,4.060172,4.0554357,4.075884,4.0766163,4.0951943,4.114102,4.1130652,4.112238,4.125793,4.1278195,4.141306,4.14113,4.1501756,4.1488266,4.1479473,4.142844,4.1558247,4.1664643,4.172446,4.171242,4.1719155,4.16978,4.183883,4.2174425,4.2114387,4.2108955,4.2151823,4.2213836,4.2213116,4.220301,4.2369037,4.2300606,4.2474794,4.232773,4.235593,4.2478695,4.2495484,4.254026,4.2349606,4.2417245,4.2519126,4.257776,4.24628,4.257385,4.2597513,4.265329,4.274505,4.2906747,4.278304,4.246414,4.2668176,4.274536,4.277865,4.265111,4.262778,4.2742076,4.257721,4.2501183,4.2646294,4.256287,4.260909,4.2622895,4.2530556,4.2624593,4.264768,4.2668343,4.2650886,4.255682,4.262836,4.2477393,4.255564,4.246168,4.248406,4.2482367,4.2477508,4.247834,4.2496514,4.25339,4.2478266,4.256462,4.2512064,4.2403617,4.252877,4.245578,4.2434464,4.2490125,4.2483587,4.24544,4.2265215,4.2189126,4.2274084,4.225052,4.217143,4.216052,4.223209,4.196519,4.218841,4.1955485,4.19898,4.1978216,4.1931767,4.198698,4.19196,4.1954627,4.2028055,4.19306,4.1923122,4.191115,4.1905684,4.1883826,4.196491,4.188148,4.19959,4.188219,4.1794834,4.188043,4.181135,4.1877174,4.1970615,4.2008333,4.2057686,4.1876225,4.1943927,4.2156773,4.209342,4.205043,4.20861,4.1939845,4.214808,4.2119884,4.210429,4.2071614,4.2219696,4.2124596,4.229604,4.2248445,4.2248435,4.2333603,4.2335477,4.238501,4.2195807,4.230765,4.2461915,4.235499,4.246251,4.237695,4.2354465,4.246539,4.241381,4.2441745,4.2274246,4.2401886,4.2458944,4.2417235,4.2433376,4.2460113,4.2391305,4.2448854,4.246126,,,,,,,,,,,,,,,,,,,,,,,,,,,
4.189443,4.1877155,4.1830244,4.185261,4.189279,4.1885695,4.189717,4.200885,4.1958027,4.1931815,4.1981554,4.200705,4.205624,4.196523,4.1997232,4.2031546,4.211473,4.2239795,4.215984,4.2216387,4.2196727,4.224459,4.222626,4.232696,4.234604,4.2280054,4.2244906,4.226485,4.2359242,4.249316,4.23827,4.2474146,4.2480497,4.2396293,4.2582507,4.255391,4.265772,4.257506,4.270345,4.2681265,4.2849474,4.280371,4.2817397,4.2774224,4.279207,4.2704434,4.2685547,4.262706,4.2541122,4.2505903,4.2387667,4.222779,4.201005,4.17095,4.1639013,4.1324673,4.108127,4.094072,4.072841,4.0529895,4.0319586,4.0231943,3.9985747,3.9794848,3.9760585,3.9540315,3.9081328,3.9012046,3.8860984,3.871611,3.8621633,3.8406544,3.8343048,3.8401542,3.8127382,3.8087702,3.8023999,3.7852833,3.7834935,3.7820225,3.7760608,3.7724447,3.768665,3.762031,3.76564,3.761803,3.766997,3.7630694,3.772547,3.7446005,3.75058,3.7406301,3.7390585,3.751137,3.728287,3.7351916,3.7507105,3.7299657,3.7296228,3.7197406,3.7388256,3.7279384,3.72914,3.72821,3.7313204,3.7164152,3.7145023,3.6606755,3.6814675,3.690103,3.7033582,3.7064898,3.7470996,3.7761364,3.7882156,3.779509,3.820528,3.807306,3.8362877,3.8248277,3.8459656,3.8569148,3.857552,3.872279,3.889607,3.8936694,3.889721,3.9030147,3.9059155,3.923053,3.9286788,3.9471264,3.9439266,3.9532027,3.977945,3.9791427,3.9800675,3.988366,3.9857929,3.9935095,3.999483,4.0027914,4.0087323,4.0069437,4.010325,4.0107274,4.0177016,4.019829,4.023156,4.0192556,4.0195317,4.0272474,4.0277176,4.0332255,4.051356,4.0738783,4.05514,4.0716887,4.0734606,4.0869803,4.0957556,4.0940347,4.107205,4.115589,4.1202526,4.111731,4.124748,4.126324,4.1335588,4.149371,4.146241,4.149025,4.153207,4.1582284,4.159983,4.178262,4.17468,4.1820083,4.179318,4.183621,4.177075,4.182438,4.1755576,4.182371,4.186064,4.1838446,4.191726,4.1964355,4.187181,4.1845927,4.1875663,4.1955013,4.1965027,4.186731,4.196132,4.190107,4.1922536,4.195266,4.201254,4.19883,4.1901045,4.194147,4.1884203,4.1905284,4.198593,4.19684,4.1908026,4.1898193,4.1996856,4.1979613,4.188551,4.187543,4.1879826,4.18948,4.2079115,4.1958404,4.1927185,4.191525,4.19658,4.194279,4.200325,4.1974096,4.199874,4.1893644,4.1888437,4.195922,4.197273,4.1998935,4.1884055,4.1954217,4.1946507,4.191225,4.1829033,4.185495,4.1921034,4.186906,4.2003136,4.1943436,4.1803007,4.1948466,4.180278,4.195954,4.2015114,4.1997585,4.1954618,4.194957,4.1998415,4.1947255,4.1918173,4.197895,4.195481,4.1946135,4.2034965,4.199369,4.1930003,4.19633,4.211379,4.21086,4.187212,4.20932,4.21072,4.2107177,4.200308,4.205809,4.2070484,4.2110863,4.2053256,4.206995,4.1990676,4.208292,4.229465,4.1780386,4.1840286,4.179663,4.188528,4.190217,4.198374,4.2023954,4.20191,4.192006,4.1929555,4.2030883,4.2027426,4.1931973,4.2120085,4.2003584,4.203319,4.2073374,4.2114906,4.1992435,4.221817,4.2120852,4.2189665,4.2160363,4.1957836,4.2167044,4.2111235,4.212189,4.203773,4.2048173,4.2018785,4.2109003,4.199167,4.221966,4.2128463,4.1888824,4.1841426,4.199206,4.204949,4.191779,,,,,,,,,,,,,,,
4.144999,4.132579,4.1323075,4.1415076,4.1476502,4.144141,4.149532,4.148907,4.1583896,4.156912,4.1607976,4.1704297,4.171129,4.176256,4.1758924,4.1787763,4.1801915,4.1787825,4.173483,4.172508,4.1778917,4.1784954,4.1815724,4.188332,4.187996,4.187196,4.19057,4.1967354,4.1978374,4.1945996,4.200796,4.195652,4.1986203,4.2078395,4.204223,4.1948323,4.204832,4.195394,4.1987085,4.200769,4.208405,4.1975775,4.2097044,4.2133665,4.204829,4.204674,4.201597,4.1945252,4.1984344,4.20117,4.1954317,4.1805463,4.1614065,4.1475687,4.1130223,4.0929947,4.0624275,4.0532875,4.02943,4.005168,3.988685,3.9668481,3.9486606,3.9399607,3.911146,3.8744624,3.8506887,3.8349788,3.820778,3.8216846,3.8070576,3.7886722,3.780928,3.759075,3.7445745,3.7274163,3.7101505,3.693161,3.6795447,3.6772656,3.6791232,3.6733794,3.6709507,3.6568224,3.6547053,3.6599686,3.6538093,3.6544645,3.6530297,3.6504123,3.6435807,3.6504824,3.6556163,3.6451445,3.64129,3.640142,3.6430626,3.6449268,3.6433933,3.6497462,3.6452913,3.6450245,3.6445515,3.6306856,3.6446319,3.6360853,3.6441705,3.6422343,3.6556687,3.6134684,3.5332098,3.089219,3.5898464,3.7621315,3.7895107,3.806741,3.8175879,3.835219,3.833115,3.839988,3.8431423,3.8553045,3.8618279,3.8530383,3.8685164,3.8648016,3.8827543,3.8821092,3.8792353,3.8822272,3.8845775,3.8850038,3.8994732,3.9050348,3.9117873,3.9155025,3.928677,3.9244485,3.9252167,3.9390926,3.946074,3.9527853,3.9667208,3.9740045,3.971174,3.9770901,3.9868395,3.9923792,3.9898412,4.0096264,4.017454,4.03569,4.030164,4.033306,4.033102,4.0353785,4.0402317,4.0417924,4.0465136,4.045871,4.0546317,4.055956,4.0619054,4.069854,4.069899,4.07233,4.0739617,4.080482,4.0940213,4.1011596,4.106704,4.1006193,4.106085,4.120686,4.124694,4.118606,4.125508,4.135211,4.12243,4.13948,4.1305904,4.130906,4.1321826,4.1282787,4.1363673,4.125153,4.131651,4.127588,4.1359515,4.1326227,4.1298795,4.1293397,4.1210814,4.1136885,4.1150856,4.1100264,4.1161284,4.1128907,4.1166716,4.1171317,4.115708,4.108486,4.0979066,4.103163,4.106056,4.105941,4.1034055,4.0999184,4.096369,4.097885,4.0986085,4.096652,4.0999174,4.0863805,4.105334,4.0886292,4.0891213,4.081506,4.0939174,4.096233,4.081968,4.084294,4.0752234,4.086445,4.0877113,4.1016984,4.0918756,4.084306,4.0777287,4.090453,4.07692,4.089668,4.0797467,4.083824,4.0832386,4.0817266,4.0748024,4.075754,4.090864,4.086587,4.079173,4.089405,4.0870986,4.085942,4.082375,4.090272,4.09328,4.089355,4.0885525,4.1005883,4.089036,4.100384,4.1034794,4.1086445,4.084765,4.0986567,4.1106424,4.100925,4.100614,4.099771,4.1110363,4.099214,4.1119113,4.1195803,4.1188784,4.109426,4.132202,4.1226068,4.115131,4.125578,4.136996,4.1400886,4.1352925,4.137688,4.1350694,4.131124,4.132066,4.130454,4.133127,4.1422095,4.13412,4.147368,4.149546,4.1516156,4.156776,,,,,,,,,,,,,,,,,,,,,,,,,,,,,,,,,,,,,,,,
4.04653,4.0435357,4.0414076,4.05507,4.0439773,4.046407,4.0503287,4.048907,4.050737,4.0495586,4.0474334,4.061023,4.0536623,4.0600796,4.053168,4.0607376,4.0635085,4.066455,4.074099,4.0752683,4.0675592,4.071453,4.069255,4.0826297,4.0795255,4.080004,4.0878835,4.0945573,4.0927625,4.0922832,4.07379,4.1058383,4.088898,4.1024957,4.093541,4.1047463,4.110031,4.1078916,4.1134996,4.09202,4.092667,4.117897,4.0848956,4.0868545,4.0936575,4.079443,4.07522,4.0655637,4.0751657,4.058772,4.047374,4.0268035,4.011965,3.9844415,3.9651673,3.948789,3.9240885,3.9006803,3.8801653,3.8583033,3.8434246,3.826745,3.8113897,3.781988,3.7493534,3.7389076,3.737527,3.7167203,3.7031612,3.6956506,3.6740313,3.6590269,3.6488354,3.6339598,3.6317353,3.6134923,3.6271572,3.6163707,3.601362,3.6101265,3.5937881,3.585592,3.5884347,3.5878067,3.5855088,3.5812776,3.5801156,3.5746453,3.5628476,3.5752935,3.568395,3.5719018,3.5676103,3.5811305,3.5869875,3.5797443,3.580934,3.586706,3.5951042,3.5972438,3.5910988,3.589169,3.5795233,3.5721924,3.562954,3.5732508,3.5620863,3.5862582,3.5721917,3.5360997,3.5799253,1.2883378,3.7707007,3.7282429,3.7396972,3.7768326,3.7839382,3.7913709,3.8090308,3.8262632,3.8328266,3.835058,3.847264,3.8548162,3.8880117,3.8999932,3.905767,3.9167457,3.9158084,3.9372144,3.93238,3.9253154,3.9372666,3.9612408,3.9414535,3.9488528,3.9531677,3.956461,3.9585664,3.9874763,3.9847639,3.9726071,3.9922743,3.9867458,3.9911122,3.9876769,4.002735,3.9937916,3.9927769,4.014114,4.029946,4.02069,4.028632,4.0485277,4.0403833,4.0483046,4.040954,4.045633,4.060392,4.055111,4.063765,4.067927,4.078543,4.0541534,4.0773907,4.0706697,4.0870886,4.08679,4.0824904,4.0805593,4.092035,4.100885,4.1034703,4.100959,4.1030226,4.1033173,4.106201,4.1147137,4.1043525,4.114694,4.119499,4.1132264,4.1219134,4.1200666,4.1283603,4.129015,4.143873,4.1089563,4.1019173,4.118668,4.1260176,4.1117167,4.1067834,4.1118894,4.116498,4.1157627,4.1117463,4.115722,4.120989,4.118366,4.1060915,4.120323,4.113939,4.1120024,4.1186495,4.1078196,4.10523,4.0945997,4.097889,4.104131,4.1033845,4.086403,4.0796003,4.0933847,4.085429,4.076186,4.0698805,4.0734367,4.074222,4.0688643,4.083186,4.0751243,4.0813637,4.0709515,4.06644,4.07497,4.0706177,4.0691366,4.0717783,4.070317,4.0673404,4.0684175,4.065924,4.056088,4.0668178,4.05903,4.0625076,4.050684,4.049922,4.063096,4.0503435,4.06283,4.053734,4.0555415,4.0502143,4.0561404,4.056633,4.060527,4.0577683,4.0550933,4.0593657,4.05263,4.0571575,4.059943,4.055218,4.056632,4.057169,4.060415,4.061254,4.0643544,4.053012,4.065131,4.070402,4.056185,4.065547,4.0770473,4.0586686,4.068574,4.070883,4.0813637,4.0770907,4.072514,4.0728974,4.0810366,4.064851,4.089332,4.0928736,4.096348,4.0954432,4.1001387,4.1190243,4.1193542,,,,,,,,,,,,,,,,,,,,,,,,,,,,,,,,,,,,,,,,,,,
4.0613384,4.06264,4.0697284,4.070711,4.0677834,4.069626,4.0638494,4.065948,4.0665865,4.0579042,4.0583577,4.065198,4.067582,4.0658426,4.074986,4.0717115,4.0751214,4.0828524,4.078508,4.0796943,4.088503,4.09998,4.1038227,4.096136,4.1040154,4.122384,4.1105666,4.1259065,4.1293674,4.1275744,4.1294503,4.136243,4.140882,4.1481466,4.1441207,4.156481,4.151591,4.1630936,4.1615567,4.1651855,4.1594257,4.169014,4.173103,4.188149,4.183422,4.1922736,4.181447,4.207001,4.2017455,4.186174,4.1825595,4.173947,4.155689,4.1338973,4.116952,4.09847,4.093115,4.079499,4.067613,4.052751,4.0231023,3.9960158,3.9697046,3.9324996,3.9239812,3.9162755,3.905316,3.895747,3.8630028,3.849977,3.8256004,3.8231444,3.8007483,3.786084,3.7652354,3.7510202,3.7389958,3.7296076,3.7259762,3.7216136,3.7018063,3.681631,3.6946008,3.6897805,3.6851003,3.6828234,3.6821332,3.6791277,3.67284,3.6776803,3.674476,3.654391,3.6717894,3.6515377,3.6441329,3.6365638,3.6348598,3.6213362,3.624203,3.6238544,3.6243544,3.6021798,3.5984516,3.6126604,3.6310422,3.6169493,3.622813,3.6143475,3.634583,3.6527572,3.641053,3.6385427,3.653241,3.6567364,3.6602192,3.664684,3.6718612,3.671844,3.6815345,3.691705,3.6844387,3.6951008,3.7031183,3.7116013,3.717632,3.716152,3.7058256,3.7192535,3.6979825,3.6923642,3.6886842,3.6694555,2.2827125,3.8282852,3.8431242,3.8400204,3.8526433,3.8701844,3.8762252,3.8793848,3.8925955,3.909783,3.9146962,3.915789,3.9282167,3.9237778,3.9285932,3.9366322,3.9336703,3.937322,3.9403758,3.944192,3.9474401,3.9626546,3.97267,3.9719253,3.9605818,3.975746,3.9778929,3.9632404,3.9764454,3.9795365,3.9834514,3.9788451,3.9905093,3.9968216,4.0015144,3.9995263,3.9929264,4.003542,4.008625,4.0166044,4.001582,4.0099983,4.0078373,4.0088263,4.010312,4.0117736,4.0155644,4.019071,4.021486,4.025317,4.0456614,4.0389433,4.051337,4.044254,4.045769,4.0441093,4.027037,4.0389576,4.041153,4.0463963,4.041876,4.044506,4.0442734,4.0365105,4.0464554,4.047015,4.043885,4.046279,4.0439987,4.034837,4.0450583,4.049137,4.04381,4.046762,4.0462594,4.0466075,4.044471,4.043459,4.0455194,4.048866,4.0445704,4.0441966,4.04755,4.0420566,4.0391965,4.031793,4.0311875,4.042017,4.038186,4.0331306,4.0287485,4.0345383,4.028767,4.029967,4.022072,4.0260096,4.0254025,4.022013,4.023152,4.019821,4.024549,4.025933,4.0249896,4.0182724,4.0237856,4.0268846,4.0114007,4.0138717,4.0163164,4.0123315,4.0054693,4.0010934,4.0029154,4.009219,3.9991868,4.0062613,3.9940004,3.9940789,3.9904163,3.9948416,3.9896579,3.980946,3.9787462,3.977779,3.975993,3.9673789,3.9719641,3.9616513,3.9678473,3.9736884,3.97836,3.9531925,3.9720387,3.9713867,3.972143,3.978222,3.9795578,3.9763,3.9681866,3.9610941,3.9694293,3.969881,3.9730124,3.9564676,3.9535422,3.9569123,3.9558904,3.962047,3.9566355,3.9564605,3.9732242,3.9734144,,,,,,,,,,,,,,,,,,,,,,,,,,,,,,,,,,,,,,,,,
4.1489573,4.1636295,4.162183,4.15554,4.167972,4.172488,4.1720376,4.1700125,4.1590476,4.1558433,4.1584663,4.150457,4.1569185,4.1569104,4.1504135,4.1558065,4.1773825,4.163875,4.178224,4.1822796,4.195457,4.196479,4.1943913,4.2067766,4.2133274,4.226359,4.2355056,4.228771,4.227359,4.239839,4.2455215,4.2408795,4.243976,4.247978,4.2387753,4.2513566,4.2588263,4.264713,4.2690845,4.266668,4.2718453,4.267135,4.280945,4.278566,4.2726116,4.27637,4.2730255,4.2754107,4.259963,4.2584844,4.243688,4.2340374,4.2225485,4.191793,4.1939864,4.174032,4.159834,4.1261253,4.121586,4.106267,4.083171,4.050021,4.029733,4.008599,3.9943771,3.9633133,3.957887,3.946923,3.9295871,3.9219341,3.9082384,3.9030542,3.87967,3.870264,3.8503118,3.825763,3.8130813,3.8067114,3.7933865,3.7961197,3.788939,3.7728975,3.7759347,3.7725592,3.7696471,3.7621825,3.7646136,3.7500553,3.7617402,3.7540212,3.7434068,3.7455006,3.7310944,3.6936905,3.6875823,3.6792755,3.6989474,2.182891,1.2879943,2.4272199,3.749703,3.7238219,3.7262676,3.746494,3.7694123,3.7970455,3.7903118,3.7730296,3.8049173,3.8190966,3.8235416,3.8320072,3.8389058,3.8474846,3.868271,3.8801267,3.885478,3.8884163,3.9026558,3.9082453,3.907837,3.9118674,3.913536,3.9130392,3.9255452,3.9295883,3.9359734,3.9320996,3.9328263,3.9477491,3.9517913,3.951845,3.9612527,3.9527383,3.9753807,3.9846387,4.0022345,3.9981205,4.0027084,4.0197783,4.0413837,4.039092,4.041051,4.0509906,4.050303,4.0523543,4.0613747,4.066535,4.0593424,4.0813723,4.076762,4.092997,4.089314,4.0931344,4.0965724,4.098878,4.105359,4.1208687,4.1308174,4.133095,4.1317277,4.130694,4.140621,4.138406,4.1377254,4.1466355,4.1479263,4.153855,4.1493526,4.152589,4.157799,4.1567497,4.1610165,4.162307,4.173227,4.1654534,4.168245,4.1852236,4.188366,4.1722693,4.1709685,4.1699586,4.18471,4.1849327,4.160104,4.226721,4.2411275,4.35815,4.13934,4.1412067,4.1571774,4.161063,4.165587,4.160396,4.1582427,4.1894155,4.149857,4.148722,4.1555643,4.149803,4.1551247,4.147621,4.1472616,4.1453757,4.146788,4.150824,4.1443596,4.140404,4.147264,4.149386,4.1512423,4.1469774,4.1433578,4.1377735,4.1508436,4.138595,4.133072,4.1408167,4.1497736,4.1579714,4.158561,4.1400156,4.136667,4.136644,4.14535,4.1343093,4.1437345,4.129979,4.1282744,4.1369324,4.1455765,4.126925,4.12515,4.1363616,4.1359124,4.135608,4.134551,4.1327834,4.1324596,4.132142,4.1346817,4.130412,4.1387954,4.141814,4.141406,4.140415,4.149782,4.1444626,4.1442647,4.137176,4.1521025,4.14702,4.147801,4.158699,4.140833,4.162074,4.1579566,4.1629834,4.163947,4.165396,4.160611,4.1574774,4.1604977,4.170884,4.1704655,4.1606536,4.166605,4.167345,4.1656737,4.160281,4.1584945,4.1708965,4.1634774,4.166635,4.1524744,4.1543174,4.1528497,4.155059,4.166462,4.1547637,4.164742,4.1697893,4.1686273,4.1654725,4.165872,4.1679525,4.160571,,,,,,,,,,,,,,,,,,,,,,,,,,,,,,,,,,,,,,
4.3648543,4.3592663,4.354257,4.3560867,4.356547,4.3579626,4.3662653,4.3687706,4.352421,4.354203,4.3487635,4.367211,4.368763,4.3855577,4.3753333,4.3866367,4.3864822,4.395176,4.3979545,4.4019833,4.3968706,4.401128,4.401898,4.4092174,4.411366,4.4176536,4.4163275,4.424058,4.424315,4.41983,4.41925,4.441312,4.4439063,4.436519,4.430826,4.448393,4.4606075,4.4508224,4.466541,4.4695573,4.4977674,4.433271,4.4185653,4.434131,4.437286,4.432721,4.432955,4.4296784,4.4298496,4.4130626,4.40782,4.409637,4.393519,4.358684,4.348625,4.3314805,4.321198,4.2953687,4.2568336,4.2265344,4.205375,4.1715255,4.1470675,4.1360564,4.112844,4.0913987,4.081507,4.064029,4.035212,4.0100117,3.996796,3.99605,3.9740152,3.9709466,3.9639733,3.9443097,3.9406416,3.9160182,3.9117594,3.9111822,3.8943646,3.8863626,3.8701065,3.8762593,3.8701909,3.8742287,3.8617115,3.8678253,3.865579,3.8581138,3.863617,3.864043,3.865896,3.863369,3.8620784,3.863143,3.8636112,3.8617709,3.8637404,3.8603706,3.8642888,3.8616245,3.859823,3.870774,3.880235,3.8793638,3.8851552,3.8904061,3.8985903,3.9162457,3.9294512,3.9102514,3.9001427,3.8837817,3.840796,3.054301,4.052172,4.0535316,4.0502667,4.0622787,4.0660415,4.089552,4.11265,4.122107,4.139123,4.136047,4.1579995,4.1500134,4.159777,4.174498,4.1783233,4.1957273,4.1677723,4.1714687,4.178919,4.183232,4.1841555,4.1911044,4.196988,4.1924257,4.1977334,4.2064505,4.2159033,4.220493,4.2162237,4.2282233,4.229645,4.227005,4.2272067,4.227864,4.230659,4.2360854,4.24943,4.2531695,4.2481213,4.2735744,4.266359,4.283236,4.2857027,4.2895703,4.297753,4.2912583,4.3011093,4.3050914,4.3105574,4.3208547,4.3125625,4.3161597,4.337254,4.3404756,4.3444395,4.3479624,4.3532066,4.353219,4.3552494,4.35541,4.3577933,4.3676257,4.3692474,4.3650756,4.3716855,4.3704805,4.373867,4.3722935,4.3791265,4.3729095,4.369391,4.385582,4.385725,4.3758106,4.388185,4.3900056,4.387998,4.3823166,4.391166,4.3884873,4.401529,4.4111447,4.413237,4.4016433,4.403849,4.4072723,4.3998976,4.4055505,4.4062023,4.392776,4.410207,4.408812,4.4033327,4.409375,4.417236,4.413209,4.395376,4.404132,4.4132066,4.417101,4.407189,4.4068136,4.3978167,4.4011707,4.3961997,4.4010844,4.4001865,4.4032397,4.400915,4.400077,4.3960595,4.3976707,4.398277,4.397538,4.3987455,4.401134,4.3981323,4.396783,4.392171,4.3947816,4.3923564,4.393592,4.3914485,4.3894114,4.3914685,4.382707,4.4001107,4.393453,4.3962197,4.39714,4.394938,4.398607,4.388264,4.402036,4.3721633,4.366946,4.3586884,4.3801756,4.3450475,4.3772197,4.3693476,4.3794055,4.394832,4.378058,4.367836,4.3758154,4.396894,4.3735266,4.3868294,4.380045,4.3930535,4.396594,4.388896,4.401365,4.3959255,4.3914237,4.3968577,4.3916397,4.414289,4.3985195,4.412344,4.408298,4.428473,4.415515,4.4128475,4.4218364,4.433213,4.435674,4.431297,,,,,,,,,,,,,,,,,,,,,,,,,,,,,,,,,,,,,,,,
4.480314,4.4849157,4.47216,4.4719505,4.481504,4.4782567,4.472565,4.4801006,4.478585,4.4803543,4.4871078,4.479755,4.494073,4.502767,4.4872384,4.501201,4.5042696,4.493902,4.497115,4.4879785,4.495275,4.485768,4.482628,4.4981823,4.498282,4.510415,4.5298767,4.51371,4.52956,4.5423374,4.5326004,4.5466266,4.555701,4.5496726,4.5492487,4.5705614,4.545258,4.569224,4.5614967,4.571696,4.588384,4.6017976,4.555006,4.5805006,4.5851145,4.5741568,4.593809,4.5930243,4.588533,4.581574,4.564917,4.5671797,4.5551534,4.552547,4.4966984,4.465412,4.4553957,4.44044,4.417445,4.382253,4.3576355,4.358345,4.3216248,4.2965374,4.2837553,4.2595487,4.2446394,4.2339544,4.201898,4.1878867,4.143608,4.1387415,4.148263,4.124004,4.1150146,4.0853686,4.049219,4.0375814,4.016482,4.015294,3.9992685,4.0021086,4.0017514,3.9963145,3.9858997,3.990179,3.9833498,3.9747593,3.965256,3.9620779,3.9625096,3.9530368,3.9578018,3.9590666,3.9578805,3.9508421,3.9489048,3.9444945,3.9487278,3.9356039,3.9231331,3.9287624,3.894826,3.910507,3.883097,3.8825374,3.882769,3.8506908,3.844882,1.3597261,1.0666096,2.422215,2.442674,3.1088233,3.5034034,3.8940992,3.88331,3.9501746,4.0083356,3.9093208,3.8334615,3.8233283,3.8678088,3.8601792,3.8988526,3.8921103,3.8896215,3.8936946,3.9102151,3.9282942,3.9255004,3.938486,3.9554589,3.9593585,3.9680238,3.9715781,3.9867024,3.9962127,4.0032024,4.013011,4.0054817,4.022175,4.041341,4.0595694,4.058749,4.041059,4.058187,4.0552826,4.0448146,4.040532,4.1040072,4.109537,4.111547,4.114467,4.1534476,4.166063,4.1661,4.159447,4.172663,4.1796494,4.1822987,4.1812553,4.195964,4.202355,4.2091904,4.225014,4.2428746,4.2372446,4.2413173,4.235144,4.23515,4.2466307,4.239802,4.252975,4.261282,4.2691293,4.2648563,4.2489815,4.282151,4.256339,4.255086,4.2912736,4.2702937,4.274612,4.2885466,4.2701573,4.286748,4.2845063,4.301371,4.2968826,4.2995477,4.302366,4.3012815,4.290316,4.297689,4.3007073,4.314798,4.30109,4.305553,4.3219476,4.313494,4.3144875,4.31686,4.3168244,4.3157816,4.312685,4.311194,4.3179135,4.315448,4.3260484,4.324822,4.3236623,4.328962,4.322864,4.3242397,4.325048,4.3210707,4.3212037,4.322311,4.310369,4.307006,4.3181696,4.325024,4.3092113,4.3189535,4.323366,4.328284,4.3146334,4.319094,4.323065,4.317291,4.3148937,4.3170466,4.320372,4.319526,4.3243165,4.3147173,4.32363,4.3199315,4.3222795,4.316542,4.317661,4.3216534,4.3167315,4.316884,4.3168488,4.321863,4.3203125,4.328411,4.333985,4.3179097,4.3184233,4.317606,4.3228,4.322538,4.325385,4.3274097,4.309297,4.3187766,4.33994,4.327085,4.328157,4.337313,4.327868,4.3323827,4.3201513,4.3189063,4.317153,4.333656,4.342447,4.3303957,4.3402653,4.337782,4.341872,4.3458138,4.3424325,4.3454356,4.3489594,4.354434,4.3622556,4.3474684,4.3474646,4.355001,4.36279,4.364173,4.362191,4.3523016,4.3581324,4.370489,4.375124,4.363922,4.366562,4.37082,4.370266,4.3773885,4.3821006,4.3828573,,,,,,,,,,,,,,,,,,,,,,,,,,,,
3.9979565,4.006105,4.0029635,4.012478,4.018011,4.0180593,4.0125804,4.0068727,4.0149703,4.0152845,4.017979,4.014455,4.0182557,4.018259,4.030885,4.032692,4.033415,4.032248,4.0479317,4.0424314,4.057119,4.055233,4.050468,4.055944,4.0706406,4.0831017,4.087194,4.085274,4.117069,4.124188,4.1337914,4.137987,4.1368027,4.133037,4.1455464,4.14844,4.156178,4.150639,4.1580615,4.1567836,4.160902,4.1611347,4.1724133,4.1641655,4.1583705,4.185483,4.1705637,4.172041,4.1561956,4.1372075,4.138042,4.126209,4.1030016,4.0786586,4.061416,4.0442276,4.021247,4.020718,3.993783,3.9576387,3.9335103,3.9181936,3.915257,3.8937817,3.8769567,3.8487785,3.8366117,3.8249972,3.8118958,3.7996292,3.7699308,3.7671347,3.7618155,3.7309332,3.7200418,3.70424,3.6944997,3.6921318,3.6925044,3.6964347,3.6974247,3.7000039,3.6802433,3.6850855,3.6825294,3.68219,3.6705287,3.6720343,3.6732755,3.6678777,3.665275,3.6634777,3.6731014,3.66262,3.66739,3.663472,3.6430888,3.6436489,3.6299882,3.629416,3.6145992,3.7218578,3.5728877,3.6409426,3.5031855,3.440876,3.4553072,3.2197273,2.9429886,2.941603,2.9029598,2.9217496,2.9428256,1.0254142,3.498955,3.4609191,3.5872364,3.5988326,3.598496,3.6293995,3.656317,3.6815426,3.6977909,3.742518,3.7611907,3.7695065,3.7845156,3.7823172,3.7982993,3.792053,3.8061275,3.823581,3.8383353,3.8358457,3.8388612,3.853834,3.8548093,3.8637815,3.8692846,3.8741958,3.8739464,3.8798556,3.8784375,3.8942392,3.8867512,3.8863137,3.9125793,3.9234514,3.9317417,3.9311075,3.9324224,3.9417212,3.9431622,3.953388,3.9549592,3.955474,3.963104,3.9701529,3.9785922,3.976291,3.9665701,3.9723823,3.988149,4.001439,4.007782,4.010413,4.0137863,4.011176,4.02407,4.013396,4.0220923,4.033557,4.025024,4.038339,4.0407043,4.033426,4.0399017,4.03518,4.058542,4.062067,4.061946,4.053097,4.055655,4.0773597,4.0642505,4.067636,4.06705,4.066717,4.0802913,4.080283,4.0801396,4.093302,4.0853615,4.0926175,4.0812206,4.0609393,4.069225,4.030055,3.9991307,3.9683976,3.5732198,3.919057,3.9677014,3.89747,3.8915665,3.865757,3.8820653,3.8795404,3.8851426,3.884377,3.895532,3.906956,3.9229841,3.9159405,3.9100804,3.9243338,3.9106667,3.9104366,3.9145753,3.9239123,3.9216702,3.9228795,3.9268513,3.9236782,3.9245293,3.9249322,3.9322677,3.9356985,3.932199,3.9283268,3.9302828,3.9347136,3.9308288,3.9379232,3.940706,3.9455116,3.9431367,3.944017,3.9532087,3.9556687,3.9655955,3.9431803,3.9628062,3.9731479,3.9563231,3.9712152,3.9732778,3.9710643,3.9691186,3.9781883,3.9810035,3.9781964,3.9778728,3.987721,3.98067,3.984776,3.9886336,3.9928844,3.9911315,3.988021,3.9860978,3.9954371,3.9945004,3.9928117,4.00106,3.9848347,3.987683,3.9897535,3.9867926,3.9918969,3.9986036,3.987925,3.997485,3.996121,4.000718,3.989906,4.002731,3.9999022,,,,,,,,,,,,,,,,,,,,,,,,,,,,,,,,,,,,,,,,,,,,,,,
4.033043,4.037056,4.014702,4.0418916,4.0458465,4.060484,4.0625935,4.0651445,4.0669465,4.0704446,4.068796,4.052254,4.063827,4.066759,4.0715504,4.058048,4.0633492,4.0705237,4.077559,4.067348,4.070346,4.0920105,4.083358,4.0989532,4.1027226,4.1052437,4.101964,4.10447,4.093736,4.104472,4.104808,4.109328,4.1107574,4.1160707,4.1199417,4.1101,4.1161685,4.111958,4.120504,4.1167192,4.1191206,4.1271763,4.121709,4.123528,4.1171675,4.127273,4.1214833,4.123094,4.111943,4.0983706,4.0746145,4.0662665,4.049948,4.029329,3.996049,3.9657469,3.9523258,3.9374518,3.9178174,3.8878086,3.8589883,3.8292518,3.81072,3.7895107,3.7588592,3.7449975,3.739069,3.7054174,3.7058058,3.6853638,3.6492457,3.6370978,3.6196113,3.6133723,3.6170058,3.5944965,3.5877945,3.554713,3.5483215,3.5569668,3.5444002,3.5366614,3.5302284,3.5108063,3.5036666,3.5044348,3.4893897,3.4967191,3.4887362,3.4929042,3.490039,3.4845436,3.4794939,3.484338,3.4832609,3.4803958,3.497373,3.4822426,3.4898858,3.4835083,3.4950078,3.4907176,3.4930506,3.4986484,3.497146,3.499108,3.5030577,3.5065775,3.5150406,3.5246413,3.525985,3.5294228,3.5276325,3.567357,3.5538566,3.5544112,3.5698938,3.5656257,3.5756197,3.583951,3.585577,3.5856674,3.6049535,3.6146414,3.61539,3.6372888,3.6536288,3.6500368,3.653228,3.6621976,3.6591659,3.6655948,3.6689713,3.6732597,3.6924908,3.6899192,3.7202802,3.7203662,3.7380755,3.7448614,3.7708218,3.7625587,3.7739482,3.7778504,3.797672,3.7933652,3.8048818,3.8127933,3.828823,3.8383534,3.832936,3.8351388,3.847313,3.8523068,3.8517122,3.8635914,3.878044,3.8849258,3.8794048,3.8903883,3.9017403,3.901139,3.9045482,3.9163299,3.92292,3.9154284,3.9156992,3.92256,3.9305701,3.9301426,3.9417424,3.9439518,3.9468684,3.95945,3.9549773,3.962226,3.964414,3.950551,3.9679925,3.969011,3.9740217,3.972218,3.9704797,3.9746099,3.9726057,3.9798188,3.9899354,3.9904742,3.9927003,4.0031557,4.0056376,4.0090384,4.017538,4.0092773,4.0383887,4.024908,4.040871,4.0309215,4.031408,4.0442142,4.0454373,4.043638,4.049191,4.036425,4.0432644,4.0496473,4.052979,4.0502973,4.041571,4.04546,4.0547085,4.059166,4.052382,4.0444984,4.0441494,4.039789,4.0480742,4.0595684,4.049598,4.045803,4.0561957,4.0441065,4.0542617,4.038059,4.043616,4.0473647,4.0378757,4.0441017,4.0398703,4.0463443,4.0509872,4.0457964,4.035708,4.0385704,4.0474205,4.034278,4.045582,4.0585217,4.0386233,4.0756016,4.0650024,4.0824146,4.075446,4.080319,4.072687,4.0686126,4.072798,4.0767365,4.075949,4.0812683,4.0763907,4.0762763,4.0762715,4.0880184,4.0839734,4.087392,4.078348,4.0880914,4.07388,4.0794835,4.0821023,4.08885,4.0700994,4.0937834,4.089211,4.088779,4.0737596,4.087726,4.083182,4.0790815,4.0721736,4.0800223,4.080538,4.0855403,4.0927267,4.081461,4.0798593,4.0824103,4.0854626,4.0705247,4.0710807,4.078692,4.0760393,4.070483,4.0881705,4.0934258,4.080169,4.0755854,4.0874248,4.0829277,4.0743217,4.0844817,4.099514,4.0915227,4.090271,4.0934505,4.0877066,4.097189,4.095848,4.0931306,4.0967207,4.0953016,4.1053534,4.1048675,4.103444,4.095674,4.099215,4.0950646,,,,,,,,,,,,,,,,,
4.307255,4.2951503,4.3028584,4.3090816,4.308199,4.305903,4.3151054,4.3120055,4.334572,4.317966,4.316506,4.3218584,4.3249903,4.3280773,4.33662,4.339192,4.333561,4.3299475,4.343268,4.3345885,4.3461156,4.3378177,4.3581886,4.3555145,4.3422995,4.3483567,4.351038,4.3537035,4.3451924,4.3559766,4.3606057,4.356784,4.3548374,4.345682,4.349605,4.3540683,4.3514886,4.3629484,4.365751,4.3800206,4.3798637,4.3791804,4.3827205,4.384866,4.394649,4.3871017,4.376622,4.3737903,4.3640003,4.358755,4.353473,4.3180704,4.2983613,4.2748895,4.2607903,4.251528,4.235757,4.204075,4.182742,4.14951,4.09439,4.0908575,4.0857663,4.0485525,4.029122,4.009629,3.9807515,3.9765291,3.9327962,3.9090664,3.9034462,3.8969188,3.8716888,3.848177,3.841299,3.837865,3.8359241,3.827433,3.8052428,3.7912707,3.7793822,3.7601616,3.758671,3.7402859,3.7382202,3.7327967,3.725609,3.7343361,3.7273488,3.7307184,3.7353141,3.7262416,3.7125123,3.723871,3.71949,3.7174666,3.7140815,3.716967,3.6986885,3.6971967,3.7007763,3.7001157,3.7049577,3.7042248,3.699129,3.7128007,3.7115147,3.7286346,3.7271183,3.7434428,3.7469218,3.7576635,3.7591631,3.7719522,3.771198,3.7798355,3.7907062,3.7871614,3.7938104,3.7933357,3.7931738,3.8254747,3.850946,3.85043,3.846459,3.8546183,3.8692343,3.8612754,3.8774314,3.890206,3.905915,3.897824,3.9191124,3.9194272,3.9288518,3.935204,3.9500008,3.9628236,3.9690611,3.9685695,3.9770064,3.9879625,3.988938,3.9772763,4.03202,4.04979,4.017864,4.0416045,4.0564313,4.052101,4.0774674,4.0829587,4.0889077,4.102578,4.094578,4.0975027,4.0989676,4.1021442,4.103056,4.1213284,4.1471105,4.161548,4.164854,4.1636276,4.1718316,4.186175,4.1912637,4.187255,4.1975303,4.1990504,4.2002535,4.2086587,4.2146482,4.2202563,4.2213435,4.2245708,4.2257776,4.2327657,4.2328734,4.2378006,4.243013,4.2519307,4.260056,4.2582207,4.259943,4.26599,4.278669,4.281628,4.2891335,4.276688,4.2910304,4.2947893,4.289172,4.302713,4.3037963,4.301731,4.2919025,4.2982845,4.305761,4.3124385,4.321513,4.3315496,4.3106318,4.3309255,4.3290377,4.321978,4.330726,4.334057,4.3336287,4.338882,4.3324294,4.33934,4.356891,4.3481445,4.3518305,4.3478885,4.3544493,4.3515067,4.3517904,4.351703,4.359421,4.3503137,4.362944,4.350879,4.357725,4.357415,4.34305,4.3656754,4.3521347,4.3519545,4.343535,4.3626637,4.3604164,4.360145,4.3531537,4.360581,4.3495064,4.349141,4.3569274,4.3667603,4.3498735,4.352781,4.3580523,4.3616357,4.33979,4.3519306,4.3498626,4.360561,4.345231,4.359177,4.353378,4.342662,4.3425126,4.3427534,4.3516393,4.346974,4.347188,4.3350344,4.349885,4.3497934,4.342202,4.350907,4.356765,4.353089,4.357071,4.3434143,4.33443,4.337359,4.340035,4.3457317,4.328222,4.3431516,4.338214,4.346709,4.3455772,4.353457,4.353684,4.3437195,4.3445506,4.3557878,4.340371,4.33994,4.3333116,4.337583,4.330959,4.3331766,4.3377886,4.3238425,4.3379965,4.3394914,4.330953,4.3398457,4.340178,4.3349943,4.335995,4.350317,4.348349,4.3514233,4.3639307,4.3581676,4.3624797,4.3584466,4.3627267,4.3593783,4.377312,4.371217,4.3767853,4.3662567,4.378879,,,,,,,,,,,,,,,,
4.1609564,4.158339,4.1652026,4.151319,4.157849,4.1580405,4.169592,4.1666226,4.1710367,4.1581554,4.167297,4.1632333,4.1668315,4.177696,4.1754203,4.174194,4.168614,4.174518,4.178791,4.1795497,4.1746807,4.1763415,4.189611,4.184234,4.1792955,4.1836925,4.176378,4.1908083,4.1809745,4.177702,4.1991367,4.1805673,4.189114,4.1924753,4.194266,4.1916914,4.196086,4.1916175,4.1946497,4.1944113,4.1927733,4.2103167,4.197308,4.2037683,4.2107153,4.2123485,4.197691,4.196368,4.182647,4.1809564,4.1809278,4.1636086,4.1365647,4.13201,4.118141,4.0921063,4.0711193,4.0484,4.02944,4.001153,3.9891975,3.969905,3.946818,3.9301786,3.8873737,3.876161,3.863603,3.8506389,3.8339076,3.805836,3.781704,3.7780006,3.772675,3.7627642,3.7497644,3.7415266,3.7224257,3.7044551,3.6961372,3.689495,3.6769211,3.6706247,3.654738,3.6586463,3.6581762,3.6550887,3.6534705,3.6541572,3.6534264,3.6496918,3.642621,3.645588,3.6471372,3.6486602,3.6464179,3.651921,3.651951,3.6494274,3.65116,3.67365,3.6727033,3.6590426,3.6651428,3.6370363,3.6429358,3.5960398,3.6293724,2.2860599,1.1636606,2.2324474,3.4332058,2.4350748,3.7022882,3.6970766,3.679941,3.7196815,3.7713792,3.813344,3.8266175,3.8179657,3.837726,3.8636312,3.8677983,3.8732843,3.9020174,3.9077852,3.92055,3.9136057,3.9204273,3.93093,3.9322162,3.9483163,3.944895,3.9195464,3.9272132,3.8729568,3.1758537,1.5695208,1.0513234,4.0232496,4.0616026,4.0398545,4.056614,4.076768,4.088929,4.107158,4.1157084,4.1167502,4.125207,4.1274056,4.134841,4.1271396,4.1367354,4.1385202,4.14448,4.146786,4.147492,4.1566944,4.160786,4.156495,4.1631694,4.165704,4.158293,4.1616397,4.1612206,4.1648526,4.1551642,4.1579633,4.1580243,4.173823,4.17342,4.1750445,4.178116,4.171655,4.166415,4.171785,4.1650476,4.170084,4.16937,4.171028,4.168076,4.1725926,4.17342,4.1644807,4.165312,4.163159,4.1617637,4.1805844,4.1721015,4.1642246,4.174883,4.177689,4.16806,4.1650314,4.154887,4.167248,4.1710067,4.1646547,4.1740894,4.149328,4.162497,4.1607575,4.155299,4.1460924,4.1540365,4.158818,4.1447697,4.154278,4.1525726,4.150459,4.1480675,4.1484113,4.140541,4.1429105,4.137102,4.141262,4.160791,4.156534,4.158545,4.1540194,4.1553793,4.1462054,4.1524844,4.1661987,4.1474886,4.1534195,4.1508307,4.1516676,4.144484,4.1424174,4.1526723,4.146763,4.1474113,4.1387424,4.1435614,4.1368227,4.1356063,4.1277604,4.1321435,4.1372647,4.1352415,4.136968,4.1500125,4.146298,4.1391106,4.1418643,4.1447287,4.140125,4.1363626,4.1390247,4.1352525,4.13265,4.137019,4.133308,4.1331577,4.1332784,4.1373534,4.133727,4.1310534,4.144458,4.1429143,4.1340723,4.1408625,4.137926,4.140664,4.138267,4.142965,4.1373525,4.14006,,,,,,,,,,,,,,,,,,,,,,,,,,,,,,,,,,,,,,,,,,,,,,,,,,,,,,,,
4.246876,4.23774,4.238071,4.234122,4.237588,4.218029,4.2371054,4.2428904,4.242546,4.2422667,4.23886,4.244819,4.2467113,4.249113,4.2523785,4.2533417,4.255862,4.2577662,4.261713,4.248827,4.253765,4.257635,4.2519817,4.253131,4.2556996,4.2565775,4.259652,4.2635283,4.269207,4.2737045,4.278509,4.267938,4.276725,4.284762,4.2709713,4.280119,4.2782016,4.2800217,4.283863,4.2943454,4.291794,4.283822,4.3005276,4.3932734,4.491118,4.3328958,4.254001,4.2582192,4.2503815,4.2477684,4.230271,4.2164316,4.1983857,4.1853433,4.1757803,4.1532164,4.131675,4.105221,4.083787,4.040267,4.0110726,3.9979336,3.9810953,3.967437,3.9376187,3.9149656,3.8991983,3.8712144,3.8435292,3.8220034,3.810901,3.8025537,3.7860289,3.7694817,3.7552254,3.7547476,3.7371285,3.7298355,3.7231724,3.718585,3.7039042,3.6870177,3.67286,3.6594756,3.6581213,3.6592772,3.6536443,3.6314392,3.6544378,3.6552715,3.659277,3.642414,3.642287,3.6276562,3.640148,3.6458857,3.6407583,3.6462727,3.650632,3.6559284,3.663719,3.657747,3.659557,3.659005,3.669346,3.6699336,3.664915,3.6678052,3.672365,3.6782563,3.676847,3.6702185,3.678109,3.6722324,3.6821249,3.7146556,3.696599,3.7150156,3.7113483,3.7176108,3.7162313,3.7354846,3.7523706,3.7732918,3.7589967,3.7506607,3.763314,3.763864,3.7990568,3.8118649,3.8188818,3.8078706,3.8303373,3.8278847,3.837228,3.8521743,3.8442378,3.8660553,3.8773282,3.893573,3.8978589,3.9074783,3.9205465,3.924358,3.9318187,3.940633,3.9419982,3.9585342,3.9611816,3.9708185,3.9678707,3.9675286,3.966618,3.9747107,3.9771278,3.9761722,3.986289,3.9857786,3.9994454,4.0093207,4.0239496,4.0193377,4.034782,4.0403533,4.0310187,4.0316095,4.0339217,4.038777,4.0497255,4.042256,4.05398,4.0699215,4.057061,4.0776973,4.0795345,4.080073,4.099549,4.0983315,4.1095004,4.1160355,4.1172485,4.1196156,4.119206,4.120384,4.1391873,4.146637,4.143443,4.150197,4.1566696,4.162341,4.1566873,4.1629224,4.16253,4.159179,4.163026,4.158582,4.1645303,4.168637,4.1790905,4.179014,4.17951,4.1902337,4.1894083,4.1874967,4.2049747,4.196666,4.19287,4.2037215,4.227601,4.2079697,4.221474,4.220324,4.2122173,4.227048,4.2241807,4.225015,4.222277,4.2225046,4.2182937,4.2283306,4.224433,4.2281528,4.211224,4.21496,4.2123976,4.211754,4.2135515,4.216676,4.2239094,4.2166114,4.2138815,4.211719,4.2036896,4.2095685,4.205242,4.2190742,4.216642,4.206071,4.2129154,4.2010036,4.2085342,4.2008114,4.2021356,4.1988416,4.1965337,4.1975493,4.199112,4.192306,4.1867485,4.1974516,4.1967645,4.197276,4.1927457,4.2004275,4.1953564,4.1968937,4.1980214,4.191803,4.1882763,4.1981792,4.1954746,4.194055,4.200499,4.196341,4.2096205,4.1956215,4.201428,4.1955123,4.204585,4.20117,4.2006907,4.2068267,4.2222786,4.2169127,4.226192,4.2221656,4.2312603,4.2347355,4.2409563,4.230328,4.2451158,4.238116,4.2428875,4.245551,4.251514,4.245656,4.2561398,4.2580986,4.260959,4.2636175,4.266451,4.264137,4.271343,4.2667,4.2715993,4.269284,4.2716856,4.283053,4.2880864,4.2776165,4.29224,4.290869,4.294193,4.2860756,4.2945433,4.304744,4.295918,4.297786,4.292927,4.310002,4.299019,4.3064265,4.312383,4.314269,4.3110356,4.3080206,4.3178077,,,,,,,,
4.445832,4.4432755,4.4358635,4.439311,4.442805,4.446982,4.438006,4.4362426,4.4449315,4.4326468,4.4480567,4.439112,4.4405365,4.445754,4.4462047,4.441154,4.445144,4.4532533,4.448384,4.4566164,4.4580803,4.462381,4.452501,4.4565887,4.4575686,4.4597564,4.463245,4.4546213,4.4629793,4.4596605,4.456912,4.455422,4.456993,4.452801,4.4579597,4.4521403,4.4584584,4.468812,4.4734774,4.4563127,4.4831324,4.458016,4.4329586,4.415511,4.436673,4.4368167,4.418036,4.404782,4.3934007,4.387397,4.3787727,4.3646903,4.363381,4.335691,4.2991505,4.2807875,4.252727,4.221613,4.197161,4.172393,4.144113,4.1225624,4.1091113,4.093633,4.0663576,4.0271583,4.018952,3.9980159,3.9758148,3.961557,3.9558704,3.9463127,3.9162087,3.8938124,3.8847349,3.869367,3.873296,3.857492,3.842138,3.818257,3.8114152,3.7980192,3.8131914,3.7969794,3.7965117,3.8020492,3.7981405,3.7818737,3.7903476,3.7935696,3.7804444,3.783714,3.779641,3.7709813,3.764183,3.7298453,3.7253947,3.708808,3.6856318,1.1470734,3.7947252,3.8961122,3.8551817,3.875955,3.8396864,3.8385847,3.8531053,3.878761,3.8749597,3.879659,3.8580751,3.86271,3.8858597,3.9004204,3.9055867,3.9046838,3.912345,3.9216487,3.9243066,3.9409106,3.9404016,3.9456177,3.9503288,3.9566586,3.9546797,3.956043,3.9567542,3.9608579,3.9743729,3.9809642,3.9936724,3.9998,3.9943464,4.0034666,4.009395,4.001564,4.0140724,3.994749,4.009163,3.9942813,4.0084033,4.0304914,4.025375,4.0329556,4.032839,4.0403757,4.044154,4.0570903,4.051527,4.0563436,4.055469,4.0602303,4.064948,4.0636077,4.06707,4.061774,4.0663056,4.0789094,4.086469,4.09907,4.119148,4.114224,4.1169934,4.124302,4.12245,4.130469,4.144207,4.1398153,4.145649,4.139864,4.1452427,4.147844,4.1608205,4.1548104,4.159771,4.164993,4.1633363,4.1641884,4.1763935,4.1601152,4.161626,4.1634007,4.1698966,4.1621156,4.1633,4.1726823,4.1669116,4.1650295,4.170947,4.161598,4.1692014,4.158076,4.155602,4.1659293,4.151198,4.1606526,4.1453195,4.1455965,4.1460185,4.146102,4.21046,4.1975737,4.2081337,4.199468,4.185601,4.191039,4.198237,4.1871405,4.1865864,4.183013,4.1850376,4.1844106,4.1869664,4.189429,4.186422,4.1846714,4.180329,4.185155,4.185816,4.185452,4.1819687,4.1906652,4.189195,4.1873965,4.1909714,4.185483,4.1855364,4.189464,4.1855264,4.187,4.1874394,4.183022,4.1816487,4.1823854,4.1809173,4.1742516,4.1787944,4.181218,4.176942,4.1715016,4.178999,4.172694,4.1708555,4.172778,4.178948,4.174404,4.166844,4.168411,4.168808,4.1701255,4.1732154,4.1581583,4.1590457,4.1532774,4.165855,4.157997,4.1570764,4.1612434,4.1606083,4.1614747,4.1601048,4.158494,4.1592574,4.154248,4.164835,4.1669884,4.1572137,4.1653028,4.1663027,4.169966,4.169218,4.1650767,4.1641946,4.1654806,4.176615,4.176683,4.169857,4.1765857,4.1764994,4.1717343,4.171845,4.183561,,,,,,,,,,,,,,,,,,,,,,,,,,,,,,,,,,,,,,,,,,,
4.33413,4.3381495,4.343391,4.3467093,4.346107,4.339367,4.3352637,4.346382,4.3441563,4.336365,4.345655,4.329466,4.339824,4.3360343,4.334712,4.334444,4.345635,4.3426356,4.344535,4.3326592,4.341342,4.332381,4.3358245,4.3437243,4.336201,4.342475,4.34452,4.3313365,4.345724,4.3442287,4.334638,4.34526,4.3475914,4.348756,4.348583,4.3474174,4.3459725,4.355609,4.349853,4.3400416,4.3545084,4.4911537,4.3593035,4.340857,4.351055,4.3425803,4.436184,4.316636,4.2983637,4.2647815,4.251459,4.2394557,4.221068,4.187023,4.174541,4.1527653,4.1258154,4.101023,4.0668197,4.0385146,4.01539,3.9975913,3.994869,3.9590456,3.942115,3.9085732,3.8868783,3.8487434,3.8329458,3.8276873,3.8265436,3.8130982,3.8021147,3.7883334,3.772674,3.7583976,3.737097,3.717965,3.714502,3.7058291,3.6560867,3.6396906,3.6308563,3.6239796,3.6194043,3.615938,3.6187115,3.6181154,3.6127653,3.6097312,3.6187701,3.6090202,3.6140435,3.6117496,3.6197083,3.616794,3.614875,3.609321,3.5979044,3.5976298,3.6080565,3.5984685,3.6108558,3.591903,3.612436,3.6022255,3.5932968,3.5852387,3.5282502,3.7479928,3.732656,3.7056582,3.7085295,3.7338393,3.7365882,3.73244,3.7577746,3.7557135,3.7803211,3.7787025,3.812594,3.8257608,3.8220265,3.8339946,3.8392847,3.8374422,3.8381412,3.850527,3.8520408,3.8463984,3.8552322,3.8493483,3.862468,3.8702571,3.8837023,3.8867035,3.886279,3.895796,3.885393,3.898265,3.8894577,3.8953729,3.8944838,3.9088836,3.91137,3.923261,3.9313755,3.9466634,3.9474635,3.955481,3.9514103,3.9659994,3.9697254,3.9725757,3.9719958,3.9754822,3.9778888,3.9872427,3.9842598,3.9950433,4.0000167,4.0004635,4.000517,4.0036936,4.004312,4.005198,4.00385,3.9970129,4.0071607,4.021431,4.0160646,4.0237055,4.029824,4.0336018,4.047419,4.047884,4.0600705,4.061403,4.0773873,4.0507393,4.0687737,4.070931,4.0620046,4.0770764,4.071286,4.0683465,4.0884323,4.081972,4.080431,4.0821376,4.083071,4.0806437,4.0833926,4.080295,4.082318,4.077128,4.081836,4.084634,4.0920153,4.0826697,4.084171,4.0880294,4.0873375,4.0846477,4.0959697,4.0973268,4.088988,4.0884695,4.0929775,4.0847025,4.089921,4.093194,4.0880036,4.0991664,4.0934634,4.0951257,4.0907555,4.0861297,4.0890336,4.0929503,4.089664,4.0906,4.0923433,4.0929875,4.094512,4.095154,4.083538,4.0879455,4.0952415,4.0886555,4.091239,4.093183,4.099375,4.0797977,4.0860233,4.091359,4.0920234,4.1034317,4.0908422,4.100214,4.0937533,4.09212,4.1020093,4.105854,4.1027226,4.1083426,4.10721,4.0959177,4.0959067,4.1115136,4.110032,4.1108456,4.098954,4.109657,4.1206317,4.1186805,4.109891,4.1242676,4.120399,4.1178546,4.1154547,4.126736,4.1335487,4.1248517,4.131842,4.139699,4.1320553,4.1324596,4.1361437,4.142367,4.1352544,4.1433835,4.150231,4.1499524,4.1519947,4.1560016,4.142166,4.1460543,4.156582,4.1516395,,,,,,,,,,,,,,,,,,,,,,,,,,,,,,,,,,,,,,,,,,,,,
4.002386,3.995991,3.998675,3.9989707,3.998564,3.9887075,3.9750013,3.9727497,3.9877982,3.9922855,3.9999027,4.0036674,3.9961224,4.006988,4.002178,4.00727,4.0154004,4.0248513,4.0189986,4.0211687,4.0218434,4.023387,4.0308166,4.0382257,4.041133,4.038271,4.036882,4.0434403,4.050935,4.045419,4.046537,4.0491667,4.0527825,4.0586586,4.051279,4.0634017,4.0619173,4.0647335,4.0722356,4.0732374,4.069963,4.1359487,4.1448116,4.0544567,4.0535192,4.0639176,4.0607896,4.0649505,4.0629396,4.0718946,4.0659246,4.0437098,4.0445213,4.0340075,4.0276904,4.0104585,3.9743023,3.9774306,3.928676,3.921379,3.9032395,3.8841066,3.8781824,3.858333,3.8591888,3.831145,3.812053,3.777462,3.753841,3.7421713,3.7413905,3.7293983,3.7141733,3.7140887,3.703379,3.6968768,3.6866605,3.691125,3.679674,3.6694984,3.667932,3.6629086,3.6499753,3.635815,3.6331217,3.619492,3.6063888,3.5903468,3.581807,3.530055,3.6601112,3.6436446,3.6760774,3.6786196,3.666608,3.6613595,3.6563537,3.6839201,3.685591,3.68211,3.7033,3.7200522,3.7311864,3.7403746,3.755512,3.7466526,3.7483857,3.7528307,3.7517588,3.7544537,3.7632208,3.761087,3.7724617,3.7805598,3.7829158,3.7870471,3.7972684,3.8142288,3.8161104,3.8282297,3.824086,3.8396318,3.838686,3.8474925,3.8539317,3.8574336,3.8617861,3.8641078,3.8647828,3.881883,3.8850768,3.8854365,3.8910046,3.9035103,3.896622,3.9122834,3.9229143,3.937285,3.9567306,3.9435236,3.963039,3.9703743,3.9651458,3.9718883,3.9679434,3.9850404,3.9909241,3.9974215,3.9953,3.9973013,4.008209,4.0026417,4.009713,4.0091953,4.0225697,4.016222,4.0130916,4.0210333,4.02191,4.0228295,4.026314,4.0467315,4.0216227,4.039,4.0326924,4.0378175,4.0344033,4.043619,4.047897,4.041488,4.0575504,4.0502944,4.055093,4.04533,4.04507,4.047802,4.0498743,4.0431433,4.0485277,4.0439005,4.0467153,4.0479026,4.0487566,4.0455427,4.043581,4.0515814,4.04238,4.0400023,4.0367637,4.040672,4.033245,4.0368824,4.0341,4.0399213,4.0424504,4.0300784,4.0403876,4.033386,4.0299034,4.03459,4.0266705,4.0286555,4.030675,4.0313277,4.0261,4.0202594,4.0218415,4.006761,4.009979,4.009133,4.005175,4.0121884,4.0116677,4.011418,4.007578,4.016184,4.012361,4.0112114,4.0120096,4.018632,4.016386,4.018512,4.012589,4.0182323,4.0148606,4.0281777,4.0229855,4.0236335,4.017681,4.0231576,4.0297146,4.030273,4.038136,4.0340543,4.025457,4.0319395,4.0345545,4.029927,4.0372734,4.029611,4.0375404,4.0345464,4.038787,4.0290656,4.037311,4.0380526,4.0415144,4.0373955,4.042948,4.0499516,4.0585284,4.0652046,4.0636225,4.079635,4.077458,4.078511,4.076168,4.0799866,4.0836873,4.076757,4.094527,4.0876784,4.0906777,4.0830064,4.081541,4.080392,4.0878797,4.0943465,4.107068,4.0896072,4.097391,4.0948687,,,,,,,,,,,,,,,,,,,,,,,,,,,,,,,,,,,,,,,,,,,,,,,,,,,,,
4.223477,4.2192106,4.195048,4.202427,4.206717,4.2011137,4.2001286,4.20335,4.1945033,4.1984057,4.1993003,4.2045555,4.197715,4.1991477,4.2005563,4.189994,4.1945405,4.193691,4.1964264,4.196872,4.1970115,4.1855383,4.1882753,4.1913614,4.191067,4.1885753,4.1882415,4.192312,4.191475,4.18652,4.1809573,4.189973,4.189881,4.1591644,4.170002,4.1571336,4.1563163,4.1566777,4.1675377,4.1683025,4.168429,4.170747,4.1707864,4.1765776,4.1488805,4.126366,4.1300173,4.1482134,4.109588,4.116734,4.0863633,4.0806437,4.083717,4.0553885,4.0299926,4.0102243,3.9816682,3.955338,3.944552,3.9314563,3.9160657,3.8938792,3.8765013,3.835377,3.8178473,3.7936652,3.7666845,3.7710865,3.743275,3.7208698,3.7058685,3.6963282,3.6776822,3.6680598,3.655443,3.6309245,3.6146488,3.6111035,3.5929801,3.6026025,3.5850677,3.5931528,3.5696557,3.5858257,3.5455616,3.5412521,3.5468657,3.5516133,3.5485666,3.533837,3.531394,3.5362785,3.5402136,3.5394175,3.5339575,3.5563848,3.5477874,3.5427241,3.548561,3.5471323,3.5554192,3.5551317,3.5735343,3.5628371,3.5640543,3.5769129,3.578547,3.579271,3.5860472,3.5763397,3.5900145,3.5827067,3.6074698,3.6141355,3.6351597,3.633499,3.6559198,3.6504714,3.6644824,3.6615965,3.6810522,3.6886818,3.68437,3.6759312,3.6890275,3.696425,3.6995268,3.706243,3.6994047,3.708077,3.7149198,3.7333124,3.7405872,3.7506714,3.736188,3.7720594,3.7658179,3.7703416,3.7775314,3.780334,3.7887104,3.7831447,3.8000865,3.8092391,3.8094542,3.8182,3.8419807,3.8398328,3.840517,3.8584948,3.8708875,3.859693,3.8675327,3.8806124,3.8888018,3.8973055,3.8947647,3.9074593,3.9100337,3.9136717,3.9165237,3.919821,3.9378552,3.9501135,3.9407287,3.959039,3.9802332,3.9745762,3.9756482,4.003921,4.002388,4.0073185,4.0165877,4.0348277,4.032785,4.047415,4.0565434,4.0615463,4.055667,4.0520353,4.04471,4.047595,4.027029,3.99044,3.6064944,3.2251375,4.16346,4.168069,4.1823134,4.198485,4.191305,4.200242,4.20238,4.1950107,4.20994,4.214336,4.2165484,4.2133045,4.201702,4.1981635,4.2121677,4.2032695,4.199459,4.199977,4.18929,4.1794434,4.204041,4.201747,4.1938925,4.1798196,4.1838684,4.1908956,4.186242,4.1979346,4.1948357,4.182382,4.1819844,4.1885858,4.1867876,4.1691465,4.1832747,4.169765,4.18479,4.1770267,4.1711698,4.1933427,4.181849,4.175197,4.196508,4.1894984,4.193567,4.18722,4.210741,4.209407,4.209201,4.2193346,4.2090926,4.219585,4.2239623,4.224425,4.219973,4.2076926,4.2220407,4.1955485,4.2075787,4.1978817,4.202335,4.199223,4.206,4.2070594,4.2080984,4.2176666,4.2056317,4.229219,4.2264857,4.226669,4.2403464,4.212934,4.225075,4.2150965,4.1937795,4.202503,4.2092333,4.2183723,4.2137556,4.204282,4.2088814,4.207509,4.2063575,4.202922,4.191318,4.187709,4.1856356,4.1901665,4.194928,4.1695914,4.179786,4.1892824,4.1766505,4.175056,4.170038,4.174292,4.175852,4.172577,4.1710386,4.151485,4.153757,4.159575,4.147916,4.1462507,4.1394987,4.125694,4.1249237,4.121501,4.1177554,4.097569,4.105739,,,,,,,,,,,,,,,,,,,,,,,,,,,,
4.227202,4.2342587,4.2349195,4.2355623,4.243178,4.240209,4.233958,4.244758,4.2428746,4.2450457,4.2421727,4.235254,4.259417,4.2509274,4.2438407,4.2528834,4.2522044,4.2564316,4.252939,4.2597256,4.2710943,4.269155,4.269854,4.2812934,4.272604,4.279609,4.284047,4.282257,4.2804375,4.2969794,4.2907743,4.2860956,4.2897797,4.2918496,4.284019,4.3012457,4.2941184,4.287396,4.298117,4.30603,4.3062124,4.3069234,4.3050437,4.3160424,4.334241,4.3178234,4.315708,4.3221354,4.3037047,4.3000712,4.286349,4.277837,4.2689366,4.2600756,4.248312,4.228308,4.2060766,4.1911516,4.142361,4.1262913,4.1157613,4.1101656,4.1042776,4.0660534,4.0424495,4.0252657,4.003501,3.9839773,3.957199,3.9437604,3.926258,3.9094381,3.8832948,3.8672533,3.8660648,3.86224,3.8581603,3.8506904,3.8332548,3.8109095,3.8057876,3.7920952,3.790939,3.7768548,3.7910347,3.785134,3.7786226,3.775445,3.756315,3.724571,3.698667,3.7179992,3.669343,3.6905358,1.3620377,1.2041531,2.2753184,2.4075644,2.154754,3.7100286,3.7175636,3.709045,3.7309396,3.7793062,3.7873406,3.7791424,3.779462,3.810721,3.8200262,3.8339818,3.8352602,3.8456724,3.8554597,3.861813,3.8634412,3.869789,3.8868449,3.901552,3.8975031,3.9091089,3.9212186,3.9334104,3.9411905,3.9410288,3.9412205,3.9553444,3.9564967,3.961175,3.9886672,3.9868963,3.9659288,3.9783654,3.9632795,3.955345,3.9326718,3.8292582,4.142488,4.1200457,4.0866036,4.098952,4.1181474,4.134098,4.134579,4.14326,4.150737,4.1522465,4.147342,4.151541,4.1674047,4.163517,4.173564,4.186429,4.1779222,4.191963,4.2005043,4.20696,4.1976957,4.2016425,4.206136,4.205318,4.2185807,4.1968365,4.211724,4.2140083,4.197955,4.188323,4.19038,4.1847563,4.1844735,4.191064,4.1861587,4.190017,4.1767054,4.1799483,4.1820908,4.1844935,4.192089,4.1972218,4.196865,4.1904626,4.1904826,4.1936035,4.19224,4.1906977,4.1825147,4.1824183,4.1863074,4.1836,4.1816607,4.18138,4.1647787,4.1953025,4.1821623,4.1765866,4.180205,4.1728673,4.1923,4.181581,4.1831307,4.1708207,4.171963,4.181496,4.161007,4.1799364,4.1753135,4.1758456,4.1666875,4.1632357,4.160129,4.1723375,4.152606,4.1760254,4.149315,4.163471,4.1653733,4.1643887,4.1509523,4.1599383,4.167393,4.1542096,4.1599646,4.166062,4.15518,4.1581473,4.1532087,4.157064,4.1529155,4.1519165,4.15419,4.164162,4.152034,4.143861,4.1464095,4.1396537,4.1412106,4.1147213,4.123927,4.1279497,4.130722,4.11323,4.1325054,4.123137,4.126199,4.1105647,4.1264014,4.126167,4.1318374,4.1210957,4.1305757,4.127436,4.127577,4.1290283,4.1183333,4.117272,4.118213,4.118138,4.123503,4.121116,4.1241198,4.127892,4.1339912,4.138375,4.117672,4.136386,4.135463,4.141309,4.1411114,4.1495833,4.1422606,,,,,,,,,,,,,,,,,,,,,,,,,,,,,,,,,,,,,,,,,,,,,,,,,,,,,,,,
4.1436357,4.146967,4.155876,4.166032,4.171183,4.161319,4.1732616,4.172373,4.163482,4.178207,4.1773095,4.184951,4.1909966,4.188536,4.1917715,4.193032,4.197506,4.1999445,4.2006164,4.2004323,4.20199,4.205213,4.204313,4.2107205,4.2058187,4.22013,4.218978,4.2281413,4.21601,4.2380447,4.2400002,4.222119,4.2293243,4.2378263,4.235085,4.234565,4.231286,4.233279,4.231289,4.2396736,4.23113,4.2404003,4.250675,4.2558146,4.2458353,4.247334,4.255231,4.2440677,4.247082,4.238879,4.2348056,4.2332444,4.213919,4.1867394,4.1478963,4.131282,4.1113706,4.1011586,4.064859,4.063466,4.0420136,4.020566,3.9953828,3.97556,3.957132,3.915941,3.9046357,3.894898,3.8769114,3.871655,3.8565664,3.855692,3.8261337,3.821238,3.811272,3.8014078,3.789621,3.7747257,3.753504,3.7402728,3.7361128,3.7396898,3.7180593,3.7135587,3.7099059,3.7108324,3.6926908,3.6904507,3.6959796,3.6758428,3.6617017,3.6386075,3.6129925,3.6521726,1.6212479,2.3622625,3.4278007,3.4609196,3.4467196,3.6259122,3.6392238,3.6256351,3.638062,3.6700273,3.695554,3.707983,3.716196,3.7328799,3.728313,3.744248,3.737007,3.7438602,3.7504253,3.761933,3.7645044,3.7800808,3.7953336,3.8178856,3.803618,3.814049,3.8292432,3.8429039,3.8431518,3.847339,3.8485343,3.8558128,3.8638625,3.8759437,3.882348,3.8836164,3.8816311,3.895918,3.901332,3.9130607,3.9358459,3.9447901,3.94526,3.9521255,3.9512045,3.9523475,3.9670205,3.9829326,3.9737487,3.9925766,3.987702,3.9993932,4.0039196,4.0046167,4.0088363,4.016754,4.0218196,4.014159,4.025038,4.024836,4.039538,4.0471234,4.035119,4.0542264,4.0379395,4.0574436,4.065518,4.0633316,4.068714,4.0650673,4.0667744,4.079187,4.079646,4.067781,4.0847216,4.0854874,4.0887794,4.0829263,4.095177,4.0897794,4.0926843,4.0889077,4.091882,4.0920615,4.085598,4.102586,4.0923967,4.098923,4.09013,4.099558,4.094332,4.1027675,4.0938687,4.1068945,4.103404,4.10855,4.0978217,4.1008763,4.0963936,4.1082263,4.1053743,4.1080194,4.1008587,4.1101007,4.105872,4.091336,4.098441,4.0880713,4.0885015,4.0945263,4.0907483,4.0879016,4.079937,4.08103,4.084193,4.10156,4.0976925,4.099822,4.0721164,4.0719643,4.072932,4.0718846,4.061287,4.062412,4.0598426,4.0619354,4.0571575,4.0481925,4.0602016,4.040499,4.0432434,4.0452657,4.043472,4.0425873,4.06468,4.0562687,4.041572,4.039733,4.0417504,4.040564,4.064617,4.0554276,4.054066,4.036675,4.061227,4.058131,4.0523415,4.0489783,4.063287,4.0495334,4.0661097,4.0609527,4.056627,4.062544,4.0600853,4.0663576,4.067477,4.0675445,4.0776086,4.088487,4.0738053,4.0852537,4.0980096,4.0936728,4.103508,4.0892434,4.099976,4.0842156,4.089798,4.0789623,4.0957155,4.078319,4.081328,4.086054,4.0970507,4.0929937,4.096252,4.0948834,4.108128,4.0896525,4.1140904,4.1062427,4.109086,4.121451,4.1087646,4.117538,4.125942,4.1231375,4.128189,4.1322207,4.132468,4.1342216,4.131664,4.134823,,,,,,,,,,,,,,,,,,,,,,,,,,,,,,,,,,,,,
4.38071,4.3803043,4.375132,4.3787456,4.3940563,4.3865757,4.3756742,4.3923173,4.3989015,4.3960147,4.396042,4.4062066,4.41406,4.416076,4.41667,4.4043417,4.412072,4.421338,4.4183407,4.4149847,4.4252434,4.423803,4.4186354,4.4434032,4.4393964,4.4370246,4.447638,4.4477673,4.4462447,4.454085,4.4498725,4.4480557,4.4524527,4.4520335,4.4547,4.4563937,4.4513273,4.466019,4.4613843,4.463867,4.460557,4.4705405,4.472514,4.463561,4.442099,4.425904,4.4286203,4.4266267,4.4290357,4.426857,4.4148192,4.3997645,4.396631,4.382273,4.355802,4.325095,4.291092,4.2659965,4.239304,4.2175035,4.1839614,4.1702414,4.145546,4.117788,4.101985,4.067999,4.048388,4.0442996,4.0204253,4.007907,3.9699392,3.9505706,3.923864,3.9158845,3.907733,3.9080122,3.8799577,3.8822975,3.8689783,3.861916,3.8577554,3.8539634,3.8276684,3.8324013,3.8202622,3.8263342,3.8023555,3.8059337,3.8033438,3.8082414,3.8015742,3.7891803,3.7964425,3.7978745,3.7963643,3.790729,3.7936697,3.7889357,3.7908378,3.8010871,3.7766042,3.7840996,3.788335,3.7976644,3.7914493,3.7893121,3.8010912,3.8008115,3.8078418,3.7963161,3.8085172,3.795875,3.7988133,3.7979622,3.811058,3.8319016,3.8019578,3.8242528,3.8099327,3.8147168,3.8248992,3.8157842,3.8230503,3.8267446,3.8296533,3.8281589,3.838208,3.8346548,3.8393342,3.839932,3.8575354,3.8575406,3.8709326,3.8716989,3.8939145,3.8738332,3.8841887,3.8833094,3.8758626,3.8798084,3.8887813,3.8348825,3.8229613,2.410628,3.9948204,4.033446,4.0169673,4.0324473,4.0495024,4.051957,4.0552716,4.081336,4.080159,4.090623,4.115449,4.1229515,4.1380296,4.144181,4.149737,4.1469927,4.163024,4.1590514,4.1715755,4.1655164,4.174126,4.185512,4.173545,4.184639,4.1945295,4.1928515,4.214663,4.2202244,4.2276926,4.218904,4.2328396,4.22973,4.242691,4.2430434,4.251693,4.2505455,4.267101,4.2594385,4.255351,4.2588058,4.2704496,4.259278,4.2694716,4.2676926,4.279547,4.2813263,4.2688794,4.281221,4.282024,4.2818265,4.2818437,4.2905,4.281895,4.288708,4.2926593,4.2965975,4.3100276,4.310036,4.307321,4.301287,4.317401,4.31564,4.307338,4.309433,4.3230906,4.306002,4.318743,4.3263555,4.3280096,4.330694,4.330984,4.329968,4.347202,4.3446836,4.347331,4.3388085,4.3421726,4.348741,4.345118,4.3369756,4.3459697,4.3546906,4.3599176,4.3642573,4.3601484,4.3623643,4.356286,4.3490806,4.3622713,4.3637834,4.3719187,4.3643074,4.371993,4.371195,4.3751287,4.368881,4.3710055,4.3851366,4.381161,4.3845925,4.3857512,4.3862934,4.393174,4.3961315,4.379427,4.396627,4.3975697,4.3797374,4.394834,4.39147,4.3844376,4.386471,4.392218,4.3836775,4.383019,4.3962016,4.3900423,4.3909917,4.3901706,4.38945,4.39082,4.3865557,4.3848767,4.390238,4.3905015,4.396885,4.372181,4.3827605,4.3793917,4.3734317,4.3811364,4.3833838,4.3802414,4.382513,4.388193,4.378598,4.3987975,4.38704,4.4027953,4.3830557,4.397362,4.3870125,4.4009976,,,,,,,,,,,,,,,,,,,,,,,,,,,,,,,,,,,,,,
4.3820186,4.397013,4.384035,4.3853273,4.375398,4.377144,4.3784113,4.3769126,4.3902774,4.387202,4.3918123,4.3726034,4.389863,4.3951535,4.3765,4.3772345,4.384896,4.39217,4.386508,4.391446,4.4053926,4.398351,4.407984,4.427082,4.4210653,4.4075847,4.43156,4.4520087,4.4108415,4.421225,4.4289255,4.433998,4.4167457,4.4158897,4.425087,4.425774,4.421553,4.4265213,4.427066,4.426266,4.426987,4.425605,4.4277053,4.42795,4.4398284,4.433797,4.4162555,4.40956,4.407441,4.3928237,4.3790717,4.3656645,4.340239,4.318145,4.2926593,4.2900977,4.260172,4.2230873,4.202571,4.1786313,4.162856,4.1380687,4.1050143,4.0692906,4.055402,4.0215507,4.0136533,3.9878972,3.9773598,3.968674,3.9451652,3.9110239,3.8867214,3.8919635,3.878799,3.8596525,3.8470454,3.844962,3.804425,3.801451,3.8006594,3.7908702,3.7873476,3.77466,3.7642348,3.7731893,3.764346,3.7623796,3.7566812,3.7630281,3.7530127,3.746945,3.7536604,3.742665,3.7532823,3.749376,3.747368,3.737381,3.746331,3.7364123,3.7555277,3.755522,3.7631505,3.7519348,3.7732563,3.7734888,3.7715764,3.7850637,3.803108,3.8024943,3.797223,3.8261504,3.830221,3.8345718,3.8396456,3.8625808,3.8527217,3.8594742,3.8592448,3.8713384,3.887245,3.885241,3.8988328,3.8953078,3.8919475,3.893446,3.8999846,3.9092376,3.918014,3.9213436,3.9308736,3.939849,3.9327888,3.913112,3.9498065,3.9274826,3.920938,3.9448452,3.9224129,3.9422016,3.9189184,3.942084,3.9437242,3.9180768,3.9557655,3.9558868,3.9743233,3.9749708,3.9659688,3.972445,3.9959087,3.9959962,4.002321,4.0084004,4.031419,4.0468225,4.0782633,4.0758266,4.0584736,4.0487113,4.090045,4.0984764,4.0920115,4.0954885,4.1161413,4.1109214,4.112584,4.1274376,4.1225104,4.1332035,4.1482725,4.143234,4.148334,4.1690135,4.161754,4.1767206,4.178671,4.1938615,4.188924,4.188799,4.190341,4.193947,4.212569,4.210296,4.2116184,4.226681,4.2179575,4.223121,4.2207026,4.2258835,4.2533097,4.2569366,4.247137,4.2500033,4.2426414,4.252989,4.2470045,4.2608304,4.2498255,4.2570586,4.258051,4.2594175,4.269385,4.272419,4.290295,4.27916,4.284748,4.296055,4.30496,4.309973,4.3025775,4.3155227,4.32391,4.3096538,4.3278975,4.329056,4.3196664,4.344937,4.3416915,4.3459663,4.3469915,4.3406615,4.355773,4.3539424,4.3429027,4.3407264,4.333284,4.331942,4.343097,4.344085,4.3417106,4.3477783,4.3464956,4.342209,4.352667,4.3456798,4.3473735,4.346064,4.3512564,4.350237,4.346586,4.35479,4.341655,4.358493,4.3555474,4.353838,4.3511944,4.3510695,4.3799863,4.360428,4.3692837,4.3792043,4.3932652,4.386125,4.381567,4.374097,4.3688455,4.3703284,4.371857,4.3660684,4.3595133,4.367571,4.3631577,4.370895,4.3645706,4.3706636,4.3774357,4.3795357,4.3685374,4.3681865,4.3712997,4.363381,4.363512,4.349981,4.35417,4.345299,4.3577604,4.3444834,4.3507667,4.3443575,4.3347726,4.3273096,4.3299246,4.330664,4.3383727,4.343519,4.346095,4.3520784,4.338249,4.353862,4.3497725,4.336142,4.3489547,4.33799,4.3468547,4.3508496,4.350635,4.349862,4.3469195,4.344995,4.346266,4.350701,4.348215,4.3484654,4.3575244,4.3533497,4.359198,4.355771,4.352628,4.3638,,,,,,,,,,,,,,,
3.866431,3.860484,3.8559005,3.8641703,3.8712769,3.866197,3.857008,3.8532078,3.866035,3.8768907,3.8677554,3.8662894,3.8819244,3.8637831,3.8721967,3.8893688,3.8871894,3.878544,3.904233,3.8982506,3.892134,3.8914719,3.894675,3.8910797,3.9169579,3.9157522,3.915047,3.9239817,3.9314654,3.9413264,3.9345973,3.9433737,3.9548893,3.9468944,3.9451644,3.9435008,3.950694,3.947672,3.9423637,3.976166,3.9851916,3.9985323,3.962353,3.9586148,3.9491847,3.9456007,3.954558,3.954754,3.9431674,3.93409,3.912756,3.888958,3.880812,3.8709953,3.8665767,3.8388743,3.8081026,3.793131,3.7791665,3.7489452,3.7263455,3.7129261,3.706529,3.7007859,3.6888094,3.659022,3.6370335,3.619472,3.610991,3.598989,3.598672,3.5849533,3.56963,3.5663517,3.5596728,3.5533564,3.5419264,3.5433896,3.5332816,3.534777,3.527658,3.5147915,3.5107696,3.507704,3.5104446,3.5115054,3.4972548,3.494102,3.4828966,3.4899359,3.485079,3.468992,3.4477844,3.4166257,3.581037,3.6057324,3.4989452,3.5144608,3.5256824,3.5123982,3.523383,3.5398533,3.5468044,3.5491376,3.5484726,3.5427144,3.5550008,3.553025,3.5816202,3.5906844,3.5945153,3.5960598,3.597945,3.6200356,3.6334608,3.6290033,3.657625,3.6514225,3.662702,3.6772797,3.6781375,3.6677806,3.6921194,3.713142,3.7080398,3.7202168,3.7248578,3.7353096,3.7367744,3.7283487,3.7427316,3.7406745,3.7652633,3.7671137,3.7860277,3.7943733,3.8113687,3.8116279,3.8107574,3.8391223,3.8255427,3.8396432,3.8513556,3.8604996,3.8623114,3.8731296,3.8720703,3.870978,3.8937473,3.8881721,3.9144044,3.9136252,3.9174201,3.9338963,3.941456,3.9521692,3.9512396,3.9559567,3.9503224,3.9698834,3.9664073,3.961477,3.979079,3.9704716,3.982838,3.9827065,3.9913914,3.9997666,3.9896865,3.993547,4.0078807,4.0055175,3.9933028,3.9944687,4.008678,4.0021405,4.0125875,4.0195036,4.020267,4.023393,4.026815,4.036465,4.0315156,4.0272155,4.0387177,4.0389676,4.0326433,4.0328627,4.0344677,4.041501,4.0460343,4.051781,4.042015,4.051995,4.0353246,4.040835,4.0432267,4.049839,4.05083,4.047346,4.044739,4.0863557,4.083145,4.0868325,4.0846143,4.078699,4.0798664,4.0869856,4.081942,4.080928,4.0726843,4.0703106,4.0820303,4.071919,4.05656,4.0534616,4.057091,4.0545783,4.0480623,4.0473394,4.051473,4.04008,4.0478125,4.063321,4.0511994,4.0458694,4.061808,4.0544486,4.054677,4.0505276,4.0473013,4.041395,4.046683,4.052043,4.05048,4.054674,4.0500674,4.04088,4.0458655,4.03915,4.041245,4.0475163,4.039432,4.041175,4.03604,4.0241213,4.0371866,4.0299153,4.031625,4.031166,4.025704,4.027719,4.0314245,4.0318155,4.0254297,4.0277767,4.0315523,4.0222683,4.0154457,4.014273,4.0141587,4.0099916,4.0293384,4.0205665,4.025932,4.0150623,4.0310316,4.0216846,4.032953,4.0240254,4.021824,4.0354466,4.029002,4.0342298,4.0417776,4.043944,4.0448627,4.0472045,4.0465713,4.0505333,4.0508924,,,,,,,,,,,,,,,,,,,,,,,,,,,,,,,,,,,,,,,,,,,,
4.0119867,4.017582,4.010243,4.018292,4.0174212,4.0271797,4.013501,4.0228057,4.0380383,4.034418,4.023577,4.02917,4.041793,4.0327144,4.0163646,4.040339,4.0062337,4.0216823,4.0353684,4.0431576,4.044637,4.062772,4.0584965,4.0778823,4.074406,4.0849676,4.1023765,4.1021047,4.101379,4.112591,4.1229897,4.1229334,4.121015,4.1280046,4.127952,4.131813,4.1257377,4.139816,4.1546726,4.158687,4.1591244,4.1544275,4.1567693,4.159183,4.1466374,4.1600485,4.1760783,4.182601,4.175116,4.1668735,4.1533074,4.1441455,4.1333427,4.131806,4.130543,4.1272793,4.117215,4.1058197,4.0838385,4.0776463,4.057782,4.03178,4.003983,3.9942,3.9875307,3.9606168,3.942196,3.9249725,3.920582,3.909945,3.8828363,3.8540952,3.8527825,3.837447,3.8329196,3.8210647,3.7933502,3.8049684,3.7939014,3.7858295,3.7850292,3.7827747,3.765294,3.763648,3.7500308,3.7493563,3.74216,3.730036,3.7294116,3.731639,3.719459,3.72184,3.7428749,3.7252657,3.7208693,3.7432027,3.7360988,3.7334094,3.7399738,3.7415588,3.7549868,3.752449,3.7471838,3.7601628,3.7549248,3.757814,3.7633212,3.7832162,3.7868013,3.7873604,3.7887473,3.8002872,3.7880747,3.801412,3.813271,3.831855,3.8300548,3.831192,3.838909,3.8155816,3.8173993,3.812719,3.8098238,3.7856119,3.7978594,3.7756715,2.6111336,1.2855234,3.897115,3.942015,3.9183717,3.9208539,3.9317005,3.9493582,3.9547694,3.9713,3.9793222,3.9760168,3.9841387,3.9937348,4.0107837,4.0142217,4.0253873,4.0412636,4.0369215,4.0602107,4.0568233,4.0652313,4.0607624,4.0721216,4.075665,4.0799594,4.0780454,4.093007,4.098282,4.106999,4.118542,4.118413,4.121988,4.1242056,4.1241,4.1329927,4.132484,4.136273,4.128783,4.132937,4.136842,4.144286,4.145879,4.149406,4.1411157,4.1462297,4.147125,4.1612864,4.1583624,4.1699185,4.16845,4.183493,4.1787214,4.165744,4.1867113,4.1713057,4.184157,4.1885886,4.1986737,4.195014,4.197191,4.207289,4.2092586,4.1951785,4.204656,4.1992755,4.2103786,4.2043295,4.22118,4.2257366,4.222285,4.2240224,4.2232585,4.2264686,4.231449,4.237113,4.2330813,4.2257633,4.2372947,4.2343206,4.233481,4.2346573,4.233528,4.225121,4.232037,4.244693,4.226726,4.2425632,4.233149,4.239398,4.2262707,4.230347,4.2417617,4.2264276,4.2277555,4.2218885,4.232614,4.224719,4.224732,4.225887,4.229649,4.212459,4.2279344,4.213407,4.2152996,4.2165527,4.2127566,4.2018967,4.202134,4.2087274,4.2042503,4.196384,4.202656,4.206562,4.2044134,4.2052484,4.2000475,4.2017584,4.1983204,4.196713,4.187216,4.202143,4.1917205,4.189369,4.1836896,4.18688,4.193275,4.1818686,4.1960216,4.1787624,4.182562,4.186841,4.1878734,4.175637,4.178842,4.185297,4.190738,4.173653,4.175245,4.1746397,4.18068,4.1775393,4.1808014,4.1739883,4.1792,4.1728272,4.1734414,4.1756973,4.1757126,4.1664906,4.1751385,4.175712,4.1710668,4.165772,4.1612687,4.1719356,4.1803193,4.18456,4.1701756,4.169691,4.172483,4.1733303,4.168255,4.1742544,4.1728764,4.1798124,4.174184,4.1942086,,,,,,,,,,,,,,,,,,,,,,,,,,,,,,,
4.133619,4.1404333,4.1461625,4.1473436,4.1307654,4.1407638,4.145209,4.130814,4.1470237,4.154592,4.1512237,4.159741,4.1616135,4.16035,4.1661797,4.163369,4.1636457,4.1652184,4.1576242,4.1769395,4.1830974,4.17637,4.1795835,4.192775,4.2131934,4.207356,4.215031,4.219101,4.225493,4.2188697,4.222491,4.226679,4.2368474,4.2341366,4.2366233,4.2474604,4.241279,4.2607775,4.3503575,4.252368,4.2146177,4.243716,4.2401485,4.2280097,4.224978,4.2161508,4.2177644,4.2077146,4.2057047,4.196168,4.183997,4.16388,4.131333,4.1267195,4.1185756,4.0950437,4.077107,4.0487404,4.022109,4.0057635,3.9910815,3.9585598,3.9353714,3.9221928,3.9218595,3.9032176,3.8831074,3.8727748,3.8626242,3.837911,3.826115,3.8206427,3.7918336,3.7720194,3.7931235,3.7869012,3.7822092,3.7614796,3.7659702,3.752129,3.7353864,3.7254584,3.7278728,3.727616,3.7302408,3.7326522,3.732397,3.728863,3.7312,3.7198822,3.7335188,3.7396142,3.7305229,3.7307506,3.7357514,3.7329934,3.7319252,3.749296,3.7507546,3.7597523,3.7612574,3.7693615,3.7744043,3.7959507,3.7940166,3.7964869,3.8084786,3.8076167,3.8048506,3.8073566,3.799626,3.8247778,3.8262303,3.840859,3.845391,3.8598392,3.8497934,3.8477752,3.8665273,3.8661036,3.8637822,3.872308,3.882536,3.895213,3.8862772,3.9050987,3.90737,3.9158146,3.908881,3.912103,3.9204295,3.9243646,3.940418,3.9461327,3.945697,3.9479015,3.9654348,3.9774551,3.9649146,3.9759998,3.987295,3.9746757,3.9916894,3.980066,3.9970617,3.983228,4.0272036,4.0244565,4.030039,4.0336533,4.03481,4.0441914,4.0486026,4.0599165,4.0723066,4.0728493,4.0796022,4.0882964,4.1029606,4.110082,4.1115785,4.1108155,4.111689,4.1340547,4.138022,4.131224,4.1253467,4.15787,4.143931,4.1546426,4.1604233,4.182578,4.177718,4.1872993,4.186018,4.1875906,4.187524,4.194302,4.1916995,4.2064643,4.2001996,4.1990156,4.21396,4.2226553,4.2204046,4.2278376,4.234571,4.240885,4.242992,4.2436557,4.241336,4.2445703,4.2438335,4.24699,4.2596216,4.2630253,4.282583,4.292186,4.292037,4.2976937,4.2958665,4.291985,4.288288,4.279053,4.2790575,4.3009152,4.31476,4.315493,4.325841,4.323252,4.3258686,4.3307776,4.333928,4.327608,4.327341,4.337936,4.3326283,4.3333287,4.325268,4.3345184,4.3342795,4.329259,4.332187,4.3377485,4.3301573,4.334742,4.344409,4.3281226,4.341543,4.33791,4.3340874,4.3509016,4.3321033,4.3515177,4.330506,4.34873,4.347079,4.3382425,4.346057,4.3517523,4.344377,4.3552117,4.3515577,4.344167,4.3557296,4.3631597,4.349381,4.3489113,4.3539133,4.3573265,4.3460727,4.3503175,4.35414,4.346299,4.350752,4.3465486,4.345047,4.3424764,4.3507433,4.351814,4.3439417,4.3414435,4.343292,4.349468,4.3393664,4.345876,4.341463,4.348177,4.343047,4.337297,4.346033,4.3497214,4.3460226,4.344193,4.3488674,4.352472,4.3409204,4.35495,4.350296,4.358326,4.348895,4.3508825,4.3493276,4.348744,4.3649735,4.3459153,4.374181,4.3498282,4.3498745,4.3654327,4.3600826,4.3497715,4.348084,4.3606343,4.3593025,4.3599863,4.349578,4.3569055,4.3634973,4.3629403,4.3524027,4.3563094,4.3566337,4.35904,,,,,,,,,,,,,,,,,,,,,
4.5186663,4.4985766,4.516249,4.5116034,4.5108404,4.499851,4.516563,4.506935,4.516576,4.5051317,4.5095344,4.509815,4.506696,4.5145535,4.514436,4.506074,4.5021477,4.4993315,4.497359,4.5033016,4.5058374,4.5077353,4.5060844,4.5093746,4.505058,4.5090456,4.5191083,4.515239,4.5162954,4.513523,4.521769,4.52487,4.52944,4.513872,4.5094185,4.5211153,4.516231,4.5082827,4.5192227,4.5038295,4.5085177,4.512898,4.512984,4.4998174,4.4971266,4.500042,4.5154247,4.512387,4.501506,4.497929,4.484406,4.489653,4.4772344,4.4601183,4.4334197,4.4193273,4.38184,4.372872,4.3534665,4.3291883,4.308553,4.294444,4.2473016,4.216915,4.172361,4.1719713,4.140475,4.1130815,4.099882,4.06901,4.0402336,4.017208,3.99677,3.9790998,3.958874,3.9390793,3.9186726,3.9235308,3.8908312,3.8748345,3.8562465,3.8434474,3.8247402,3.8162599,3.80609,3.7985816,3.7735558,3.7685869,3.7759418,3.7637234,3.7696822,3.7408638,3.7374566,3.738819,3.720621,3.7226312,3.7225955,3.7123601,3.7099895,3.6983128,3.7015214,3.6852047,3.664713,3.6629364,3.6394968,3.5989602,2.4583633,3.1630962,3.7741847,3.7355988,3.7418368,3.756508,3.7589772,3.7563992,3.7767658,3.7906098,3.779884,3.8152804,3.8164182,3.832151,3.8288038,3.8366625,3.8488448,3.8507638,3.8508897,3.8506846,3.8746321,3.884382,3.8859825,3.9033995,3.8855827,3.9264123,3.9300015,3.9299603,3.9361567,3.9352791,3.9441442,3.956957,3.9602659,3.9695354,3.9739714,3.9795656,3.9854052,3.992733,3.996486,3.9986312,4.0161047,4.0257583,4.0346704,4.036277,4.0387917,4.054968,4.058423,4.069203,4.0769453,4.07792,4.0933003,4.093159,4.098417,4.1126633,4.1111455,4.112012,4.1056037,4.1263356,4.120976,4.132611,4.132171,4.1305604,4.147393,4.146038,4.1398697,4.140634,4.145121,4.1476493,4.1658607,4.1650734,4.1707644,4.189943,4.175436,4.186678,4.182029,4.1737814,4.1700506,4.178238,4.181733,4.1798506,4.182319,4.180317,4.189613,4.1900964,4.181274,4.18195,4.185284,4.190687,4.189935,4.18141,4.1850514,4.155067,4.1625233,4.1445804,4.1623006,4.1612973,4.1539025,4.1551795,4.1447334,4.1625156,4.1536655,4.1465945,4.152283,4.1519775,4.1545186,4.147446,4.1445136,4.1493945,4.146781,4.1363683,4.1427217,4.136589,4.13785,4.137698,4.1390567,4.140044,4.1354694,4.1441464,4.136472,4.146884,4.1354017,4.128647,4.135514,4.132671,4.1364636,4.1406546,4.136562,4.145737,4.1330085,4.1396656,4.139416,4.1414146,4.1323996,4.1426616,4.147346,4.1534753,4.1578135,4.1521697,4.145847,4.148033,4.158703,4.156349,4.179516,4.1733613,4.175646,4.1705103,4.1825204,4.1822906,4.1936607,4.1896734,4.1891913,4.2090497,4.205466,4.213478,4.213806,4.2103686,4.219329,4.219866,4.216957,4.2099285,4.215056,4.2242446,4.2235093,4.242544,4.2394147,4.248337,4.2474155,4.2482915,4.246336,4.2485585,4.245798,4.2488585,4.2570806,4.2694397,4.273579,4.27272,4.2729564,4.2695894,4.262252,4.275218,4.285467,,,,,,,,,,,,,,,,,,,,,,,,,,,,,,,,,,,,,,
4.774008,4.771169,4.772445,4.771711,4.770425,4.780386,4.7684817,4.790238,4.7773056,4.7793536,4.774506,4.785772,4.7829924,4.7875,4.7940545,4.8065867,4.812866,4.8182535,4.8143435,4.8248744,4.837446,4.841247,4.831891,4.848093,4.835033,4.847948,4.842308,4.8590198,4.8571973,4.862808,4.8648963,4.866827,4.8712707,4.877738,4.8731446,4.871575,4.883905,4.8784237,4.889464,4.890765,4.8860097,4.881831,4.9026365,4.8746023,4.8567553,4.859134,4.8555,4.8644724,4.858316,4.859229,4.846632,4.845149,4.83066,4.8143144,4.8049183,4.7814693,4.775143,4.729973,4.7077003,4.679821,4.6722016,4.6337495,4.6286993,4.602995,4.5756245,4.561104,4.514839,4.4851155,4.476637,4.458755,4.4666834,4.4446406,4.419243,4.400681,4.3841743,4.3564663,4.3421645,4.314603,4.295361,4.2800355,4.2789836,4.2692604,4.25479,4.2613277,4.262273,4.2282796,4.1982174,4.1979027,4.1742153,4.1536646,4.153377,4.106844,4.1348867,1.4184964,1.3118641,4.0516853,4.0361896,4.037261,4.0412493,4.060657,4.0648885,4.076987,4.0886526,4.1087923,4.1232376,4.127634,4.133589,4.1372504,4.14859,4.1460605,4.1722903,4.176269,4.1796513,4.1871576,4.21286,4.20655,4.2206755,4.2176576,4.2272825,4.245571,4.21735,4.2975926,4.2837086,4.312509,4.320936,4.3244643,4.3146253,4.3237753,4.3390527,4.338779,4.343411,4.349128,4.3505464,4.3582306,4.3571653,4.3555946,4.3785233,4.37881,4.388023,4.3964124,4.4025464,4.4153333,4.4135213,4.4243455,4.435311,4.4397397,4.455157,4.467049,4.4732246,4.461018,4.4634156,4.4782844,4.4785414,4.4941077,4.491319,4.479027,4.4906883,4.4894576,4.5101743,4.4965143,4.496761,4.512173,4.523554,4.5055857,4.5173163,4.530611,4.5222387,4.5270834,4.521848,4.530933,4.528671,4.5343194,4.5341177,4.5356965,4.5262966,4.536032,4.517878,4.5200963,4.5304103,4.534319,4.5205884,4.525566,4.530985,4.5423884,4.5284224,4.463585,4.4646764,4.454839,4.4686584,4.4547205,4.470999,4.462218,4.4606643,4.452457,4.455628,4.4474807,4.4473295,4.451148,4.4551086,4.4478126,4.449839,4.452187,4.437755,4.4494452,4.4552073,4.4411054,4.4541273,4.4380116,4.435686,4.4419103,4.4325967,4.4361935,4.4400063,4.450917,4.4395256,4.4496956,4.443347,4.433181,4.447217,4.442817,4.4380136,4.439891,4.426036,4.4377165,4.432213,4.432992,4.431889,4.4526935,4.4452763,4.4462113,4.4432545,4.462053,4.447931,4.44461,4.4506907,4.449407,4.4516654,4.4442124,4.4593534,4.445088,4.453754,4.4653444,4.4585576,4.4669237,4.4582233,4.4673204,4.452188,4.466299,4.4693913,4.456808,4.461623,4.4697385,4.4770026,4.4764333,4.4816647,4.4858613,4.4753256,4.4880557,4.47871,4.4821434,4.489641,4.477171,4.489207,4.478621,4.489609,4.480174,4.473061,4.488124,4.4868355,4.4833193,4.486086,4.4865727,4.4847603,4.4809284,4.472082,4.4907594,4.485864,4.4791493,4.4846034,4.486872,4.496525,4.478492,4.505707,4.505339,4.510254,4.4914665,,,,,,,,,,,,,,,,,,,,,,,,,,,,,,,,,,,,,,,
4.531909,4.544653,4.5363407,4.5534763,4.5483456,4.560152,4.5446835,4.539922,4.5495524,4.5589952,4.569742,4.55567,4.5681143,4.5622025,4.570124,4.576325,4.573895,4.5838113,4.5847836,4.579254,4.575663,4.592277,4.587233,4.5871444,4.5920105,4.5905647,4.5945325,4.5982237,4.5892897,4.6018276,4.60849,4.613104,4.6302705,4.621875,4.627475,4.627085,4.6284304,4.6310077,4.6338663,4.6204615,4.684503,4.646991,4.5926046,4.606211,4.6028976,4.6179857,4.603464,4.597982,4.5981836,4.587084,4.58934,4.5811315,4.574175,4.5572295,4.5479436,4.5346913,4.521622,4.4789534,4.4397793,4.4251256,4.4145474,4.3987308,4.378974,4.3597326,4.333001,4.3226976,4.318579,4.257919,4.249552,4.225528,4.2030067,4.1980977,4.1908493,4.1857405,4.1702304,4.1596756,4.148519,4.1443615,4.129365,4.1093407,4.113233,4.1005287,4.096416,4.0856996,4.0784593,4.0628066,4.0772967,4.0642333,4.065702,4.059191,4.029999,4.0377555,3.9987695,3.9973164,3.9599936,1.0870334,4.1377172,4.0715184,4.064653,4.084037,4.1000323,4.102781,4.110747,4.1418247,4.141716,4.153811,4.160087,4.1706386,4.171393,4.1856637,4.1999154,4.2034063,4.223339,4.221524,4.2385163,4.2310185,4.238774,4.256642,4.262663,4.274504,4.272424,4.2909617,4.29097,4.3023376,4.2985153,4.2974553,4.310505,4.322328,4.3166533,4.341654,4.340626,4.343065,4.3610487,4.3715706,4.372561,4.385507,4.3982587,4.404737,4.4107547,4.4152775,4.4235506,4.4189734,4.4280224,4.434844,4.445576,4.437368,4.462922,4.464605,4.4708858,4.4745665,4.470553,4.48286,4.4724603,4.485688,4.50368,4.501759,4.4926915,4.500084,4.509113,4.512729,4.521724,4.5137973,4.5142145,4.515901,4.5080447,4.5292373,4.5279346,4.529747,4.5409985,4.5380545,4.5392137,4.5441704,4.5455723,4.5375986,4.532573,4.535053,4.538979,4.540291,4.5435343,4.5414886,4.544314,4.5321684,4.5420203,4.5375133,4.542395,4.540499,4.533447,4.5401683,4.5379076,4.5388875,4.546352,4.539647,4.533153,4.533285,4.535247,4.5348053,4.536342,4.532025,4.531067,4.53993,4.5565553,4.571982,4.5649185,4.5652943,4.5681696,4.5703974,4.564895,4.564455,4.564038,4.5684624,4.5571427,4.567017,4.5588145,4.565674,4.5630274,4.5586777,4.559725,4.5612717,4.5595517,4.575402,4.5589356,4.5659204,4.55623,4.565418,4.5570517,4.562157,4.561955,4.5598917,4.556606,4.5691614,4.565107,4.5673227,4.5752788,4.567238,4.5736113,4.5714183,4.5749106,4.571305,4.5781045,4.571431,4.571086,4.5779886,4.570048,4.5754986,4.5733,4.5735445,4.582099,4.5787773,4.5671444,4.5758686,4.5784273,4.5771627,4.5820184,4.5811405,4.5704274,4.5796185,4.5827246,4.5760803,4.58007,4.5785027,4.580512,4.5772715,4.585528,4.584809,4.589689,4.5919247,4.587974,4.5873666,4.585897,4.583895,4.5840344,4.591644,4.587062,4.5841875,4.58824,4.6003747,4.5790935,4.59811,4.6004634,4.597077,4.5986996,4.599427,4.605356,4.61003,4.6029153,4.597516,4.6095886,4.6009445,4.6099434,4.606264,4.615083,,,,,,,,,,,,,,,,,,,,,,,,,,,,,,,,,,
4.437643,4.441394,4.440045,4.4312134,4.4288473,4.433767,4.4320946,4.43674,4.4366493,4.431331,4.444941,4.4328184,4.4498625,4.4369063,4.4483085,4.449682,4.4482803,4.4566636,4.4651976,4.4642773,4.469654,4.468195,4.473807,4.467418,4.4807096,4.486105,4.4915004,4.4920716,4.5037313,4.505409,4.5189967,4.518727,4.5244846,4.530527,4.5343995,4.5450826,4.5382547,4.540124,4.5429134,4.5397544,4.5530734,4.5528164,4.5340843,4.5270414,4.5293226,4.5473895,4.584732,4.5728946,4.5610476,4.5450068,4.534542,4.527195,4.491848,4.4797606,4.472076,4.4687185,4.4554634,4.4337053,4.4214325,4.3814387,4.365838,4.347991,4.315186,4.3062787,4.284764,4.2597795,4.2328362,4.2181296,4.2123656,4.1927958,4.179434,4.1718926,4.141802,4.124257,4.1211486,4.1054864,4.105528,4.0638022,4.069015,4.052777,4.05255,4.048743,4.035289,4.030837,4.0201497,4.0202794,4.017266,4.0149817,4.0171165,4.0170574,4.0137286,4.0117216,3.9996994,4.0102243,4.005635,3.9995916,4.0059032,4.0008473,3.9987118,4.010911,3.9857707,3.9763787,3.9987044,3.97905,3.963631,3.9638453,3.9536247,3.928646,1.9511305,4.016022,4.0020404,3.9756114,3.9741004,4.001327,4.005433,4.011366,4.0082984,4.021445,4.0263453,4.025883,4.050734,4.062717,4.0700345,4.076411,4.0936823,4.0973687,4.102098,4.1069875,4.0980206,4.1238127,4.1337433,4.1258216,4.1269617,4.155778,4.1522784,4.1572566,4.161352,4.1644173,4.1754127,4.176984,4.1874046,4.1824255,4.2107496,4.2142053,4.22271,4.2232904,4.2462025,4.2277036,4.229582,4.237543,4.2449822,4.2424803,4.2544317,4.2570343,4.276565,4.283569,4.284841,4.292126,4.3091764,4.3115454,4.3221517,4.342516,4.3451824,4.3579254,4.3694305,4.367675,4.365705,4.371144,4.3899593,4.3884554,4.387363,4.3786798,4.3875875,4.3854523,4.3864765,4.3813753,4.392043,4.4020267,4.386321,4.3971944,4.417483,4.4120765,4.4094553,4.419642,4.410226,4.407418,4.417942,4.4242663,4.4110203,4.416626,4.425267,4.4133387,4.424971,4.426409,4.427571,4.4377995,4.4234424,4.432888,4.433146,4.4392514,4.425936,4.4469004,4.4405932,4.437705,4.442379,4.437861,4.424528,4.4449363,4.436667,4.428083,4.442885,4.44321,4.4419017,4.438262,4.445058,4.4396157,4.4354534,4.438853,4.4364266,4.4317966,4.4315934,4.4349437,4.4307504,4.432439,4.4289494,4.427977,4.444088,4.4426465,4.4207044,4.423008,4.4324884,4.438974,4.427079,4.4330354,4.4255867,4.4395976,4.43773,4.421876,4.4262614,4.4332485,4.4345517,4.432495,4.445822,4.4312487,4.4498925,4.444658,4.4435806,4.443826,4.454316,4.4558964,4.454664,4.4578547,4.4558945,4.461464,4.471648,4.460221,4.453922,4.4553323,4.4715376,4.4660864,4.4696918,4.4617853,4.4667053,4.479913,4.4698677,4.4733996,4.4865966,4.479085,4.4836364,4.4841185,4.4852915,4.484865,4.4858475,4.482006,4.4971595,4.495354,4.494132,4.5030236,4.5024924,4.5144634,4.521278,4.522741,4.521921,4.537184,4.546013,4.544064,4.5455923,4.5511136,4.5474286,4.54559,4.5478673,,,,,,,,,,,,,,,,,,,,,,,,,,,,,,,,,,
4.278033,4.275857,4.2777886,4.2863126,4.273717,4.2804985,4.276627,4.283059,4.284338,4.2938604,4.284588,4.2950425,4.2915826,4.2977476,4.295205,4.2992244,4.3061733,4.308462,4.3105707,4.3128204,4.313385,4.331835,4.3275905,4.334106,4.3366404,4.3397965,4.342657,4.341465,4.3381567,4.3272595,4.335334,4.343962,4.3474402,4.345129,4.3367863,4.345869,4.342816,4.3444414,4.3467736,4.341712,4.347111,4.3483095,4.3403525,4.344715,4.352466,4.34337,4.3445683,4.3508286,4.346621,4.335295,4.3359036,4.3301644,4.32463,4.309003,4.310764,4.2977033,4.279381,4.27165,4.2440023,4.211855,4.1873136,4.176146,4.157659,4.138748,4.130307,4.114046,4.097944,4.0613413,4.039539,4.024592,3.9986365,3.992341,3.960435,3.9576972,3.9464755,3.9373386,3.9053185,3.9077318,3.8828142,3.8747096,3.8621576,3.8428173,3.8429778,3.842011,3.8433146,3.833991,3.8341563,3.8310208,3.8280044,3.8155684,3.8075657,3.8169825,3.7980766,3.808524,3.8025167,3.799898,3.7913408,3.7906563,3.7686894,3.7620852,3.759297,3.7516568,3.7482502,3.7309542,3.7194328,3.738999,3.7325258,3.7312644,3.6766222,2.282409,1.2700787,3.7853847,3.7118163,3.7260594,3.7347133,3.7585943,3.7526436,3.7480774,3.7746067,3.7837577,3.7884238,3.7843242,3.7989318,3.7880962,3.8001404,3.80128,3.7866182,3.7595997,3.9410121,4.042334,4.035084,4.004111,4.0046005,4.012531,4.0303016,4.025005,4.025755,4.0399737,4.043102,4.0552506,4.0626593,4.054703,4.05983,4.0788455,4.0725784,4.0901446,4.092603,4.1084156,4.101367,4.0996275,4.1013565,4.1057186,4.1012144,4.1123853,4.125144,4.130358,4.1341715,4.139881,4.1496105,4.143113,4.146903,4.1461287,4.1408205,4.152769,4.1524177,4.1484623,4.1521745,4.1527557,4.1685257,4.174589,4.184404,4.177182,4.175497,4.184685,4.197323,4.1850233,4.180709,4.182336,4.1829734,4.1815066,4.183185,4.1732183,4.182506,4.180809,4.182394,4.1908894,4.1798377,4.185903,4.194501,4.1971846,4.1872697,4.1963215,4.185297,4.173007,4.1866384,4.1831183,4.194168,4.174174,4.172018,4.1820593,4.180388,4.177365,4.15958,4.1755633,4.1731367,4.1710753,4.1729865,4.1773205,4.16772,4.1558847,4.1690035,4.153797,4.1591682,4.1595674,4.1540523,4.1553535,4.152655,4.1405163,4.155275,4.15196,4.1477704,4.16317,4.1585217,4.169252,4.1560946,4.1587253,4.1672626,4.156272,4.162306,4.1530886,4.1479506,4.166104,4.158889,4.16375,4.1510234,4.1575565,4.154065,4.1350517,4.1806445,4.156062,4.13249,4.134151,4.1252866,4.142146,4.149516,4.1427035,4.1525483,4.1503935,4.1514034,4.149403,4.1650195,4.1560173,4.1538134,4.1515646,,,,,,,,,,,,,,,,,,,,,,,,,,,,,,,,,,,,,,,,,,,,,,,,,,,,,,,,,,,,,,,,,,,,,,,
4.4895835,4.495983,4.49145,4.491616,4.4956408,4.490693,4.4977226,4.4968767,4.496857,4.5070734,4.517122,4.5189414,4.513762,4.5206037,4.520638,4.5158715,4.521729,4.519718,4.5174093,4.520005,4.524463,4.519934,4.522012,4.530798,4.5199943,4.5328836,4.525931,4.5394807,4.532994,4.526691,4.5110683,4.525705,4.5326533,4.537333,4.529597,4.53774,4.5390234,4.532469,4.536798,4.5326486,4.5353575,4.531885,4.5470066,4.48898,4.5070567,4.4998965,4.4807577,4.4885,4.4682508,4.4414616,4.4348674,4.435947,4.4160724,4.3980217,4.3596115,4.345961,4.3063583,4.2769165,4.2638326,4.248553,4.2236853,4.201109,4.1742115,4.138224,4.0962625,4.0893216,4.072874,4.055475,4.0318184,4.0147605,4.0127487,3.9848237,3.9784734,3.9531841,3.9273243,3.8943348,3.9123244,3.8885593,3.8923173,3.883924,3.8676686,3.8662176,3.859001,3.8579628,3.8472247,3.8557441,3.8366947,3.825854,3.848402,3.82768,3.8132114,3.8111556,3.819666,3.7944303,3.8149817,3.8103573,3.8050804,3.806798,3.8275318,3.7949305,3.783171,3.7856023,3.753459,3.7668774,3.7260556,2.6856897,1.1446561,3.888294,3.8827643,3.8828955,3.9054542,3.9282155,3.923962,3.9240468,3.939893,3.9539251,3.9828496,4.006915,3.9908435,4.002244,4.015858,4.00638,4.0261807,4.026722,4.035921,4.0620694,4.0616803,4.0602546,4.073261,4.0669055,4.0785866,4.1045237,4.100371,4.113324,4.1269407,4.147398,4.149972,4.154774,4.1549,4.161191,4.1576285,4.166932,4.180157,4.1861405,4.1845264,4.206985,4.2065454,4.2103176,4.2130775,4.236918,4.2272954,4.2316713,4.2356796,4.2402387,4.2440743,4.2573843,4.2557526,4.2597723,4.275309,4.282396,4.2967505,4.2921147,4.310772,4.3126125,4.3136296,4.3227396,4.3296185,4.3285546,4.3237424,4.339351,4.345618,4.348161,4.359342,4.341427,4.3553934,4.352153,4.376114,4.3655334,4.373452,4.3684125,4.382415,4.3834662,4.384411,4.3853197,4.3850355,4.3941283,4.3830237,4.392119,4.395179,4.390776,4.3918114,4.391572,4.3978214,4.393483,4.4016805,4.396746,4.3961606,4.399649,4.4050713,4.403435,4.3868837,4.403367,4.3991294,4.4026637,4.396304,4.39313,4.407135,4.407969,4.3951473,4.400612,4.3914557,4.389996,4.396984,4.4029746,4.389285,4.3857856,4.3958054,4.3825583,4.3972654,4.395006,4.3935757,4.3866343,4.374991,4.3853703,4.3819494,4.379994,4.3772106,4.38324,4.3766212,4.3736706,4.3775845,4.381022,4.3785124,4.3821816,4.3818793,4.3858676,4.3961163,4.4045367,4.401986,4.4051023,4.3990335,4.3972874,4.3951797,4.3971767,4.399702,4.4057865,4.402342,4.40435,4.3985305,4.402485,4.399101,4.404695,4.4045143,4.4007373,4.404103,4.3960686,4.4074497,4.407257,4.419902,4.407959,4.4098196,4.405389,4.4117794,4.417823,4.419549,4.413869,4.41811,4.4138403,4.4147325,4.424359,4.4273386,4.4262366,4.4341216,4.4322686,4.4363775,4.444129,4.4368987,4.4327793,4.439533,4.4421716,4.448451,4.4464173,4.455708,4.444018,4.454823,4.4512353,4.4797025,4.466991,4.472052,,,,,,,,,,,,,,,,,,,,,,,,,,,,,,,,,,,,
4.674212,4.666789,4.66144,4.6567364,4.657925,4.661487,4.6694717,4.665012,4.6617384,4.673408,4.6649632,4.6792994,4.673004,4.682073,4.685164,4.6777625,4.686663,4.6825237,4.6928067,4.699057,4.7073574,4.707724,4.7274117,4.722382,4.7140794,4.7283797,4.7256274,4.7280016,4.7302027,4.7340856,4.7382927,4.7436886,4.736496,4.740964,4.751733,4.7520566,4.758287,4.744906,4.7468724,4.755973,4.7541804,4.757963,4.76319,4.7610774,4.756646,4.7671323,4.765556,4.7526326,4.7687273,4.751705,4.7503405,4.745877,4.7174473,4.7193947,4.6969233,4.671895,4.6615,4.650603,4.6333714,4.616562,4.6022997,4.56147,4.5467424,4.530683,4.502073,4.4742074,4.4489756,4.4333816,4.431163,4.417602,4.392306,4.3696547,4.351957,4.3413234,4.3279047,4.3152394,4.303781,4.2919292,4.2847643,4.2651896,4.2549915,4.227674,4.2167797,4.219149,4.2113914,4.203459,4.1948657,4.1826787,4.180585,4.18151,4.18376,4.1853604,4.183244,4.1803885,4.179718,4.1813564,4.185939,4.169978,4.1826906,4.1802235,4.174942,4.1768146,4.1798873,4.190536,4.192553,4.2058287,4.2316823,4.237625,4.230708,4.2205553,4.2207193,4.2045445,4.200087,4.1979413,4.2071433,4.2218957,4.191856,4.1819377,4.19263,2.9408395,3.5839355,2.8146305,4.2137504,4.3166547,4.2741375,4.244193,4.2634177,4.2701793,4.2832355,4.294108,4.304241,4.31475,4.316196,4.31756,4.332032,4.3387036,4.336656,4.344275,4.335387,4.3661585,4.3686056,4.3863077,4.3861704,4.389593,4.397386,4.396056,4.3984866,4.408825,4.4112897,4.413161,4.41678,4.432195,4.4424686,4.439416,4.4515305,4.4557886,4.453553,4.4572883,4.4560204,4.459191,4.4671335,4.4588614,4.4738264,4.4853086,4.4850445,4.4936957,4.49991,4.502315,4.5039697,4.5132055,4.510953,4.516216,4.53114,4.526406,4.5356283,4.5372214,4.5367455,4.5458274,4.541591,4.5541077,4.5596137,4.5478745,4.565629,4.550362,4.5527015,4.5654345,4.5720086,4.5728993,4.561797,4.5659914,4.567547,4.574266,4.5782475,4.5933323,4.576455,4.565682,4.583494,4.584022,4.569269,4.573287,4.5815387,4.584764,4.5782094,4.600539,4.588364,4.575535,4.5848165,4.5702415,4.589877,4.56617,4.564422,4.585993,4.587384,4.5996513,4.5905123,4.601719,4.579924,4.577704,4.601024,4.590207,4.5814986,4.5950522,4.591607,4.5826383,4.5841002,4.5778136,4.587127,4.5857477,4.5795975,4.582529,4.580379,4.5767307,4.587485,4.5865593,4.5769534,4.5780582,4.5775547,4.571514,4.579733,4.586806,4.5743423,4.5814376,4.5738463,4.578994,4.573641,4.572416,4.5752635,4.567395,4.5730524,4.57162,4.5771213,4.5684733,4.55683,4.5689826,4.572406,4.555544,4.5591297,4.5614367,4.564414,4.571363,4.5726833,4.56984,4.570971,4.571323,4.574937,4.5704913,4.5761547,4.562887,4.57135,4.580869,4.6010523,4.5811753,4.5844913,4.5962124,4.5815578,4.585869,4.5857334,4.6022954,4.600746,4.598859,4.5974727,4.6028523,4.610928,4.6074147,4.6081877,4.6178217,4.6142225,4.614369,4.6146045,4.622587,4.627506,4.62464,4.6217823,4.6285005,4.6248183,4.62614,4.623699,4.625231,4.64577,4.6447697,4.643094,4.6354012,4.638477,4.6503706,4.6534066,4.66613,4.658839,4.661803,4.6661167,4.670126,4.6661706,4.675461,4.686992,4.684992,,,,,,,,,,,
4.626511,4.61233,4.6170735,4.617375,4.620629,4.6335135,4.63276,4.631068,4.6351004,4.6340804,4.6313,4.6328897,4.645993,4.6334853,4.644579,4.6457624,4.6465554,4.648468,4.657429,4.6310515,4.6461277,4.672958,4.67594,4.666041,4.679121,4.6749787,4.6799254,4.69284,4.6869297,4.6828337,4.686452,4.701269,4.699173,4.7071986,4.710381,4.715726,4.704277,4.7146707,4.720235,4.7215743,4.730407,4.7299137,4.733289,4.7401667,4.7428513,4.747213,4.753908,4.7496257,4.7460003,4.75607,4.746868,4.7472486,4.7331057,4.7239313,4.6994185,4.6971507,4.6863203,4.6747503,4.6617355,4.6572075,4.656394,4.6395364,4.6134133,4.590331,4.5736566,4.5542817,4.5092125,4.5013437,4.4776454,4.4679112,4.4631453,4.457801,4.44418,4.424265,4.4124956,4.3995914,4.39887,4.3925896,4.368223,4.36148,4.365948,4.339114,4.3296947,4.3391585,4.317035,4.316344,4.314984,4.3010583,4.2988048,4.303547,4.2947454,4.297643,4.295322,4.277063,4.294278,4.2896304,4.299308,4.28921,4.3021655,4.2954154,4.305837,4.300734,4.305423,4.303912,4.3116565,4.3092947,4.3147707,4.3309536,4.3306565,4.3459477,4.359873,4.3567467,4.368163,4.368087,4.378709,4.3820643,4.382972,4.3910866,4.400596,4.4036083,4.410926,4.415369,4.415083,4.4106975,4.42326,4.421709,4.4151607,4.429659,4.4348717,4.4380555,4.4342275,4.4283314,4.4339933,4.440397,4.447347,4.4444566,4.459744,4.4388957,4.4511943,4.456311,4.4446054,4.4737544,4.473698,4.4917893,4.4822693,4.478093,4.4727774,4.4889593,4.4784527,4.492033,4.485488,4.5062466,4.5051355,4.5077357,4.515059,4.5107117,4.517385,4.5353045,4.5380855,4.536415,4.5494123,4.5518565,4.5622725,4.5587626,4.5676436,4.576133,4.5819893,4.5842977,4.597039,4.5929236,4.6035633,4.6039157,4.6018486,4.6213765,4.6167107,4.6195254,4.6209254,4.616695,4.626549,4.633408,4.6442175,4.658834,4.6577883,4.672786,4.6752505,4.6912107,4.685451,4.6865172,4.692731,4.6835356,4.697501,4.7018037,4.702402,4.7134686,4.7129335,4.7168026,4.7149243,4.7146993,4.7200127,4.717391,4.720363,4.7137156,4.721007,4.718,4.7199135,4.7236447,4.7290387,4.7271132,4.7240415,4.722175,4.7359586,4.7275143,4.734619,4.738894,4.737497,4.729582,4.742825,4.735706,4.7355075,4.726878,4.728964,4.727456,4.734113,4.7230554,4.7284493,4.721891,4.7163296,4.718077,4.7129455,4.7219524,4.708831,4.719969,4.7185984,4.706888,4.7207065,4.700478,4.702531,4.708356,4.716501,4.7003922,4.6939707,4.6946406,4.7003675,4.6922903,4.685403,4.6749554,4.674298,4.6768947,4.676257,4.685005,4.67692,4.67895,4.683651,4.678908,4.675034,4.684211,4.678061,4.671354,4.6754265,4.670995,4.6678343,4.678978,4.6719737,4.669649,4.6745844,4.668922,4.6678414,4.6748323,4.6756687,4.6585836,4.6557956,4.6606245,4.6608686,4.662234,4.6629295,4.6540055,4.657969,4.658663,4.6518984,4.6457453,4.646202,4.643352,4.6428304,4.6208234,4.5785847,4.5570045,4.053891,4.6037135,4.5893927,4.6007757,4.6036954,4.6137247,4.6260996,4.6276,4.628188,4.6288843,4.632742,4.635736,4.639113,4.6480985,4.6540937,4.659894,4.6597834,4.6732655,4.660252,4.665632,4.6634693,4.681686,4.6758485,4.6725497,4.690545,,,,,,,,,,,,,,
4.676764,4.668193,4.6649227,4.6630564,4.66954,4.669665,4.6636868,4.67244,4.650968,4.6682086,4.6645517,4.657823,4.674641,4.671448,4.6787357,4.6799374,4.6708546,4.6840444,4.687038,4.6943946,4.688169,4.688808,4.7015967,4.7022996,4.704803,4.699747,4.701489,4.706546,4.703949,4.7077384,4.718583,4.70177,4.7129984,4.7237234,4.719975,4.727919,4.722891,4.7330174,4.7241974,4.737774,4.743357,4.714281,4.7674956,4.7162657,4.692935,4.700011,4.70692,4.7031364,4.7014437,4.6925025,4.696141,4.690012,4.669227,4.6580596,4.6451116,4.6296034,4.6117826,4.5930033,4.574961,4.56808,4.523197,4.492428,4.468074,4.46035,4.4349294,4.425889,4.4070106,4.3753076,4.369934,4.3387647,4.301973,4.290451,4.2622743,4.258118,4.240924,4.3267097,4.233793,4.2142997,4.2099466,4.182055,4.180078,4.1666884,4.1591716,4.155521,4.137376,4.1388764,4.1300874,4.1325107,4.1314845,4.1239324,4.1110835,4.106691,4.107624,4.1240263,4.1096215,4.1060457,4.0946746,4.0928197,4.0947113,4.0899215,4.0902724,4.088357,4.1090746,4.1061206,4.109051,4.079217,4.10115,4.0961576,4.11045,4.109266,4.0909715,4.1015725,4.091058,4.1039424,4.108901,4.1030765,4.101777,4.1011515,4.1022363,4.109219,4.1034946,4.110234,4.1088343,4.0979986,4.0952964,4.1022863,4.0989175,4.118021,4.1057615,4.113986,4.1272707,4.144045,4.146912,4.1527424,4.1422257,4.1432905,4.1560106,4.1688914,4.165936,4.1774793,4.181027,4.175699,4.182145,4.191962,4.2000556,4.202716,4.2066426,4.217172,4.217039,4.222098,4.230635,4.254867,4.2562423,4.266083,4.273046,4.289454,4.307459,4.3251467,4.323801,4.3257804,4.3292174,4.346338,4.35836,4.3718886,4.3682013,4.3785315,4.3783813,4.378866,4.3931127,4.4084916,4.4070425,4.4058685,4.435171,4.446554,4.4558434,4.458977,4.4612985,4.477766,4.489906,4.484929,4.4998455,4.5002723,4.5051136,4.507107,4.516373,4.515829,4.5101686,4.5250683,4.524617,4.5229044,4.541103,4.542898,4.535311,4.541109,4.545709,4.544775,4.559147,4.5685043,4.577139,4.5774617,4.579051,4.577368,4.590769,4.5952206,4.599635,4.5936313,4.5951676,4.597681,4.6102676,4.6083274,4.5995154,4.6125426,4.6127462,4.615406,4.6213226,4.6184564,4.6232543,4.627747,4.6186366,4.6302943,4.6286426,4.6226153,4.6285453,4.6254015,4.6177964,4.625419,4.624699,4.6356726,4.6272235,4.634617,4.6358376,4.629622,4.628687,4.6411204,4.623848,4.633635,4.632801,4.6396737,4.628821,4.6309757,4.6280403,4.6341186,4.6311994,4.6327467,4.6360703,4.638869,4.640901,4.6400027,4.6330714,4.63012,4.6362715,4.6303596,4.6208453,4.6426835,4.6394987,4.6400437,4.6282573,4.6409383,4.63301,4.632818,4.632011,4.630626,4.6422067,4.632193,4.6316004,4.6546803,4.6382875,4.6500316,4.644774,4.6536903,4.65804,4.648626,4.6517677,4.6348033,4.641067,4.640078,4.6291656,4.6206107,4.6301937,4.6325045,4.6323867,4.6285377,4.634697,4.6334248,4.6270113,4.620843,4.6218376,4.6277595,4.621404,4.627712,4.6232333,4.624763,4.6207795,4.6203537,4.6184835,4.6155076,4.61695,4.6146107,4.6214952,4.61643,4.6253233,4.6319137,4.615334,4.625267,4.610057,4.6220217,4.619383,4.6109953,4.614703,4.6127667,4.607323,,,,,,,,,,,,,,
4.6108165,4.619955,4.6177645,4.6278534,4.617972,4.6142926,4.6228147,4.6254086,4.633116,4.6353602,4.612777,4.6272287,4.625784,4.6164904,4.637384,4.6123767,4.6146207,4.611481,4.6270914,4.6109066,4.6090417,4.618582,4.6150904,4.607273,4.603991,4.6135025,4.602045,4.6185794,4.6128197,4.59819,4.6105776,4.6034613,4.5924687,4.600396,4.600625,4.5904536,4.600681,4.596772,4.6073546,4.6049395,4.6017556,4.600975,4.583059,4.5851803,4.6076202,4.5810547,4.5522265,4.5673933,4.554523,4.5807443,4.5498285,4.5038986,4.49403,4.4888,4.4888206,4.4572906,4.4509254,4.440764,4.4061055,4.3953986,4.340185,4.319398,4.317571,4.2926183,4.2608767,4.2411723,4.223038,4.2069025,4.172737,4.1475954,4.1122904,4.112211,4.0819836,4.061893,4.0591245,4.062292,4.05708,4.0541806,4.0427866,4.017225,3.992672,3.9758534,3.9691005,3.961189,3.9566598,3.9550385,3.9440134,3.9374504,3.932624,3.9304137,3.9281585,3.931964,3.8969996,3.905372,3.9001265,3.8961034,3.890488,3.8935132,3.8952117,3.9086337,3.9005222,3.9085703,3.8982532,3.884794,3.8807304,3.8583384,3.8368075,3.804585,3.0185761,4.0449753,3.894248,3.90132,3.92746,3.9356759,3.957098,3.9772856,3.9709706,3.999185,4.0366483,4.040086,4.06474,4.069348,4.0742435,4.0829253,4.1004295,4.1105433,4.119544,4.144793,4.156538,4.1706266,4.169507,4.1778336,4.178873,4.186796,4.2146897,4.2167993,4.2168193,4.2330146,4.236715,4.2301855,4.2530317,4.254136,4.258868,4.2781982,4.2900715,4.2888856,4.305143,4.3153276,4.3218274,4.323735,4.3292847,4.3293586,4.3390555,4.3360195,4.3447814,4.350803,4.3611703,4.3652196,4.3656783,4.368194,4.3688135,4.3687897,4.376953,4.3882747,4.4071746,4.4063296,4.423507,4.406954,4.424236,4.4371285,4.432065,4.4439855,4.454284,4.4455557,4.445565,4.446516,4.4695916,4.4597263,4.460009,4.4635715,4.464188,4.469707,4.4632816,4.468497,4.46256,4.4710727,4.47027,4.4667816,4.464924,4.4720225,4.477931,4.4817085,4.477121,4.505574,4.494043,4.5007744,4.4872403,4.4901605,4.4674478,4.4479094,4.4780183,4.48452,4.4869447,4.4839487,4.4753666,4.473523,4.4714556,4.4704833,4.476041,4.488364,4.4818034,4.491844,4.49424,4.4983206,4.497829,4.5039635,4.5095325,4.499351,4.497355,4.5036116,4.5036836,4.4965973,4.4947834,4.4993196,4.5016727,4.502417,4.4979024,4.500195,4.5062532,4.487596,4.485338,4.496723,4.503874,4.4954767,4.5031033,4.505505,4.640987,4.519554,4.5168004,4.585604,4.548135,4.487742,4.485487,4.4856915,4.491823,4.487312,4.5061593,4.500224,4.497487,4.4984407,4.5064125,4.5128565,4.515791,4.5167456,4.5205507,4.518294,4.528926,4.5443993,4.543953,4.536041,4.556677,4.5681067,4.5575633,4.578852,4.5805125,4.5700254,4.576271,4.585961,4.59992,4.5952916,4.592319,4.599168,4.598275,4.609681,4.6085415,4.6227717,4.611588,4.6157317,4.608472,4.6226964,4.62399,4.613906,4.6276407,4.639785,4.6277137,4.6345754,4.6435304,4.635169,4.6421046,4.637234,4.642935,4.647853,4.6457105,4.64181,4.638111,4.649843,4.6547785,4.6488647,,,,,,,,,,,,,,,,,,,,,,,,,,,
4.6554003,4.650719,4.651346,4.650796,4.6467566,4.6519814,4.64997,4.652168,4.648451,4.646398,4.6602283,4.657624,4.6557417,4.666697,4.6611376,4.659863,4.6598773,4.674266,4.6637845,4.67811,4.6638365,4.683315,4.67276,4.6873097,4.684556,4.682898,4.6914034,4.688799,4.6847134,4.6965837,4.6883035,4.7068887,4.709181,4.7042603,4.716091,4.723695,4.720818,4.7182684,4.7171183,4.734595,4.7334113,4.750898,4.8484654,4.7157784,4.7092814,4.698012,4.70623,4.706197,4.690754,4.6908655,4.6628256,4.6670303,4.6549225,4.6335974,4.6259894,4.6242847,4.5978417,4.576798,4.543735,4.515947,4.48475,4.440162,4.4214773,4.4151554,4.3997183,4.395932,4.357156,4.341604,4.3173456,4.2951264,4.253958,4.244973,4.2276115,4.228014,4.2098775,4.206053,4.1882896,4.1772346,4.179628,4.1679416,4.1508336,4.1457725,4.116762,4.149115,4.138118,4.1310596,4.139863,4.1176662,4.113777,4.1028605,4.1095862,4.0987945,4.1102066,4.0914207,4.096469,4.096349,4.107064,4.099687,4.107177,4.097911,4.104467,4.106356,4.0855746,4.0913887,4.10427,4.1002717,4.088542,4.1078434,4.0975327,4.106115,4.117335,4.11257,4.1168513,4.125305,4.1275415,4.1259418,4.1229634,4.1246657,4.117198,4.1193604,4.1314683,4.129114,4.137242,4.1320586,4.1382647,4.1333957,4.123352,4.131757,4.1361394,4.130243,4.126846,4.133171,4.123617,4.1357255,4.1336503,4.1541476,4.1573353,4.148717,4.154966,4.149879,4.156793,4.1602592,4.1543417,4.16282,4.160566,4.170392,4.169696,4.172876,4.16938,4.177147,4.1776686,4.1859107,4.2089562,4.21414,4.2138367,4.2200804,4.2208595,4.2378592,4.2418914,4.2355566,4.2433715,4.245072,4.250789,4.258603,4.2618866,4.269118,4.278023,4.28485,4.2946453,4.3063765,4.3128552,4.326842,4.3425946,4.351634,4.3550315,4.350611,4.3657403,4.3627205,4.382128,4.3840375,4.4020667,4.3990436,4.4036417,4.4058785,4.4102416,4.4232593,4.4255996,4.440965,4.4413977,4.4456234,4.461757,4.4439335,4.4634976,4.477895,4.484409,4.4750504,4.496791,4.5060005,4.5120277,4.5113316,4.5205464,4.5090322,4.524855,4.518307,4.532814,4.5312996,4.534711,4.536212,4.540763,4.5384836,4.533556,4.540791,4.5358267,4.539318,4.5365925,4.5561943,4.549189,4.55022,4.5570855,4.5472445,4.5634823,4.5515747,4.584226,4.5685205,4.59387,4.563464,4.5895667,4.603727,4.5998726,4.5996227,4.607865,4.6137986,4.6292343,4.630315,4.6208,4.624055,4.624122,4.63887,4.612427,4.6249633,4.6387734,4.6330585,4.6376414,4.6381288,4.6336765,4.647532,4.633112,4.647575,4.6460934,4.6521645,4.6530027,4.653045,4.662653,4.6578083,4.644566,4.6593857,4.6565633,4.6628776,4.669793,4.660521,4.669548,4.6716495,4.670214,4.6689763,4.6683755,4.6712437,4.6706834,4.6686354,4.6791797,4.669743,4.6767206,4.685666,4.682552,4.6792784,4.680899,4.685494,4.6912494,4.683783,4.6868653,4.6900063,4.6948075,4.6886373,4.698479,4.6951494,4.7032175,4.7023664,4.7111297,4.697933,4.7108965,4.706893,4.702093,4.7112885,4.7028747,4.71469,4.7152724,4.7211647,4.7193437,4.7244906,4.725233,4.726459,4.7280135,4.7265096,4.7314534,4.7283564,4.727209,4.728463,4.7285666,4.7304177,4.728782,4.7232633,4.7225056,4.7271943,4.7160344,4.72448,4.7250133,4.7386947,4.7165875,4.7207246,4.7151837,4.7073746,4.7176404,4.7137628,4.716938,4.7219124,4.718499
