t87,t88,t89,t90,t91,t92,t93,t94,t95,t96,t97,t98,t99,t100,t101,t102,t103,t104,t105,t106,t107,t108,t109,t110,t111,t112,t113,t114,t115,t116,t117,t118,t119,t120,t121,t122,t123,t124,t125,t126,t127,t128,t129,t130,t131,t132,t133,t134,t135,t136,t137,t138,t139,t140,t141,t142,t143,t144,t145,t146,t147,t148,t149,t150,t151,t152,t153,t154,t155,t156,t157,t158,t159,t160,t161,t162,t163,t164,t165,t166,t167,t168,t169,t170,t171,t172,t173,t174,t175,t176,t177,t178,t179,t180,t181,t182,t183,t184,t185,t186,t187,t188,t189,t190,t191,t192,t193,t194,t195,t196,t197,t198,t199,t200,t201,t202,t203,t204,t205,t206,t207,t208,t209,t210,t211,t212,t213,t214,t215,t216,t217,t218,t219,t220,t221,t222,t223,t224,t225,t226,t227,t228,t229,t230,t231,t232,t233,t234,t235,t236,t237,t238,t239,t240,t241,t242,t243,t244,t245,t246,t247,t248,t249,t250,t251,t252,t253,t254,t255,t256,t257,t258,t259,t260,t261,t262,t263,t264,t265,t266,t267,t268,t269,t270,t271,t272,t273,t274,t275,t276,t277,t278,t279,t280,t281,t282,t283,t284,t285,t286,t287,t288,t289,t290,t291,t292,t293,t294,t295,t296,t297,t298,t299,t300,t301,t302,t303,t304,t305,t306,t307,t308,t309,t310,t311,t312,t313,t314,t315,t316,t317,t318,t319,t320,t321,t322,t323,t324,t325,t326,t327,t328,t329,t330,t331,t332,t333,t334,t335,t336,t337,t338,t339,t340,t341,t342,t343,t344,t345,t346,t347,t348,t349,t350,t351,t352,t353,t354,t355,t356,t357,t358,t359,t360,t361,t362,t363,t364,t365,t366,t367,t368,t369,t370,t371,t372,t373,t374,t375,t376,t377,t378,t379,t380,t381,t382,t383,t384,t385,t386,t387,t388,t389,t390,t391,t392,t393,t394,t395,t396,t397,t398,t399,t400,t401,t402,t403,t404,t405,t406,t407,t408,t409,t410,t411,t412,t413,t414,t415,t416,t417,t418,t419,t420,t421,t422,t423,t424,t425,t426,t427,t428,t429,t430,t431,t432,t433,t434,t435,t436,t437,t438,t439,t440,t441,t442,t443,t444,t445,t446,t447,t448,t449,t450,t451,t452,t453,t454,t455,t456,t457,t458,t459,t460,t461,t462,t463,t464,t465,t466,t467,t468,t469,t470,t471,t472,t473,t474,t475,t476,t477,t478,t479,t480,t481,t482,t483,t484,t485,t486,t487,t488,t489,t490,t491,t492,t493,t494,t495,t496,t497,t498,t499,t500,t501,t502,t503,t504,t505,t506,t507,t508,t509,t510,t511,t512,t513,t514,t515,t516,t517,t518,t519,t520,t521,t522,t523,t524,t525,t526,t527,t528,t529,t530,t531,t532,t533,t534,t535,t536,t537,t538,t539,t540,t541,t542,t543,t544,t545,t546,t547,t548,t549,t550,t551,t552,t553,t554,t555,t556,t557,t558,t559,t560,t561,t562,t563,t564,t565,t566,t567,t568,t569,t570,t571,t572,t573,t574,t575,t576,t577,t578,t579,t580,t581,t582,t583,t584,t585,t586,t587,t588,t589,t590,t591,t592,t593,t594,t595,t596,t597,t598,t599,t600,t601,t602,t603,t604,t605,t606,t607,t608,t609,t610,t611,t612,t613,t614,t615,t616,t617,t618,t619,t620,t621,t622,t623,t624,t625,t626,t627,t628,t629,t630,t631,t632,t633,t634,t635,t636,t637,t638,t639,t640,t641,t642,t643,t644,t645,t646,t647,t648,t649,t650,t651,t652,t653,t654,t655,t656,t657,t658,t659,t660,t661,t662,t663,t664,t665,t666,t667,t668,t669,t670
3.8055418,3.8001904,3.8060942,3.8123493,3.824626,3.7980142,3.840707,3.8004525,3.8281143,3.8492334,3.8450882,3.8318677,3.8377702,3.8464656,3.8353057,3.8476062,3.846874,3.8641481,3.8531563,3.8683312,3.8429089,3.8416076,3.8235724,3.8639987,3.8537705,3.8487906,3.8353386,3.855485,3.8556623,3.8400924,3.8409321,3.8405275,3.8522031,3.8555486,3.8475323,3.8434958,3.863049,3.878042,3.8727515,3.8785565,3.8561225,3.8668153,3.860992,3.8482487,3.8408089,3.850467,3.823361,3.835464,3.7935622,3.7604601,3.7681663,3.754497,3.7220194,3.69874,3.6883461,3.6671066,3.6469648,3.6188245,3.519749,3.5012271,3.4940255,3.4654474,3.4590876,3.432206,3.4129148,3.3958962,3.402593,3.373053,3.3523362,3.3597686,3.3583205,3.2805479,3.2945216,3.2571385,3.2267036,3.214749,3.2261295,3.2237654,3.2418702,3.2052221,3.1914537,3.1953921,3.1813264,3.182436,3.1777656,3.1767588,3.172273,3.1805196,3.1628978,3.1703725,3.171941,3.1562889,3.1765683,3.1704116,3.1697974,3.1794198,3.1808968,3.176141,3.1672668,3.1641538,3.1922715,3.1781,3.1943839,3.1832898,3.2198756,3.1979406,3.201824,3.2111573,3.2292712,3.2269049,3.2216263,3.2203743,3.2346468,3.2144828,3.2317126,3.2627916,3.264852,3.2729585,3.2691267,3.299826,3.3239908,3.3055515,3.3155794,3.3095703,3.298549,3.3010495,3.29911,3.31813,3.315028,3.3154368,3.3179355,3.3368862,3.3274372,3.3491316,3.3528082,3.3575282,3.361643,3.377833,3.398902,3.4214401,3.4028375,3.4018674,3.4190052,3.4240353,3.4272034,3.442248,3.468205,3.4293907,3.4498732,3.4614234,3.446213,3.4770293,3.4888165,3.4971333,3.5046496,3.515773,3.5262074,3.531397,3.52386,3.5434098,3.5406413,3.5484116,3.543641,3.55805,3.579036,3.5919905,3.5853446,3.648862,3.637895,3.6153643,3.6524808,3.637617,3.6284118,3.6377442,3.6732063,3.748546,3.759165,3.752845,3.8066823,3.8642101,3.8032115,3.7534904,3.7574453,3.7609339,3.7468843,3.7684395,3.7745118,3.7688835,3.759849,3.78455,3.7928848,3.7900116,3.770275,3.7987435,3.801681,3.7955596,3.7898374,3.8097517,3.812689,3.8233666,3.8250306,3.8191333,3.8077447,3.8426335,3.8236172,3.8236954,3.827324,3.8215334,3.8052566,3.8253882,3.8291013,3.819799,3.8265347,3.8441896,3.8436236,3.848666,3.8435106,3.8730001,3.8649218,3.8681579,3.8500395,3.83436,3.8726196,3.8509502,3.8666995,3.8609066,3.8671837,3.8798432,3.86725,3.8657498,3.8793411,3.869798,3.8705876,3.8905532,3.8636665,3.86054,3.8714533,3.871674,3.8745472,3.8920505,3.8791826,3.873702,3.8609002,3.8879638,3.8655977,3.8684578,3.8594873,3.859892,3.8850033,3.8609014,3.8505828,3.8605976,3.8525522,3.8586543,3.8434467,3.8429105,3.831841,3.8452482,3.8483298,3.8320365,3.8457234,3.8338866,3.8507204,3.8291879,3.825596,3.851598,3.8270566,3.820694,3.8523598,3.8630915,3.8198874,3.8390617,3.8584225,3.8505294,3.8630397,3.8602815,3.8459103,3.8503492,3.8858619,3.872384,3.8303463,3.8330333,3.8413875,3.8462982,3.8355467,3.839067,3.8343725,3.8205698,3.833446,3.8289871,3.832005,3.8312275,3.8273222,3.8552778,3.832093,3.8477137,,,,,,,,,,,,,,,,,,,,,,,,,,,,,,,,,,,,,,,,,,,,,,,,,,,,,,,,,,,,,,,,,,,,,,,,,,,,,,,,,,,,,,,,,,,,,,,,,,,,,,,,,,,,,,,,,,,,,,,,,,,,,,,,,,,,,,,,,,,,,,,,,,,,,,,,,,,,,,,,,,,,,,,,,,,,,,,,,,,,,,,,,,,,,,,,,,,,,,,,,,,,,,,,,,,,,,,,,,,,,,,,,,,,,,,,,,,,,,,,,,,,,,,,,,,,,,,,,,,,,,,,,,,,,,,,,,,,,,,,,,,,,,,,
3.7535279,3.745665,3.7551231,3.7416575,3.7578285,3.7366736,3.7555115,3.7562854,3.764993,3.7615287,3.7581134,3.7593074,3.7734728,3.7644098,3.7774737,3.784582,3.7863503,3.7852852,3.8102107,3.7918584,3.79135,3.8086338,3.8018496,3.7924016,3.8064191,3.8065593,3.8040555,3.8108459,3.804068,3.804084,3.8282,3.8094149,3.842474,3.8351002,3.8240712,3.8297586,3.8372355,3.8367991,3.833957,3.8366838,3.811569,3.8121023,3.8074217,3.7642727,3.7683647,3.7591262,3.6794212,3.6766853,3.6721938,3.642921,3.5973954,3.5940423,3.5523129,3.5256343,3.4934947,3.4687302,3.4636874,3.4328907,3.4051492,3.3817704,3.3754044,3.3572156,3.304194,3.3087718,3.3124475,3.2833948,3.2711632,3.2772112,3.2236867,3.2390082,3.1695776,3.2159884,3.141148,3.136491,3.1250176,3.1235652,3.1352177,3.1266563,3.1109943,3.1147954,3.112385,3.0992658,3.1087286,3.0926054,3.086546,3.0794435,3.1110873,3.0911531,3.08888,3.0751832,3.0901318,3.0968044,3.0876796,3.0879915,3.0976763,3.0927258,3.079364,3.1084876,3.103149,3.0953622,3.0942776,3.1010377,3.1079676,3.0961845,3.1051087,3.1240618,3.110893,3.140499,3.1561089,3.1407979,3.1523318,3.1983984,3.1943176,3.1904798,3.190617,3.1961415,3.219647,3.2085645,3.22121,3.2188814,3.2317069,3.241717,3.2496362,3.2212346,2.5798926,3.4535694,3.6414864,3.664519,3.6023393,3.597042,3.618516,3.6225898,3.6498525,3.6557968,3.6547925,3.6623106,3.668783,3.6948123,3.687022,3.678405,3.6905432,3.6776316,3.6835897,3.574391,3.5909438,3.6028178,3.6135094,3.6078436,3.622622,3.6224213,3.630055,3.6533601,3.6497061,3.6457033,3.6508813,3.6493304,3.6552968,3.6439211,3.6698291,3.6553478,3.68245,3.6700928,3.6822479,3.6826444,3.677423,3.657742,3.6729465,3.6896994,3.6716392,3.6755717,3.6884372,3.675548,3.6796336,3.689048,3.681227,3.698961,3.6807044,3.7067263,3.6747923,3.6786819,3.700147,3.678867,3.6663702,3.7035682,3.676165,3.679002,3.679571,3.6522415,3.6724186,3.6480324,3.6611629,3.6651554,3.6655207,3.6517465,3.666924,3.6438322,3.644713,3.6300123,3.6327834,3.6229947,3.612988,3.5985665,3.6225631,3.6132965,3.6370995,3.6135118,3.628808,3.6070087,3.6082437,3.6218116,3.6225216,3.6215332,3.6074307,3.65286,3.6337306,3.6082242,3.634333,3.6307933,3.632126,3.642593,3.6196084,3.6329849,3.6199944,3.6428218,3.6633599,3.6500404,3.644729,3.6534123,3.637128,3.6545758,3.66334,3.6724558,3.6681473,3.6383657,3.6459959,3.6356273,3.645198,3.6766484,3.6605632,3.6864123,3.6697092,3.6904094,3.7137995,3.6850903,3.698417,3.6879802,3.714109,3.7073672,3.697682,3.7185307,3.72313,3.7074816,3.728609,3.7196152,3.737364,3.7065504,3.7446687,3.7398255,3.7433264,3.7474382,3.7298622,3.7354505,3.731229,3.730135,3.733097,3.7352748,3.7290006,3.7377832,,,,,,,,,,,,,,,,,,,,,,,,,,,,,,,,,,,,,,,,,,,,,,,,,,,,,,,,,,,,,,,,,,,,,,,,,,,,,,,,,,,,,,,,,,,,,,,,,,,,,,,,,,,,,,,,,,,,,,,,,,,,,,,,,,,,,,,,,,,,,,,,,,,,,,,,,,,,,,,,,,,,,,,,,,,,,,,,,,,,,,,,,,,,,,,,,,,,,,,,,,,,,,,,,,,,,,,,,,,,,,,,,,,,,,,,,,,,,,,,,,,,,,,,,,,,,,,,,,,,,,,,,,,,,,,,,,,,,,,,,,,,,,,,,,,,,,,,,,,,,,,,,,,,,,,,,,,,
3.7110426,3.7128305,3.7121258,3.7167606,3.7460747,3.7395368,3.7370439,3.734456,3.7356179,3.7293901,3.724277,3.7278073,3.7460415,3.7490726,3.7394257,3.7713938,3.736173,3.7835107,3.7438369,3.750745,3.7759366,3.792155,3.7916765,3.787825,3.7978785,3.7917314,3.7830076,3.798008,3.805368,3.7963243,3.8037267,3.8098722,3.8019927,3.8309124,3.8179018,3.8118176,3.8308249,3.8179529,3.8408387,3.838462,3.8102233,3.8029525,3.7863371,3.7448473,3.724723,3.7077653,3.6863406,3.659648,3.6443584,3.6295028,3.5802975,3.5100453,3.4769235,3.4539058,3.4377246,3.4348106,3.3944917,3.411534,3.3721764,3.3453264,3.2827516,3.2778478,3.266807,3.257791,3.2311234,3.2092366,3.1926286,3.175736,3.17462,3.1091473,3.1258843,3.1085835,3.1125045,3.1041973,3.0973582,3.0969815,3.0702438,3.0545413,3.0647805,3.0494869,3.0343015,3.025323,3.0219622,3.0268934,3.024242,3.0093188,3.0166516,3.0069633,3.0167596,2.9895427,3.0074477,3.0145953,3.0263116,3.0209603,3.008973,2.9885504,3.013424,3.010611,3.0099,3.0144024,3.0149252,3.0247273,3.0127068,3.025386,3.024522,3.0339618,3.029326,2.9563658,2.948163,2.6093738,3.2134418,3.110711,3.3305194,3.1994524,3.2054713,3.1854737,3.2094681,3.2429426,3.3335488,3.2429988,3.261064,3.2674801,3.2557123,3.2784739,3.287731,3.3101356,3.3351238,3.3352761,3.3522334,3.388717,3.3996367,3.4266715,3.4210608,3.4326546,3.4382463,3.4373326,3.4594445,3.4623709,3.4510567,3.4591346,3.46846,3.4710302,3.478482,3.488049,3.4964433,3.469737,3.5212812,3.4935107,3.5528188,3.5512347,3.5397809,3.5671864,3.585518,3.5766087,3.6089404,3.592581,3.61151,3.5900106,3.6107135,3.6526432,3.6207316,3.642763,3.6291244,3.6320236,3.637558,3.6491046,3.6467962,3.671855,3.6818314,3.685772,3.6748688,3.680619,3.681953,3.6954753,3.663923,3.6663182,3.6791222,3.6977565,3.7146409,3.7057018,3.7087994,3.694085,3.6973991,3.711248,3.7193375,3.727677,3.7018776,3.7148328,3.7402184,3.764579,3.7570486,3.7776906,3.7649345,3.7615845,3.7625582,3.7834163,3.7797272,3.781157,3.766584,3.7677839,3.7659373,3.7731278,3.7701375,3.779749,3.7802966,3.7910752,3.7741632,3.7924662,3.7744043,3.7833526,3.7964742,3.7878363,3.8038294,3.7975104,3.8130279,3.8154755,3.8126059,3.822372,3.7810588,3.8171008,3.8207376,3.811981,3.7998385,3.8238983,3.8248346,3.8231256,3.8198304,3.8176346,3.817376,3.8249831,3.8197777,3.8215675,3.847143,3.8310452,3.8209782,3.8219662,3.8354213,3.840648,3.82551,3.8339393,3.8252368,3.8442202,3.8404634,3.838238,3.825165,3.859075,3.8433695,3.8427687,3.8313837,3.844991,3.838345,3.8600304,3.8608248,3.856305,3.8551974,3.8549771,3.8533492,3.8549745,3.8601372,3.852199,3.8529418,3.8536406,3.8538156,3.8610604,3.8640711,3.848442,3.8533216,3.8553479,3.8527515,3.85881,3.8515482,3.8676744,3.856444,3.8476968,3.847318,3.8372266,3.845207,3.8401575,3.8565922,3.844778,3.85422,3.8409529,3.859836,3.8432844,3.8598936,3.831503,3.8441396,3.8569834,3.833543,3.846935,3.8536825,,,,,,,,,,,,,,,,,,,,,,,,,,,,,,,,,,,,,,,,,,,,,,,,,,,,,,,,,,,,,,,,,,,,,,,,,,,,,,,,,,,,,,,,,,,,,,,,,,,,,,,,,,,,,,,,,,,,,,,,,,,,,,,,,,,,,,,,,,,,,,,,,,,,,,,,,,,,,,,,,,,,,,,,,,,,,,,,,,,,,,,,,,,,,,,,,,,,,,,,,,,,,,,,,,,,,,,,,,,,,,,,,,,,,,,,,,,,,,,,,,,,,,,,,,,,,,,,,,,,,,,,,,,,,,,,,,,,,,,,,,,,,,,,,,,,,
3.9606066,3.968448,3.9750736,3.99709,3.9830961,4.0088253,3.9953258,3.9907894,3.9966567,3.982917,4.009768,4.003603,4.0067973,4.004959,4.003478,4.0035095,4.0083003,3.9979103,4.0058126,3.999346,4.009012,4.0102673,4.0072303,4.0123825,4.0165067,4.007936,4.0186625,4.010627,4.018132,4.0201826,4.0022845,4.020731,4.002284,4.008138,4.0198107,4.029776,4.0011115,3.9991767,3.9951453,4.0196,4.0119386,4.0369306,4.0832906,4.0443864,4.03592,4.0147357,4.037244,4.010399,3.9893594,3.9876754,4.0170484,3.9829721,3.946132,3.926731,3.8932457,3.837838,3.8162522,3.7922938,3.791096,3.7682266,3.7304342,3.7330065,3.670495,3.624918,3.6068537,3.5814173,3.5674396,3.5596821,3.5456512,3.536464,3.534793,3.5146005,3.4763064,3.4671795,3.4125228,3.408127,3.396323,3.3811114,3.354464,3.3445039,3.3419173,3.3389468,3.3398445,3.345058,3.3428035,3.3198302,3.3229473,3.2991817,3.2823417,3.3058922,3.2977285,3.2872155,3.267005,3.2858896,3.2787797,3.288143,3.2785022,3.266348,3.2864623,3.2505133,3.2714283,3.263652,3.2747173,3.2853642,3.2599838,3.2845154,3.2845492,3.2757828,3.2840073,3.2786975,3.2757053,3.311752,3.2450032,3.2757492,3.2639642,3.2733822,3.2898958,3.2988846,3.285567,3.287428,3.2784622,3.2753694,3.2880511,3.2907376,3.2969544,3.3068902,3.3062859,3.3030767,3.3092816,3.3151793,3.3255749,3.3366547,3.3257847,3.3428838,3.342188,3.349137,3.3415787,3.356997,3.354343,3.3640351,3.380874,3.3852406,3.3896956,3.4097373,3.3897996,3.3979568,3.4294918,3.4509463,3.4548633,3.4598587,3.4944086,3.48477,3.5023217,3.5029008,3.5120478,3.5343122,3.5543022,3.5564866,3.5721555,3.5522118,3.5656652,3.5660489,3.5719068,3.5982034,3.62056,3.6351268,3.6473253,3.6402278,3.6420379,3.665479,3.6696298,3.6713467,3.6726956,3.678757,3.680667,3.6942334,3.691349,3.6851068,3.712334,3.7129164,3.7081966,3.7434626,3.7283702,3.7626002,3.7728846,3.829848,3.7543366,3.787122,3.7849548,3.8281407,3.7861712,3.8121638,3.8141348,3.8142066,3.9051673,3.825215,3.8468733,3.8342915,3.82815,3.8337913,3.8544033,3.878353,3.862689,3.8792775,3.8742895,3.8725219,3.890344,3.8832107,3.8957653,3.8755124,3.8864179,3.8984926,3.9157271,3.9234467,3.9117036,3.9161563,3.9434795,3.8953016,3.9245694,3.8790975,3.9043021,3.7494628,3.6388512,3.94567,3.9503736,4.027372,3.980364,3.9454668,4.0447164,4.0238276,3.9953094,3.9982688,3.982498,3.9916396,4.0023074,3.9919646,3.9982502,4.0136294,4.005528,4.023826,4.020594,3.9997969,4.0232377,4.013199,4.021076,4.048151,4.00094,4.023345,4.024967,4.049689,4.021373,4.042497,4.0240383,4.0158863,4.007385,4.027431,4.021606,4.0342097,4.0048537,4.028278,4.0492377,4.026113,4.016825,4.032631,3.9945962,4.0391135,4.030873,4.0349154,4.042546,4.038316,4.027145,4.024358,4.001007,4.006016,4.031191,4.006796,4.0163054,4.000432,4.0077753,4.0118837,4.0146904,4.0169826,4.01805,4.020364,4.0097885,4.0049157,4.0087447,4.0266047,4.0070825,4.0173564,4.0050473,3.998714,3.9874108,,,,,,,,,,,,,,,,,,,,,,,,,,,,,,,,,,,,,,,,,,,,,,,,,,,,,,,,,,,,,,,,,,,,,,,,,,,,,,,,,,,,,,,,,,,,,,,,,,,,,,,,,,,,,,,,,,,,,,,,,,,,,,,,,,,,,,,,,,,,,,,,,,,,,,,,,,,,,,,,,,,,,,,,,,,,,,,,,,,,,,,,,,,,,,,,,,,,,,,,,,,,,,,,,,,,,,,,,,,,,,,,,,,,,,,,,,,,,,,,,,,,,,,,,,,,,,,,,,,,,,,,,,,,,,,,,,,,,,,,,,,,,,,,,,,
3.7845955,3.7771542,3.7840738,3.7964165,3.7928288,3.7759976,3.7759051,3.8088593,3.8174562,3.789278,3.8094504,3.797753,3.800687,3.8063161,3.8098936,3.803411,3.766147,3.766216,3.7573667,3.6980119,3.6556985,3.5953963,3.5967093,3.5114167,3.4607692,3.3391895,3.3373802,3.3037,3.3056328,3.2833288,3.2366898,3.2199473,3.189067,3.1832697,3.1552887,3.176433,3.1387367,3.1451044,3.114324,3.1112041,3.111809,3.0840175,3.0901327,3.0771954,3.039293,3.0360017,3.017247,3.0133383,2.9848013,3.0076017,2.9825978,2.9725997,2.9752543,2.9445517,2.9713666,2.9778345,2.9540834,2.9493082,2.9395611,2.9567544,2.9798024,2.9654164,2.9506257,2.9426246,2.9560823,2.9372623,2.9308386,2.964029,2.9534729,2.9418173,2.9478114,2.976664,2.9805133,2.9897246,2.9733863,2.9584408,2.963992,2.9664693,2.9680247,3.016114,3.5127692,3.7159696,3.5999444,3.5886781,3.6050003,3.6101346,3.6377532,3.6540024,3.6474879,3.6370118,3.6647785,3.6771533,3.6906683,3.681467,3.6768782,3.677366,3.6639764,3.6793652,3.6792035,3.6661153,3.670211,3.6437986,3.6653662,3.6233728,3.639418,3.6358688,3.6341698,3.6436393,3.6326132,3.6355627,3.5909083,3.4843342,3.1536767,3.4412057,3.5938978,3.5752094,3.536064,3.5465355,3.556442,3.55357,3.553725,3.5635107,3.564361,3.573735,3.5925472,3.574666,3.5824063,3.5905623,3.5812185,3.588313,3.578732,3.5788958,3.5916095,3.5983107,3.5735364,3.582239,3.586003,3.5746434,3.587728,,,,,,,,,,,,,,,,,,,,,,,,,,,,,,,,,,,,,,,,,,,,,,,,,,,,,,,,,,,,,,,,,,,,,,,,,,,,,,,,,,,,,,,,,,,,,,,,,,,,,,,,,,,,,,,,,,,,,,,,,,,,,,,,,,,,,,,,,,,,,,,,,,,,,,,,,,,,,,,,,,,,,,,,,,,,,,,,,,,,,,,,,,,,,,,,,,,,,,,,,,,,,,,,,,,,,,,,,,,,,,,,,,,,,,,,,,,,,,,,,,,,,,,,,,,,,,,,,,,,,,,,,,,,,,,,,,,,,,,,,,,,,,,,,,,,,,,,,,,,,,,,,,,,,,,,,,,,,,,,,,,,,,,,,,,,,,,,,,,,,,,,,,,,,,,,,,,,,,,,,,,,,,,,,,,,,,,,,,,,,,,,,,,,,,,,,,,,,,,,,,,,,,,,,,,,,,,,,,,,,,,,,,,,,,,,,,,,,,,,,,,,,
3.6948545,3.722041,3.7471473,3.7158718,3.7350874,3.7518547,3.7435443,3.737745,3.7324128,3.7464826,3.7407975,3.7593958,3.7599561,3.7583642,3.7565455,3.7542553,3.7356005,3.7502415,3.7643106,3.7709067,3.775288,3.7830038,3.7728803,3.7849782,3.8006847,3.7954042,3.7912853,3.7976696,3.8068383,3.8096645,3.7977407,3.8318374,3.8120568,3.8300216,3.808163,3.8327448,3.8245008,3.8438895,3.8319738,3.8176107,3.801166,3.766732,3.7621672,3.717989,3.673111,3.6689339,3.6487806,3.6134932,3.5965946,3.5780516,3.5272722,3.5174441,3.4706485,3.435053,3.4153318,3.3978338,3.4068124,3.373807,3.357653,3.341553,3.3132176,3.2754571,3.217293,3.2244399,3.2123828,3.1935723,3.1866124,3.1580658,3.138045,3.1418903,3.140655,3.129238,3.109047,3.0861783,3.068181,3.078376,3.0818071,3.072055,3.057907,3.047438,3.0523372,3.045324,3.0312893,3.0374038,3.0407357,3.0344372,3.0248716,3.0465965,3.0382323,3.0254238,3.0352428,3.013341,3.027992,3.0246375,3.0408983,3.0321136,3.0263026,3.0315495,3.0287948,3.0414927,3.0379493,3.0479493,3.0490377,3.0656133,3.0748703,3.0873783,3.088445,3.1044703,3.106904,3.112743,3.0981514,3.1161873,3.1041956,3.1192183,3.1460185,3.1298354,3.1366603,3.1474552,3.1520379,3.151889,3.1674893,3.1673427,3.1731138,3.1591883,3.188567,3.1554837,3.1798496,3.2613237,2.9776456,3.7302456,3.6298535,3.6083963,3.6113548,3.619445,3.620603,3.5851574,3.606568,3.6392648,3.6328087,3.640099,3.6605337,3.6375246,3.6636086,3.683424,3.663797,3.6482148,3.658654,3.701247,3.6594484,3.6833925,3.6835938,3.687129,3.6920545,3.6856892,3.69621,3.6790614,3.7026389,3.6979961,3.6868622,3.6979966,3.7019408,3.6879041,3.7299829,3.7118177,3.696524,3.6964295,3.7052407,3.721891,3.6850414,3.7082632,3.6926265,3.7044964,3.712073,3.698786,3.7154005,3.7176995,3.6914442,3.6911836,3.6889565,3.712256,3.7072432,3.6915104,3.6940053,3.6973865,3.6910133,3.7053874,3.7016847,3.6784515,3.6691015,3.6820633,3.688985,3.683302,3.6486483,3.6871347,3.6777723,3.6735802,3.6686163,3.681186,3.6607192,3.6627994,3.6852977,3.6556137,3.658647,3.650567,3.6560223,3.6792927,3.6661067,3.650285,3.657115,3.6349776,3.6473894,3.6452508,3.6473243,3.6447551,3.6355703,3.6278818,3.6360207,3.6341343,3.6266556,3.635421,3.649008,3.628947,3.617822,3.632915,3.626005,3.650386,3.631624,3.6343756,3.6262758,3.643734,3.6199462,3.6376536,3.619848,3.6374927,3.6436865,3.6371574,3.6342962,3.6138427,3.6380754,3.639309,3.6360521,3.6378763,3.6282542,3.6319642,3.6224384,3.6460652,3.654113,3.6375942,3.6433082,3.6344762,3.6509528,3.6657674,3.646868,3.642627,3.6534622,3.6534064,3.649413,3.6652331,3.6510036,3.6666937,3.6580722,3.6640565,,,,,,,,,,,,,,,,,,,,,,,,,,,,,,,,,,,,,,,,,,,,,,,,,,,,,,,,,,,,,,,,,,,,,,,,,,,,,,,,,,,,,,,,,,,,,,,,,,,,,,,,,,,,,,,,,,,,,,,,,,,,,,,,,,,,,,,,,,,,,,,,,,,,,,,,,,,,,,,,,,,,,,,,,,,,,,,,,,,,,,,,,,,,,,,,,,,,,,,,,,,,,,,,,,,,,,,,,,,,,,,,,,,,,,,,,,,,,,,,,,,,,,,,,,,,,,,,,,,,,,,,,,,,,,,,,,,,,,,,,,,,,,,,,,,,,,,,,,,,,,,,,,,,,,,,,,,,,,,,,,
3.6690738,3.6825533,3.6588645,3.6870904,3.6650765,3.6741388,3.6725101,3.6736748,3.6897726,3.6972876,3.6836786,3.6841218,3.7001846,3.7024925,3.684071,3.7139764,3.710111,3.706898,3.7061534,3.7027936,3.7167144,3.7226226,3.6981845,3.7130826,3.7188632,3.730982,3.7241535,3.714584,3.750392,3.719709,3.742482,3.7248347,3.7507653,3.7569842,3.721832,3.7139926,3.7114062,3.712806,3.714827,3.661744,3.6486516,3.6372747,3.6070342,3.5668824,3.5175362,3.4697154,3.4714081,3.4437022,3.4430397,3.3886492,3.3626277,3.3484445,3.3070147,3.2631974,3.2678628,3.2322688,3.2438192,3.2214017,3.2202141,3.1735482,3.184292,3.164865,3.1376197,3.1321604,3.1119123,3.0721986,3.0743032,3.0643897,3.0670745,3.0669649,3.0419366,3.062317,3.0522714,3.0391824,3.0557168,3.0532188,3.0409782,3.0121112,3.0295382,2.9939976,3.0008304,2.9734662,2.967035,2.9711685,2.9735136,2.9780922,3.0029862,2.991265,2.9925716,2.985231,2.9794872,2.984816,3.0006227,3.0144806,3.0030036,2.9901087,3.0085948,2.988901,2.9971328,3.0021486,3.072387,3.046326,3.050664,3.0500853,3.0789697,3.0819173,3.0703568,3.0656157,3.042464,3.0190797,3.079622,3.2782423,3.2495403,3.2565572,3.2902625,3.3117113,3.3038511,3.3100502,3.321674,3.3448336,3.377389,3.3483956,3.3673728,3.3741446,3.395117,3.4124238,3.4313457,3.4505363,3.471603,3.4789255,3.4685488,3.4760087,3.4773052,3.469161,3.4742556,3.4814649,3.4826066,3.4992409,3.521524,3.5043085,3.5122132,3.5083303,3.524745,3.5398798,3.533956,3.5396516,3.5441828,3.5354068,3.5636282,3.593636,3.5942764,3.582012,3.606664,3.6346252,3.6216776,3.614206,3.6103852,3.622792,3.6145022,3.629112,3.6205978,3.621172,3.6307318,3.6363423,3.6317358,3.6439772,3.6694744,3.6474454,3.6457438,3.653139,3.6460302,3.6515245,3.6605833,3.6740065,3.6491218,3.6754417,3.6677313,3.6783478,3.6609068,3.6672974,3.6718595,3.6620004,3.6735666,3.6826618,3.6841474,3.675098,3.6838777,3.6736,3.678968,3.6908169,3.669718,3.6742735,3.6835482,3.6730351,3.6792412,3.6921694,3.6807477,3.6928837,3.6717749,3.6679318,3.6880846,3.6924386,3.6972303,3.6812477,3.6701086,3.6819804,3.6753576,3.6807892,3.676711,3.6826982,3.6941345,3.6700602,3.6635334,3.6949196,3.6871643,3.698938,3.6725388,3.681067,3.7071598,3.684047,3.689745,3.6807213,3.6993043,3.6831937,3.6897652,3.7140567,3.6900547,3.6973476,3.7082186,3.6997585,3.6948237,3.6920514,3.712814,3.6905951,3.7100878,3.7030797,3.7016118,3.7177274,3.69191,3.7028034,3.7186785,3.7027295,3.7150686,3.7157352,3.705114,3.726645,3.7185185,3.7299936,3.7248716,3.708197,3.7306728,3.7361968,3.7145572,3.728574,3.7279596,3.725163,3.7277288,3.7601418,3.7273376,3.7466295,3.7497752,3.7400072,3.7707024,3.7469969,3.760966,3.7462583,3.7594767,3.7472336,3.7347465,3.7539454,3.7515144,3.7671926,3.764717,3.7793586,3.7691174,3.7678678,3.7762492,3.7570527,,,,,,,,,,,,,,,,,,,,,,,,,,,,,,,,,,,,,,,,,,,,,,,,,,,,,,,,,,,,,,,,,,,,,,,,,,,,,,,,,,,,,,,,,,,,,,,,,,,,,,,,,,,,,,,,,,,,,,,,,,,,,,,,,,,,,,,,,,,,,,,,,,,,,,,,,,,,,,,,,,,,,,,,,,,,,,,,,,,,,,,,,,,,,,,,,,,,,,,,,,,,,,,,,,,,,,,,,,,,,,,,,,,,,,,,,,,,,,,,,,,,,,,,,,,,,,,,,,,,,,,,,,,,,,,,,,,,,,,,,,,,,,,,,,,,,,,,,,,,,,,,,,
3.7612147,3.7676299,3.7829185,3.7668552,3.7871356,3.7828248,3.7722797,3.7781985,3.784395,3.7794044,3.753696,3.7863808,3.772134,3.7607899,3.7698104,3.7889514,3.7807894,3.7890944,3.7878482,3.7821338,3.7800796,3.779966,3.8517988,3.7983487,3.7970872,3.7978592,3.7937045,3.7918532,3.812161,3.8039489,3.8033328,3.8018358,3.7977803,3.8005972,3.8158286,3.8057017,3.7990754,3.8075633,3.7965415,3.8184388,3.797777,3.7976623,3.8098702,3.8035665,3.8100765,3.8138416,3.8082461,3.8317044,3.7916565,3.7992837,3.7732406,3.7694592,3.7429907,3.7149632,3.6934402,3.6925159,3.681307,3.6509027,3.6078126,3.5732079,3.5516458,3.5507784,3.523096,3.4990165,3.4364402,3.4301944,3.4265811,3.3826451,3.3705611,3.3546245,3.3463976,3.3433573,3.2881482,3.2893286,3.2799973,3.2724905,3.2626524,3.2563531,3.232912,3.2258143,3.2038035,3.2067857,3.2140384,3.1972332,3.1889381,3.1970584,3.1888766,3.1704705,3.1775808,3.1808412,3.1831205,3.1810656,3.184894,3.156949,3.1615212,3.1787126,3.1702285,3.1862984,3.1849372,3.1652613,3.168648,3.1529481,3.1671083,3.1806464,3.175193,3.1867,3.1818066,3.183275,3.1784072,3.182189,3.1825821,3.1893282,3.2084227,3.195395,3.1982968,3.1828043,3.1942015,3.17799,3.1863296,3.1677277,3.1795487,3.1641455,3.2128928,1.3607501,3.5122087,3.4561503,3.4873924,3.4480426,3.6243353,3.5406806,3.4967709,3.5241723,3.5392997,3.5497966,3.6656284,3.618451,3.580925,3.5603185,3.5739582,3.568365,3.5792747,3.5836236,3.594257,3.6016285,3.6135767,3.636397,3.6405942,3.6349354,3.672709,3.6759775,3.665748,3.6827025,3.6716068,3.6877904,3.6897216,3.6987717,3.6989017,3.6884463,3.6911008,3.7094307,3.7218304,3.7204359,3.7323208,3.7195714,3.7277064,3.7285318,3.7274184,3.7538671,3.7492957,3.7474504,3.7484808,3.7618163,3.7667205,3.7622683,3.7512834,3.7879238,3.7924597,3.767655,3.7942333,3.8010793,3.8015726,3.7819686,3.8047967,3.8116515,3.7982228,3.829269,3.8079615,3.8007987,3.804135,3.8143897,3.8161483,3.8164675,3.8317485,3.8261566,3.8284652,3.8230028,3.8238568,3.8276844,3.820107,3.8038757,3.814142,3.8054726,3.8090525,3.8120618,3.8114374,3.8225336,3.8045266,3.815501,3.8045516,3.806275,3.7981315,3.792107,3.7664607,3.7869918,3.7990336,3.784924,3.7791348,3.7891676,3.7802846,3.7835073,3.7911797,3.7609923,3.7818952,3.8086126,3.7760422,3.7585707,3.780212,3.780502,3.7763994,3.7680476,3.7638273,3.7742765,3.765438,3.788219,3.7495067,3.7685103,3.7578795,3.7634578,3.7791593,3.7828302,3.8181353,3.797001,3.774166,3.7943766,3.7971985,3.7847066,3.7990916,3.7972615,3.8134131,3.8068097,3.808271,3.8065016,3.7978847,3.8325617,3.8249326,3.8220584,3.8085093,3.8290765,3.8119183,3.8280435,3.8090913,3.8150206,3.816104,3.8300278,3.8207846,3.8268821,3.8392348,3.8253877,3.8212397,3.8458514,3.8342855,3.8735979,3.850269,3.8231606,3.8495388,3.8712983,3.86716,3.881285,3.8744857,3.8693442,3.868481,3.888982,3.8671603,3.8703208,3.8864083,3.9081016,3.8902104,,,,,,,,,,,,,,,,,,,,,,,,,,,,,,,,,,,,,,,,,,,,,,,,,,,,,,,,,,,,,,,,,,,,,,,,,,,,,,,,,,,,,,,,,,,,,,,,,,,,,,,,,,,,,,,,,,,,,,,,,,,,,,,,,,,,,,,,,,,,,,,,,,,,,,,,,,,,,,,,,,,,,,,,,,,,,,,,,,,,,,,,,,,,,,,,,,,,,,,,,,,,,,,,,,,,,,,,,,,,,,,,,,,,,,,,,,,,,,,,,,,,,,,,,,,,,,,,,,,,,,,,,,,,,,,,,,,,,,,,,,,,,,,,,,,,,,,,,
3.8793228,3.849307,3.8732378,3.8525884,3.8403857,3.8711867,3.8442678,3.8500848,3.8144574,3.8386004,3.8382998,3.8456724,3.8346255,3.8261478,3.8345563,3.8377898,3.8386333,3.840597,3.8443642,3.8419843,3.8386254,3.8455105,3.8230147,3.8538034,3.844383,3.8308377,3.802445,3.8502717,3.8475513,3.8591452,3.859119,3.8495617,3.8548129,3.8527553,3.8431625,3.878167,3.8862963,3.8703315,3.880404,3.849185,3.8375769,3.8807774,3.852512,3.8776817,3.8856866,3.860429,3.8369122,3.8266299,3.7825809,3.7727315,3.7410378,3.7773852,3.717055,3.691763,3.6735618,3.6455648,3.6401556,3.598807,3.5757573,3.5416768,3.505338,3.4681203,3.4616988,3.4583747,3.422263,3.417987,3.4137428,3.3739269,3.366262,3.2987785,3.292307,3.2811868,3.2835495,3.267195,3.2866495,3.262002,3.257668,3.2514782,3.2387943,3.2515802,3.247279,3.2177987,3.2170699,3.2157912,3.210588,3.213675,3.1986284,3.2143843,3.2024841,3.2055933,3.2003052,3.2027307,3.193942,3.1890013,3.1870527,3.1920369,3.1972818,3.188874,3.202501,3.2012835,3.1996815,3.202212,3.1993499,3.1940403,3.2128026,3.229611,3.2058191,3.2120283,3.2083657,3.217229,3.2340968,3.2250626,3.2321494,3.2392616,3.2333956,3.243704,3.23594,3.2421427,3.2472856,3.2493699,3.2476025,3.2692614,3.2752967,3.2671554,3.3042521,3.2825582,3.312503,3.7189655,3.7350366,3.7776768,3.77078,3.7382476,3.7675781,3.7691743,3.7688265,3.7739258,3.765359,3.8000124,3.7717354,3.807721,3.808782,3.8001266,3.808383,3.8400123,3.8458898,3.829597,3.8364182,3.8726478,3.845135,3.8502982,3.8670976,3.8260884,3.8793666,3.880286,3.8946424,3.8463852,3.879294,3.8592384,3.882686,3.8548017,3.8977597,3.8904433,3.8743448,3.896974,3.8753054,3.8663855,3.8410513,3.8501458,3.8675058,3.8889005,3.8726563,3.8567314,3.8565292,3.8535929,3.8627088,3.865171,3.8649926,3.8799336,3.86486,3.8425462,3.8441527,3.819535,3.8070467,3.76676,3.7913244,3.775883,3.8436718,3.8753974,3.71727,3.7640345,3.7621648,3.8381011,3.868858,3.871899,3.896813,3.886977,3.9000874,3.8831584,3.8947186,3.9012299,3.8822308,3.9036489,3.892423,3.881539,3.8946908,3.8653245,3.910692,3.8828547,3.870703,3.8808901,3.9119651,3.9083772,3.9127703,3.8843904,3.9029968,3.9002001,3.9026933,3.8935041,3.8778605,3.9129298,3.9023902,3.9066062,3.90653,3.8992858,3.8962445,3.9152431,3.9043605,,,,,,,,,,,,,,,,,,,,,,,,,,,,,,,,,,,,,,,,,,,,,,,,,,,,,,,,,,,,,,,,,,,,,,,,,,,,,,,,,,,,,,,,,,,,,,,,,,,,,,,,,,,,,,,,,,,,,,,,,,,,,,,,,,,,,,,,,,,,,,,,,,,,,,,,,,,,,,,,,,,,,,,,,,,,,,,,,,,,,,,,,,,,,,,,,,,,,,,,,,,,,,,,,,,,,,,,,,,,,,,,,,,,,,,,,,,,,,,,,,,,,,,,,,,,,,,,,,,,,,,,,,,,,,,,,,,,,,,,,,,,,,,,,,,,,,,,,,,,,,,,,,,,,,,,,,,,,,,,,,,,,,,,,,,,,,,,,,,,,,,,,,,,,,,,,,,,,
3.681843,3.6798916,3.6762176,3.6729167,3.6684334,3.6681848,3.6728754,3.663724,3.6495168,3.6777256,3.6319137,3.650773,3.6304991,3.6713274,3.6446104,3.6493013,3.6499898,3.6415606,3.6254609,3.632847,3.637195,3.6310697,3.6197038,3.6344905,3.6368973,3.643276,3.652463,3.6728842,3.6338391,3.6306834,3.6575227,3.6285164,3.6440802,3.6590571,3.6652424,3.6719573,3.6888745,3.6838782,3.6715615,3.6862488,3.6894944,3.7079613,3.7239993,3.734211,3.702748,3.711319,3.6761782,3.6597989,3.623584,3.5983279,3.5960598,3.5823433,3.5884418,3.587489,3.525813,3.523278,3.458243,3.4374504,3.4022532,3.3938296,3.3713892,3.3490257,3.3438363,3.299612,3.2889988,3.2913144,3.2625122,3.21103,3.1769097,3.1453972,3.1373243,3.147578,3.1399405,3.1281323,3.132244,3.0779996,3.076442,3.0595698,3.0524487,3.0361876,3.0384877,3.0397854,3.0179133,3.0037646,3.0199697,3.0006523,2.992113,2.9987252,3.0268774,3.0056827,2.9962673,3.018673,2.992461,2.985231,2.9945717,2.9985642,2.9945214,2.9988358,2.9972653,3.0016627,2.9868534,2.9877691,3.008668,2.9926507,3.0249393,3.0300732,3.0295298,3.0309978,3.0353253,3.0386076,3.0323749,3.0493422,3.0461612,3.0652401,3.0731978,3.0640078,3.0589547,3.0573742,3.0616975,3.0453217,3.0474737,3.2671437,3.5154698,3.5360634,3.5419772,3.5197732,3.5633705,3.6141644,3.7119198,3.702118,3.6732373,3.5954752,3.5415204,3.5196626,3.563887,3.5734582,3.5770497,3.6175597,3.5687537,3.5766623,3.6219497,3.56904,3.5936642,3.6011777,3.6132784,3.5842679,3.604228,3.6118078,3.6022754,3.6022725,3.6109908,3.5991814,3.6186965,3.6332738,3.6293926,3.6277313,3.6309328,3.6620626,3.654309,3.6428316,3.6139967,3.6080005,3.6181011,3.6180685,3.6209524,3.5891085,3.6159337,3.6173427,3.5927756,3.600723,3.5986733,3.6173217,3.5873368,3.577684,3.5978453,3.5898721,3.5987065,3.5949912,3.597467,3.6303682,3.6179247,3.5877218,3.598095,3.5815854,3.5760286,3.5843847,3.6035707,3.595874,3.5961325,3.589485,3.5654805,3.5739722,3.575555,3.5740871,3.570191,3.5745163,3.5638452,3.573341,3.577103,3.5788252,3.5763333,3.5699964,3.580783,3.5714338,3.577881,3.583985,3.5768971,3.5747092,3.580362,3.5964346,3.5773516,3.5858202,3.5985165,3.5834768,3.56763,3.5745811,3.5760565,3.578558,3.5692935,3.5639932,3.5820525,3.5741765,3.5772254,3.5754623,3.58372,3.5684652,3.585646,3.5723944,3.5795152,3.5771604,3.5986638,3.5923257,3.6005085,3.614722,3.6016557,3.6080558,3.6050818,3.6190376,3.61125,3.6270864,3.589824,3.6160276,3.6115973,3.6081839,3.6257944,3.625018,3.639664,3.6280828,3.6358047,3.635639,3.659783,,,,,,,,,,,,,,,,,,,,,,,,,,,,,,,,,,,,,,,,,,,,,,,,,,,,,,,,,,,,,,,,,,,,,,,,,,,,,,,,,,,,,,,,,,,,,,,,,,,,,,,,,,,,,,,,,,,,,,,,,,,,,,,,,,,,,,,,,,,,,,,,,,,,,,,,,,,,,,,,,,,,,,,,,,,,,,,,,,,,,,,,,,,,,,,,,,,,,,,,,,,,,,,,,,,,,,,,,,,,,,,,,,,,,,,,,,,,,,,,,,,,,,,,,,,,,,,,,,,,,,,,,,,,,,,,,,,,,,,,,,,,,,,,,,,,,,,,,,,,,,,,,,,,,,,,,,,,,,,,,,,,,,,,,,,,,
3.744943,3.7320244,3.7418559,3.7230084,3.7382658,3.7110937,3.7396414,3.7222168,3.732518,3.7482357,3.723525,3.7337272,3.7259068,3.7394824,3.7471244,3.754986,3.743355,3.7352283,3.7232263,3.7337239,3.728619,3.7350528,3.749546,3.7323394,3.750064,3.73795,3.7597694,3.73973,3.7286773,3.7522776,3.7304835,3.7552538,3.7295046,3.7480488,3.7327874,3.7263641,3.7299705,3.737081,3.7330625,3.7171202,3.739013,3.735183,3.7503,3.7115765,3.733891,3.7034788,3.6906528,3.6784282,3.639072,3.6283371,3.5961654,3.5573924,3.5555596,3.5347154,3.4946938,3.4863284,3.4670496,3.4222484,3.4014094,3.3599432,3.3575249,3.3281739,3.3070529,3.2954693,3.2615228,3.2416277,3.2295885,3.2183213,3.2081184,3.197527,3.1781461,3.1889675,3.1479428,3.1363535,3.1477165,3.1371849,3.1280909,3.1221523,3.0855381,3.0826995,3.080719,3.0840588,3.0879164,3.0712574,3.0743663,3.0704472,3.0579672,3.0611534,3.0574365,3.0517373,3.0705676,3.0747015,3.0639422,3.0565324,3.068575,3.073029,3.0721312,3.0608637,3.081062,3.0597217,3.058491,3.02366,3.233856,3.368117,3.3227768,3.3359635,3.332493,3.3374252,3.4149265,3.6754298,3.7056632,3.7634578,3.6332352,3.654931,3.6834767,3.661864,3.683041,3.692305,3.6824777,3.6835527,3.6913815,3.683216,3.7018855,3.7026575,3.6952295,3.7017167,3.6922433,3.7357137,3.707906,3.7072766,3.7316868,3.7490318,3.7317543,3.7272496,3.7298067,3.7126415,3.7087991,3.7091737,3.7126873,3.7010221,3.733651,3.719696,3.7211995,3.7107108,3.7052965,3.711383,3.695285,3.6983137,3.6890545,3.7190428,3.7084136,3.7074664,3.6895213,3.674816,3.7004933,3.6912823,3.7028983,3.6848903,3.7794845,3.8030465,3.7998474,3.7958605,3.7842174,3.790651,3.7691734,3.7821891,3.7935967,3.7830217,3.779686,3.796947,3.7781265,3.803455,3.77521,3.762934,3.8042164,3.779958,3.779236,3.7721105,3.771613,3.794078,3.7555459,3.7610636,3.7485075,3.761904,3.7642508,3.773736,3.784288,3.7486043,3.744997,3.773429,3.7593164,3.7553518,3.7639887,3.779988,3.7834451,3.7752423,3.7840116,3.756709,3.7742445,3.774706,3.7874146,3.7649052,3.75398,3.7707684,3.7837107,3.7549155,3.7778237,3.755988,3.7703183,3.764617,3.766072,3.7918155,3.772132,3.7731931,3.7626426,3.7767835,3.776791,3.752571,,,,,,,,,,,,,,,,,,,,,,,,,,,,,,,,,,,,,,,,,,,,,,,,,,,,,,,,,,,,,,,,,,,,,,,,,,,,,,,,,,,,,,,,,,,,,,,,,,,,,,,,,,,,,,,,,,,,,,,,,,,,,,,,,,,,,,,,,,,,,,,,,,,,,,,,,,,,,,,,,,,,,,,,,,,,,,,,,,,,,,,,,,,,,,,,,,,,,,,,,,,,,,,,,,,,,,,,,,,,,,,,,,,,,,,,,,,,,,,,,,,,,,,,,,,,,,,,,,,,,,,,,,,,,,,,,,,,,,,,,,,,,,,,,,,,,,,,,,,,,,,,,,,,,,,,,,,,,,,,,,,,,,,,,,,,,,,,,,,,,,,,,,,,,,,,,,,,,,,,,,,,,,
3.7503462,3.7478743,3.7544436,3.759908,3.7554233,3.7687984,3.7628508,3.7568018,3.7588763,3.7671344,3.768734,3.774955,3.790439,3.7739177,3.7740066,3.8167994,3.7865448,3.8193066,3.8555632,3.803519,3.8351488,3.836551,3.846538,3.861543,3.855481,3.835752,3.854443,3.8630388,3.8583791,3.8728774,3.8847263,3.8877478,3.8922627,3.8830209,3.8915029,3.8915994,3.8908587,3.9009,3.88303,3.907627,3.8956232,3.8914468,3.8842058,3.8672216,3.8852584,3.8634784,3.8153665,3.782954,3.775032,3.7547526,3.7324967,3.7148578,3.6631985,3.6390555,3.6336422,3.5928426,3.5726058,3.5317702,3.4972687,3.479157,3.46391,3.4206107,3.4067113,3.4028072,3.3801403,3.369985,3.3362498,3.3077576,3.309337,3.311065,3.274919,3.2686734,3.2389681,3.2488885,3.2220645,3.2313275,3.2311666,3.223386,3.221371,3.2119284,3.2207983,3.2063367,3.1962872,3.20345,3.1923325,3.1808724,3.1502547,3.1757114,3.1710439,3.1815116,3.2015374,3.1849236,3.198036,3.1875298,3.1775484,3.1634893,3.1902926,3.183063,3.1906097,3.2083564,3.1945784,3.2185585,3.2252357,3.218988,3.2384765,3.2257953,3.2396998,3.228576,3.2442923,3.2440112,3.2538059,3.2605999,3.257211,3.276292,3.2788587,3.2867818,3.3067484,3.3169985,3.342167,3.3185043,3.3208113,3.3668766,3.3580036,3.3597085,3.3531513,3.3727243,3.3623383,3.3665628,3.368142,3.376449,3.3762703,3.385541,3.3829749,3.4022875,3.3992777,3.4144337,3.422721,3.4223602,3.4216874,3.4300485,3.4441967,3.4525962,3.459938,3.4410217,3.4516346,3.4539561,3.4522486,3.471293,3.4608371,3.471022,2.40063,4.0187683,3.6208727,3.6644228,3.7616928,3.7574182,3.7282226,3.6989105,3.712768,3.7011223,3.7081318,3.731034,3.7641754,3.742279,3.761154,3.7588017,3.7780147,3.7778592,3.7796214,3.7822306,3.7840858,3.7800112,3.7876246,3.7922156,3.808871,3.7973394,3.818978,3.81426,3.86541,3.8564422,3.8519268,3.878579,3.8609083,3.8824098,3.8582091,3.8782341,3.8776581,3.8993852,3.913173,3.8884094,3.9084342,3.9035158,3.9038103,3.8963888,3.9163525,3.924112,3.9168377,3.906765,3.9203632,3.9236903,3.9074323,3.9356544,3.9207273,3.9321241,3.9205198,3.9308503,3.920939,3.9413426,3.9251022,3.939197,3.9432926,3.9597187,3.945601,3.939971,3.934623,3.9374652,3.955112,3.968986,3.9504333,3.9332566,3.9516363,3.9561656,3.9397433,3.9693775,3.957076,3.9441848,3.9649487,3.9854689,3.9379177,3.9462852,3.9566367,3.9432044,3.9749568,3.961315,3.9410913,3.9637473,3.9373713,3.9642913,3.938595,3.9281733,3.939584,3.9595041,3.9494507,3.954276,3.939337,3.957051,3.9497633,3.9340432,3.939764,3.9596286,3.9357767,3.9486089,3.9390085,3.9432995,3.9278226,3.935007,3.9427621,3.942604,3.941432,3.9315634,3.9321826,3.939506,3.9196181,3.9393303,3.940285,3.9170213,3.9167922,3.9338274,3.923784,3.9212599,3.9310193,3.9201832,3.9353063,3.9204001,3.9185493,3.9350095,3.9155827,3.914496,3.929236,3.9219134,3.9431736,3.9214184,3.9332798,3.9315755,3.914636,3.929223,3.9502945,3.882866,3.9040964,3.9454787,3.9522831,3.9488525,3.9404197,3.9147952,3.9388564,3.9373288,3.9379716,3.9463384,3.9338062,3.9320216,3.9395127,3.9379673,3.9464855,3.9326985,3.9154184,3.932471,3.935915,3.9255593,,,,,,,,,,,,,,,,,,,,,,,,,,,,,,,,,,,,,,,,,,,,,,,,,,,,,,,,,,,,,,,,,,,,,,,,,,,,,,,,,,,,,,,,,,,,,,,,,,,,,,,,,,,,,,,,,,,,,,,,,,,,,,,,,,,,,,,,,,,,,,,,,,,,,,,,,,,,,,,,,,,,,,,,,,,,,,,,,,,,,,,,,,,,,,,,,,,,,,,,,,,,,,,,,,,,,,,,,,,,,,,,,,,,,,,,,,,,,,,,,,,,,,,,,,,,,,,,,,,,,,,,,,,,,,,,,,,,
3.7361207,3.7516334,3.7457078,3.7443318,3.7215495,3.7369692,3.7624729,3.7125328,3.7422562,3.7420118,3.7463076,3.7552233,3.747624,3.7437856,3.7396965,3.7415874,3.740836,3.7380881,3.742856,3.754267,3.7389736,3.7540047,3.736854,3.7411604,3.7590313,3.7573707,3.7590327,3.733761,3.7653728,3.7448452,3.7320023,3.7587228,3.7578616,3.7701676,3.7980726,3.7857347,3.7680218,3.775378,3.771503,3.7893739,3.7805383,3.7985466,3.7773402,3.8000185,3.8087447,3.7950478,3.8034766,3.771328,3.7569633,3.7409616,3.7362492,3.7034152,3.6986046,3.6829526,3.6773725,3.6304307,3.6173532,3.6138728,3.5964859,3.5472465,3.5179975,3.4988484,3.4575305,3.4431968,3.4241188,3.419369,3.4152896,3.4109359,3.393069,3.3442194,3.352982,3.322356,3.3151715,3.2961495,3.3107784,3.2600086,3.2232864,3.2388928,3.2427678,3.205792,3.1844468,3.2149396,3.176644,3.192302,3.1810694,3.19085,3.157062,3.163607,3.162022,3.1842282,3.1447158,3.181963,3.1526911,3.1511414,3.1541026,3.1834414,3.1833897,3.1721976,3.1720698,3.1670864,3.1717045,3.1708755,3.186225,3.1828997,3.185407,3.1910627,3.2169762,3.2218394,3.2127283,3.2482476,3.246303,3.2926214,3.2838192,3.3095677,3.320787,3.33846,3.3312657,3.3220432,3.3339932,3.3290684,3.3289526,3.3306506,3.3242943,3.3199563,3.337495,3.3408973,3.331181,3.3566372,3.362532,3.3565392,3.3852854,3.395066,3.3948772,3.374063,3.398938,3.4186807,3.3760884,3.4199646,3.4318194,3.4229612,3.4213684,3.4416494,3.4290354,3.4415095,3.4721084,3.4554596,3.493977,3.468124,3.4942136,3.5220788,3.5265002,3.5308597,3.5296998,3.5218027,3.5299199,3.5426052,3.5457814,3.5519953,3.5473454,3.5813735,3.5805159,3.5840743,3.5903568,3.5810485,3.6118414,3.6086075,3.6096387,3.6193783,3.625714,3.6331518,3.638854,3.6529334,3.6447012,3.652249,3.643871,3.655837,3.6817992,3.6910002,3.7087538,3.7317963,3.7446315,3.7306523,3.7606213,3.7360764,3.7633386,3.7641327,3.7944684,3.7698762,3.7871997,3.7819774,3.7908933,3.8113987,3.7985194,3.8193707,3.8006425,3.7912705,3.8232598,3.817685,3.8262384,3.8162048,3.8087804,3.8259168,3.8247855,3.8231168,3.8368425,3.8258746,3.8313396,3.855773,3.8488035,3.8353648,3.8367627,3.8326921,3.852239,3.8608253,3.8728566,3.86292,3.8507442,3.8604496,3.8876789,3.8878148,3.8920062,3.875332,3.8563602,3.8732047,3.8686845,3.8806956,3.871505,3.8636706,3.8508132,3.881292,3.846187,3.8911452,3.888893,3.879083,3.8550212,3.8616722,3.887433,3.8815506,3.876108,3.8781264,3.869414,3.8871083,3.8849537,3.87455,3.8714812,3.8903852,3.874379,3.8609216,3.8650975,3.8873503,3.880863,3.8878133,3.8889945,3.8800766,3.8845744,3.8880818,3.8756037,3.8958328,3.8802986,3.898643,3.8891516,3.9076192,3.8841257,3.8876703,3.8990932,3.9020436,3.8957675,3.8908496,3.8941767,3.9058464,3.903549,3.8967404,3.8912323,3.8831806,3.888354,3.896874,3.8861606,3.8826635,3.894101,3.8826482,3.7789657,2.4204009,3.7168167,3.7957513,3.8836858,3.877682,3.8376079,3.850771,3.8381577,3.8410578,3.8247428,3.8332484,3.836747,3.847383,3.8253624,3.8506138,3.845461,3.8613777,3.8609056,3.8369074,3.853369,3.8812256,3.8528614,3.8797648,3.8743925,3.8714201,3.8787158,,,,,,,,,,,,,,,,,,,,,,,,,,,,,,,,,,,,,,,,,,,,,,,,,,,,,,,,,,,,,,,,,,,,,,,,,,,,,,,,,,,,,,,,,,,,,,,,,,,,,,,,,,,,,,,,,,,,,,,,,,,,,,,,,,,,,,,,,,,,,,,,,,,,,,,,,,,,,,,,,,,,,,,,,,,,,,,,,,,,,,,,,,,,,,,,,,,,,,,,,,,,,,,,,,,,,,,,,,,,,,,,,,,,,,,,,,,,,,,,,,,,,,,,,,,,,,,,,,,,,,,,,,,,,,,,,,,,,
3.8603363,3.8656464,3.8686402,3.868553,3.8864741,3.8648882,3.872471,3.9046023,3.8706462,3.8897984,3.9070659,3.891685,3.9023638,3.9147687,3.905342,3.8972797,3.9160392,3.9130294,3.8741693,3.9168854,3.9159486,3.9275115,3.9120011,3.9091625,3.9177616,3.9319715,3.9281635,3.9284093,3.9390004,3.9363678,3.929912,3.9265122,3.9306626,3.9315274,3.934364,3.929771,3.9430962,3.9362319,3.9289508,3.9457936,3.9453702,3.93164,3.9591208,3.943245,3.9539886,3.9757462,3.9320111,3.9370515,3.9254186,3.9339025,3.930043,3.9276998,3.8411047,3.8390868,3.7898185,3.757501,3.7337062,3.7328913,3.7093306,3.683363,3.6520565,3.5971384,3.594079,3.5479171,3.5399668,3.5165749,3.4960198,3.4795773,3.4526377,3.4318624,3.4251354,3.393909,3.3695028,3.383982,3.3662782,3.3190486,3.3007371,3.2869873,3.2771919,3.291134,3.262264,3.2631168,3.2560647,3.2348073,3.2373807,3.2077,3.2282116,3.2296753,3.2037923,3.192371,3.19601,3.1966732,3.1940565,3.1782348,3.1927783,3.1915169,3.2100432,3.1704571,3.18422,3.1789556,3.190287,3.190254,3.197229,3.1974783,3.189794,3.1971452,3.1974835,3.1863499,3.1889338,3.1994126,3.198742,3.2062252,3.2071798,3.2062564,3.2084608,3.205343,3.220459,3.205447,3.2108634,3.2055695,3.2096872,3.209863,3.228175,3.178251,3.242762,3.2378051,3.870444,3.8918784,3.8224769,3.7962415,3.801848,3.7934139,3.7986853,3.8166435,3.7952979,3.8004246,3.8256862,3.8369563,3.8397403,3.8255324,3.798159,3.8318367,3.843335,3.846891,3.83016,3.850759,3.8350682,3.852067,3.8389456,3.8450334,3.8442557,3.853434,3.8368845,3.8021395,3.7888038,3.8030639,3.7963507,3.796329,3.7907813,3.7710493,3.751851,3.7569444,3.7653456,3.7481651,3.7237937,3.7215192,3.725091,3.7297206,3.7184188,3.712067,3.7207642,3.7077358,3.723292,3.6948497,3.707445,3.69459,3.713597,3.7009802,3.7119257,3.69148,3.6822643,3.6970756,3.6747227,3.6777692,3.6839359,3.6760745,3.6986775,3.6667771,3.661358,3.6683698,3.685526,3.6527824,3.6688879,3.6599178,3.6760557,3.668081,3.6851785,3.6648955,3.673534,3.6647058,3.6661162,3.6669617,3.661088,3.660809,3.6597037,3.655654,3.6855354,3.682128,3.6618328,3.6573784,3.6338153,3.6569374,3.652167,3.6891258,3.6534462,3.6478038,3.6799157,3.6652946,3.6786072,3.6555016,3.6776695,3.6897414,3.677745,3.6945472,3.6690912,3.681903,3.6843567,3.6853797,3.6792045,3.701532,3.6924975,3.681279,3.7029212,,,,,,,,,,,,,,,,,,,,,,,,,,,,,,,,,,,,,,,,,,,,,,,,,,,,,,,,,,,,,,,,,,,,,,,,,,,,,,,,,,,,,,,,,,,,,,,,,,,,,,,,,,,,,,,,,,,,,,,,,,,,,,,,,,,,,,,,,,,,,,,,,,,,,,,,,,,,,,,,,,,,,,,,,,,,,,,,,,,,,,,,,,,,,,,,,,,,,,,,,,,,,,,,,,,,,,,,,,,,,,,,,,,,,,,,,,,,,,,,,,,,,,,,,,,,,,,,,,,,,,,,,,,,,,,,,,,,,,,,,,,,,,,,,,,,,,,,,,,,,,,,,,,,,,,,,,,,,,,,,,,,,,,,,,,,,,,,,,,,,,,,,,,,,,,
3.7963345,3.816564,3.7960591,3.7838092,3.7991421,3.7996843,3.7959385,3.7784543,3.7946072,3.8013785,3.7749403,3.789675,3.8037233,3.8192382,3.8154757,3.8050818,3.792166,3.8072157,3.8012338,3.8111985,3.8135667,3.821775,3.808392,3.8168662,3.8134582,3.8224921,3.8136098,3.81837,3.8109214,3.8500586,3.815775,3.81496,3.8216462,3.8109913,3.8205354,3.8157063,3.8253114,3.814512,3.817223,3.8314216,3.8238113,3.8292322,3.832677,3.8292546,3.8534632,3.8217278,3.832929,3.8521469,3.800557,3.7908945,3.7846394,3.765079,3.7462623,3.7209425,3.6909003,3.6651208,3.6579561,3.6141913,3.581409,3.541757,3.5169253,3.5033484,3.474511,3.4602494,3.4620118,3.4049356,3.400592,3.381928,3.3560512,3.3204203,3.3220055,3.289809,3.2895393,3.2503982,3.2296374,3.2185233,3.2059648,3.1867623,3.192574,3.1861248,3.2021027,3.167437,3.132761,3.154153,3.1254635,3.1230552,3.1043236,3.1126788,3.1095304,3.1087193,3.1003954,3.0993452,3.112537,3.0928493,3.0922534,3.06891,3.0727675,3.0906148,3.0884993,3.07332,3.0747197,3.07372,3.081972,3.0821908,3.0745432,3.085618,3.0867004,3.0729053,3.0770993,3.0775166,3.054861,3.092324,3.1770802,2.6302998,3.555748,3.5780687,3.583066,3.5821152,3.5931299,3.5974245,3.6169016,3.6057117,3.6078634,3.6268911,3.6098638,3.6215734,3.617637,3.6216917,3.6373303,3.6243243,3.638884,3.6397963,3.6533287,3.6659458,3.6493263,3.6580827,3.6775618,3.6822536,3.6954615,3.7017734,3.6863968,3.7080941,3.6962726,3.6856291,3.7089744,3.7042625,3.716274,3.7043064,3.7185972,3.7041607,3.6975176,3.7161465,3.709447,3.7036688,3.7164183,3.7144098,3.701315,3.702144,3.7108157,3.7474558,3.7093382,3.7185597,3.7210898,3.735394,3.7316577,3.737173,3.7401783,3.7155206,3.7223601,3.7382708,3.7399287,3.729206,3.7401211,3.7439604,3.7414107,3.7221825,3.7332444,3.728181,3.7383595,3.7358131,3.7404137,3.7434316,3.7397974,3.740127,3.7433324,3.7439795,3.7419145,3.7474027,3.7380185,3.7460828,3.744135,3.751228,3.7291603,3.751085,3.7627716,3.749125,3.747673,3.7385225,3.7480266,3.7482986,3.7388334,3.7586455,3.7449265,3.773639,3.75445,3.7658465,3.7517035,3.7882948,3.7665615,3.7620344,3.787951,3.774089,3.7690003,3.7853076,3.8030164,3.7775714,3.7713194,3.794388,3.7891135,3.7771792,3.8256862,3.7940276,3.7907658,3.8135839,3.8114421,3.8127542,3.8338547,3.830237,3.8336835,3.8127553,3.829919,3.8090715,3.801667,3.8605895,3.8576083,3.848195,3.8433366,3.8410206,3.8576987,3.8619945,3.8766484,3.872617,3.890151,3.8813403,3.8816025,3.8900113,3.865413,,,,,,,,,,,,,,,,,,,,,,,,,,,,,,,,,,,,,,,,,,,,,,,,,,,,,,,,,,,,,,,,,,,,,,,,,,,,,,,,,,,,,,,,,,,,,,,,,,,,,,,,,,,,,,,,,,,,,,,,,,,,,,,,,,,,,,,,,,,,,,,,,,,,,,,,,,,,,,,,,,,,,,,,,,,,,,,,,,,,,,,,,,,,,,,,,,,,,,,,,,,,,,,,,,,,,,,,,,,,,,,,,,,,,,,,,,,,,,,,,,,,,,,,,,,,,,,,,,,,,,,,,,,,,,,,,,,,,,,,,,,,,,,,,,,,,,,,,,,,,,,,,,,,,,,,,,,,,,,,,,,,,,,,,,,,,,,,,
3.752854,3.7902977,3.7578459,3.778707,3.7902768,3.7824056,3.7855465,3.7776246,3.796988,3.7843525,3.7937775,3.7849934,3.7709987,3.8038402,3.8043187,3.805302,3.8229349,3.8253806,3.8127704,3.8382514,3.8606184,3.8512802,3.852982,3.848675,3.8687599,3.8679523,3.8707106,3.886995,3.86519,3.8829684,3.894805,3.8950884,3.8895416,3.8778489,3.9086416,3.8876483,3.9072676,3.9018798,3.9142933,3.93279,3.915942,3.9344845,3.937431,3.9418857,4.131398,4.132849,3.9412565,3.246201,3.2674782,3.2558553,3.2508407,3.2595835,3.264577,3.269398,3.2587595,3.2527719,3.2419376,3.2365034,3.240378,3.2438922,3.2476072,3.2617533,3.243924,3.249756,3.2673917,3.2620094,3.2714694,3.2647831,3.2719772,3.2671456,3.2852917,3.2645795,3.275621,3.2737718,3.2825642,3.3297186,3.313525,3.3357105,3.3466413,3.3665276,3.35514,3.4065545,3.4120526,3.4155765,3.4344275,3.4305542,3.450633,3.4709077,3.4693396,3.487654,3.481505,3.5077524,3.5004728,3.4911842,3.5456183,3.5827215,3.5494533,3.5684223,3.5477076,3.5890574,3.5836241,3.5838597,3.5937285,3.6241877,3.6383986,3.6470041,3.6351106,3.6594276,3.6748185,3.6425858,3.7011492,3.700282,3.6849685,3.6863675,3.6930108,3.703346,3.7137377,3.7084424,3.6975873,3.6713383,3.7869258,3.7996693,3.8372898,3.866938,3.8584416,3.8585494,3.8592029,3.836952,3.834691,3.8626204,4.023736,4.0109653,3.8669872,3.86118,3.8294535,3.8793,3.8454041,3.8300009,3.849073,3.8403027,3.8456662,3.8440654,3.838834,3.8553352,3.8428612,3.8264766,3.8159304,3.7967966,3.7637691,3.734145,3.6843164,3.6359913,3.588194,3.6140258,3.566463,3.5616817,3.4973264,3.4643023,3.429364,3.4191852,3.3846426,3.3770041,3.381631,3.3504403,3.2984655,3.2654014,3.2665231,3.2468972,3.231388,3.1723588,3.1890345,3.1750693,3.1602623,3.1470077,3.1540074,3.1517746,3.109859,3.0774598,3.0601778,3.0624616,3.0563495,3.0534174,3.0674655,3.034634,3.040223,3.03741,3.0280147,3.0349178,3.0261784,2.9990003,3.0326517,3.0202515,3.0014284,3.0098197,2.9711044,2.9965272,2.9637663,2.9701376,2.9801362,2.9649687,3.0137632,2.979892,3.0324974,3.207611,3.0787091,2.8910542,3.0467086,3.0235913,3.9169476,3.9448285,3.9260046,3.9361377,3.9494326,3.94474,4.0143394,3.9806097,3.9961247,4.0172133,4.003817,4.015364,4.0196576,4.028021,4.0185637,4.013724,3.9749024,3.9664893,3.9758084,3.952422,4.0134473,4.102801,3.9777248,3.9429352,3.934717,3.9198425,3.9068654,3.895227,3.8672097,3.8574393,3.82713,3.7817345,3.7834258,3.7673647,3.7262568,3.710495,3.7123573,3.6815512,3.661801,3.6661615,3.6832778,3.634092,3.5985718,3.6006825,3.574613,3.5711632,3.5625954,3.5414708,3.5590134,3.5772877,3.4891787,3.4866757,3.5567563,3.4704273,3.4689338,3.4572024,3.4578052,3.4516027,3.4307067,3.4327943,3.4622765,3.4136434,3.3980508,3.4009583,3.427111,3.4190516,3.4121978,3.380281,3.3665586,3.3867967,3.361037,3.3325093,3.3724403,3.3221626,3.3162575,3.2972622,3.29355,3.291756,3.3011658,3.2788713,3.2981167,3.2805164,3.2743425,3.2820694,3.2730885,3.265525,3.2633646,3.2423027,3.283749,3.244932,3.2334657,3.2470667,3.233434,3.2276099,3.2122235,3.2206995,3.2145348,3.229845,3.198472,3.1968365,3.1664953,3.1565366,3.1584857,3.1697056,3.1768787,3.1356087,3.2085907,3.1528974,3.136748,3.122313,3.1845021,3.1443176,3.1127849,3.0882168,3.1381397,3.1382306,3.1102662,3.0815597,3.1225893,3.124134,3.094171,3.086587,3.0937343,3.0679066,3.07687,3.1165423,3.0670962,3.0811913,3.1101205,3.0784435,3.0922322,3.097518,3.0582108,3.0605307,3.0776577,3.0654092,3.0819888,3.0934126,3.0634723,3.0799077,3.0419364,3.086678,3.1016428,3.1007042,3.0706668,3.0608656,3.0547752,3.056178,3.0774212,3.072876,3.0493093,3.0610027,3.0556865,3.0732622,3.0939114,3.0572007,3.0761323,3.0568762,3.0669222,3.0546753,3.1442075,3.1001985,2.825884,2.975196,3.0536575,3.1107626,3.4170375,3.4127579,3.3867776,3.4217315,3.4290264,3.5023959,3.486683,3.5228255,3.7126443,3.5563524,3.4944305,3.5029485,3.5075846,3.5275338,3.521171,3.511791,3.5311697,3.534666,3.524662,3.520956,3.5197728,3.5388167,3.550343,3.5121293,3.5392525,3.530591,3.5370948,3.5457401,3.575462,3.5462651,3.5286233,3.5642383,3.5468352,3.5447206,3.587971,3.5793703,3.5977929,3.5908902,3.5955117,3.5878947,3.5999544,3.6008472,3.5964632,3.6012824,3.6130447,3.6032617,3.6167326,3.6076248,3.609471,3.6208043,3.6089995,3.6306307,3.6221144,3.6414998,3.6091511,2.829385,3.6751053,3.6680732,3.651089,3.6478353,3.648703,3.6439984,3.6820576,3.6644928,3.7182918,3.6866093,3.6576507,3.724327,3.708247,3.703027,3.71485,3.7056522,3.7269664,3.724183,3.7445426,3.7171845,3.7404613,3.7294273,3.7359443,3.7398436,3.7749841,3.8074026,3.7756855,3.792635,3.7956274,3.804882,3.8017244,3.791876,3.8189814,3.800862,3.8221626,3.8190775,3.8356307,3.8284366,3.8042693,3.8233097,3.8286238,3.8137822,3.8312588,3.8331957,3.8509667,3.8242846,3.8242185,3.8394911,3.8328772,3.854456,3.834029,3.863558,3.8688657,3.8554883,3.8753684,3.8721223,3.8747225,3.8738966,3.8491793,3.859564,3.8639386,3.8743663,3.8807352,3.8826091,3.8854,3.8680336,3.8941095,3.8636134,3.8834026,3.8954785,3.9045677,3.8827171,3.8953874,3.8826747,3.8813372,3.8967216,3.894986,3.901899,3.8996747,3.8988798,3.9140513,3.8958144,3.914976,3.9152403,3.8944347,3.9213698,3.945249,3.915278,3.910717,3.9067597,3.9390275,3.9236896,3.951667,3.9548619,3.9251482,3.9224622,3.9694333,3.9448276,3.9810226,3.9454694,3.9679854,3.9469454,3.960603,3.998984,3.9280324,3.943868,3.9502218,3.9507244,3.9386117,3.974438,3.9476504,3.9564953,3.9587858,3.9350002,3.9547367,3.94803,3.94039,3.9632394,3.979896,3.956914,3.9715948,3.9584908,3.9933047,3.9587882,3.979518,3.9778392,3.974719,3.972331,3.961679,3.9922523,3.9865296,3.9907591,3.9775386,4.0038524,3.9939702,4.028847,4.0243063,4.0246797,4.0069556,4.036456,3.9867177,4.0044394,4.0008883,4.0085735,4.0226827,4.0135727,4.031382,4.045654,4.02834,4.0166793,4.044271,4.0304255,4.045129,4.03237
3.6976252,3.6861129,3.6986902,3.70311,3.7030926,3.7072525,3.7069902,3.6909516,3.7051477,3.6995332,3.7031243,3.7414925,3.730564,3.7294028,3.727617,3.724205,3.7641044,3.7548966,3.745354,3.743248,3.7585754,3.7544112,3.7663043,3.7539763,3.8017209,3.8002615,3.796691,3.8041098,3.8015625,3.8000636,3.7980902,3.8112621,3.824872,3.8073988,3.8289647,3.8386679,3.810827,3.8343458,3.850197,3.8269303,3.8555942,3.8601007,3.8605623,3.8524256,3.863076,3.8582668,3.85063,3.8455753,3.8193574,3.8076978,3.7922235,3.7793164,3.7703846,3.725021,3.707066,3.6868572,3.670207,3.6370676,3.6059022,3.5711687,3.5503616,3.5337472,3.482441,3.4614382,3.465375,3.4360235,3.4302037,3.3862517,3.3512492,3.3319778,3.3407118,3.3180356,3.3051667,3.2944841,3.2667162,3.229297,3.24121,3.2168698,3.179553,3.1559763,3.1421392,3.1602325,3.1603715,3.1519701,3.1596673,3.1416068,3.1378844,3.1474578,3.142077,3.14056,3.1378958,3.1187348,3.1231353,3.1083212,3.11479,3.101241,3.1215405,3.1187956,3.1245508,3.1060846,3.1121447,3.119544,3.134117,3.1212833,3.1207662,3.1209204,3.146094,3.132857,3.1430945,3.1561153,3.1261122,3.1279933,3.148898,3.1694708,3.1783984,3.1820812,3.2045498,3.2042983,3.1795352,3.1915386,3.197046,3.198935,3.1831908,3.196835,3.1835783,3.0648725,2.8292782,3.076388,3.3366513,3.6746428,3.5603008,3.43453,3.63318,3.617396,3.5349402,3.5468957,3.5123003,3.5370584,3.5279095,3.5429938,3.5516443,3.528989,3.623106,3.6095774,3.598868,3.6078036,3.6183999,3.605288,3.62367,3.6394346,3.6197844,3.6354854,3.65452,3.650585,3.6624732,3.670462,3.6815064,3.6863043,3.687874,3.695988,3.7071865,3.722199,3.7258406,3.71674,3.7359269,3.7112896,3.728951,3.737621,3.749246,3.754251,3.7318964,3.7615914,3.735804,3.7593732,3.7443721,3.780635,3.7716696,3.7926495,3.7745082,3.7294338,3.7524698,3.7755015,3.718856,3.7616262,3.762336,3.7541707,3.762583,3.741524,3.742709,3.7483664,3.7346141,3.7706678,3.751139,3.7494178,3.7525253,3.7540104,3.7710793,3.7763984,3.7703075,3.759895,3.787333,3.7777936,3.769039,3.7797782,3.7712622,3.7654903,3.7595649,3.7760124,3.7626002,3.7554708,3.7458897,3.7672498,3.7577703,3.7602375,3.7458732,3.7422655,3.750947,3.7318516,3.7309747,3.7303057,3.7717552,3.7779348,3.7731907,3.7506776,3.744586,3.738283,3.7575727,3.7683296,3.743782,3.7303758,3.7335076,3.7519126,3.7011538,3.720548,3.7282975,3.7053506,3.7298362,3.7451825,3.7084548,3.6910949,3.6988728,3.7041163,3.7092826,3.7203572,3.7152553,3.7104194,3.7387843,3.738674,3.709528,3.7177572,3.7309928,3.7279663,3.730459,3.7308693,3.7229974,3.7375424,3.7414837,3.7508504,3.7273138,3.7529917,3.7481322,3.7564297,3.739494,3.7501051,3.7635996,3.7581565,3.7712884,3.7483099,3.7474093,3.7580702,3.7732062,3.7803326,3.761594,3.760651,3.7878249,3.7767076,3.8073127,3.7904882,3.7878227,3.8080065,3.8230314,3.8153367,3.8104844,3.8102345,3.805791,3.830493,3.831126,3.8392155,,,,,,,,,,,,,,,,,,,,,,,,,,,,,,,,,,,,,,,,,,,,,,,,,,,,,,,,,,,,,,,,,,,,,,,,,,,,,,,,,,,,,,,,,,,,,,,,,,,,,,,,,,,,,,,,,,,,,,,,,,,,,,,,,,,,,,,,,,,,,,,,,,,,,,,,,,,,,,,,,,,,,,,,,,,,,,,,,,,,,,,,,,,,,,,,,,,,,,,,,,,,,,,,,,,,,,,,,,,,,,,,,,,,,,,,,,,,,,,,,,,,,,,,,,,,,,,,,,,,,,,,,,,,,,,,,,,,,,,,,,,,,,,,,,,,,,,,
3.4352534,3.439617,3.4404154,3.4226825,3.4296184,3.4235635,3.4095938,3.4203482,3.4038236,3.4134119,3.4218466,3.3917181,3.4035513,3.4129407,3.3950615,3.3997362,3.4013305,3.375813,3.3864737,3.389988,3.386202,3.3803296,3.3851259,3.3979723,3.3977566,3.3797512,3.3627522,3.381582,3.3805194,3.373479,3.3915203,3.3729,3.3919837,3.3794339,3.377306,3.3716235,3.3805172,3.353071,3.3823922,3.4031107,3.3934364,3.4187915,3.4369526,3.3866394,3.4038646,3.425441,3.4108818,3.3702872,3.3586926,3.3368602,3.2744687,3.3042572,3.2795942,3.2581391,3.2311509,3.2264943,3.2101595,3.181777,3.1680732,3.108401,3.0856667,3.0622761,3.0476487,3.0394776,3.027688,3.0288095,3.0062869,2.9803338,2.9599984,2.941203,2.9303355,2.919382,2.8876655,2.89721,2.909748,2.8913307,2.8559418,2.8830001,2.8680995,2.8541794,2.8110328,2.8453217,2.823558,2.8075657,2.806313,2.802477,2.7967958,2.8047602,2.8095026,2.7952175,2.7878134,2.7936876,2.8040767,2.795692,2.7958677,2.7830393,2.7962906,2.8036637,2.797974,2.7964818,2.8057044,2.793205,2.8095117,2.8039274,2.8195627,2.8144193,2.8027003,2.8091,2.799878,2.801523,2.8419318,2.7870228,2.8870676,2.7570405,1.816219,1.9609483,3.09011,3.1861486,3.2698672,3.3282917,3.3697846,3.440496,3.4367347,3.3971636,3.3900275,3.4074676,3.4476576,3.4837048,3.4442275,3.4090886,3.4266472,3.4323792,3.4480567,3.4576583,3.4475758,3.4665253,3.4571936,3.4500506,3.4502084,3.4558184,3.4645207,3.489287,3.4540603,3.4705946,3.4822826,3.474963,3.513235,3.4955492,3.5073547,3.4868479,3.4932613,3.4956982,3.4862828,3.512499,3.5214636,3.521153,3.5151768,3.5202153,3.5146654,3.5204487,3.5282516,3.5268292,3.5234656,3.548994,3.5440347,3.5339653,3.517984,3.5194752,3.5289247,3.5094807,3.5291426,3.5236127,3.498364,3.5126164,3.50449,3.5228379,3.5199935,3.516461,3.5048943,3.4917352,3.494934,3.5096457,3.5013409,3.5138474,3.5084577,3.5143142,3.5051956,3.4964647,3.5115275,3.5032947,3.5092235,3.5025032,3.5067062,3.5077775,3.4866047,3.4953039,3.5029554,3.509209,3.5098128,3.5307393,3.4917016,3.5150332,3.5147946,3.5290427,3.5161579,3.514411,3.517483,3.5108514,3.5335195,3.5093462,3.5018911,3.504795,3.5401778,3.5441833,3.5375051,3.5285468,3.5348248,3.5449371,3.5378284,3.5721812,3.5344474,3.5445123,3.5642953,3.5670254,3.5532742,3.5632687,3.5609589,3.5524457,3.5413694,3.549269,3.5612164,3.5557969,3.550839,3.5721252,3.5619953,3.5589058,3.571054,3.5818057,3.5580745,3.5896466,3.5683048,3.5838284,3.5766442,,,,,,,,,,,,,,,,,,,,,,,,,,,,,,,,,,,,,,,,,,,,,,,,,,,,,,,,,,,,,,,,,,,,,,,,,,,,,,,,,,,,,,,,,,,,,,,,,,,,,,,,,,,,,,,,,,,,,,,,,,,,,,,,,,,,,,,,,,,,,,,,,,,,,,,,,,,,,,,,,,,,,,,,,,,,,,,,,,,,,,,,,,,,,,,,,,,,,,,,,,,,,,,,,,,,,,,,,,,,,,,,,,,,,,,,,,,,,,,,,,,,,,,,,,,,,,,,,,,,,,,,,,,,,,,,,,,,,,,,,,,,,,,,,,,,,,,,,,,,,,,,,,,,,,,,,,,,,,,,,,,,,,,,,,,,,,,,,,,,,
3.8296506,3.815359,3.8405972,3.8264835,3.810992,3.8009608,3.826224,3.8394551,3.8203962,3.8305087,3.8479273,3.8604877,3.8391778,3.8227222,3.8630154,3.8190126,3.842929,3.8440917,3.8518345,3.842577,3.8864737,3.8425968,3.8875825,3.858675,3.8873594,3.8569322,3.8612359,3.8633368,3.8656032,3.8901439,3.880853,3.8904915,3.8952837,3.9013107,3.9019039,3.8958764,3.9191093,3.901607,3.9080229,3.884136,3.9089026,3.9492338,3.9127922,3.911461,3.9541183,3.9274955,3.9076517,3.8984807,3.9051566,3.887564,3.8747478,3.8542118,3.8079886,3.7975063,3.7900913,3.7539089,3.7156436,3.6744342,3.639741,3.5902615,3.5810409,3.5770416,3.5725622,3.5224571,3.5190792,3.4687655,3.4070876,3.4323368,3.3574233,3.3610973,3.3233209,3.3004909,3.2978663,3.2679312,3.277289,3.2499428,3.242953,3.2253473,3.2382405,3.1397188,3.146006,3.1106935,3.1004977,3.1063046,3.1099513,3.0978837,3.1023126,3.0942678,3.0904446,3.08623,3.0957057,3.0651927,3.068215,3.064153,3.0790472,3.0690513,3.0582016,3.0480607,3.0552607,3.042798,3.0474737,3.0429838,3.034218,3.03695,3.051707,3.0484319,3.053538,3.0342557,3.0522125,3.0409803,3.0379407,3.0488348,3.0229821,3.0253294,3.030513,3.133436,3.739529,3.7405367,3.743589,3.7609415,3.771862,3.7753541,3.7834878,3.7819166,3.772613,3.7785294,3.7948618,3.8050618,3.793433,3.8061016,3.776103,3.794046,3.8005965,3.7981124,3.7989469,3.8193002,3.786998,3.7793045,3.802054,3.796642,3.818327,3.785851,3.792153,3.79011,3.7918386,3.773836,3.7691882,3.8101077,3.7762804,3.783258,3.7543223,3.7802174,3.7800388,3.7721457,3.7686596,3.7492971,3.7599633,3.7667987,3.7525272,3.7219195,3.7375314,3.739279,3.707745,3.7429178,3.7374809,3.7670574,3.7266316,3.7232807,3.739289,3.745793,3.730237,3.7480419,3.7292438,3.7529879,3.7279925,3.7416902,3.7384555,3.7362237,3.7552106,3.7469838,3.7291927,3.7591236,3.7446904,3.7311263,3.7295747,3.7407293,3.7462823,3.7465732,3.7406282,3.7418993,3.740673,3.737561,3.7475548,3.7500138,3.7447999,3.741207,3.7426023,3.758743,3.7560627,3.7592125,3.757624,3.7503147,3.7496932,3.7922678,3.7831337,3.7690396,3.7805002,3.7448268,3.7737238,3.790351,3.799029,3.8079877,3.8074822,3.8096888,3.8067925,3.8263834,,,,,,,,,,,,,,,,,,,,,,,,,,,,,,,,,,,,,,,,,,,,,,,,,,,,,,,,,,,,,,,,,,,,,,,,,,,,,,,,,,,,,,,,,,,,,,,,,,,,,,,,,,,,,,,,,,,,,,,,,,,,,,,,,,,,,,,,,,,,,,,,,,,,,,,,,,,,,,,,,,,,,,,,,,,,,,,,,,,,,,,,,,,,,,,,,,,,,,,,,,,,,,,,,,,,,,,,,,,,,,,,,,,,,,,,,,,,,,,,,,,,,,,,,,,,,,,,,,,,,,,,,,,,,,,,,,,,,,,,,,,,,,,,,,,,,,,,,,,,,,,,,,,,,,,,,,,,,,,,,,,,,,,,,,,,,,,,,,,,,,,,,,,,,,,,,,,,,,,,,,,,,,,,
3.657608,3.6835852,3.709565,3.6858237,3.699456,3.7007496,3.7001474,3.6927643,3.688797,3.683022,3.693057,3.6957085,3.706362,3.6807065,3.7689562,3.7098234,3.7642515,3.7366834,3.707915,3.729181,3.7494185,3.728439,3.7337644,3.7443645,3.7437377,3.7450914,3.7450411,3.7509336,3.738294,3.7432969,3.7561843,3.758963,3.7485306,3.7516367,3.77365,3.7637382,3.77408,3.7634513,3.7719502,3.7631683,3.7777722,3.7810125,3.7748284,3.775656,3.7710824,3.772776,3.7668457,3.7801125,3.769907,3.7251222,3.7232726,3.7133071,3.6706812,3.670775,3.6634853,3.6201231,3.603718,3.5697167,3.5559573,3.5362334,3.5246625,3.503012,3.48036,3.475683,3.444912,3.412142,3.387888,3.3769634,3.3361628,3.3150012,3.2952063,3.2986753,3.277866,3.2701526,3.2652006,3.2288792,3.2314556,3.2357051,3.2399294,3.2349524,3.2172682,3.202283,3.2131786,3.1936,3.1905866,3.1741624,3.1610494,3.1989696,3.1697078,3.1713023,3.1196897,3.1359603,3.1306522,3.159932,3.161324,3.146819,3.1225796,3.1332176,3.1334534,3.1344275,3.1505623,3.1507282,3.1389627,3.1446078,3.1524732,3.1482117,3.1513443,3.1497161,3.1623075,3.1576335,3.1531878,3.1880665,3.1907141,3.164475,3.1823301,3.1819458,3.1778877,3.1854038,3.1807983,3.178631,3.1747367,3.1742299,3.1513157,3.1665595,3.1648908,3.395003,3.5783856,3.3796725,3.3521364,3.3613505,3.386033,3.3868818,3.4001775,3.4076498,3.4213395,3.4286234,3.4586196,3.4664989,3.4658406,3.4693327,3.4748678,3.4697862,3.4831953,3.4996023,3.5002542,3.4913654,3.5146823,3.5209959,3.5139747,3.5234191,3.52554,3.5510418,3.5448277,3.5534837,3.5721369,3.5624409,3.5486157,3.5849917,3.5796,3.586275,3.5883768,3.6032386,3.6085641,3.593186,3.6234639,3.6121364,3.616589,3.6206956,3.6313798,3.6432087,3.626771,3.6529784,3.6465256,3.644531,3.6609797,3.6381474,3.6568835,3.6443646,3.6802843,3.6673145,3.6646209,3.669739,3.6691575,3.6720123,3.6881366,3.677324,3.6691108,3.6789384,3.6702497,3.6704454,3.6769197,3.6660929,3.6781015,3.664633,3.6740048,3.6924264,3.6871164,3.68515,3.7164674,3.697504,3.716997,3.7324421,3.6932538,3.7269483,3.7340996,3.7434878,3.7273805,3.7288315,3.7406998,3.7483573,3.7258782,3.7328334,3.7378647,3.7355232,3.7316916,3.7215667,3.7234643,3.7371345,3.7238889,3.7127857,3.7242785,3.7395349,3.7410858,3.7228363,3.7388723,3.745674,3.7412393,3.719329,3.7271369,3.7117052,3.7304037,3.743934,3.7381876,3.729978,3.7230203,3.7309358,3.7434509,3.7499793,3.7508042,3.7521818,3.7444503,3.747226,3.7529852,3.7322013,3.7454858,3.750104,3.7541645,3.7592657,3.7617779,3.7357137,3.7611585,3.7663307,3.7613237,3.7529402,3.7677531,3.7627378,3.7610607,3.7639463,3.7833247,3.7771926,3.7786586,3.8018243,3.799176,3.7804024,3.7911494,3.7724957,3.789365,3.7793236,3.791679,3.807965,3.7903447,3.7955115,3.8090177,3.7959874,3.7981675,3.7964041,3.7900887,3.7898188,3.7954476,3.7877443,3.7787287,3.8141878,3.7998517,3.7930672,3.7817664,3.7966032,3.7934425,3.7899034,3.7890656,3.796608,3.7991483,3.7984385,3.7956657,3.8019142,3.8008487,3.796152,3.7981079,3.8014257,3.8049335,3.817821,3.8131568,3.8164194,3.8103104,3.8079472,3.8047953,3.8029976,3.80503,,,,,,,,,,,,,,,,,,,,,,,,,,,,,,,,,,,,,,,,,,,,,,,,,,,,,,,,,,,,,,,,,,,,,,,,,,,,,,,,,,,,,,,,,,,,,,,,,,,,,,,,,,,,,,,,,,,,,,,,,,,,,,,,,,,,,,,,,,,,,,,,,,,,,,,,,,,,,,,,,,,,,,,,,,,,,,,,,,,,,,,,,,,,,,,,,,,,,,,,,,,,,,,,,,,,,,,,,,,,,,,,,,,,,,,,,,,,,,,,,,,,,,,,,,,,,,,,,,,,,,,,,,,,,,,,,,,,,
3.6167912,3.6243994,3.6284595,3.6098046,3.6168084,3.6167994,3.626078,3.6141484,3.6211529,3.6300507,3.6182766,3.6363635,3.634172,3.6377928,3.6244428,3.6413157,3.635758,3.6423109,3.6382563,3.6316416,3.6414826,3.637259,3.6516657,3.649303,3.657836,3.661782,3.6629376,3.678475,3.6582158,3.6652532,3.6889732,3.7061994,3.7201111,3.7172675,3.7253118,3.7064471,3.715007,3.7007868,3.7124503,3.7229373,3.7103176,3.7116897,3.7159834,3.716838,3.7053854,3.668527,3.653433,3.6290343,3.6393611,3.6002328,3.5880394,3.5724936,3.5724084,3.542593,3.4855344,3.4560196,3.4322033,3.4180992,3.3972523,3.3829324,3.3781536,3.3532152,3.3472311,3.30909,3.2660885,3.2591352,3.2286453,3.2000878,3.1772206,3.1711388,3.169706,3.1438549,3.1379309,3.1179063,3.1181417,3.1244893,3.123647,3.1135929,3.096901,3.0989301,3.062245,3.0774179,3.0622232,3.0573232,3.0522177,3.0657792,3.0503545,3.029394,3.008694,3.029364,3.0282183,3.017051,3.0384538,2.994827,3.0232165,3.0324872,3.0259593,2.9762459,2.9810588,3.0699897,3.0466578,3.0466673,3.0648918,3.0486917,3.084021,3.0698688,3.1000094,3.0808604,3.0917642,3.095642,3.0918899,3.094447,3.105677,3.101333,3.115088,3.1006513,3.1033468,3.1170976,3.1285307,3.149007,3.1617005,3.1569545,3.1699617,3.1868343,3.1922348,3.1813269,3.188292,3.2142587,3.2076592,3.2239954,3.2402055,3.2223082,3.2196555,3.2485669,3.2686217,3.2760077,3.2904797,3.3168528,3.2831037,3.3223696,3.3031228,3.304122,3.2940402,3.3512802,3.334176,3.5707996,3.615295,3.6477952,3.711677,3.8107517,3.8549066,3.7518575,3.6898708,3.72662,3.7319663,3.743805,3.7415302,3.7757165,3.7588587,3.7898111,3.784274,3.7793746,3.7722576,3.7455945,3.7841384,3.7760801,3.765175,3.799599,3.7842553,3.7888553,3.7943227,3.7718763,3.7901764,3.782622,3.7977955,3.811204,3.8025045,3.8143148,3.7936022,3.8006506,3.8166764,3.7989552,3.7874663,3.8312163,3.7982738,3.7978513,3.8145802,3.812181,3.824171,3.8029747,3.792688,3.7840424,3.800199,3.8119135,3.7883253,3.7970722,3.7898061,3.8000731,3.777543,3.7654355,3.78055,3.7772012,3.7652621,3.7633727,3.758608,3.7554142,3.7626264,3.7675843,3.7504773,3.7624602,3.7594423,3.7527704,3.7436228,3.7496397,3.7486892,3.7374618,3.7379673,3.7378962,3.7342403,3.7418337,3.7312353,3.7337222,3.752015,3.7500043,3.7386029,3.732146,3.7387867,3.7365186,3.73884,3.731484,3.731879,3.7294264,3.7254212,3.735525,3.7226455,3.7485013,3.749531,3.743779,3.7426827,3.705405,3.735219,3.7280488,3.7311447,3.738467,3.731111,3.7326171,3.7171514,3.7398312,3.7186606,3.718259,3.7353315,3.726839,3.7400343,,,,,,,,,,,,,,,,,,,,,,,,,,,,,,,,,,,,,,,,,,,,,,,,,,,,,,,,,,,,,,,,,,,,,,,,,,,,,,,,,,,,,,,,,,,,,,,,,,,,,,,,,,,,,,,,,,,,,,,,,,,,,,,,,,,,,,,,,,,,,,,,,,,,,,,,,,,,,,,,,,,,,,,,,,,,,,,,,,,,,,,,,,,,,,,,,,,,,,,,,,,,,,,,,,,,,,,,,,,,,,,,,,,,,,,,,,,,,,,,,,,,,,,,,,,,,,,,,,,,,,,,,,,,,,,,,,,,,,,,,,,,,,,,,,,,,,,,,,,,,,,,,,,,,,,,,,,,,,,,,,,,,,,,,,,
3.764629,3.753457,3.7524145,3.7448337,3.7621346,3.7634673,3.8117964,3.8025415,3.798859,3.7907152,3.8081052,3.8167295,3.8075578,3.804398,3.812821,3.8135698,3.8227499,3.8148086,3.811679,3.8164444,3.8169298,3.7974348,3.7966287,3.8011048,3.8097088,3.8089416,3.8056166,3.819771,3.8167083,3.8054998,3.813543,3.8028452,3.8198338,3.8140447,3.802665,3.8164806,3.8081574,3.825064,3.8185086,3.8357913,3.8245492,3.8277762,3.8456576,3.8185256,3.7967176,3.7866168,3.78362,3.7702317,3.7780116,3.7315967,3.7165942,3.6747842,3.624986,3.6197362,3.6036487,3.570092,3.5325038,3.5138562,3.5017421,3.4677064,3.4244635,3.4118338,3.3969014,3.3785594,3.336333,3.306901,3.2757952,3.2846906,3.2448494,3.2493412,3.2509203,3.214108,3.1977906,3.1629062,3.1833665,3.1766968,3.1196284,3.1212423,3.0711215,3.0857437,3.0796154,3.0639968,3.0664961,3.0387535,3.0450778,3.0499117,3.0416856,3.048964,3.040711,3.0450084,3.0346065,3.0361114,3.03242,3.0356894,3.057003,3.0451386,3.0450335,3.0449197,3.0580885,3.0489275,3.0525386,3.0357337,3.0535116,3.0583942,3.0574641,3.0438192,3.0576665,3.0472167,3.0710099,3.0551062,3.06723,3.0795636,3.0616276,3.0867798,3.0620046,3.0840323,3.0942814,3.069829,3.0851123,3.1112423,3.101519,3.1280673,3.1107488,3.2554784,3.4637077,3.5143504,3.5018704,3.493186,3.5581818,3.6518047,3.6167674,3.689557,3.7572856,3.5968864,3.605084,3.6161916,3.6694434,3.637947,3.6158457,3.6400971,3.6614068,3.6366756,3.6538682,3.6742349,3.6662657,3.6660407,3.6875837,3.6984477,3.6849313,3.685826,3.704888,3.6891322,3.719007,3.6793318,3.6898236,3.723907,3.69541,3.6924746,3.7006238,3.695413,3.7077773,3.6921072,3.7005377,3.7094712,3.7031941,3.7324035,3.7124915,3.6921585,3.7207582,3.7160246,3.7086296,3.7313204,3.7050526,3.722837,3.7631783,3.7239861,3.700642,3.7275376,3.710976,3.7126956,3.72478,3.717812,3.716395,3.7236493,3.719992,3.7126436,3.7054918,3.7024703,3.6888835,3.6971574,3.695694,3.6858478,3.6892042,3.690742,3.7053862,3.7164156,3.6901252,3.6850073,3.7046402,3.6953373,3.6887608,3.689956,3.6635652,3.6938915,3.688464,3.6792352,3.6895893,3.6747127,3.6672294,3.6496418,3.6695285,3.6744149,3.6903691,3.6626916,3.6598725,3.6601055,3.6606872,3.6452239,3.6520016,3.6374109,3.659893,3.6504683,3.6405337,3.6365705,3.6551168,3.654555,3.6538792,3.6447892,3.7334008,3.6704617,3.663675,3.6805205,3.6740887,3.656983,3.6736228,3.6688578,3.6719856,3.692619,3.6778018,3.6810098,3.6594284,3.6874323,3.6819594,3.6776607,3.6816165,3.6923363,3.6706357,3.686773,3.664211,3.6982846,3.6936648,3.699508,3.705475,3.6991067,3.7050786,3.6894836,3.6910985,3.705673,3.6975777,3.7037516,3.6991236,3.713711,3.7084782,3.7106652,3.7108023,3.7047677,3.6960683,3.7132907,3.7433398,,,,,,,,,,,,,,,,,,,,,,,,,,,,,,,,,,,,,,,,,,,,,,,,,,,,,,,,,,,,,,,,,,,,,,,,,,,,,,,,,,,,,,,,,,,,,,,,,,,,,,,,,,,,,,,,,,,,,,,,,,,,,,,,,,,,,,,,,,,,,,,,,,,,,,,,,,,,,,,,,,,,,,,,,,,,,,,,,,,,,,,,,,,,,,,,,,,,,,,,,,,,,,,,,,,,,,,,,,,,,,,,,,,,,,,,,,,,,,,,,,,,,,,,,,,,,,,,,,,,,,,,,,,,,,,,,,,,,,,,,,,,,,,,,,,,,,,,,,,,,,,,,,,,,,,,,,,
3.8160586,3.8173947,3.796962,3.8347852,3.8134856,3.7958348,3.8056748,3.8413212,3.8391354,3.812152,3.8115206,3.8210113,3.819831,3.8216984,3.8195834,3.8453863,3.8261397,3.8541453,3.8546567,3.8276174,3.864462,3.8693097,3.8887646,3.898696,3.8721113,3.9505463,3.8887084,3.8719091,3.87415,3.8764024,3.8631158,3.8786485,3.8845081,3.8886735,3.8949275,3.9008052,3.8871644,3.8998415,3.9000196,3.898709,3.909669,3.891292,3.8874369,3.893872,3.9061146,3.8927016,3.8901145,3.8865032,3.8645852,3.8474982,3.8836007,3.7885053,3.7543697,3.75307,3.7223706,3.7011142,3.6801991,3.6519961,3.6313448,3.575829,3.5903504,3.5407925,3.521874,3.5264053,3.4701705,3.4657993,3.4260428,3.4095335,3.3775198,3.3719654,3.3358774,3.318894,3.3147197,3.3021255,3.2707884,3.2565677,3.236542,3.2228775,3.2049642,3.197571,3.1938615,3.1682415,3.1774373,3.1724067,3.1525302,3.154024,3.1178117,3.1400058,3.1224754,3.142427,3.121511,3.11451,3.0962067,3.0966895,3.0841534,3.0914552,3.0844352,3.0896754,3.0922542,3.0792477,3.0830638,3.089,3.0825105,3.0627859,3.0922036,3.090648,3.0875587,3.0963142,3.0927322,3.086167,3.0669153,3.1044428,3.090008,3.0815458,3.1071064,3.07927,3.0722253,3.079491,3.083738,3.084392,3.1743286,3.2479398,3.3462443,3.2658575,3.2621393,3.2452483,3.2762885,3.2692049,3.3007343,3.2992501,3.2780814,3.305277,3.3040228,3.3246567,3.3389416,3.3317828,3.3553503,3.3413348,3.362392,3.359685,3.3775017,3.3826916,3.4159458,3.4030912,3.4234273,3.434714,3.4521482,3.4264312,3.4625154,3.463683,3.471161,3.4659486,3.4947734,3.5305097,3.493211,3.5504181,3.5403893,3.529488,3.5453765,3.542876,3.5509882,3.5597005,3.556745,3.577735,3.5903714,3.6038983,3.5870261,3.6072943,3.6048572,3.5869532,3.5194843,3.4591599,3.6055276,3.6467073,3.7536187,3.6934452,3.6960557,3.6926606,3.691351,3.6853912,3.687293,3.7195976,3.6945772,3.761911,3.7409122,3.7025642,3.7328777,3.7194579,3.7165124,3.739107,3.7158535,3.7107534,3.724991,3.7183967,3.7249973,3.754294,3.734278,3.734407,3.7423074,3.7551663,3.7373064,3.7461762,3.7671652,3.7369187,3.765027,3.751986,3.7499194,3.7229874,3.7819798,3.7379248,3.756808,3.7421405,3.7291613,3.7483668,3.721224,3.7423828,3.7420223,3.7489283,3.759954,3.7625802,3.7292874,3.7486007,3.7606757,3.7550204,3.7573302,3.775828,3.784932,3.7758086,3.7691681,3.7722764,3.7828937,3.7924335,3.8003166,3.7940319,3.7904837,3.8020477,3.794916,3.775836,3.7903135,3.808466,3.8367875,3.7937152,3.7890058,3.8200326,3.8080552,3.811488,3.8229096,3.8202152,3.821585,3.848876,3.8310025,3.8446574,3.831544,3.8199492,3.8269508,3.8342602,3.8422952,3.8206,3.8433063,3.8233461,3.8300447,3.8195522,3.8596985,3.8316379,3.8323696,3.8353457,3.831254,3.8567748,3.8384776,3.8451262,3.837424,3.8485034,3.8458974,3.8430083,3.844778,3.8488343,3.8384967,3.8487833,3.8660614,3.8448122,,,,,,,,,,,,,,,,,,,,,,,,,,,,,,,,,,,,,,,,,,,,,,,,,,,,,,,,,,,,,,,,,,,,,,,,,,,,,,,,,,,,,,,,,,,,,,,,,,,,,,,,,,,,,,,,,,,,,,,,,,,,,,,,,,,,,,,,,,,,,,,,,,,,,,,,,,,,,,,,,,,,,,,,,,,,,,,,,,,,,,,,,,,,,,,,,,,,,,,,,,,,,,,,,,,,,,,,,,,,,,,,,,,,,,,,,,,,,,,,,,,,,,,,,,,,,,,,,,,,,,,,,,,,,,,,,,,,,,,,,,,,,,,,,,,,,,,,,,,,,,,,
3.7375948,3.7403612,3.737617,3.7533906,3.7355227,3.7283628,3.7513716,3.7247815,3.7099254,3.7193058,3.7330756,3.6882555,3.6987133,3.6887338,3.699048,3.6845274,3.6992102,3.6865873,3.6819255,3.6863797,3.6642659,3.683042,3.6754308,3.6735282,3.6812365,3.6737714,3.674064,3.6670275,3.656817,3.6708007,3.7384028,3.671232,3.6688771,3.6721034,3.6676245,3.6773868,3.670938,3.6637042,3.6645124,3.6851897,3.6707666,3.6676784,3.6759322,3.6647587,3.6652987,3.6615233,3.6626472,3.646448,3.628478,3.6152928,3.6164596,3.5739331,3.5285826,3.5674052,3.495753,3.4597008,3.4503055,3.4315217,3.4203393,3.3966248,3.3779109,3.3544931,3.2836127,3.279075,3.2446947,3.22853,3.2458067,3.2343967,3.2121356,3.1833234,3.1858683,3.1595933,3.143967,3.1212652,3.1314716,3.0882595,3.1140375,3.084848,3.039345,3.0618014,3.0047317,3.0235274,3.01621,3.0125663,3.0060587,2.997479,2.9897175,2.9956493,2.99451,2.9961455,2.9887173,2.988137,2.9944816,2.9820151,2.9876945,2.9785225,2.986209,2.9841707,2.9713292,2.9845061,2.9588175,2.9811525,2.9588058,2.1998303,3.3844066,3.633328,3.7202911,3.701142,3.6164556,3.7341928,3.7611587,3.631675,3.6407003,3.6642773,3.6979587,3.6814115,3.7440643,3.675093,3.6540663,3.6793892,3.752434,3.6488214,3.6490815,3.6605906,3.6679995,3.6618593,3.6791787,3.664217,3.6906772,3.7070398,3.7064238,3.6810114,3.7148955,3.7210422,3.6951196,3.687402,3.6576536,3.638397,3.6467583,3.6600971,3.6899252,3.6394346,3.6279554,3.6641316,3.630765,3.6318808,3.631872,3.6348953,3.6169963,3.6248004,3.5948164,3.619582,3.6077113,3.5888846,3.5887306,3.5902643,3.5828838,3.5946808,3.5679512,3.573859,3.577845,3.5530567,3.542411,3.5609634,3.5581524,3.5273418,3.589519,3.5691092,3.5778732,3.5513031,3.553175,3.5637999,3.5678542,3.560868,3.5395925,3.5676048,3.5583577,3.5552375,3.54051,3.5439205,3.5460815,3.5416195,3.5602102,3.537605,3.5654812,3.536301,3.5460086,3.544672,3.547542,3.5506468,3.5608628,3.556292,3.556975,3.5537198,3.5473013,3.555579,3.5672805,3.5531268,3.548874,3.5572166,3.5644624,3.5641015,3.5698516,3.5760665,3.5713108,3.5694616,3.5771027,3.5827696,3.5870085,3.5912962,3.5966969,3.5997012,3.5956893,3.5957067,3.595016,3.58702,3.5990667,3.5987167,3.6244135,3.6264374,3.6082692,,,,,,,,,,,,,,,,,,,,,,,,,,,,,,,,,,,,,,,,,,,,,,,,,,,,,,,,,,,,,,,,,,,,,,,,,,,,,,,,,,,,,,,,,,,,,,,,,,,,,,,,,,,,,,,,,,,,,,,,,,,,,,,,,,,,,,,,,,,,,,,,,,,,,,,,,,,,,,,,,,,,,,,,,,,,,,,,,,,,,,,,,,,,,,,,,,,,,,,,,,,,,,,,,,,,,,,,,,,,,,,,,,,,,,,,,,,,,,,,,,,,,,,,,,,,,,,,,,,,,,,,,,,,,,,,,,,,,,,,,,,,,,,,,,,,,,,,,,,,,,,,,,,,,,,,,,,,,,,,,,,,,,,,,,,,,,,,,,,,,,,,,,,,,,,,,,,,,,,,,,,
3.8270755,3.7994814,3.8375092,3.8517334,3.832571,3.8304498,3.8666215,3.8462949,3.8612046,3.8681266,3.8636725,3.8557327,3.8364964,3.8177621,3.8386645,3.8207073,3.857524,3.8465977,3.836622,3.86983,3.8627617,3.8768842,3.8729923,3.8723712,3.864058,3.8646889,3.865564,3.8633661,3.8930926,3.8668199,3.8761373,3.8728156,3.9014618,3.9113102,3.8954132,3.886078,3.890654,3.9026227,3.91812,3.8923094,3.9090366,3.9184349,3.937318,3.9570754,3.9433432,3.9563646,3.9323747,3.9385784,3.9260273,3.8873107,3.8694508,3.8504379,3.8450172,3.8093321,3.78723,3.76972,3.7498195,3.7135503,3.6518486,3.646268,3.6043055,3.572164,3.5744221,3.5873775,3.5631576,3.5004504,3.5103602,3.4829288,3.426439,3.3949606,3.3665657,3.3501549,3.340179,3.3202076,3.299401,3.2938623,3.2873046,3.288056,3.2767425,3.2602785,3.2370245,3.2064261,3.220611,3.178639,3.2093549,3.1441684,3.1587293,3.1518383,3.1314225,3.15116,3.139128,3.1314988,3.1359572,3.1310377,3.117121,3.1096497,3.124628,3.11176,3.12587,3.1256418,3.1191552,3.1294847,3.1228905,3.1269102,3.1195073,3.1327696,3.1348917,3.1208084,3.1357949,3.1021347,3.1200407,3.1357477,3.1420271,3.140559,3.149196,3.1413927,3.157173,3.1487713,3.1557932,3.1853995,3.289613,3.1243021,3.1622279,2.4207194,3.732586,3.652833,3.7046425,3.782867,3.8518357,3.8104875,3.7196722,3.7437716,3.7646606,3.7703152,3.766263,3.801515,3.7686026,3.782832,3.8002203,3.7771153,3.7803457,3.7671573,3.78822,3.807124,3.8095322,3.802585,3.7837324,3.787701,3.8213038,3.7834945,3.8089783,3.8205268,3.803479,3.823731,3.7879539,3.808084,3.800453,3.801541,3.7909725,3.7960253,3.7922382,3.7939,3.7898889,3.780731,3.7874103,3.7827008,3.7943926,3.7735045,3.754878,3.7516258,3.7534595,3.7637346,3.7673697,3.7450604,3.7332397,3.7729106,3.7776446,3.7648365,3.7597106,3.7497983,3.7551682,3.7197604,3.7590656,3.7485058,3.746199,3.7198439,3.711583,3.7222514,3.7339652,3.7088013,3.729527,3.725291,3.693822,3.7322433,3.6868877,3.7282386,3.6934164,3.7162719,3.7180197,3.6997383,3.7075887,3.7100492,3.725217,3.7057295,3.6781409,3.7357924,3.7156053,3.6939006,3.7328146,3.7253149,3.7187638,3.6984768,3.726134,3.7084296,3.7104537,3.6837912,3.6892097,3.6967444,3.728483,3.6963434,3.7148151,3.7285051,3.7186007,3.7347517,3.7170866,3.7220387,3.7129009,3.7235878,3.7258832,3.7225492,3.7538934,3.740108,3.7400477,3.7376778,3.7477598,3.7410529,3.749504,3.7462368,3.7597008,3.7439613,3.7584248,3.7819724,3.755658,3.730716,3.7492526,3.7605076,3.7569585,3.7301652,,,,,,,,,,,,,,,,,,,,,,,,,,,,,,,,,,,,,,,,,,,,,,,,,,,,,,,,,,,,,,,,,,,,,,,,,,,,,,,,,,,,,,,,,,,,,,,,,,,,,,,,,,,,,,,,,,,,,,,,,,,,,,,,,,,,,,,,,,,,,,,,,,,,,,,,,,,,,,,,,,,,,,,,,,,,,,,,,,,,,,,,,,,,,,,,,,,,,,,,,,,,,,,,,,,,,,,,,,,,,,,,,,,,,,,,,,,,,,,,,,,,,,,,,,,,,,,,,,,,,,,,,,,,,,,,,,,,,,,,,,,,,,,,,,,,,,,,,,,,,,,,,,,,,,,,,,,,,,,,,,,,,,,,,,,,,,,,
3.9208848,3.894926,3.9235651,3.9286811,3.9340937,3.908437,3.9180079,3.9247177,3.9523277,3.920246,3.942744,3.9390604,3.924782,3.9435234,3.9374764,3.934285,3.9529953,3.9480972,3.940894,3.9572132,3.949938,3.9484296,3.9588704,3.950699,3.9623635,3.9732935,3.9679701,3.9647686,3.9743822,3.9831305,3.9796402,3.9793916,3.9891806,3.9879944,3.978353,3.993965,3.9894962,4.0154543,4.004167,4.0172367,4.007551,4.015574,4.012636,4.007117,4.0153966,3.9995453,4.0118804,3.9901567,3.9970944,3.9678838,3.9607809,3.9385889,3.9287746,3.8849995,3.8545294,3.8437943,3.7914279,3.7740204,3.7260406,3.6974974,3.6903963,3.644607,3.647997,3.598899,3.5834227,3.5642288,3.5115762,3.4825318,3.454782,3.460128,3.459586,3.4332106,3.447905,3.3523905,3.3455722,3.3213627,3.312744,3.2897825,3.278898,3.268497,3.266624,3.263133,3.2814128,3.2457228,3.2697463,3.2575352,3.2486272,3.2458234,3.2319524,3.2235746,3.2175496,3.200504,3.1793778,3.1928713,3.1782725,3.1872551,3.1880233,3.1614583,3.155253,3.1579907,3.1371322,3.1656675,3.1710668,3.1707819,3.1487567,3.1539872,3.1987767,3.1590896,3.1605134,3.179453,3.176948,3.1667676,3.176469,3.1577184,3.1631007,3.1709304,3.1805456,3.1473289,3.1755378,3.1795785,3.2790632,3.1199095,2.3479722,2.9010391,3.1927836,3.559655,3.765924,3.4147975,3.5371795,3.5044658,3.5994692,3.6747036,3.6018925,3.5732982,3.6296244,3.6190107,3.636341,3.6333926,3.6572585,3.6483343,3.6629944,3.6816533,3.6818886,3.6959662,3.6882508,3.6960695,3.696731,3.6895168,3.6989055,3.7224283,3.7172394,3.7050898,3.7182732,3.7240434,3.7394996,3.74472,3.7373564,3.7618012,3.7680955,3.7463996,3.7439258,3.7630222,3.7606375,3.7646108,3.764039,3.7619553,3.7798817,3.780082,3.782453,3.7616808,3.7511706,3.760171,3.7710273,3.7708604,3.7788706,3.754512,3.7623498,3.7690132,3.770434,3.748768,3.768317,3.75615,3.7527528,3.7640533,3.7674766,3.7650979,3.776092,3.7800963,3.7802968,3.763631,3.7914152,3.7840464,3.7785153,3.7879107,3.782156,3.8008466,3.795333,3.792825,3.8097034,3.8095977,3.784165,3.7812047,3.7921245,3.7835345,3.793867,3.7734492,3.7816906,3.771946,3.7595434,3.7550266,3.788676,3.7518282,3.7606764,3.7571642,3.779096,3.7754793,3.7628777,3.7696707,3.7925255,3.7752964,3.7784889,3.7689147,3.7661574,3.7636538,3.7585313,3.7504783,3.764964,3.7615125,3.7547624,3.773614,3.7613688,3.7622597,3.763209,3.7724075,3.757704,3.7686505,3.7857833,3.762749,3.7609947,3.7776265,3.7728157,3.7714353,3.7941601,3.8124247,3.77676,3.8008344,3.8081272,3.8040032,3.7896206,3.8220618,3.8191514,3.840111,3.8344855,3.8359523,3.8530378,3.8113077,3.8548868,3.8690224,3.866279,3.8624656,3.8572366,3.8522387,3.8466475,3.884712,3.8707435,3.8716655,3.871862,3.8717036,3.894424,3.8810568,3.8599637,3.887965,3.8874536,3.885355,3.8837306,3.9227297,,,,,,,,,,,,,,,,,,,,,,,,,,,,,,,,,,,,,,,,,,,,,,,,,,,,,,,,,,,,,,,,,,,,,,,,,,,,,,,,,,,,,,,,,,,,,,,,,,,,,,,,,,,,,,,,,,,,,,,,,,,,,,,,,,,,,,,,,,,,,,,,,,,,,,,,,,,,,,,,,,,,,,,,,,,,,,,,,,,,,,,,,,,,,,,,,,,,,,,,,,,,,,,,,,,,,,,,,,,,,,,,,,,,,,,,,,,,,,,,,,,,,,,,,,,,,,,,,,,,,,,,,,,,,,,,,,,,,,,,,,,,,,,,,,,,,,,,,,,,,,,,,,,,
3.7853806,3.8078167,3.7861989,3.8088195,3.8158298,3.7958763,3.8107717,3.811813,3.821239,3.8139348,3.815444,3.8129487,3.822323,3.8194575,3.8254833,3.8126152,3.82827,3.82734,3.8445704,3.8326883,3.8315182,3.8668513,3.854155,3.8701642,3.8589866,3.8856943,3.9046767,3.8772466,3.8631706,3.8904212,3.9118583,3.8884587,3.9195554,3.934288,3.926309,3.9253767,3.9476857,3.9261503,3.9454064,3.9463782,3.9362142,3.9552784,3.956029,3.946683,3.9176188,3.9273207,3.8884954,3.836211,3.8188539,3.7789502,3.7660055,3.7679548,3.7488074,3.7132118,3.6833563,3.657661,3.582815,3.5837452,3.539803,3.5287912,3.5124643,3.4990363,3.4611924,3.4768102,3.4531856,3.4315903,3.3850386,3.353092,3.3046148,3.2897508,3.2966824,3.2938986,3.2788332,3.2785664,3.2692494,3.2634532,3.2130647,3.2182581,3.1937876,3.1969748,3.200689,3.1945786,3.163231,3.1487744,3.1464434,3.104151,3.1487732,3.1175795,3.1068048,3.0859303,3.084697,3.0357373,3.455522,3.3967493,3.318577,3.230834,3.260419,3.2763052,3.2865574,3.2778451,3.316452,3.316199,3.3188238,3.3477507,3.3583922,3.3555987,3.321225,3.4032266,3.7523572,3.5983875,3.813248,3.674074,3.680919,3.6019804,3.6629286,3.6234138,3.6308231,3.6134348,3.6670277,3.6330197,3.6915076,3.671909,3.6954424,3.692914,3.6853483,3.708559,3.6862435,3.7093859,3.7017932,3.7121632,3.6981788,3.7263923,3.7238026,3.7231512,3.7872133,3.7508094,3.7400467,3.7514493,3.767381,3.7405972,3.778826,3.7541075,3.7537513,3.759214,3.7756622,3.7755492,3.7533796,3.788894,3.769381,3.7788866,3.796771,3.7446578,3.7758138,3.7549922,3.7790666,3.7576973,3.7902176,3.7704322,3.787535,3.8117726,3.7730317,3.7874947,3.8004787,3.7920833,3.7817137,3.8102837,3.8146093,3.7951581,3.8039608,3.8103874,3.852509,3.818176,3.8002024,3.817206,3.8207827,3.8197014,3.81532,3.8273394,3.8070045,3.8501778,3.797091,3.8112328,3.8060887,3.8491824,3.814234,3.8350155,3.8041873,3.8001657,3.7984922,3.8008487,3.7897804,3.8135154,3.807204,3.7832134,3.7918541,3.775846,3.8057232,3.7402365,3.7370203,2.4361374,3.744769,3.7741127,3.7704353,3.7888505,3.6960874,3.7576547,3.8129017,3.780915,3.7941408,3.781105,3.8002317,3.7918658,3.8024874,3.8192174,3.8184695,3.820782,3.8176603,3.809877,3.8088846,3.827846,3.823719,3.812257,3.7948117,3.8403888,3.8219988,3.839078,3.823818,3.8273761,3.8281891,3.819778,3.8419147,3.8345788,3.8585737,3.847547,3.849843,,,,,,,,,,,,,,,,,,,,,,,,,,,,,,,,,,,,,,,,,,,,,,,,,,,,,,,,,,,,,,,,,,,,,,,,,,,,,,,,,,,,,,,,,,,,,,,,,,,,,,,,,,,,,,,,,,,,,,,,,,,,,,,,,,,,,,,,,,,,,,,,,,,,,,,,,,,,,,,,,,,,,,,,,,,,,,,,,,,,,,,,,,,,,,,,,,,,,,,,,,,,,,,,,,,,,,,,,,,,,,,,,,,,,,,,,,,,,,,,,,,,,,,,,,,,,,,,,,,,,,,,,,,,,,,,,,,,,,,,,,,,,,,,,,,,,,,,,,,,,,,,,,,,,,,,,,,,,,,,,,,,,,,,,,,,,,,,,,,,,,,,,,,,,
4.1018996,4.1035933,4.0924735,4.099787,4.1154013,4.09443,4.0949955,4.0733075,4.057515,4.0821705,4.0870695,4.085646,4.082269,4.083489,4.0645957,4.062635,4.0949597,4.066247,4.0949645,4.1012244,4.1206317,4.0704584,4.078623,4.102921,4.073613,4.075108,4.07639,4.079499,4.0798564,4.0906,4.0922537,4.1231546,4.1028132,4.149525,4.1389284,4.099503,4.113498,4.1072016,4.1448936,4.1432595,4.123107,4.109681,4.126664,4.131473,4.1248465,4.1331277,4.1093802,4.1262374,4.1079216,4.072369,4.0981846,4.0325294,4.0261064,3.952545,3.9683642,3.943055,3.914126,3.869112,3.8515525,3.8305762,3.7874384,3.7716315,3.7540758,3.7184165,3.7074962,3.6942291,3.6511495,3.6271381,3.6244977,3.5839121,3.5575957,3.5521586,3.4964004,3.5076776,3.4879758,3.4757483,3.4547863,3.4408932,3.4433734,3.4111948,3.40538,3.3770916,3.3943243,3.3571615,3.3361855,3.3496032,3.3029103,3.3176646,3.3023505,3.3250103,3.2845268,3.298678,3.295091,3.2976837,3.2836442,3.2973244,3.313395,3.297338,3.2862194,3.2821157,3.289638,3.2976737,3.2896745,3.306959,3.2910693,3.2874312,3.3040442,3.26568,3.3131938,3.3223088,3.28373,3.3106291,3.322373,3.3376052,3.3006194,3.3281798,3.3121052,3.3184853,3.3249867,3.3185642,3.3187737,3.3247406,3.2969465,3.2690413,3.591183,3.6749043,3.6629252,3.68081,3.6934144,3.7080445,3.6940296,3.720813,3.72527,3.746993,3.7340279,3.7649524,3.7489254,3.7542136,3.7550764,3.770193,3.7795825,3.7704573,3.7925088,3.7843902,3.803549,3.8109,3.8034134,3.8162298,3.8172863,3.8353517,3.841772,3.8301263,3.8340585,3.8367198,3.8336644,3.8446527,3.840831,3.853366,3.8662128,3.852912,3.8714604,3.8941534,3.8873568,3.9025774,3.9009118,3.9106462,3.9149678,3.94498,3.905516,3.9145129,3.909296,3.9542575,3.9140222,3.9178154,3.9502752,3.9543877,3.9577377,3.9388719,3.9681344,3.9383307,3.9686925,3.966945,3.9629083,3.966247,3.9699845,3.9852831,3.9605515,3.9606988,3.949172,3.9893284,3.9620068,3.9561262,3.9870546,3.9860005,3.9606843,3.9493854,3.9690392,3.951226,3.949687,3.9529316,3.9433439,3.959096,3.9357538,3.9827988,3.9634945,3.9485807,3.9502738,3.9440813,3.969965,3.960969,3.9498613,3.9830074,3.9698555,3.956418,3.9534976,3.9670522,3.9702616,3.9820256,3.9759254,3.9704401,3.9421995,3.9688437,3.989155,3.9725938,3.9707744,3.9926543,3.9723008,3.9482346,3.97716,3.9583359,3.978058,3.971662,3.9586725,3.980788,3.948639,3.9558034,3.9574826,3.983525,3.99837,3.9540195,3.986954,3.991269,3.9830823,3.9872527,4.0051208,3.994177,3.9980168,4.001574,3.9930928,3.9871695,3.9829907,3.9862065,3.991017,3.9929256,4.007139,4.0123277,4.0275736,4.02021,4.026109,4.013614,4.0327177,4.0116577,4.023516,4.0263014,4.002752,4.0383825,4.0541086,4.0326333,4.03973,4.0220466,4.0628037,4.0448337,4.05611,4.04348,4.0567045,4.072031,4.0337257,4.045894,4.029193,4.064972,4.03536,4.046664,4.052792,,,,,,,,,,,,,,,,,,,,,,,,,,,,,,,,,,,,,,,,,,,,,,,,,,,,,,,,,,,,,,,,,,,,,,,,,,,,,,,,,,,,,,,,,,,,,,,,,,,,,,,,,,,,,,,,,,,,,,,,,,,,,,,,,,,,,,,,,,,,,,,,,,,,,,,,,,,,,,,,,,,,,,,,,,,,,,,,,,,,,,,,,,,,,,,,,,,,,,,,,,,,,,,,,,,,,,,,,,,,,,,,,,,,,,,,,,,,,,,,,,,,,,,,,,,,,,,,,,,,,,,,,,,,,,,,,,,,,,,,,,,,,,,,,,,,,,,,,,,,,
3.936348,3.9309664,3.932533,3.9408817,3.9630892,3.9054248,3.9097247,3.9275622,3.9360323,3.9328024,3.937894,3.961187,3.946597,3.9724865,3.9600043,3.9496171,3.9468293,3.9767303,3.9706135,3.959119,3.9843366,3.9573176,3.9724739,3.984711,3.9752898,3.9816604,4.0130086,3.9715369,3.9642177,3.942132,3.906549,3.929006,3.900753,3.8804,3.7834132,3.6553116,3.6078186,3.588087,3.5720048,3.5746467,3.5017476,3.477817,3.4362369,3.4238696,3.3982213,3.3858595,3.3583653,3.3382056,3.358539,3.302911,3.2909143,3.27626,3.2447395,3.240148,3.2262478,3.2104304,3.228729,3.2147565,3.2146652,3.1853828,3.1960745,3.158385,3.1695347,3.1549673,3.1519275,3.1295936,3.1278408,3.1305656,3.1289823,3.1234431,3.128267,3.12304,3.125479,3.1225595,3.1210573,3.1106706,3.1055856,3.1262116,3.0972404,3.1089575,3.1214402,3.0959418,3.1106832,3.118025,3.11139,3.114859,3.1301928,3.1268768,3.111479,3.1270962,3.1158412,3.1418476,3.1527421,3.1641154,3.1388974,2.3985314,3.7939901,3.8280647,3.8034358,3.8123982,3.821671,3.8405738,3.862106,3.8535607,3.836521,3.8643312,3.8778286,3.8649027,3.8875628,3.8748348,3.8771732,3.885508,3.8683553,3.8397827,3.7907472,2.6337795,3.7752905,3.7478645,3.7435834,3.8865075,3.8949058,3.7844331,3.793497,3.7853048,3.8169703,3.8112702,3.7947273,3.8012834,3.8053474,3.7949264,3.805133,3.7907112,3.8005943,3.8100185,3.8003278,3.8047726,3.796014,3.791714,3.8171408,3.7949624,3.8076441,3.809284,3.789115,3.8101747,3.818298,3.8053005,3.8316762,3.8318229,3.8258917,3.80869,3.8264213,3.8475502,3.8250566,3.8168626,3.8249104,3.8228788,3.8322978,3.8484097,3.8534176,3.8741615,3.8554964,3.8600967,3.8778846,3.8553858,3.8769453,3.8843575,,,,,,,,,,,,,,,,,,,,,,,,,,,,,,,,,,,,,,,,,,,,,,,,,,,,,,,,,,,,,,,,,,,,,,,,,,,,,,,,,,,,,,,,,,,,,,,,,,,,,,,,,,,,,,,,,,,,,,,,,,,,,,,,,,,,,,,,,,,,,,,,,,,,,,,,,,,,,,,,,,,,,,,,,,,,,,,,,,,,,,,,,,,,,,,,,,,,,,,,,,,,,,,,,,,,,,,,,,,,,,,,,,,,,,,,,,,,,,,,,,,,,,,,,,,,,,,,,,,,,,,,,,,,,,,,,,,,,,,,,,,,,,,,,,,,,,,,,,,,,,,,,,,,,,,,,,,,,,,,,,,,,,,,,,,,,,,,,,,,,,,,,,,,,,,,,,,,,,,,,,,,,,,,,,,,,,,,,,,,,,,,,,,,,,,,,,,,,,,,,,,,,,,,,,,,,,,,,,
4.0062156,4.011021,4.0185766,4.01809,4.005077,4.008359,3.9999175,4.0126576,4.0234222,4.022805,4.03318,4.0232744,4.0357523,4.016737,4.0200152,4.0143375,4.048336,4.051009,4.0282025,4.0464816,4.048109,4.045065,4.0592237,4.0557175,4.045708,4.0309362,4.0468965,4.056042,4.0374885,4.039856,4.037911,4.0303664,4.045053,4.029185,4.070481,4.036127,4.0633607,4.045743,4.0363126,4.0459037,4.064533,4.0624037,4.057036,4.0623717,4.0665293,4.053483,4.0643954,4.0289497,4.0364833,4.0308557,4.0042396,3.9746673,3.9442043,3.9230926,3.8985426,3.857833,3.8194833,3.79577,3.7815454,3.7595508,3.720699,3.7001753,3.6548655,3.630282,3.609744,3.5977962,3.5600169,3.5360234,3.5117354,3.4989724,3.4893153,3.4702058,3.4393861,3.4176161,3.393822,3.3709195,3.357908,3.3360164,3.3447301,3.3270605,3.3176763,3.3126554,3.2967227,3.304056,3.3002975,3.2859786,3.2841034,3.2877479,3.280005,3.2914646,3.2778945,3.2723036,3.255998,3.2527015,3.248534,3.2529309,3.2569249,3.2543213,3.2425814,3.2496424,3.2471633,3.2177155,3.2490664,3.172519,3.2007205,2.2732062,3.4195533,3.412053,3.4753947,3.4200552,3.4391625,3.506793,3.5370145,3.5235155,3.546235,3.554082,3.5790796,3.5680747,3.5850358,3.5934489,3.6192565,3.6282508,3.625154,3.646777,3.6415906,3.6456494,3.6595027,3.6686673,3.6627598,3.6495345,3.6720383,3.6702504,3.6788242,3.7122,3.7007763,3.735005,3.7091727,3.7332408,3.7271504,3.7414103,3.7320383,3.729441,3.7576704,3.7798533,3.7838337,3.7984207,3.7817407,3.788177,3.8121724,3.8161318,3.8238842,3.825933,3.819161,3.820188,3.811623,3.8556988,3.848532,3.8650115,3.8548415,3.8373024,3.8701398,3.8841274,3.8701339,3.8678677,3.8537824,3.8541825,3.8796868,3.8490982,3.8203707,3.8212264,3.744637,2.8683403,3.7994683,3.8575432,3.932374,3.9274058,3.8853462,3.9122665,3.8948503,3.9019966,3.9182487,3.9230938,3.8991468,3.8996398,3.8976288,3.9007168,3.893166,3.8852167,3.8939006,3.9055197,3.9119558,3.9119258,3.9278283,3.9195266,3.9208834,3.9036007,3.910197,3.9279969,3.915691,3.9410677,3.919812,3.9100637,3.9457052,3.9316146,3.9421265,3.9329066,3.9143848,3.930486,3.9214268,3.9305155,3.9122508,3.928042,3.935052,3.9136252,,,,,,,,,,,,,,,,,,,,,,,,,,,,,,,,,,,,,,,,,,,,,,,,,,,,,,,,,,,,,,,,,,,,,,,,,,,,,,,,,,,,,,,,,,,,,,,,,,,,,,,,,,,,,,,,,,,,,,,,,,,,,,,,,,,,,,,,,,,,,,,,,,,,,,,,,,,,,,,,,,,,,,,,,,,,,,,,,,,,,,,,,,,,,,,,,,,,,,,,,,,,,,,,,,,,,,,,,,,,,,,,,,,,,,,,,,,,,,,,,,,,,,,,,,,,,,,,,,,,,,,,,,,,,,,,,,,,,,,,,,,,,,,,,,,,,,,,,,,,,,,,,,,,,,,,,,,,,,,,,,,,,,,,,,,,,,,,,,,,,,,,,,,,,,,,,,,,,,,,,,,,,,,,,,
3.720737,3.7203414,3.7126904,3.717871,3.718535,3.7204247,3.721478,3.7298067,3.719761,3.724675,3.7279208,3.7296474,3.7520227,3.7710044,3.7557516,3.765939,3.7575696,3.7479174,3.76459,3.7758663,3.7784235,3.7919621,3.7774568,3.7922347,3.7952757,3.7897842,3.8148003,3.817411,3.8112206,3.822698,3.81328,3.8342023,3.8332353,3.8660088,3.8550935,3.850591,3.8518512,3.8723836,3.8912256,3.893445,3.926508,3.9072418,3.9134686,3.9181838,3.9134316,3.9248416,3.9062748,3.9112089,3.9149306,3.9117498,3.881187,3.862486,3.8375936,3.8065653,3.7846003,3.7646706,3.757506,3.7193253,3.6922343,3.676719,3.6581602,3.6177084,3.604541,3.5826972,3.5625548,3.5527096,3.5199943,3.5105948,3.4857364,3.4663622,3.45851,3.4455562,3.4369822,3.4217463,3.4267368,3.4201648,3.3720846,3.375109,3.3499036,3.352248,3.3381622,3.3476233,3.3385453,3.3505511,3.336725,3.3473642,3.3215897,3.3256187,3.3233933,3.3301742,3.3229191,3.2897804,3.2937086,3.3108108,3.2977128,3.3010454,3.3161023,3.322637,3.317531,3.3422914,3.3176901,3.3345172,3.340396,3.3575907,3.3554132,3.342888,3.3665698,3.339658,3.3656452,3.3673327,3.3950195,3.3943617,3.4132543,3.4108617,3.4363744,3.4445536,3.435801,3.4492712,3.4516609,3.4637876,3.480004,3.4955142,3.4920137,3.4968286,3.5376956,3.5372431,3.5142179,3.5218177,3.5809667,3.777474,3.8121698,3.8539944,3.8551042,3.8715615,3.852579,3.8817282,3.8735828,3.898426,3.89411,3.9164495,3.9070132,3.915646,3.9053488,3.9283202,3.8974507,3.9178817,3.9370656,3.9458406,3.9732082,3.9374084,3.9533195,3.943504,3.9684303,3.9543633,3.9593105,3.9722035,3.959093,3.971659,3.9682531,3.977295,3.991152,3.9867268,3.9894173,3.9963367,3.9990623,4.006802,4.0063257,4.0090165,4.02098,3.9953864,3.9914067,4.0087867,4.009783,4.0027637,4.002688,4.0081954,4.0156045,3.9684327,4.0114174,3.9915762,4.003798,3.9848876,4.0183463,3.99892,3.9988685,3.9890735,4.029238,4.063022,4.048174,4.053045,4.0502415,4.0327544,4.0611367,4.0346527,4.013181,4.026802,4.0212946,4.0418615,3.9861085,4.0412707,4.0162897,4.0229135,4.0354857,4.0311503,4.0356927,4.016401,4.0239253,4.0167236,4.019304,4.0148673,4.023957,4.0103836,4.0251074,4.0199475,4.0127163,4.026831,4.033296,4.0279083,4.0308647,4.027006,4.0185466,4.0348387,4.0197134,4.0242763,4.002485,4.0351467,4.0306816,4.027629,4.042571,4.0629253,4.030703,4.0378814,4.0442195,4.0765114,4.036886,4.041191,4.0481424,4.0500536,4.0470824,4.0295753,4.032708,4.0378985,4.030704,4.0321774,4.038678,4.0316534,4.0431848,4.024118,4.0432215,4.034741,4.008903,4.0421534,4.040086,4.0560384,4.0358744,4.040536,4.068034,4.067504,4.0900664,4.070954,4.0531597,4.0754433,4.0665407,4.0894933,4.057661,4.101865,4.087682,4.0647798,4.093142,4.0936103,4.125226,4.102512,4.095189,4.10081,4.0962963,4.1014037,4.098996,4.0829597,4.080362,4.0890064,4.108073,4.081291,4.0953684,4.082101,4.083539,4.084907,4.0927653,4.1023498,4.0873837,,,,,,,,,,,,,,,,,,,,,,,,,,,,,,,,,,,,,,,,,,,,,,,,,,,,,,,,,,,,,,,,,,,,,,,,,,,,,,,,,,,,,,,,,,,,,,,,,,,,,,,,,,,,,,,,,,,,,,,,,,,,,,,,,,,,,,,,,,,,,,,,,,,,,,,,,,,,,,,,,,,,,,,,,,,,,,,,,,,,,,,,,,,,,,,,,,,,,,,,,,,,,,,,,,,,,,,,,,,,,,,,,,,,,,,,,,,,,,,,,,,,,,,,,,,,,,,,,,,,,,,,,,,,,,,,,,,,,,,,,,,,,,,,,,,,,,,
3.7124903,3.7104266,3.722535,3.7141712,3.7134008,3.7266445,3.7111607,3.7157736,3.7017806,3.69064,3.7272775,3.7310488,3.706013,3.725323,3.7368279,3.7356641,3.721736,3.7383585,3.743897,3.7552404,3.734519,3.749381,3.747588,3.7411447,3.7505085,3.7618275,3.739744,3.738601,3.7553499,3.7538466,3.7748816,3.7752159,3.7742746,3.7658837,3.7682557,3.7705824,3.7821484,3.7179062,3.705043,3.6957989,3.6826086,3.6596124,3.644257,3.6045966,3.5864027,3.5531228,3.5409737,3.5221603,3.4739304,3.4185016,3.3839962,3.3689177,3.3420684,3.3152652,3.3037555,3.2712805,3.2554138,3.2442365,3.2285595,3.1895003,3.1755772,3.1698067,3.1479602,3.1185415,3.090228,3.1137335,3.0787184,3.0748522,3.0978708,3.0883965,3.0574687,3.055927,3.0472784,3.0391343,3.053154,3.046603,3.0430548,3.0553195,3.0192118,3.022492,3.0124593,3.0235643,3.0048728,3.0250134,3.0469196,3.0300543,3.0462992,2.9873602,3.02967,3.0147705,3.0066984,3.0304437,2.9940193,3.0240557,3.0353668,2.9986482,3.0333443,3.0455096,3.042448,3.0532713,3.050526,3.0500422,3.0632203,3.053323,3.0714164,3.074391,3.0893428,3.1098983,3.1115408,3.1220956,3.1409252,3.1392922,3.141306,3.150976,3.1516557,3.1493347,3.162319,3.164485,3.1726563,3.1654708,3.1338089,3.145955,3.1380012,3.0898058,3.1375468,3.416247,3.4770122,3.531863,3.603492,3.6052527,3.590954,3.545417,3.5472925,3.557596,3.561646,3.5593338,3.5866678,3.6153934,3.5778456,3.6276479,3.5956938,3.632383,3.6244102,3.6089098,3.629095,3.6322122,3.610967,3.62874,3.6129243,3.613442,3.6059377,3.5864108,3.5854938,3.595542,3.6175115,3.6005583,3.5987926,3.582906,3.551732,2.7700775,3.504088,3.6738899,3.7183263,3.6569076,3.5433125,3.5794787,3.5548913,3.586883,3.5831895,3.597431,3.58464,3.5832984,3.617292,3.6066537,3.6176472,3.6164684,3.6046612,3.620877,3.6258953,3.6210458,3.62894,3.6295438,3.6243863,3.6198425,3.6288304,3.6319087,3.6203742,3.638106,3.6282327,3.623199,3.6265464,3.634233,3.626953,3.6424096,3.6497462,3.6503615,3.6625924,3.6529837,3.6174057,3.6846943,3.6946712,3.712262,3.6990893,3.6962786,3.6901276,3.685615,3.688513,3.7071412,3.703947,3.6951826,3.7025125,3.6893518,,,,,,,,,,,,,,,,,,,,,,,,,,,,,,,,,,,,,,,,,,,,,,,,,,,,,,,,,,,,,,,,,,,,,,,,,,,,,,,,,,,,,,,,,,,,,,,,,,,,,,,,,,,,,,,,,,,,,,,,,,,,,,,,,,,,,,,,,,,,,,,,,,,,,,,,,,,,,,,,,,,,,,,,,,,,,,,,,,,,,,,,,,,,,,,,,,,,,,,,,,,,,,,,,,,,,,,,,,,,,,,,,,,,,,,,,,,,,,,,,,,,,,,,,,,,,,,,,,,,,,,,,,,,,,,,,,,,,,,,,,,,,,,,,,,,,,,,,,,,,,,,,,,,,,,,,,,,,,,,,,,,,,,,,,,,,,,,,,,,,,,,,,,,,,,,,,,,,,,,,,,,,,,,,,,,
3.5746624,3.5609906,3.5693011,3.5494137,3.615789,3.554707,3.558521,3.558159,3.565583,3.561999,3.5554118,3.5445259,3.5478232,3.5507731,3.5738418,3.5465286,3.5457122,3.534523,3.557679,3.524883,3.546594,3.5308344,3.5307236,3.5421963,3.5373695,3.5313654,3.5316672,3.5375814,3.5487094,3.5889096,3.5584886,3.5446892,3.5378282,3.551396,3.556327,3.5629163,3.552177,3.564546,3.579168,3.534082,3.5857046,3.5906818,3.5434399,3.6015458,3.5358834,3.6004894,3.587561,3.5573666,3.5000942,3.5399492,3.5410957,3.5191073,3.4819963,3.5020993,3.4172142,3.4129672,3.3751924,3.3678658,3.3600142,3.3544722,3.3285804,3.3100142,3.2988098,3.2523243,3.2245908,3.207132,3.211806,3.2012749,3.1790738,3.1623805,3.1415873,3.1290834,3.143099,3.1160834,3.1182196,3.089487,3.0717754,3.0642014,3.0608952,3.0431526,3.0203695,3.0180206,3.0164294,3.0263758,3.01552,3.0155108,3.0017865,3.0179403,3.0124075,2.9809732,3.0031743,2.9778621,2.9689856,3.0037038,3.0256722,3.0091238,2.9901123,3.007336,3.0140512,3.0008912,2.9830403,3.0081217,2.9727616,2.9848692,2.9546223,1.7431415,3.1458118,3.1684518,3.3335145,3.3911953,3.4236293,3.3299243,3.3185787,3.3239126,3.3351572,3.3411355,3.342673,3.3546782,3.351073,3.3677626,3.3836212,3.3881392,3.39071,3.3822398,3.4073806,3.4024744,3.409648,3.4212582,3.4295466,3.449865,3.4375107,3.435386,3.4605677,3.4649014,3.4910135,3.4868343,3.4853148,3.4924266,3.5152905,3.50959,3.5145092,3.515505,3.519703,3.5198178,3.5187976,3.5105665,3.5141132,3.5134304,3.5152316,3.5646079,3.5304701,3.5255513,3.5274668,3.5393555,3.5346103,3.5541687,3.5392017,3.5346665,3.5363476,3.5379102,3.5420184,3.5456343,3.5424223,3.5435078,3.5480697,3.5382597,3.535623,3.537994,3.5436816,3.5730124,3.5961945,3.573169,3.561891,3.567794,3.5523787,3.5742824,3.5676608,3.554456,3.551196,3.541841,3.5485141,3.5370052,3.5577123,3.5486362,3.5539005,3.5667315,3.5744345,3.5743039,3.561385,3.5712416,3.5855215,3.5923958,3.579172,3.5781798,3.606365,3.5866206,3.592874,3.6030862,3.588706,3.5849707,3.6051815,3.586864,3.5832477,3.577018,3.5935562,3.605889,3.5685387,3.579409,3.559597,3.5912645,3.5276206,,,,,,,,,,,,,,,,,,,,,,,,,,,,,,,,,,,,,,,,,,,,,,,,,,,,,,,,,,,,,,,,,,,,,,,,,,,,,,,,,,,,,,,,,,,,,,,,,,,,,,,,,,,,,,,,,,,,,,,,,,,,,,,,,,,,,,,,,,,,,,,,,,,,,,,,,,,,,,,,,,,,,,,,,,,,,,,,,,,,,,,,,,,,,,,,,,,,,,,,,,,,,,,,,,,,,,,,,,,,,,,,,,,,,,,,,,,,,,,,,,,,,,,,,,,,,,,,,,,,,,,,,,,,,,,,,,,,,,,,,,,,,,,,,,,,,,,,,,,,,,,,,,,,,,,,,,,,,,,,,,,,,,,,,,,,,,,,,,,,,,,,,,,,,,,,,,,,,,,,,,,,,,,,,,,,,
3.7468002,3.7518594,3.7659233,3.763085,3.7462258,3.7635603,3.7622204,3.7479668,3.6687107,3.6576185,3.6406581,3.6143415,3.530531,3.457813,3.4608402,3.4511034,3.4525855,3.4375355,3.395305,3.3701272,3.3343842,3.3064513,3.2701554,3.266946,3.2471147,3.2676117,3.233401,3.2209911,3.2231526,3.2242763,3.204073,3.206561,3.1910825,3.172486,3.1714041,3.1782904,3.184292,3.1745596,3.1685247,3.1718788,3.165515,3.129715,3.139637,3.1367729,3.1331654,3.1382434,3.1349957,3.1470714,3.126458,3.1223392,3.171855,3.152948,3.1797302,3.1535292,3.174058,3.1764164,3.1504426,3.1869051,3.1907837,3.186532,3.2025456,3.1882765,3.1981294,3.2055564,3.1977456,3.20182,3.211309,3.2196443,3.2084198,3.204675,3.2132664,3.2178633,3.2126648,3.2097342,3.1656663,3.1857548,3.1907744,3.1818204,3.208424,3.1927004,3.2234316,3.2166476,3.227015,3.2295864,3.229328,3.2242508,3.247796,3.2381861,3.2443302,3.2487047,3.2448215,3.258465,3.2417946,3.2624273,3.2842667,3.2779007,3.2969909,3.2798939,3.3129828,3.3080869,3.3332827,3.3231087,3.3542573,3.343174,3.353759,3.3603942,3.3939908,3.3693893,3.3592398,3.3699265,3.407321,3.4422932,2.6628485,2.7454693,2.9774702,3.5399864,3.5418572,3.569561,3.5737941,3.7607772,3.799426,3.6480844,3.6039667,3.6375704,3.647777,3.6474528,3.6633232,3.6564646,3.6790395,3.6631267,3.6789312,3.8139672,3.7742915,3.6281776,3.6573668,3.6285331,2.8104944,3.7272973,3.8203397,3.8360088,3.9163356,3.903989,3.8885639,3.8352602,3.8456936,3.8379223,3.822907,3.814363,3.8187087,3.8178415,3.8130207,3.8102756,3.8131793,3.820001,3.8282447,3.824157,3.8344433,3.8532703,3.8517573,3.8341095,3.822316,3.8581445,3.8277779,3.817446,3.8226666,3.8422313,3.8445039,3.835202,3.8668413,3.8495953,3.8444955,3.8529372,3.8396163,3.8205242,3.838358,3.830567,3.8083827,3.8070867,3.7938373,3.7869065,3.804884,3.7990546,3.7859087,3.782169,3.785002,3.78047,3.788134,3.7943447,3.7886624,3.757262,3.799236,3.776756,3.7980127,3.765249,3.7661533,3.7583542,3.7557297,3.7339332,3.740195,3.7394755,3.7276766,3.753617,3.7755635,3.7237418,3.7792659,3.7513785,,,,,,,,,,,,,,,,,,,,,,,,,,,,,,,,,,,,,,,,,,,,,,,,,,,,,,,,,,,,,,,,,,,,,,,,,,,,,,,,,,,,,,,,,,,,,,,,,,,,,,,,,,,,,,,,,,,,,,,,,,,,,,,,,,,,,,,,,,,,,,,,,,,,,,,,,,,,,,,,,,,,,,,,,,,,,,,,,,,,,,,,,,,,,,,,,,,,,,,,,,,,,,,,,,,,,,,,,,,,,,,,,,,,,,,,,,,,,,,,,,,,,,,,,,,,,,,,,,,,,,,,,,,,,,,,,,,,,,,,,,,,,,,,,,,,,,,,,,,,,,,,,,,,,,,,,,,,,,,,,,,,,,,,,,,,,,,,,,,,,,,,,,,,,,,,,,,,,,,,,,,,,,,,,,,,,,,,,,
3.5221043,3.4909472,3.5004623,3.5086257,3.4968102,3.4993284,3.5115535,3.4837036,3.495186,3.480922,3.4888456,3.490385,3.4931176,3.5091481,3.5143056,3.4922128,3.5065258,3.4940658,3.5163777,3.4963653,3.5033803,3.4910622,3.4985666,3.4949641,3.516406,3.500122,3.4856932,3.5111187,3.510358,3.5173423,3.506245,3.5074108,3.5036294,3.5086787,3.4933932,3.5122597,3.496236,3.4512343,3.458178,3.4279826,3.4125607,3.399948,3.3658884,3.3241975,3.303588,3.26637,3.2412376,3.2240689,3.1942494,3.189294,3.1960957,3.149129,3.1368828,3.0902996,3.105057,3.0922847,3.0535939,3.0445404,3.025127,3.0217314,3.0094619,2.9890156,2.9641547,2.9388757,2.953705,2.9517682,2.9565356,2.929972,2.8747282,2.9279504,2.8897336,2.8750901,2.919735,2.8892193,2.8923876,2.8835964,2.8727648,2.8795712,2.8803756,2.883927,2.879541,2.8583157,2.8838327,2.8840897,2.8794782,2.9010143,2.890139,2.8731892,2.870312,2.8851357,2.907309,2.9266453,2.9333234,2.9366963,2.924597,2.9253244,2.9401343,2.9498162,2.9261453,2.9594858,2.9342568,2.940873,2.9685142,2.9594245,2.985954,3.017182,2.9868944,2.9830644,3.0083954,2.996749,3.0090623,3.012715,2.9551525,3.0084326,2.0907056,3.2461557,3.291521,3.3892968,3.3672783,3.457553,3.483336,3.4916341,3.3185136,3.551463,3.4607377,3.3549435,3.4900897,3.5095072,3.58318,3.673722,3.6991277,3.7287836,3.7435699,3.576264,3.5672572,3.574832,3.5688064,3.5600157,3.5721292,3.5769136,3.5543504,3.5673053,3.5537355,3.565229,3.562368,3.5500329,3.5855417,3.5552454,3.5800738,3.553419,3.5419748,3.564226,3.554737,3.5493264,3.513013,3.5332026,3.5429404,3.550289,3.535424,3.5545053,3.552709,3.545671,3.541232,3.5409431,3.5401208,3.54371,3.5363784,3.5538568,3.560661,3.5370944,3.5317438,3.5559587,3.5563474,3.5590224,3.5357625,3.5305295,3.5321252,3.5411031,3.5463815,3.5418458,3.5521677,3.5513558,3.5433023,3.5408742,3.548635,3.5395706,3.5650349,3.5670364,3.5517664,3.5490413,3.549004,3.5538023,3.535551,3.5586388,3.5232823,3.5461082,3.5451434,,,,,,,,,,,,,,,,,,,,,,,,,,,,,,,,,,,,,,,,,,,,,,,,,,,,,,,,,,,,,,,,,,,,,,,,,,,,,,,,,,,,,,,,,,,,,,,,,,,,,,,,,,,,,,,,,,,,,,,,,,,,,,,,,,,,,,,,,,,,,,,,,,,,,,,,,,,,,,,,,,,,,,,,,,,,,,,,,,,,,,,,,,,,,,,,,,,,,,,,,,,,,,,,,,,,,,,,,,,,,,,,,,,,,,,,,,,,,,,,,,,,,,,,,,,,,,,,,,,,,,,,,,,,,,,,,,,,,,,,,,,,,,,,,,,,,,,,,,,,,,,,,,,,,,,,,,,,,,,,,,,,,,,,,,,,,,,,,,,,,,,,,,,,,,,,,,,,,,,,,,,,,,,,,,,,,,,,,,,,,,,,,,,
3.8060977,3.790707,3.7821114,3.7796357,3.7801073,3.7318058,3.6895714,3.6597927,3.6726615,3.5421464,3.3574529,3.361748,3.3439507,3.3276558,3.264179,3.264431,3.265472,3.2428036,3.2456253,3.2219756,3.223048,3.2218335,3.2446911,3.2384264,3.200138,3.2425954,3.2459667,3.2439365,3.1981125,3.2134469,3.2289085,3.220622,3.2361913,3.228705,3.257,3.2249534,3.2485147,3.2468388,3.2517636,3.2634296,3.2416945,3.2586508,3.2622995,3.277702,3.2775178,3.2955904,3.2824118,3.3058972,3.322535,3.3217788,3.3413632,3.3423662,3.3705115,3.3641796,3.358914,3.3967502,3.3706243,3.4088979,3.4010522,3.4111853,3.4045362,3.4366622,3.4189513,3.4381256,3.4665718,3.4779565,3.4888666,3.498375,3.4803567,3.488642,3.4956725,3.4905741,3.5158095,3.5140157,3.5222592,3.5282292,3.5192232,3.5529988,3.5375133,3.5613236,3.5581174,3.5838323,3.5982568,3.5770512,3.5842345,3.6102362,3.609219,3.6062438,3.6162038,3.588752,3.6204996,3.6232538,3.6210918,3.657221,3.647655,3.6464427,3.6472926,3.6396158,3.6384785,3.6476765,3.655972,3.6606472,3.6447148,3.6545184,3.656321,3.6569235,3.6680658,3.6714861,3.6894321,3.702111,3.7034316,3.695377,3.7078264,3.7206016,3.7225542,3.7193375,3.726013,3.7386172,3.7479196,3.7364824,3.7747276,3.7601743,3.788689,3.7681189,3.7941039,3.787271,3.7995517,3.7990794,3.7971795,3.799874,3.8059812,3.8106318,3.8057215,3.8249538,3.8096828,3.8082597,3.8291485,3.8245971,3.8721595,3.852879,3.8660538,3.8440976,3.8728273,3.8556256,3.8758202,3.8797588,3.8797717,3.8725457,3.8919063,3.8661852,3.9504178,3.3798783,3.8647256,3.8104997,3.8458757,3.92988,3.9490929,3.9861126,3.9825165,4.0804706,4.15629,3.9359097,4.334897,3.9400606,3.9541953,3.9378319,3.9364862,3.9371536,3.9595613,3.9233854,3.9402382,3.948863,3.9273899,3.9352696,3.9701014,3.9226065,3.944056,3.938129,3.947129,3.9434597,3.9296587,3.9501412,3.9232607,3.9005702,3.8987894,3.919952,3.9312708,3.912422,3.9403024,3.947506,3.9374223,3.8048232,3.8060565,3.8549166,3.9175117,3.9201205,3.896876,3.9617262,3.9652863,3.9519932,3.9476025,3.9775436,4.0397916,4.075021,4.030074,3.9771154,3.926411,3.942844,3.9543629,3.9383802,3.9485238,3.953032,3.952207,3.956943,3.9487464,3.9641252,3.961717,3.964472,3.952285,3.9441948,3.9609008,3.958716,3.9445446,3.945322,3.9628582,3.9556963,3.9749033,3.9499717,3.9663324,3.9652002,3.9648223,3.9635236,3.961834,3.9548237,3.9727857,3.9638436,3.9553344,3.959477,3.9688406,3.9484565,3.9647,3.9769323,3.9756358,3.9719577,3.9629424,3.9722183,3.9843316,3.9701748,3.9888802,3.9895525,3.9914854,3.9670556,3.9769979,3.9747367,3.971398,3.9654908,3.9698417,3.9823706,3.9609065,3.9366057,3.9485981,3.95894,3.9639268,3.9694676,3.9660952,3.9798934,,,,,,,,,,,,,,,,,,,,,,,,,,,,,,,,,,,,,,,,,,,,,,,,,,,,,,,,,,,,,,,,,,,,,,,,,,,,,,,,,,,,,,,,,,,,,,,,,,,,,,,,,,,,,,,,,,,,,,,,,,,,,,,,,,,,,,,,,,,,,,,,,,,,,,,,,,,,,,,,,,,,,,,,,,,,,,,,,,,,,,,,,,,,,,,,,,,,,,,,,,,,,,,,,,,,,,,,,,,,,,,,,,,,,,,,,,,,,,,,,,,,,,,,,,,,,,,,,,,,,,,,,,,,,,,,,,,,,,,,,,,,,,,,,,,,,,,,,,,,,,,,,,,,,,,,,,,,,,
3.4501998,3.4938748,3.456882,3.5192952,3.4858398,3.4793231,3.4867668,3.4186728,3.4011445,3.391394,3.3733406,3.3521862,3.3223999,3.3024313,3.2765331,3.2304447,3.2044628,3.2083368,3.1528606,3.142636,3.1430924,3.1196477,3.0733728,3.0805573,3.0435724,3.0240805,3.0020537,2.9823427,2.9652343,2.9802427,2.955647,2.9581447,2.953265,2.9214313,2.9026554,2.8873248,2.8680727,2.8760505,2.850619,2.8780022,2.8547118,2.8856304,2.8625984,2.8497844,2.8373525,2.8584042,2.8465424,2.8350463,2.8480005,2.7994623,2.8125968,2.790638,2.8206441,2.8255875,2.8063579,2.7846086,2.8169055,2.826051,2.843333,2.8214638,2.843139,2.8377187,2.850809,2.8470302,2.8465421,2.8499715,2.8645005,2.8824456,2.81344,2.8588166,3.5000522,3.55243,3.5826602,3.412683,3.4376292,3.4533424,3.4582777,3.4561458,3.4753222,3.4728966,3.481034,3.4804773,3.488626,3.4810505,3.4788013,3.4890952,3.4871182,3.5036032,3.500037,3.50674,3.5042212,3.5089054,3.4979744,3.5137808,3.504867,3.4921718,3.5030828,3.4839132,3.4993532,3.4880326,3.4824295,3.4903271,3.4863038,3.5079663,3.4849513,3.5146816,3.5042717,3.4902792,3.483676,3.4908292,3.4766037,3.4774988,3.493477,3.4701145,3.4972038,3.4883568,3.4697866,3.4744964,3.4252594,3.4699545,3.461823,3.4601572,3.455314,3.4510636,3.4386322,3.436905,3.4354541,3.445727,3.4286995,3.4315753,3.4427993,3.4312088,3.4428663,3.441323,3.4287665,3.4247289,3.430431,3.4609363,3.4531946,3.457111,3.462083,3.4498749,3.4707594,3.4563558,3.4629052,3.451686,3.4845343,3.4748065,3.4997933,3.4602559,3.4810019,3.462213,3.4664314,3.4776459,3.4816833,3.491998,3.5115407,3.5015,3.5091217,3.4986918,3.486048,3.511015,3.5175164,3.5203507,3.521963,3.536826,,,,,,,,,,,,,,,,,,,,,,,,,,,,,,,,,,,,,,,,,,,,,,,,,,,,,,,,,,,,,,,,,,,,,,,,,,,,,,,,,,,,,,,,,,,,,,,,,,,,,,,,,,,,,,,,,,,,,,,,,,,,,,,,,,,,,,,,,,,,,,,,,,,,,,,,,,,,,,,,,,,,,,,,,,,,,,,,,,,,,,,,,,,,,,,,,,,,,,,,,,,,,,,,,,,,,,,,,,,,,,,,,,,,,,,,,,,,,,,,,,,,,,,,,,,,,,,,,,,,,,,,,,,,,,,,,,,,,,,,,,,,,,,,,,,,,,,,,,,,,,,,,,,,,,,,,,,,,,,,,,,,,,,,,,,,,,,,,,,,,,,,,,,,,,,,,,,,,,,,,,,,,,,,,,,,,,,,,,,,,,,,,,,,,,,,,,,,,,,,,,,,,,,,,,,,,,,,,,
