image_name,response_key,response_time,t1,t2,t3,t4,t5,t6,t7,t8,t9,t10,t11,t12,t13,t14,t15,t16,t17,t18,t19,t20,t21,t22,t23,t24,t25,t26,t27,t28,t29,t30,t31,t32,t33,t34,t35,t36,t37,t38,t39,t40,t41,t42,t43,t44,t45,t46,t47,t48,t49,t50,t51,t52,t53,t54,t55,t56,t57,t58,t59,t60,t61,t62,t63,t64,t65,t66,t67,t68,t69,t70,t71,t72,t73,t74,t75,t76,t77,t78,t79,t80,t81,t82,t83,t84,t85,t86,t87,t88,t89,t90,t91,t92,t93,t94,t95,t96,t97,t98,t99,t100,t101,t102,t103,t104,t105,t106,t107,t108,t109,t110,t111,t112,t113,t114,t115,t116,t117,t118,t119,t120,t121,t122,t123,t124,t125,t126,t127,t128,t129,t130,t131,t132,t133,t134,t135,t136,t137,t138,t139,t140,t141,t142,t143,t144,t145,t146,t147,t148,t149,t150,t151,t152,t153,t154,t155,t156,t157,t158,t159,t160,t161,t162,t163,t164,t165,t166,t167,t168,t169,t170,t171,t172,t173,t174,t175,t176,t177,t178,t179,t180,t181,t182,t183,t184,t185,t186,t187,t188,t189,t190,t191,t192,t193,t194,t195,t196,t197,t198,t199,t200,t201,t202,t203,t204,t205,t206,t207,t208,t209,t210,t211,t212,t213,t214,t215,t216,t217,t218,t219,t220,t221,t222,t223,t224,t225,t226,t227,t228,t229,t230,t231,t232,t233,t234,t235,t236,t237,t238,t239,t240,t241,t242,t243,t244,t245,t246,t247,t248,t249,t250,t251,t252,t253,t254,t255,t256,t257,t258,t259,t260,t261,t262,t263,t264,t265,t266,t267,t268,t269,t270,t271,t272,t273,t274,t275,t276,t277,t278,t279,t280,t281,t282,t283,t284,t285,t286,t287,t288,t289,t290,t291,t292,t293,t294,t295,t296,t297,t298,t299,t300,t301,t302,t303,t304,t305,t306,t307,t308,t309,t310,t311,t312,t313,t314,t315,t316,t317,t318,t319,t320,t321,t322,t323,t324,t325,t326,t327,t328,t329,t330,t331,t332,t333,t334,t335,t336,t337,t338,t339,t340,t341,t342,t343,t344,t345,t346,t347,t348,t349,t350,t351,t352,t353,t354,t355,t356,t357,t358,t359,t360,t361,t362,t363,t364,t365,t366,t367,t368,t369,t370,t371,t372,t373,t374,t375,t376,t377,t378,t379,t380,t381,t382,t383,t384,t385,t386,t387,t388,t389,t390,t391,t392,t393,t394,t395,t396,t397,t398,t399,t400,t401,t402,t403,t404,t405,t406,t407,t408,t409,t410,t411,t412,t413,t414,t415,t416,t417,t418,t419,t420,t421,t422,t423,t424,t425,t426,t427,t428,t429,t430,t431,t432,t433,t434,t435,t436,t437,t438,t439,t440,t441,t442,t443,t444,t445,t446,t447,t448,t449,t450,t451,t452,t453,t454,t455,t456,t457,t458,t459,t460,t461
FS/72.png,right,0.340914000000339,4.1817756,4.191506,4.1871057,4.186181,4.177002,4.1892605,4.1874437,4.1818705,4.187465,4.1882606,4.1842713,4.1935797,4.1924386,4.2005973,4.2065506,4.202432,4.1986837,4.204075,4.210186,4.222643,4.2121186,4.2043233,4.1963587,4.186223,4.1801844,4.1849675,4.179398,4.187423,4.2007623,4.2035007,4.1869164,4.1986594,4.190517,4.205655,4.207953,4.191045,4.199301,4.207605,4.204298,4.2000847,4.1949115,4.20066,4.1969466,4.2029963,4.2086844,4.203558,4.2027082,4.2173967,4.209476,4.208893,4.2055917,4.2156477,4.20345,4.2047706,4.181521,4.1799083,4.1786304,4.1803474,4.1728716,4.161209,4.147946,4.1325254,4.122234,4.106322,4.0836754,4.07873,4.063921,4.0611687,4.0482163,4.022594,4.0148954,4.0113535,4.0130377,4.0098076,4.0027122,4.0121245,4.0051107,3.9991105,3.9940834,3.9653416,3.9636884,3.9543903,3.9350734,3.9352562,3.9334936,3.9252255,3.9354181,3.9391034,3.932649,3.935333,3.9371004,3.9383273,3.932461,3.940093,3.9397287,3.93618,3.9420872,3.9491954,3.949168,3.967997,3.9630573,3.9628544,3.9802349,3.9783537,3.9893613,3.997082,3.9807832,3.981311,3.9812193,3.9648743,3.992044,3.9896407,3.9952188,3.993609,4.0067153,4.0124507,4.0229053,4.014671,4.016429,4.0103536,4.01982,4.0241594,4.027674,4.029678,4.0343504,4.038805,4.04522,4.037098,4.050324,4.0478234,4.047024,4.046246,4.0392914,4.0291586,4.0218525,4.023643,4.0117116,4.0019345,3.973053,3.969198,3.956824,3.922907,3.926551,3.9039228,3.8662014,3.8480804,3.8291996,3.816126,3.79761,3.799003,3.7697759,3.741962,3.738856,3.7250624,3.7192855,3.7092896,3.7019281,3.674553,3.6724231,3.641154,3.6344786,3.6222656,3.6299248,3.6123853,3.6112401,3.605716,3.605902,3.6103854,3.6110113,3.6063392,3.604723,3.6001873,3.609736,3.6032495,3.6127753,3.6063945,3.603836,3.6029906,3.6148515,3.6178257,3.611393,3.6164906,3.6108065,3.6100936,3.614889,3.6227198,3.6390297,3.6454666,3.6552236,3.6714404,3.6736462,3.690448,3.6952672,3.701894,3.701924,3.6951442,3.6768181,3.6702948,3.668602,3.6667287,3.6394525,2.9899523,3.6955755,3.8040636,3.807814,3.8224502,3.8368158,3.8447795,3.859322,3.8586783,3.8757644,3.894031,3.902867,3.913973,3.9236653,3.925828,3.934421,3.9359548,3.9338558,3.9267337,3.95087,3.955372,3.963761,3.9652574,3.9659755,3.972242,3.9860563,3.9995494,4.008871,3.9442213,3.9587255,3.889731,3.8858955,4.0412235,4.037717,3.9686646,3.9983385,3.9782457,4.0759683,3.9742634,3.9788768,4.0128145,3.9889016,4.009587,4.011132,3.9906974,4.12087,4.024783,4.0471954,4.0441794,4.057784,4.065791,4.068382,4.0581427,4.081542,4.0570993,4.0986533,4.088402,4.1040277,4.0836353,4.095137,4.1086345,4.1251535,4.0976343,4.173016,4.0253954,4.1097603,4.1077805,4.109601,4.092575,4.1173687,4.1258435,4.1100383,4.108228,4.135201,4.138443,4.138758,4.1147337,4.119338,4.135987,4.125802,4.14559,4.138028,4.1380615,4.153461,4.140569,4.1454363,4.1467924,4.1463594,4.1389737,4.1489353,4.138242,4.142962,4.145757,4.152745,4.1455336,4.143748,4.143798,4.1455464,4.1468816,4.143998,4.1443124,4.1429386,4.143409,4.146375,4.146901,4.1454587,4.1467953,4.136943,4.1366787,4.1210766,4.1190863,4.133104,4.1128173,4.13164,4.113865,4.121456,4.116698,4.1103525,4.1247153,4.105484,4.119144,4.129633,4.122413,4.1169395,4.121549,4.1166453,4.1260066,4.1188545,4.125337,4.1175065,4.1156235,4.120575,4.122929,4.118875,4.13308,4.1282473,4.135996,4.1256595,4.128364,4.125103,4.1233788,4.121526,4.121046,4.123617,4.1290774,4.135773,4.1265907,4.139916,4.1468725,4.1362677,4.158748,4.154003,4.1673746,4.175893,4.159862,4.1853385,4.165787,4.186842,4.1768994,4.185864,4.1839147,4.190789,4.1878963,4.1893387,4.2029896,4.2035737,4.2116065,4.2100368,4.2066784,4.205021,4.2071176,4.205987,4.2016745,4.202976,4.206309,4.202738,4.209396,4.2146573,4.210524,4.226608,4.2106414,4.225076,4.218909,4.225774,4.2364893,4.239637,4.2392955,,,,,,,,,,,,,,,,,,,,,,,,,,,,,,,,,,,,,,,,,,,,,,,,,,,,,,,,,,,,,,,,,,,,,,,,,t1
FS/72.png,left,0.2194245000000592,4.191779,4.1743264,4.186113,4.2049227,4.1877623,4.1960654,4.1944613,4.177304,4.181649,4.1815944,4.180621,4.176663,4.180865,4.1714993,4.159151,4.171904,4.1706076,4.169113,4.1642385,4.169384,4.1677523,4.167371,4.1612096,4.1703258,4.1618814,4.1781673,4.17038,4.17323,4.185932,4.182195,4.1850657,4.1816964,4.175604,4.181169,4.1733446,4.1876917,4.1879616,4.184886,4.1896152,4.173748,4.185655,4.182586,4.181736,4.187397,4.18203,4.181515,4.182262,4.1730676,4.178753,4.170703,4.175765,4.181621,4.1659884,4.1607127,4.1890492,4.1711345,4.175347,4.1691103,4.1506076,4.1286845,4.142788,4.1248684,4.1241035,4.1281257,4.1147637,4.1091123,4.116512,4.115498,4.099401,4.098537,4.0952163,4.097623,4.081649,4.094027,4.071772,4.068475,4.069808,4.0698524,4.0773716,4.075963,4.080584,4.069647,4.073941,4.0747066,4.0697865,4.074309,4.073194,4.0675964,4.091676,4.088599,4.0888686,4.095771,4.08112,4.082214,4.0731955,4.083855,4.082312,4.0810947,4.0825324,4.0848327,4.0836906,4.076433,4.0773625,4.0804186,4.0827036,4.087415,4.0931683,4.089036,4.0925026,4.099782,4.099937,4.103793,4.107255,4.1083055,4.0968237,4.114198,4.1167784,4.110955,4.1187644,4.1258717,4.133534,4.136677,4.133511,4.1317325,4.1416,4.1416683,4.147393,4.13215,4.135787,4.1321044,4.1296763,4.1349325,4.134708,4.1255956,4.1228375,4.1225,4.106933,4.1084967,4.0896664,4.2018604,4.0702815,4.0392194,4.027784,3.989425,3.9703076,3.9524446,3.9516616,3.9156418,3.8930337,3.8671222,3.8556027,3.8370094,3.8166873,3.7974482,3.792983,3.7800262,3.7767663,3.7590098,3.7399728,3.7329879,3.7287474,3.7212691,3.7081513,3.6896303,3.690548,3.6747622,3.680307,3.6668851,3.6602945,3.6598926,3.6519306,3.6512558,3.6539178,3.642303,3.641973,3.6473758,3.656685,3.651805,3.6573865,3.6635413,3.6656995,3.663994,3.6668513,3.6726933,3.6751568,3.68488,3.6724389,3.6840122,3.6971183,3.7003334,3.715757,3.7196102,3.7217135,3.7217443,3.73778,3.7463057,3.7522745,3.754716,3.7620163,3.7649372,3.7643664,3.7646084,3.7882297,3.7684867,3.7760987,3.769105,3.7638466,3.7758403,3.8238926,3.7881699,3.7848856,3.7758484,3.7796884,3.790394,3.8351533,3.8496144,3.7746909,3.7985165,3.8413482,3.8159647,3.84793,3.8441596,3.8578625,3.854727,3.8812182,3.8501043,3.8742266,3.9042175,3.9264762,3.9162178,3.93285,3.9466074,3.937178,3.9502559,3.9411757,3.9635477,3.9817019,3.9894133,4.0063243,4.0021935,4.0146356,4.025836,4.0225186,4.013644,3.9966893,3.9821846,3.9197412,2.7250237,3.691618,4.078233,4.0573735,4.0615506,4.073641,4.0906234,4.0773387,4.099218,4.1033735,4.098025,4.1008797,4.1087337,4.1175847,4.1129923,4.1290617,4.1193056,4.112137,4.148927,4.1390886,4.151599,4.1366935,4.158259,4.170718,4.16381,4.160707,4.1624894,4.164186,4.1786475,4.185811,4.173994,4.1800666,4.1862803,4.180168,4.184972,4.1949267,4.2055254,4.1955585,4.196819,4.198706,4.202101,4.197403,4.209751,4.2167807,4.2081156,4.2094703,4.205807,4.208395,4.218292,4.219321,4.230539,4.212555,4.2216215,4.224093,4.2278976,4.225719,4.2266006,4.227028,4.224601,4.225797,4.2277393,4.224654,4.22389,4.2286577,4.2346926,4.235353,4.2279596,4.227825,4.2352867,4.223673,4.2403703,4.219009,4.21955,4.2246523,4.205666,4.223666,4.220628,4.230655,4.215615,4.2176757,4.210647,4.2194405,4.2178326,4.2209826,4.2217326,4.22011,4.2202845,4.218018,4.2195964,4.2202787,4.2195015,4.2149487,4.2214823,4.210923,4.220318,4.216637,4.223407,4.2183456,4.2165284,4.215761,4.21093,4.198982,4.2096734,4.21025,4.1981,4.1984916,4.202377,4.1997933,4.1976624,4.198785,4.1986465,4.169575,4.199358,4.1941886,4.181833,4.1806955,4.182719,4.1887,4.1797433,4.173848,4.1791687,4.171731,4.168808,4.168954,4.1731553,4.1620646,4.157429,4.165216,4.182364,4.1590266,4.1576385,4.1605577,,,,,,,,,,,,,,,,,,,,,,,,,,,,,,,,,,,,,,,,,,,,,,,,,,,,,,,,,,,,,,,,,,,,,,,,,,,,,,,,,,t9
FS/72.png,left,0.2009924000012688,4.2808776,4.276356,4.2988143,4.285416,4.2919703,4.2891884,4.283337,4.287153,4.2884316,4.298184,4.2981787,4.2977185,4.2978387,4.3036227,4.297062,4.3034015,4.291845,4.2966824,4.3002286,4.302831,4.298316,4.3032117,4.310272,4.3041434,4.30693,4.308525,4.310701,4.3107777,4.3100967,4.30861,4.3109555,4.31601,4.3093543,4.3107924,4.304995,4.3111563,4.3115582,4.30903,4.3024344,4.303844,4.303962,4.3062286,4.3040433,4.3029175,4.2998924,4.3030634,4.302574,4.3047595,4.306827,4.307006,4.3060756,4.3065114,4.302894,4.2918077,4.2855535,4.2811427,4.278222,4.277983,4.2780714,4.248495,4.2465234,4.2448554,4.2300467,4.201688,4.20749,4.1845527,4.184637,4.178944,4.1678376,4.172124,4.1717987,4.1711287,4.154156,4.1574454,4.146593,4.1460004,4.1381755,4.1436853,4.1377907,4.1465907,4.1332865,4.140648,4.1372814,4.1469026,4.1457334,4.137455,4.1418686,4.1388783,4.1531386,4.1479797,4.158503,4.1608114,4.161362,4.1638403,4.1662593,4.170986,4.1775928,4.1801295,4.1842065,4.1957846,4.1973357,4.2027183,4.2094865,4.229943,4.2296643,4.242018,4.240233,4.2659416,4.267469,4.2764206,4.262827,4.2837844,4.2842426,4.2853184,4.2773895,4.292849,4.2976594,4.305992,4.3172383,4.3143935,4.3252697,4.325348,4.3250732,4.3322864,4.3392205,4.3454747,4.344865,4.35347,4.356917,4.3629084,4.3522277,4.3658314,4.3409443,4.3566775,4.337073,4.33584,4.333999,4.322778,4.3097644,4.2991295,4.29403,4.2667723,4.2556205,4.2403946,4.208915,4.1975417,4.1729403,4.1484766,4.125332,4.1050596,4.1096206,4.0938025,4.061502,4.0326433,4.0215993,4.005673,3.9984772,3.9720693,3.9580312,3.9562242,3.9288764,3.9085274,3.930172,3.9099474,3.9029179,3.8855748,3.879795,3.880764,3.8740156,3.8708053,3.8609378,3.8536725,3.842852,3.8555126,3.8449748,3.8497372,3.8449073,3.8384109,3.8331294,3.812867,3.807099,3.8042328,3.7934222,3.739488,3.8114815,3.9002547,3.8587468,3.864322,3.8871715,3.8923755,3.9119477,3.909588,3.9154382,3.9062135,3.932691,3.9397662,3.9583852,3.9625723,3.9699502,3.984244,3.9963453,4.003316,4.006597,4.0105877,4.0208044,4.034308,4.038785,4.0480323,4.0517135,4.0536165,4.057003,4.060349,4.065468,4.076781,4.080183,4.094619,4.107722,4.111023,4.129878,4.141471,4.141629,4.154011,4.1648197,4.160452,4.1687846,4.1739945,4.1764836,4.188193,4.214925,4.21376,4.223587,4.2198696,4.2253947,4.2244506,4.222623,4.2354474,4.2352457,4.234892,4.240459,4.2458405,4.2538805,4.2637715,4.2729163,4.2712655,4.281994,4.269982,4.281547,4.2950687,4.2923484,4.30448,4.3027167,4.3059106,4.303193,4.30965,4.3150134,4.319295,4.319262,4.316853,4.3197136,4.328641,4.313502,4.3178077,4.321472,4.3274064,4.322032,4.3286977,4.3283815,4.334395,4.3161173,4.32378,4.319939,4.3307123,4.312678,4.313626,4.388426,4.3857737,4.382632,4.3914175,4.3865385,4.3892183,4.377186,4.3784056,4.378098,4.376581,4.3688397,4.3753576,4.375787,4.377704,4.366334,4.3650174,4.353808,4.3703427,4.36478,4.357757,4.346589,4.3575177,4.3543744,4.345872,4.350404,4.34139,4.3325276,4.3441815,4.3508773,4.3235583,4.347098,4.33604,4.3415523,4.3376417,4.336368,4.339096,4.316606,4.325942,4.3327413,4.321494,4.329385,4.3213954,4.324084,4.321401,4.3264437,4.3140078,4.3238387,4.318188,4.326029,4.3154273,4.3212867,4.3285136,4.3227315,4.31647,4.324631,4.3212705,4.3287463,4.3268895,4.321106,4.327216,4.347037,4.3398275,4.3417063,4.3444595,4.341474,4.351772,4.3576217,4.356908,4.353066,4.3544216,4.3597927,4.3595333,4.3819914,4.3661623,4.3619695,4.3720126,4.3719893,4.3764825,4.3844547,4.383947,4.383295,4.3783417,4.380656,4.381219,4.3766418,4.39373,4.3890686,4.3891416,4.3971224,4.3951316,4.4008675,4.400834,4.4057612,4.403773,4.403397,,,,,,,,,,,,,,,,,,,,,,,,,,,,,,,,,,,,,,,,,,,,,,,,,,,,,,,,,,,,,,,,,,,,,,,,,,,,,,,,,,,,,,,,,,,,t62
FS/22.png,right,0.2433951000002707,4.174875,4.1507654,4.168286,4.149341,4.1735063,4.1799345,4.177534,4.171386,4.182858,4.1727023,4.1653376,4.1826587,4.181454,4.1861978,4.1848974,4.1907077,4.184642,4.181259,4.196208,4.197317,4.1997337,4.1983943,4.199983,4.191469,4.1902947,4.1938925,4.1942587,4.193662,4.193142,4.198235,4.192846,4.1822,4.1974273,4.2085547,4.1972847,4.212774,4.2146177,4.223605,4.231233,4.2374663,4.2428436,4.2403684,4.2505574,4.253195,4.2480707,4.263174,4.2555695,4.2491465,4.2515235,4.247084,4.260627,4.2491775,4.2484736,4.2554946,4.2655478,4.263425,4.2713313,4.2521253,4.273291,4.267281,4.2721543,4.273405,4.268235,4.258098,4.2633004,4.2590194,4.2604995,4.2628403,4.26108,4.258344,4.2573757,4.2570844,4.2553973,4.2615156,4.252458,4.25424,4.257547,4.2525206,4.229865,4.245912,4.253598,4.2386227,4.2617884,4.236184,4.2531643,4.2438507,4.23293,4.2268014,4.228048,4.232148,4.2339554,4.223353,4.23946,4.234879,4.239062,4.2398944,4.243009,4.240063,4.2379603,4.2363434,4.237347,4.236118,4.235521,4.2345643,4.2302394,4.2463226,4.250747,4.2456503,4.2496367,4.2607026,4.2601285,4.2548685,4.2670317,4.2547965,4.243036,4.262909,4.269514,4.256663,4.2746153,4.2704797,4.2742996,4.2686634,4.287462,4.283236,4.283596,4.283643,4.2823834,4.286194,4.2682056,4.260231,4.2808423,4.286845,4.288841,4.2604065,4.251704,4.250468,4.2339325,4.2180347,4.200617,4.178144,4.1668763,4.153847,4.137041,4.08888,4.060963,4.0547867,4.036913,4.000191,3.9941902,3.971345,3.9620955,3.9443817,3.9183052,3.8901691,3.849832,3.849981,3.8124442,3.8037126,3.807088,3.7965608,3.7856076,3.7681577,3.7624805,3.751267,3.7380476,3.7315311,3.7102811,3.7082767,3.7035506,3.6861012,3.6787899,3.684827,3.6669436,3.666615,3.6573234,3.663598,3.668718,3.6654801,3.6579976,3.6732478,3.6663692,3.6711195,3.659369,3.665314,3.6530795,3.6667802,3.668604,3.6631458,3.6704743,3.6693664,3.682499,3.6913068,3.6902726,3.7136462,3.701491,3.7126863,3.7199736,3.7411559,3.7328422,3.729779,3.7340248,3.7406142,3.7588305,3.756256,3.7534473,3.7757447,3.7795324,3.7824333,3.7854812,3.7761846,3.7539098,3.7651052,3.7344158,3.7284274,3.7094657,3.6857958,3.660858,1.3707659,3.3530014,3.9265296,3.845933,3.851487,3.8663182,3.8986728,3.8977225,3.925718,3.944816,3.9405804,3.924528,3.9362288,3.9459996,3.9440093,3.9624462,3.967417,3.9871776,3.9843676,4.013056,4.0065417,4.004062,4.0113225,4.0121818,4.017899,4.014526,4.026272,4.0256004,4.0377245,4.046467,4.0533724,4.061779,4.060428,4.055541,4.060333,4.074753,4.069372,4.0693107,4.0797315,4.081483,4.0828214,4.088322,4.0826254,4.0862317,4.090001,4.0701046,4.0594654,4.073838,4.0808654,4.0918374,4.101414,4.096621,4.110343,4.102343,4.113203,4.0921574,4.089353,4.105021,4.0983014,4.091872,4.0833945,4.099486,4.09283,4.103875,4.0876822,4.0973024,4.1050425,4.1008654,4.1032248,4.1066666,4.1122355,4.111725,4.088264,4.09487,4.0988836,4.1047134,4.0964437,4.09722,4.1059046,4.1156693,4.1100607,4.092365,4.1038604,4.1076946,4.103055,4.107639,4.1027446,4.112623,4.104741,4.1041174,4.0992546,4.097158,4.101198,4.1035223,4.10177,4.088802,4.0975595,4.1019206,4.09538,4.092962,4.101721,4.0933127,4.0934525,4.0927424,4.0959744,4.092189,4.0916514,4.089697,4.094375,4.0925508,4.0917697,4.100375,4.0920153,4.0994563,4.089408,4.089493,4.0817165,4.0835347,4.0962424,4.082579,4.084007,4.0847774,4.0897374,4.0865583,4.0975757,4.0855784,4.095078,4.085228,4.087717,4.08904,4.086835,4.0919876,4.0884485,4.0899014,4.09477,4.0916667,4.0880146,4.0880833,4.0880833,4.0880713,4.1039176,4.0943227,4.1075892,4.1247745,4.1079197,4.0875497,4.1033344,4.093131,4.093205,4.0896144,4.1015086,4.0994196,4.1071334,4.119627,4.0989437,4.1077623,4.1088357,4.113736,4.111711,4.110489,4.107097,4.102726,4.104496,4.112282,4.10856,4.1105657,4.1132083,4.103887,4.107946,4.1047497,4.1038027,,,,,,,,,,,,,,,,,,,,,,,,,,,,,,,,,,,,,,,,,,,,,,,,,,,,,,,,,,,,,,,,,,,,,,,,,t4
FS/22.png,right,0.1826844000006531,4.114121,4.1087365,4.116109,4.1144857,4.1114855,4.1110787,4.115573,4.108756,4.1067348,4.1014047,4.1167307,4.101332,4.0979934,4.0958304,4.0989523,4.083938,4.094162,4.1008234,4.0871787,4.0955334,4.087815,4.0855494,4.095041,4.0908384,4.0919223,4.0995517,4.105168,4.1001077,4.10489,4.0974274,4.1051292,4.1070366,4.1122346,4.1060715,4.1023645,4.108292,4.1057954,4.104258,4.109497,4.105893,4.1045165,4.1077204,4.1070247,4.1149893,4.107578,4.1223726,4.1046762,4.1130066,4.1273694,4.1019845,4.103873,4.1050987,4.0950413,4.1024084,4.092523,4.1003094,4.0790343,4.079164,4.0727243,4.053756,4.0576153,4.0486975,4.0241084,4.018773,4.0011415,4.005861,4.0009265,3.994111,3.983543,3.9687648,3.969882,3.9553573,3.946865,3.9574268,3.9468625,3.9385707,3.9269416,3.933701,3.922,3.9317176,3.910655,3.9137013,3.8990505,3.8915129,3.8929925,3.8798065,3.8839087,3.879472,3.8770463,3.8964949,3.8929925,3.8993793,3.890347,3.894852,3.8930466,3.9036846,3.8954875,3.9068425,3.9098608,3.9092207,3.914223,3.9222348,3.9203644,3.914844,3.9154503,3.9276202,3.9421377,3.9478617,3.949351,3.9586802,3.959461,3.9747772,3.9823792,3.9934433,3.9931571,4.004601,4.0045753,4.0124354,4.01724,4.0331535,4.0277934,4.039124,4.0390935,4.0451746,4.0516877,4.06078,4.0543113,4.0683002,4.067627,4.0601892,4.051882,4.0760303,4.071581,4.06444,4.0577006,4.052301,4.0479474,4.0483036,4.039676,4.026949,3.9985287,3.982025,3.9626477,3.9468305,3.9248726,3.9010422,3.8932111,3.8761165,3.8545203,3.8278975,3.7965186,3.7559614,3.7495925,3.7447727,3.7381926,3.7250016,3.7085116,3.6880262,3.6762154,3.6661777,3.646392,3.6477637,3.6292398,3.6194158,3.6021981,3.6051204,3.5964768,3.5832663,3.58811,3.578207,3.572876,3.5644493,3.5597386,3.5574486,3.5535042,3.562112,3.5482957,3.556052,3.5584314,3.5507925,3.556022,3.5644672,3.5722237,3.5589297,3.546011,3.5577157,3.5473957,3.5498958,3.5243564,3.5066657,3.4733527,3.5692196,3.5484467,3.789424,3.7642255,3.7717261,3.7988572,3.818171,3.8082533,3.8231838,3.8179302,3.823767,3.8504527,3.8625796,3.8639438,3.8592618,3.8803048,3.8847747,3.8905048,3.8943923,3.8951929,3.9131923,3.933061,3.9583752,3.9513476,3.9402168,3.920799,3.9775136,3.9805274,3.965457,3.9954257,3.9891238,3.994751,3.996986,4.0076385,4.022912,4.029875,4.0485005,4.0632977,4.064761,4.0533557,4.076907,4.068933,4.073681,4.0642037,4.0700135,4.082007,4.0886073,4.106907,4.1059856,4.114735,4.116028,4.111551,4.1122756,4.113884,4.112707,4.132556,4.123851,4.132786,4.136691,4.129107,4.1351285,4.1408877,4.132392,4.147608,4.151667,4.1478167,4.1475945,4.1399055,4.1357403,4.1586695,4.14372,4.149864,4.152387,4.142809,4.1411214,4.1415787,4.138776,4.1584353,4.149494,4.137347,4.131764,4.147505,4.153353,4.144681,4.140937,4.126608,4.119876,4.115324,4.120698,4.1170807,4.130375,4.1329927,4.128646,4.1222053,4.1402817,4.124525,4.1247263,4.123223,4.1317725,4.125119,4.121166,4.120629,4.1512938,4.159791,4.161425,4.156793,4.1543927,4.1484356,4.153024,4.1457076,4.1534104,4.152161,4.1656923,4.1609044,4.1551404,4.159517,4.1581545,4.142133,4.145375,4.1351476,4.133385,4.1497836,4.144046,4.1460686,4.154301,4.1452084,4.145261,4.1487427,4.1677256,4.1544666,4.1441927,4.141242,4.1436625,4.1510463,4.144453,4.147576,4.1485324,4.1565986,4.1497126,4.1473465,4.145503,4.1682124,4.1597204,4.158433,4.1604834,4.166251,4.1646914,4.16836,4.1663456,4.177057,4.1796613,4.176215,4.1767554,4.175249,4.1695466,4.177121,4.1893406,4.1814065,4.1856246,4.1740737,4.183167,4.1842165,4.181383,4.1876173,4.187987,4.182788,4.1882343,4.1828165,4.18735,4.1798844,4.1926813,4.1935606,4.1852765,4.193888,,,,,,,,,,,,,,,,,,,,,,,,,,,,,,,,,,,,,,,,,,,,,,,,,,,,,,,,,,,,,,,,,,,,,,,,,,,,,,,,,,,,,,,,,,,,,,,,t50
FS/22.png,right,0.2283322000002954,4.421042,4.422956,4.4228783,4.4181824,4.420546,4.413357,4.409197,4.409793,4.408862,4.407277,4.4068155,4.4153605,4.4057746,4.3989105,4.410253,4.405097,4.402987,4.404512,4.4193225,4.4084406,4.4141545,4.4031577,4.405568,4.411741,4.405426,4.3869696,4.389206,4.393724,4.405902,4.396202,4.399148,4.394961,4.411672,4.3968554,4.404013,4.4085116,4.4010396,4.4183455,4.4180884,4.427388,4.423736,4.431654,4.434277,4.423122,4.444538,4.4446626,4.4360466,4.445278,4.4389815,4.444372,4.439997,4.448847,4.449143,4.4512615,4.4554577,4.4469914,4.450547,4.4578094,4.4607716,4.4621115,4.4476385,4.452821,4.4604564,4.450952,4.4481564,4.454391,4.4540277,4.448124,4.4287815,4.4515724,4.4419794,4.4346395,4.43518,4.426225,4.4231615,4.416775,4.428622,4.419823,4.419777,4.4170365,4.4268546,4.423067,4.4231935,4.424191,4.422136,4.423811,4.4188185,4.437416,4.4382668,4.424712,4.411872,4.451121,4.4463463,4.445359,4.434976,4.4199176,4.4268684,4.436903,4.444681,4.4523683,4.4443874,4.4564595,4.444269,4.4540586,4.459497,4.463179,4.4580865,4.454293,4.4688244,4.469972,4.4641724,4.4661674,4.4622083,4.467163,4.468509,4.469062,4.474079,4.487488,4.4825883,4.4795737,4.4860086,4.483849,4.4696527,4.4706874,4.4675426,4.471881,4.47155,4.4674563,4.4743404,4.4795074,4.4923663,4.4823794,4.4681587,4.4732447,4.466366,4.445265,4.4179835,4.3876786,4.3706913,4.368162,4.352227,4.3099713,4.29659,4.2601347,4.237909,4.2282996,4.2143474,4.179774,4.1590433,4.128456,4.102382,4.0689273,4.041273,4.0005603,3.9982533,4.0018964,3.9688096,3.9615772,3.9682329,3.920642,3.916282,3.8917804,3.899823,3.8835075,3.8765774,3.869244,3.8616464,3.8528576,3.8496845,3.8493838,3.8397896,3.8337114,3.826438,3.8200934,3.8248322,3.8171175,3.8086796,3.806718,3.8037798,3.8029501,3.7977705,3.8006387,3.7944462,3.8035944,3.8048158,3.7998605,3.8124442,3.7876875,3.7850804,3.8084354,3.7847543,3.8086667,3.7900333,3.7798402,3.7826161,3.7720942,3.7870471,3.7778015,3.7816067,3.7835517,3.7755094,3.7619975,3.7470238,3.7673087,2.8619936,2.5392528,3.8614554,3.878793,3.865412,3.8525229,3.869714,3.8755465,3.9063315,3.9146914,3.9096463,3.911428,3.93381,3.9435325,3.9490454,3.9739554,3.9825075,3.9557095,3.9808335,3.9978871,3.996872,4.0210824,4.0227957,4.0263104,4.0381203,4.03474,4.0519485,4.066074,4.065363,4.0705776,4.0739894,4.0779405,4.0832357,4.0907307,4.1192803,4.1204143,4.1426744,4.1459637,4.1478014,4.163761,4.1695232,4.177559,4.1659656,4.178888,4.1865354,4.195086,4.202612,4.1956067,4.2125263,4.2075467,4.2107363,4.221725,4.2201247,4.23063,4.239527,4.2508597,4.261582,4.2645044,4.264978,4.287197,4.2864456,4.2918158,4.2875285,4.2947907,4.2933836,4.2974825,4.306542,4.3016796,4.3159204,4.3104773,4.3137774,4.3009725,4.2763705,4.260912,4.2280245,4.191695,4.334272,4.310647,4.288935,4.260823,4.2728796,4.282429,4.297267,4.2942386,4.2897673,4.3068733,4.3096795,4.3239846,4.316514,4.309983,4.3246174,4.3338447,4.3391147,4.3369117,4.3382735,4.3356047,4.3452244,4.344974,4.343691,4.3357606,4.3314123,4.3335357,4.3418818,4.339985,4.3462753,4.3472323,4.3519273,4.350464,4.357497,4.3509808,4.3533797,4.3663397,4.367578,4.3653646,4.3770795,4.375522,4.3687,4.368944,4.3765545,4.374999,4.3767924,4.3696632,4.384707,4.393033,4.3809066,4.3918324,4.399736,4.400016,4.4068832,4.421719,4.412446,4.4207096,4.42345,4.422296,4.418151,4.428481,4.4284153,4.437784,4.440807,4.45031,4.4569764,4.4600344,4.464745,4.4842095,4.472754,4.4902964,4.479351,4.5052752,4.4957285,4.502912,4.5043783,4.511531,4.5045624,4.520953,4.4993267,4.5254188,,,,,,,,,,,,,,,,,,,,,,,,,,,,,,,,,,,,,,,,,,,,,,,,,,,,,,,,,,,,,,,,,,,,,,,,,,,,,,,,,,,,,,,,,,,,,,,,,,,,,t86
FS/272.png,right,0.2703622000008181,4.092451,4.0953193,4.099808,4.0873184,4.085982,4.1021233,4.0887084,4.1040115,4.101473,4.09534,4.0983205,4.102425,4.0945992,4.0999303,4.097241,4.108928,4.107091,4.1060014,4.113626,4.116734,4.1152205,4.112655,4.1112347,4.1198554,4.1243343,4.123491,4.1179075,4.1159363,4.1223917,4.124331,4.1281624,4.123122,4.126293,4.151669,4.141772,4.1466713,4.169747,4.154763,4.1572504,4.165971,4.1627383,4.1624756,4.1701865,4.172563,4.1760616,4.174718,4.1748466,4.1639404,4.1798744,4.1831107,4.1707835,4.175599,4.17161,4.1698165,4.167569,4.1666627,4.1554623,4.160115,4.1607018,4.1596828,4.139488,4.1529007,4.14224,4.1260505,4.130643,4.126007,4.126047,4.112177,4.1132646,4.10929,4.0962486,4.08666,4.09647,4.0863333,4.096528,4.0855875,4.083489,4.082219,4.075327,4.0884204,4.073925,4.087366,4.0880666,4.0915217,4.0896287,4.1014614,4.109745,4.1144433,4.112732,4.113754,4.1153684,4.1288347,4.1200686,4.139652,4.1290708,4.1381955,4.1514993,4.153188,4.1602664,4.156501,4.163838,4.17134,4.185781,4.1870975,4.1830153,4.1851892,4.1953645,4.195796,4.197027,4.2084346,4.2056575,4.216201,4.217323,4.2240744,4.22012,4.2188063,4.219272,4.2181973,4.218483,4.219698,4.228909,4.22367,4.2331033,4.2410307,4.241992,4.253677,4.26437,4.275977,4.2589507,4.2773523,4.270612,4.284485,4.275431,4.2737756,4.2375607,4.2343345,4.2342453,4.233306,4.2225275,4.2073245,4.1824265,4.164862,4.1528487,4.132525,4.0998335,4.0717263,4.063785,4.0243287,4.009988,3.988278,3.9812725,3.9625862,3.9587042,3.9327738,3.9180222,3.9006002,3.8895957,3.8870804,3.8675337,3.8558633,3.842097,3.8431637,3.8264298,3.807798,3.8189762,3.7962365,3.7883625,3.7852051,3.781223,3.7701728,3.759728,3.7710946,3.7627573,3.7596974,3.7514553,3.7512429,3.7487226,3.7573535,3.7648585,3.7562728,3.7529488,3.7734067,3.7756166,3.7726657,3.7846556,3.7994843,3.7937865,3.8054447,3.8004608,3.8091736,3.8162236,3.824174,3.8353157,3.8491218,3.8502069,3.8760939,3.8705456,3.878509,3.8934321,3.8942122,3.8947368,3.895979,3.892199,3.8935008,3.912231,3.9116082,3.914306,3.9213493,3.9207375,3.9246628,3.9313116,3.928163,3.9229307,3.9257748,3.9286869,3.9260955,3.9340928,3.9336853,3.9432557,3.9523988,3.9324906,3.9549346,3.9536254,3.9571846,3.958136,3.9706914,3.972812,3.9691594,3.980129,3.9788578,3.9814954,3.985606,3.9837606,3.989983,3.9998562,3.9958725,3.9887903,4.014197,4.020978,4.026248,4.030258,4.02283,4.021998,4.0299077,4.040393,4.0493536,4.0557675,4.044093,4.066962,4.072323,4.072946,4.079367,4.065661,4.093259,4.0876355,4.0921564,4.1012425,4.1032705,4.1130757,4.1363416,4.128416,4.1364493,4.1478167,4.1430783,4.1415896,4.158003,4.1607304,4.1662416,4.16503,4.171003,4.1669636,4.16755,4.1820636,4.183617,4.18092,4.1834154,4.1750216,4.191877,4.1877794,4.1882396,4.1896977,4.190947,4.1858974,4.191569,4.1861978,4.1892123,4.1931014,4.1944203,4.197876,4.19675,4.197011,4.2022815,4.203183,4.205145,4.201713,4.213061,4.203067,4.2152624,4.213832,4.211208,4.2153625,4.213063,4.219006,4.2174087,4.210935,4.218803,4.233437,4.226466,4.2243824,4.22939,4.2371182,4.2134457,4.2313495,4.2334204,4.2293563,4.220632,4.219028,4.229533,4.2163715,4.231628,4.2276525,4.2306366,4.2380543,4.2239504,4.242498,4.235413,4.236959,4.235642,4.2373176,4.236944,4.2305164,4.231199,4.2358336,4.224161,4.2274075,4.230827,4.2243686,4.244832,4.242489,4.2333937,4.2314935,4.2447076,4.23902,4.233398,4.2333183,4.2480426,4.250024,4.238324,4.2422786,4.2629337,4.241681,4.267715,4.2407227,4.238104,4.229346,4.245933,4.2319784,4.232012,4.242809,4.2314973,4.2320237,4.2237854,4.224912,4.245423,4.2330422,4.2338896,4.2449045,4.25755,4.2405705,4.241011,4.2465286,4.258263,4.2432494,4.244515,4.2577558,4.2504926,4.2480707,4.252681,4.255729,4.2476053,4.2541776,4.267074,4.253475,4.2478848,4.2606792,4.272287,4.280034,4.2699056,4.26621,4.2612143,4.2804627,4.272812,4.258351,4.2710238,4.2597384,4.270669,4.270295,4.2689347,4.2812395,4.262761,4.2760763,4.2819104,4.2843933,,,,,,,,,,,,,,,,,,,,,,,,,,,,,,,,,,,,,,,,,,,,,,,,,,,,,,,,,,t5
FS/272.png,left,0.2280528000010235,4.282998,4.286705,4.286639,4.2888,4.2892165,4.285827,4.288201,4.283243,4.2808623,4.2851577,4.2840233,4.28886,4.2806954,4.28103,4.2777467,4.277284,4.2849417,4.2803783,4.2813845,4.272252,4.2806234,4.283169,4.278739,4.2823052,4.2735543,4.2748823,4.2775745,4.2738395,4.2733717,4.2704506,4.2742515,4.276807,4.268758,4.2682657,4.2678595,4.2647247,4.264943,4.2672057,4.2761602,4.280946,4.283809,4.272466,4.278526,4.2798343,4.2814097,4.284211,4.279648,4.2843113,4.2796106,4.2847633,4.282996,4.2864666,4.285408,4.2831397,4.291587,4.2787294,4.2905936,4.286038,4.299332,4.2969,4.293709,4.300279,4.2920885,4.291628,4.3010206,4.293132,4.2970505,4.300096,4.2960167,4.295811,4.2914634,4.3003993,4.3035293,4.294726,4.2978106,4.3051553,4.3007197,4.30286,4.315636,4.307609,4.3116183,4.317344,4.303554,4.31722,4.317544,4.313026,4.327913,4.3286695,4.3393674,4.3421974,4.323578,4.3328457,4.3363614,4.334634,4.3423905,4.344606,4.3363314,4.3515525,4.347286,4.3434343,4.347103,4.3482347,4.3423004,4.344701,4.3499846,4.356505,4.355022,4.3548822,4.366042,4.362752,4.364859,4.363361,4.364431,4.365015,4.370428,4.3698277,4.370367,4.3674994,4.3716016,4.3732004,4.3703303,4.3679357,4.3668065,4.381056,4.4143667,4.371995,4.36805,4.3710265,4.38671,4.3880634,4.3599057,4.363244,4.358057,4.351483,4.3355093,4.3183665,4.299012,4.266068,4.246269,4.226448,4.214089,4.169721,4.1543136,4.1401043,4.1258364,4.103105,4.0747614,4.032221,4.0225134,4.0117645,4.0072947,3.9857514,3.9636688,3.9440763,3.9314349,3.9038496,3.9072416,3.9128916,3.8797226,3.8680274,3.8653212,3.8634784,3.8513484,3.8388293,3.8345325,3.8250604,3.8084173,3.8106375,3.7973082,3.8027308,3.7926066,3.811483,3.785183,3.7907515,3.7969,3.7937124,3.777413,3.79246,3.7987244,3.7846608,3.7816675,3.7999747,3.804682,3.8037088,3.8031554,3.8109155,3.8135357,3.8146858,3.8208752,3.829459,3.8123095,3.8421967,3.8454533,3.8474028,3.8492687,3.855573,3.8748636,3.872928,3.8860323,3.889693,3.8951414,3.8922117,3.9069066,3.8969514,3.8982122,3.8955338,3.9281895,3.9337335,3.9365737,3.947023,3.940515,3.9532847,3.9541147,3.9611907,3.9600046,3.9903138,3.979539,3.9868188,3.9854603,3.9904766,4.015784,4.0226645,4.0254736,4.021489,4.0634127,4.061899,4.0736423,4.0811157,4.0831337,4.089521,4.1009717,4.1014886,4.132288,4.135545,4.135828,4.109473,4.121017,4.15102,4.141691,4.1180873,4.1255417,4.0896344,4.2300105,4.241747,4.2514377,4.252811,4.2534633,4.256748,4.2655826,4.2900987,4.300822,4.2886157,4.323225,4.315007,4.3123975,4.3151684,4.3214183,4.3147388,4.314995,4.319362,4.312747,4.3192625,4.321592,4.333289,4.3408575,4.344766,4.348687,4.3410907,4.339339,4.3401585,4.3293247,4.3348784,4.3441486,4.336662,4.337557,4.3388257,4.342959,4.3413115,4.342887,4.3349013,4.3446136,4.349019,4.344457,4.3406997,4.3459635,4.3471403,4.354276,4.341481,4.351538,4.344987,4.3409476,4.3530445,4.3585873,4.353886,4.3572474,4.353541,4.356075,4.357551,4.3692007,4.3633566,4.378094,4.362519,4.3722954,4.3756337,4.372693,4.3678784,4.3681345,4.3735156,4.383419,4.381566,4.37688,4.3773594,4.3852925,4.385796,4.3869047,4.3879395,4.3779984,4.3843546,4.384783,4.387094,4.379634,4.385883,4.3830347,4.3576818,4.3567023,4.359566,4.351691,4.364637,4.358472,4.3516655,4.34264,4.338747,4.34108,4.3300934,4.329949,4.3309593,4.3255363,4.3407016,4.328971,4.3280673,4.327786,4.3300586,4.326878,4.328623,4.3214965,4.3138866,4.31517,4.314529,4.3119698,4.3132763,4.313782,4.31477,4.3247266,4.314071,4.305412,4.3235316,4.3124213,4.3122487,4.313467,4.307582,4.306594,4.3116817,4.3050036,4.2933874,4.2803297,4.2728295,4.2900906,4.287523,4.301815,4.2859216,4.2933984,,,,,,,,,,,,,,,,,,,,,,,,,,,,,,,,,,,,,,,,,,,,,,,,,,,,,,,,,,,,,,,,,,,,,,,,,,,,,,,,,,,,,,,,,,t88
FS/52.png,left,0.2314969000008204,4.1605577,4.162142,4.165574,4.1654677,4.1731195,4.155575,4.1532993,4.161878,4.165784,4.1578937,4.160467,4.1396346,4.1533155,4.156581,4.1649637,4.16665,4.1455736,4.150922,4.1489115,4.1467395,4.1236677,4.1166263,4.110406,4.1142273,4.116058,4.1222835,4.1120768,4.1176467,4.1078644,4.1096907,4.1086607,4.110266,4.1177273,4.1042852,4.1048427,4.123379,4.121784,4.1187925,4.1175575,4.102936,4.118483,4.109453,4.112218,4.112358,4.123307,4.109901,4.1184688,4.1191554,4.119684,4.118429,4.125233,4.1219983,4.1256533,4.1350675,4.1313443,4.1288257,4.128628,4.1287656,4.123366,4.1265526,4.132084,4.132934,4.1322565,4.1362867,4.1354795,4.1294403,4.12713,4.1277447,4.121495,4.136075,4.1257644,4.1135235,4.1085744,4.122427,4.1023464,4.1104264,4.1074433,4.1159544,4.102391,4.1080823,4.093487,4.0870996,4.0927343,4.1110606,4.0908427,4.0878305,4.088171,4.108302,4.108555,4.100633,4.1158943,4.1037345,4.1071143,4.1068597,4.1154246,4.1180196,4.107331,4.109552,4.114321,4.1104746,4.114079,4.115189,4.123772,4.102063,4.1095495,4.1131444,4.1093183,4.117852,4.114725,4.1258616,4.1135197,4.112036,4.1191754,4.141231,4.1140447,4.1273785,4.1401944,4.1272798,4.130783,4.1429186,4.1446095,4.1403313,4.147894,4.1563964,4.1471486,4.158662,4.1671495,4.1538367,4.170147,4.181329,4.1498556,4.138407,4.1372514,4.171037,4.166461,4.1461124,4.132991,4.2186117,4.110554,4.0904293,4.0699496,4.071214,4.0468388,4.0269365,4.0112576,4.0020885,3.9735196,3.9565985,3.9357154,3.9180684,3.8895411,3.8668423,3.8433096,3.8393147,3.8157034,3.8010256,3.7999854,3.7701745,3.7591288,3.7357628,3.7300787,3.7317746,3.7361748,3.7138853,3.701268,3.6967351,3.6841686,3.6697114,3.675049,3.6973214,3.7028499,3.686616,3.6896567,3.6851075,3.6753638,3.688102,3.6682053,3.6865728,3.6791146,3.6831546,3.690087,3.6938064,3.699099,3.6942773,3.7019167,3.6984513,3.7037559,3.7008126,3.7036662,3.7053256,3.7080364,3.7063189,3.7233524,3.7176924,3.7439299,3.7572014,3.7485528,3.7625887,3.7727826,3.7678788,3.782915,3.781888,3.7921588,3.798472,3.8011422,3.8052456,3.8035753,3.8025339,3.810625,3.819543,3.821069,3.8317666,3.8388615,3.832228,3.8366294,3.8445354,3.85539,3.8519132,3.8479855,3.8474207,3.865634,3.8507428,3.8611183,3.8713768,3.8871808,3.8853254,3.9074223,3.9206092,3.9153922,3.931249,3.9285011,3.9269106,3.9339793,3.9389868,3.9451263,3.955897,3.9553347,3.9623888,3.979561,3.9781978,3.9830997,3.9872587,3.988672,4.002638,4.0197263,4.029895,4.034807,4.0297914,4.034941,4.0451927,4.0429707,4.0568824,4.050992,4.0623813,4.062009,4.0877433,4.0937624,4.1080494,4.1178694,4.1127405,4.1134634,4.1050334,4.13097,4.1268516,4.131104,4.125879,4.135233,4.137102,4.150934,4.141312,4.1512523,4.159169,4.153291,4.158596,4.1643686,4.153012,4.1586905,4.1630774,4.1770287,4.1756225,4.182464,4.187082,4.1999383,4.1952896,4.2005873,4.200999,4.2084384,4.204572,4.2107706,4.1950054,4.200551,4.210467,4.206665,4.219335,4.209539,4.207947,4.2082024,4.210128,4.2186007,4.2283454,4.228005,4.220596,4.217183,4.2161255,4.211245,4.227704,4.228675,4.2223315,4.213823,4.211874,4.2190723,4.225691,4.2172217,4.2154565,4.2176657,4.2201915,4.215206,4.212806,4.2189193,4.216358,4.221375,4.2123914,4.2123957,4.221029,4.220955,4.2120085,4.2161994,4.221652,4.2142315,4.2152915,4.2188406,4.226613,4.224025,4.2159424,4.218172,4.224435,4.2229857,4.215323,4.2191834,4.2193604,4.2181616,4.2168555,4.216803,4.221442,4.2306647,4.210591,4.221236,4.2084084,4.2256303,4.22402,4.2137904,4.2094197,4.218947,4.207068,4.2182517,4.2185025,4.214033,4.219445,4.219904,4.217304,4.211762,4.2149544,4.2129464,4.2221203,4.2302294,4.2275114,4.209289,4.225594,4.2188034,4.2253537,4.2274346,4.226581,4.2270255,4.2164164,4.234195,4.213947,4.2286105,4.235368,4.224213,4.2275543,4.2388763,4.233048,4.239761,4.245275,4.2378902,4.2357163,4.232005,4.24026,4.2447276,4.2421303,4.247227,4.23525,4.2441883,4.2403345,4.2423444,4.2389917,4.2376475,4.2437754,4.2136765,4.216483,4.21226,4.2148433,4.2083244,,,,,,,,,,,,,,,,,,,,,,,,,,,,,,,,,,,,,,,,,,,,,,,,,,,,,,,,,,t10
FS/52.png,right,0.3434632000007696,4.1390595,4.149314,4.1478434,4.1509156,4.163255,4.1634007,4.1795897,4.166816,4.179826,4.170258,4.1704307,4.174938,4.1731997,4.169662,4.181842,4.169511,4.179972,4.184928,4.1805162,4.1817164,4.1743574,4.178389,4.1859946,4.1857634,4.1922665,4.180326,4.184452,4.182464,4.175918,4.17439,4.171684,4.1869836,4.18225,4.1890593,4.191464,4.1867614,4.1786003,4.182766,4.175028,4.166652,4.178359,4.1722317,4.1928587,4.191482,4.194724,4.183881,4.177345,4.1849713,4.1805625,4.189446,4.182867,4.1671634,4.170204,4.1597524,4.1558747,4.175211,4.1591735,4.1518893,4.1446466,4.136412,4.12777,4.103589,4.1119018,4.106912,4.1019855,4.090749,4.0773807,4.0665812,4.066584,4.0503826,4.035355,4.0316463,4.0223145,4.01903,4.009819,4.002422,3.9879992,3.976618,3.9678025,3.9754865,3.9618647,3.9612408,3.9703884,3.9589703,3.954527,3.955362,3.948276,3.945213,3.9503458,3.9530067,3.940399,3.94192,3.9444396,3.9504035,3.9516027,3.9472005,3.956054,3.9669583,3.9536011,3.9644005,3.9704137,3.9748545,3.9691434,3.9669163,3.9728022,3.9668038,3.9752016,3.98301,3.9748313,3.9744272,3.9894202,4.0039525,3.997539,4.0245285,4.0293493,4.0194936,4.026697,4.023492,4.032867,4.0459976,4.051431,4.049873,4.050608,4.0630713,4.057807,4.0698786,4.066871,4.078436,4.071532,4.075003,4.0792475,4.0585127,4.0593047,4.107919,4.086962,4.0850697,4.0783973,4.07133,4.0732374,4.0676966,4.043194,4.027529,3.999344,3.9715745,3.9653332,3.9396806,3.9219325,3.8959444,3.8764691,3.8599644,3.8482747,3.8291323,3.8193245,3.7893748,3.7685902,3.7377295,3.7535439,3.7123735,3.6938512,3.6860647,3.6577678,3.633145,3.634479,3.6300302,3.6271987,3.5990052,3.5983772,3.6104634,3.6089833,3.6054666,3.609193,3.6002858,3.596511,3.5949125,3.5917938,3.6095133,3.5840127,3.6017416,3.5935504,3.5980878,3.5990603,3.5989292,3.598743,3.609797,3.6117601,3.6094089,3.6151502,3.6130903,3.6192741,3.6367626,3.6374872,3.6401904,3.6473637,3.649011,3.654305,3.6655402,3.6254563,3.6247363,3.6154268,3.626419,3.648641,3.8100529,3.8625355,3.859245,3.8796406,3.883825,3.897794,3.9028976,3.8980737,3.9108405,3.9022357,3.9201803,3.950971,3.9479523,3.962066,3.9582138,3.968262,3.9762878,3.9902549,3.9841778,3.9826615,3.992721,3.97804,3.975179,3.9641445,3.940213,3.8638566,4.1149273,4.0772142,4.0566955,4.0859337,4.08679,4.0914955,4.099016,4.099406,4.1054635,4.12786,4.128356,4.1410832,4.1553164,4.171838,4.1776075,4.1673474,4.1723003,4.180626,4.200177,4.1921144,4.1930795,4.196458,4.1933713,4.1926193,4.1980376,4.206215,4.2005587,4.202383,4.204692,4.20566,4.1881814,4.1946335,4.1899333,4.19495,4.191943,4.201505,4.204742,4.1964364,4.1828547,4.1849008,4.200835,4.196623,4.1790824,4.201458,4.1842713,4.182522,4.191963,4.179804,4.180869,4.177263,4.1884184,4.180463,4.1795774,4.1834183,4.1673255,4.166874,4.1813927,4.1794753,4.1732783,4.1793275,4.1941886,4.175224,4.1901107,4.1754827,4.1725183,4.166418,4.179776,4.183524,4.18328,4.183087,4.1963067,4.18185,4.188808,4.186232,4.176194,4.1917033,4.200452,4.20033,4.203161,4.1946383,4.1946635,4.203062,4.1976695,4.1981187,4.202042,4.178388,4.214484,4.1955924,4.2004404,4.1992593,4.1938257,4.1873426,4.2035146,4.2015667,4.207197,4.2002454,4.1818757,4.19543,4.2014103,4.1999373,4.195244,4.1981635,4.1944036,4.2040944,4.201403,4.203874,4.193643,4.198461,4.206688,4.2009373,4.1936016,4.203955,4.2024984,4.200297,4.1943116,4.2073307,4.204646,4.2036333,4.2164316,4.2070417,4.2138596,4.213948,4.2102013,4.2157736,4.206763,4.2089496,4.225538,4.211582,4.208279,4.219868,4.2268424,4.227514,4.223584,4.2367187,,,,,,,,,,,,,,,,,,,,,,,,,,,,,,,,,,,,,,,,,,,,,,,,,,,,,,,,,,,,,,,,,,,,,,,,,,,,,,,,,,,,,,,,,,,,,,,,,,,,t55
FS/52.png,left,0.1487873000005493,4.4914665,4.5057974,4.5033956,4.5108047,4.497551,4.5031576,4.4979205,4.5144625,4.5057054,4.515017,4.5106797,4.5175,4.5225835,4.509619,4.520481,4.528563,4.5312514,4.5296426,4.5320296,4.551961,4.539846,4.55116,4.548488,4.5517535,4.567631,4.567988,4.565595,4.563071,4.570235,4.5732923,4.5702863,4.572033,4.582039,4.5750875,4.586183,4.5774302,4.5934253,4.59649,4.5981174,4.5994725,4.6031713,4.5995693,4.611252,4.608576,4.627072,4.6312046,4.636786,4.624057,4.6304135,4.626495,4.630838,4.6401477,4.630441,4.63691,4.638114,4.6509824,4.64182,4.638154,4.63455,4.641104,4.616478,4.631742,4.6326485,4.6312637,4.640446,4.6304684,4.625576,4.6336327,4.623777,4.634077,4.626055,4.6158004,4.6282797,4.614016,4.6298633,4.6269794,4.6208863,4.627043,4.630211,4.6206365,4.6190057,4.6161127,4.615622,4.6143513,4.6134467,4.6235514,4.629241,4.6325016,4.6303043,4.6225195,4.6212816,4.633947,4.631588,4.639132,4.6318417,4.6166234,4.6341887,4.6352882,4.633265,4.6262784,4.6344275,4.6291037,4.618364,4.6263747,4.6227417,4.6204953,4.623538,4.6232796,4.624713,4.6233,4.6252866,4.6141624,4.6354,4.62201,4.616897,4.615907,4.6194735,4.6143723,4.618648,4.6119184,4.616168,4.611322,4.6178293,4.612033,4.620324,4.610601,4.6165357,4.5938373,4.620505,4.759792,4.6188993,4.57588,4.583207,4.5671024,4.5691686,4.5579515,4.544476,4.535515,4.516329,4.4927363,4.464097,4.430019,4.3986206,4.3778195,4.366336,4.331785,4.3129873,4.306872,4.2602334,4.2144527,4.195506,4.172693,4.1488643,4.1309667,4.115124,4.107187,4.0770316,4.059075,4.028162,4.0161,4.016098,3.988164,3.9828167,3.9812663,3.9707494,3.9573991,3.9494383,3.9406924,3.93598,3.9386692,3.9228303,3.9274166,3.9069357,3.9069512,3.8980663,3.9008884,3.886884,3.881766,3.86433,3.859697,3.8692846,3.8201478,3.8056226,3.8554862,3.730668,3.8049357,3.86483,3.8999176,3.9239004,3.928932,3.916103,3.9154792,3.9201531,3.9229946,3.940895,3.9609134,3.96486,3.9633348,3.9917703,3.9962716,4.005404,4.0166283,4.027472,4.031027,4.0204654,4.0308814,4.038052,4.0327134,4.039572,4.048396,4.0629716,4.063801,4.0630302,4.0696454,4.073172,4.077428,4.1024528,4.1121526,4.114351,4.125891,4.136358,4.148456,4.1479106,4.1646605,4.1519837,4.1627593,4.1568823,4.1514673,4.1707497,4.1836085,4.1867743,4.187571,4.1919365,4.2044225,4.2079606,4.2134953,4.219832,4.2235346,4.231446,4.2367754,4.237698,4.25052,4.2596736,4.2798424,4.2796073,4.2764964,4.334149,4.334042,4.3312955,4.333764,4.3487177,4.3337917,4.35061,4.3376217,4.363937,4.352013,4.3455157,4.357105,4.3576565,4.3643355,4.3746886,4.384926,4.3742623,4.36461,4.3737516,4.385126,4.3904076,4.38749,4.387383,4.387738,4.383408,4.3812456,4.371108,4.383608,4.3814354,4.3789897,4.376522,4.374881,4.3816814,4.3908334,4.3854327,4.3895407,4.392511,4.3907924,4.3888426,4.379619,4.38931,4.380681,4.3923707,4.3775487,4.3971896,4.385252,4.3867445,4.390829,4.401502,4.3851852,4.399418,4.393455,4.4044566,4.404604,4.403395,4.4070587,4.4016137,4.408279,4.401523,4.4012575,4.411908,4.4029684,4.4158134,4.415362,4.416759,4.415944,4.417855,4.4189568,4.4230237,4.424223,4.4296656,4.417113,4.4319315,4.439164,4.444417,4.438295,4.4376388,4.458003,4.4497857,4.4519076,4.4442134,4.4697,4.4692945,4.4660025,4.458347,4.462122,4.4741488,4.476221,4.474862,4.4773197,4.4819317,4.4888678,4.4943943,4.492185,4.491746,4.4948688,4.4939137,4.4988694,4.4969573,4.497042,4.5106945,4.522197,4.5376816,4.5156736,4.51226,4.520103,4.5321712,4.5188456,4.517759,4.509086,4.52207,4.524095,4.522517,4.5195274,4.5339637,4.5367775,4.534613,4.5400133,,,,,,,,,,,,,,,,,,,,,,,,,,,,,,,,,,,,,,,,,,,,,,,,,,,,,,,,,,,,,,,,,,,,,,,,,,,,,,,,,,,,,,,,,,,,,,,,,t69
FS/902.png,right,0.242373500001122,4.103503,4.113728,4.1204457,4.1112504,4.116873,4.116612,4.115357,4.118395,4.1172266,4.119659,4.114576,4.12514,4.116307,4.122344,4.1218214,4.1207347,4.1175137,4.114859,4.113797,4.1140857,4.117649,4.1220093,4.1223598,4.1174235,4.118318,4.1173797,4.125498,4.1157284,4.1228733,4.116121,4.11083,4.1276793,4.1238394,4.1238675,4.1258154,4.128702,4.132825,4.135852,4.121873,4.142713,4.139041,4.147548,4.1473136,4.136287,4.1408863,4.148242,4.1459103,4.144002,4.1535606,4.153177,4.153122,4.1544313,4.162297,4.160862,4.1695704,4.161091,4.158499,4.164017,4.17118,4.163527,4.1628838,4.1815147,4.1716113,4.160394,4.1670575,4.154943,4.1648407,4.162009,4.157054,4.156415,4.161785,4.147641,4.161875,4.1500697,4.143649,4.15398,4.145717,4.154446,4.1534967,4.1458817,4.1463056,4.156723,4.1349883,4.1452017,4.1518087,4.1566763,4.1624017,4.158147,4.16098,4.1493497,4.1529064,4.159237,4.1770654,4.168646,4.1703763,4.173837,4.168479,4.181717,4.1891847,4.1835294,4.1862907,4.198288,4.1937184,4.194388,4.201374,4.1950893,4.209561,4.2067156,4.208451,4.212575,4.2070727,4.2154713,4.2090774,4.2026076,4.208316,4.226117,4.2135916,4.2239966,4.220983,4.2171006,4.2234716,4.2221055,4.234181,4.238822,4.2364335,4.240331,4.2270994,4.215082,4.263597,4.239197,4.233961,4.2324305,4.2272363,4.2309947,4.2200027,4.2219496,4.204409,4.1874,4.168547,4.1536927,4.1455684,4.1301517,4.0925417,4.071722,4.060018,4.0362806,4.0253496,3.9943786,3.9909732,3.9616554,3.9458747,3.918269,3.9019556,3.8813663,3.8740768,3.8636549,3.858566,3.8393817,3.829943,3.8006952,3.784106,3.802167,3.7764404,3.773692,3.7691228,3.7542324,3.738025,3.7549484,3.721619,3.7201693,3.7211103,3.7237139,3.7115767,3.6984582,3.7050338,3.7058713,3.6947463,3.7109292,3.7069616,3.7079766,3.704672,3.7159004,3.713593,3.722754,3.7204764,3.7267153,3.7127512,3.7424977,3.7550614,3.746566,3.7506566,3.7588277,3.7610064,3.7713542,3.7707272,3.7688756,3.7749767,3.7791722,3.790357,3.7831156,3.7927759,3.7756462,3.8015087,3.780032,3.7869055,3.775024,3.7897503,3.7956877,3.7874768,3.7834072,3.7861724,3.7848008,3.7814136,3.783557,3.798332,3.7991652,3.8029735,3.8026834,3.802701,3.805351,3.8083158,3.8185077,3.8207343,3.8135056,3.8288653,3.8207977,3.8468888,3.8432095,3.8563316,3.8364882,3.8635638,3.8456004,3.8306503,3.825765,3.8086197,3.8197622,3.750647,2.8580701,3.7644577,3.8113132,3.825439,3.87742,3.8889217,3.9074728,3.9186347,3.9385304,3.963781,3.9540486,3.9347231,3.9634156,4.0066886,4.0098147,4.010875,4.030603,4.0328646,4.0398116,4.048889,4.059223,4.0554023,4.0684175,4.09259,4.0851007,4.098027,4.105833,4.107334,4.1079884,4.0952673,4.1094856,4.1056247,4.1213684,4.1167083,4.1217456,4.131763,4.1426406,4.1321383,4.13645,4.140148,4.1422415,4.148984,4.1527157,4.151716,4.1609254,4.1553073,4.1637683,4.155432,4.16355,4.159933,4.1627007,4.164426,4.1626253,4.155634,4.1732545,4.164897,4.1592283,4.165287,4.1725225,4.1731257,4.172401,4.165395,4.167651,4.178042,4.1678267,4.1668305,4.171355,4.1615024,4.162141,4.1667147,4.16366,4.166537,4.1728253,4.167241,4.1559887,4.161268,4.1692386,4.1650395,4.1769905,4.16501,4.1693606,4.1683965,4.168821,4.157121,4.1562347,4.154613,4.15165,4.1662064,4.151927,4.1537757,4.1604543,4.166812,4.160377,4.173066,4.1615996,4.1708217,4.150813,4.1632075,4.1648946,4.1781087,4.1575866,4.163799,4.1664505,4.1678157,4.168301,4.16508,4.1598115,4.1700606,4.1644335,4.1648083,4.166471,4.1657705,4.1644855,4.166834,4.163154,4.1690583,4.164906,4.167496,4.1665306,4.1640606,4.161995,4.164709,4.1622543,4.1661325,4.1719723,4.170517,4.167257,4.1745386,4.1802015,4.1742167,4.1784115,4.1895204,4.1805825,4.186987,4.187645,4.191236,4.187686,4.1988297,4.199839,4.198358,4.1928425,4.2022533,4.1991477,4.2016506,4.1976686,4.2044716,4.2013073,4.205376,4.2077284,4.2066936,4.21379,4.206816,4.211731,4.206567,4.207704,4.207165,4.21897,4.203134,4.2138453,4.2258005,,,,,,,,,,,,,,,,,,,,,,,,,,,,,,,,,,,,,,,,,,,,,,,,,,,,,,,,,,,,,,,,t12
FS/902.png,left,0.1644881000001987,4.0918913,4.0983644,4.0939856,4.0909643,4.0940504,4.095218,4.095293,4.078324,4.07583,4.0747967,4.0754867,4.073875,4.0598526,4.0497217,4.062944,4.0665064,4.0670295,4.0601196,4.0602503,4.05925,4.0709214,4.0708194,4.073685,4.0701137,4.075539,4.063442,4.071107,4.073104,4.089328,4.0811505,4.0931544,4.130422,4.0765724,4.0604606,4.084256,4.0907993,4.1003194,4.0984516,4.1006746,4.114929,4.124112,4.1245494,4.12089,4.122149,4.123649,4.122425,4.133024,4.131268,4.1271324,4.1360335,4.1394477,4.1544046,4.139866,4.1533165,4.1648517,4.164363,4.1585693,4.181651,4.17583,4.1801805,4.183987,4.18132,4.1853504,4.183998,4.190335,4.2020965,4.198233,4.2040257,4.1936774,4.196932,4.1934247,4.198497,4.2007995,4.1966925,4.194632,4.1960607,4.1946306,4.191861,4.1966662,4.2019677,4.1986933,4.2103405,4.2119555,4.2170534,4.197122,4.2008295,4.2268443,4.2198834,4.2302446,4.239735,4.2463746,4.243377,4.245669,4.2534323,4.2551956,4.254282,4.250542,4.2601986,4.278827,4.2615914,4.2701073,4.273622,4.275286,4.2745476,4.2600226,4.2722764,4.2688417,4.280133,4.2728987,4.277929,4.2947316,4.2788434,4.289599,4.286333,4.298064,4.3054805,4.306779,4.289055,4.3115044,4.299108,4.3149495,4.339431,4.326825,4.3415947,4.3415475,4.336775,4.334731,4.316273,4.284671,4.3067636,4.313894,4.3180766,4.318006,4.3059707,4.315924,4.2832246,4.2764993,4.257484,4.258061,4.235787,4.229262,4.2143345,4.1943026,4.18007,4.147874,4.114404,4.1172247,4.0953784,4.0721264,4.06517,4.0530105,4.0286636,4.0166197,3.99137,3.980651,3.960507,3.9611685,3.9398558,3.9352884,3.9307811,3.9245179,3.9176793,3.913343,3.8985949,3.884209,3.8864462,3.8719695,3.889584,3.8746645,3.8675668,3.8665197,3.8656015,3.8812904,3.8688762,3.8858666,3.8591437,3.866595,3.874127,3.8698225,3.8859475,3.8870778,3.8842978,3.8939848,3.8857653,3.9009743,3.893446,3.894928,3.8983488,3.9115088,3.9117243,3.928273,3.9046788,3.9297452,3.9466226,3.9415722,3.949095,3.96001,3.957711,3.9616933,3.973076,3.990805,3.9975142,3.998819,3.9997761,4.022651,4.0219803,4.020391,4.0214844,4.0151978,4.003944,3.9846592,3.9840574,3.9301162,2.650918,4.1136622,4.1177845,4.173447,4.1644454,4.1886206,4.2001343,4.210191,4.2093883,4.2152205,4.2232413,4.224374,4.2239404,4.222056,4.2396774,4.252012,4.2759857,4.2851033,4.2915916,4.2933006,4.2990336,4.3008847,4.2991524,4.3244777,4.320317,4.3203416,4.3424263,4.3324738,4.3494215,4.345295,4.3476386,4.3480396,4.3556957,4.3586044,4.360439,4.366896,4.373015,4.366809,4.3704777,4.37497,4.375065,4.3683767,4.3799186,4.391103,4.3864045,4.3994274,4.4025664,4.392339,4.4030395,4.399633,4.4072165,4.4090805,4.408075,4.409619,4.4114094,4.4149575,4.4162793,4.4101095,4.412665,4.4167175,4.4194646,4.415699,4.421604,4.4166155,4.4341607,4.420923,4.430388,4.426167,4.4417005,4.434181,4.4474125,4.4422903,4.4465704,4.464379,4.454065,4.456428,4.462287,4.4645805,4.4533267,4.463831,4.4571853,4.4612823,4.4617915,4.4686675,4.4672766,4.4674306,4.4521484,4.4711533,4.4655876,4.4674597,4.456101,4.462384,4.472748,4.453198,4.4590907,4.4530945,4.457085,4.458235,4.4496384,4.45658,4.4528947,4.458553,4.457261,4.451339,4.4637,4.453985,4.4554195,4.4497595,4.4578433,4.4570613,4.456767,4.4551783,4.4578996,4.4549975,4.457084,4.4646215,4.4574103,4.4616895,4.4608393,4.4620204,4.4557314,4.4562583,4.44746,4.455004,4.45048,4.442475,4.455672,4.4460506,4.4537997,4.461193,4.4634852,4.458694,4.4667473,4.472517,4.466284,4.487129,4.4661756,4.484877,4.4911447,4.4905605,4.4956617,4.5001936,4.4973454,4.4963436,4.508007,4.509594,4.529232,4.5154414,4.5026402,4.5148044,4.524541,4.52265,4.5327077,4.5357046,4.547149,4.539798,4.5257287,4.5285454,,,,,,,,,,,,,,,,,,,,,,,,,,,,,,,,,,,,,,,,,,,,,,,,,,,,,,,,,,,,,,,,,,,,,,,,,,,,,,,,,,,,,,,,,,t111
FS/192.png,left,0.2401662000002034,4.147202,4.1509457,4.158245,4.152265,4.15597,4.152081,4.168797,4.168484,4.1622124,4.164034,4.1643376,4.162363,4.1670012,4.1622667,4.165521,4.1704307,4.1630096,4.166607,4.1665225,4.172028,4.1725044,4.173759,4.1694584,4.1704535,4.167628,4.1642118,4.166557,4.173793,4.162529,4.1635475,4.1619015,4.1547966,4.152623,4.1624317,4.140435,4.148679,4.1411023,4.1417203,4.1434426,4.137031,4.1399326,4.1321664,4.1415014,4.131007,4.137837,4.129349,4.1350746,4.131685,4.12574,4.124488,4.1220922,4.11477,4.1250687,4.1163225,4.119293,4.1229916,4.1111503,4.100747,4.108272,4.104512,4.100305,4.090617,4.0909834,4.0844293,4.0879407,4.072055,4.060312,4.0523176,4.058353,4.0463815,4.0495753,4.0414877,4.045692,4.0294538,4.0320454,4.04286,4.0352106,4.0201416,4.027413,4.0205555,4.018111,4.023625,4.01325,4.020821,4.012597,4.0148416,4.0135164,3.9970067,3.982673,4.002487,3.9997265,4.005222,3.9951081,3.9944947,3.9968998,3.997383,4.0115952,4.001086,4.0030246,4.009172,4.0130143,4.0270934,4.005208,4.015974,4.0330706,4.0309224,4.0419025,4.039068,4.0392423,4.0328054,4.051939,4.0515323,4.0669208,4.0542626,4.063804,4.0691304,4.073773,4.0801845,4.085324,4.0863743,4.079137,4.083796,4.0853896,4.09093,4.0903897,4.096168,4.095677,4.0855885,4.108995,4.093938,4.0849743,4.090308,4.0878115,4.087014,4.099215,4.1062455,4.097273,4.091594,4.0806904,4.0716696,4.0664473,4.057698,4.0286155,3.9978392,3.994066,3.982784,3.9654155,3.943502,3.9137146,3.904321,3.8701224,3.8516939,3.822156,3.8215964,3.8179088,3.798529,3.7823033,3.7692027,3.753396,3.7351162,3.7066004,3.6834786,3.669045,3.6635544,3.6570597,3.6556244,3.6501467,3.6160395,3.6176674,3.6080968,3.6135013,3.604981,3.5941398,3.5929463,3.5965693,3.5999196,3.588382,3.5885897,3.5854864,3.5827734,3.5982752,3.5925164,3.5891445,3.579003,3.5851502,3.5743756,3.5932755,3.5954585,3.5946085,3.582866,3.6000917,3.6050596,3.5950077,3.605397,3.6112356,3.6112733,3.61652,3.6251762,3.6312206,3.6271632,3.6296427,3.631255,3.6453555,3.6475399,3.6432726,3.664989,3.6684315,3.6761913,3.683995,3.6826863,3.700979,3.6863472,3.70244,3.693801,3.7013896,3.704432,3.7003217,3.7197533,3.721942,3.7320685,3.7274966,3.7241569,3.7460763,3.7534282,3.7570057,3.7613416,3.7762504,3.786348,3.784756,3.803226,3.7973676,3.805806,3.8101656,3.8020182,3.809836,3.8163183,3.8266363,3.8258677,3.8326535,3.8332422,3.847239,3.8831375,3.8923602,3.8904974,3.9048758,3.8999748,3.9144468,3.9271822,3.9382098,3.9415312,3.9476838,3.9386353,3.9600449,3.9604206,3.9717536,3.9800367,3.969116,3.9835851,3.9878395,3.9906452,3.998353,3.9977238,4.0011926,3.9964986,4.0168166,4.0068936,4.0160594,4.031093,4.0477853,4.0478997,4.050657,4.0480323,4.05339,4.048797,4.0664825,4.0572534,4.0807,4.073762,4.0758376,4.0872154,4.0897923,4.082089,4.077614,4.0829697,4.08554,4.0945797,4.095922,4.091107,4.0940194,4.0998287,4.1077957,4.104316,4.1127114,4.109068,4.1202183,4.1185937,4.1228714,4.119342,4.1245394,4.1197815,4.1206117,4.1258283,4.1208243,4.119341,4.118004,4.123408,4.1253676,4.1244607,4.120015,4.129114,4.1292043,4.132516,4.13286,4.132751,4.1316724,4.137933,4.1347647,4.1454973,4.1451955,4.150699,4.1601324,4.1383758,4.151352,4.1614037,4.1530137,4.162289,4.1567225,4.157382,4.158493,4.1637783,4.157741,4.169329,4.159589,4.1598606,4.1672277,4.165991,4.163672,4.1610246,4.1622767,4.173758,4.179081,4.177256,4.1833453,4.1856833,4.176444,4.1829515,4.1835966,4.181132,4.1831365,4.1771607,4.179692,4.181981,4.1879926,4.180871,4.1812162,4.1828113,4.1833878,4.178021,4.1878304,4.1822658,4.1831307,4.180535,4.1841645,4.1805153,4.1803226,4.18549,4.1808476,4.1806026,4.1805754,4.184447,4.1868978,4.184312,4.1833115,4.1909475,4.1788936,4.1812987,4.179243,4.1815186,4.18478,4.188308,4.1818767,4.1881895,4.1915746,4.1887803,4.1797514,4.1917005,4.188948,4.190249,4.1933875,4.1770697,4.1937647,4.191711,4.182068,4.1803355,4.1835785,4.178651,4.1811914,4.1747727,4.1744366,4.1812453,4.1774006,4.1722593,4.1903434,4.1630683,,,,,,,,,,,,,,,,,,,,,,,,,,,,,,,,,,,,,,,,,,,,,,,,,,,,,,,,,t20
FS/192.png,right,0.2278857000010248,4.157202,4.1487985,4.15385,4.134724,4.1389604,4.144638,4.147094,4.132455,4.1355667,4.135874,4.1335735,4.1307516,4.1320477,4.1307807,4.1430163,4.1393294,4.156567,4.1575837,4.1463227,4.1649175,4.163789,4.164917,4.1618505,4.1630793,4.179381,4.1771207,4.171367,4.1771417,4.1810255,4.1842656,4.189899,4.1850424,4.2006874,4.194155,4.1890855,4.1904507,4.1923757,4.199877,4.2019315,4.1909103,4.1957164,4.1958833,4.18141,4.1925907,4.188765,4.196371,4.1900883,4.2084794,4.189525,4.1930594,4.191309,4.189864,4.1901817,4.197909,4.189551,4.1930094,4.182908,4.178392,4.16955,4.1565785,4.1464143,4.1464915,4.13667,4.137118,4.1343446,4.1143966,4.114363,4.1037393,4.1058598,4.0974116,4.088874,4.082852,4.0810924,4.0774016,4.0661674,4.07184,4.053088,4.0472383,4.0467997,4.043087,4.0416145,4.0425773,4.0443797,4.045867,4.040346,4.053517,4.0447116,4.047839,4.0533385,4.05099,4.0596128,4.062651,4.063479,4.059135,4.064733,4.069822,4.071753,4.0722213,4.0670104,4.073359,4.070484,4.070448,4.0698824,4.0900574,4.0982065,4.1216598,4.1345778,4.124709,4.136367,4.1325464,4.1404705,4.1472974,4.168897,4.1652036,4.1672,4.170032,4.171696,4.177645,4.173544,4.173587,4.1786466,4.184987,4.1908765,4.185468,4.189362,4.1997256,4.2057104,4.212119,4.219578,4.2245164,4.218681,4.2202725,4.216371,4.220235,4.2091174,4.2158036,4.2020106,4.1834936,4.1611977,4.136955,4.1218114,4.109248,4.0980773,4.0898814,4.0659714,4.0355744,4.0281334,3.9994311,4.0007567,3.9963307,3.982126,3.9503028,3.926678,3.912269,3.907717,3.8808146,3.8675861,3.8595169,3.8506267,3.8482945,3.8221126,3.824012,3.8085222,3.8032146,3.7955158,3.7893522,3.77749,3.7951763,3.7714186,3.7645936,3.7659452,3.766141,3.7591631,3.7683864,3.7485006,3.7586205,3.757517,3.754981,3.753527,3.7465553,3.7448924,3.7502239,3.7531226,3.7538857,3.7661936,3.7548115,3.7515593,3.7601311,3.7665806,3.7481577,3.757748,3.758115,3.7408571,3.7279654,3.74051,3.7045724,3.1542745,2.6390793,3.0572271,1.388866,3.7233033,3.8526604,3.8046389,3.7556627,3.7562788,3.7566268,3.7636,3.769072,3.7838912,3.7823792,3.8019342,3.8182595,3.8424563,3.8546944,3.868021,3.8640697,3.8924706,3.889852,3.8875587,3.901314,3.899615,3.910934,3.9173229,3.9261477,3.90008,3.9063754,3.9237351,3.933642,3.92405,3.9379594,3.962369,3.9673324,3.9662302,3.9734476,3.981353,3.9725726,3.99117,3.9948194,3.9947398,4.002365,4.001511,4.010151,4.0144763,4.026152,4.0230503,4.041889,4.0412803,4.0511436,4.0551105,4.079782,4.045186,4.0606365,4.0513554,4.061771,4.0322385,4.04001,4.0311275,4.054603,4.0533843,4.05555,4.0624747,4.07693,4.08211,4.0835047,4.0876985,4.0811644,4.0889416,4.092108,4.090477,4.094675,4.0924735,4.1124043,4.107239,4.1094203,4.112291,4.111507,4.1143284,4.109475,4.1072984,4.11898,4.1106405,4.118952,4.1027837,4.103204,4.1062627,4.111186,4.1091485,4.1160398,4.1120877,4.1176386,4.1044073,4.1126084,4.106484,4.109416,4.1137567,4.120741,4.1094265,4.106027,4.1133256,4.119047,4.110181,4.114266,4.1119475,4.107536,4.100892,4.1028776,4.1061583,4.1072745,4.10134,4.1098742,4.098451,4.103611,4.1045804,4.102206,4.1034226,4.097229,4.0899997,4.092234,4.0886064,4.0863843,4.088429,4.0893292,4.0849576,4.0872784,4.0841875,4.087468,4.081373,4.083801,4.0825334,4.084501,4.083026,4.0855217,4.077209,4.0833373,4.087838,4.0755305,4.0807514,4.08475,4.0778313,4.084941,4.0848813,4.062775,4.0734177,4.0749073,4.068859,4.0665135,4.059782,4.0659947,4.068748,4.0606074,4.055655,4.0669513,4.0634885,4.0647435,4.0601034,4.064586,4.0587354,4.071127,4.0755153,4.072246,4.0635624,4.0661345,4.0581775,4.0508723,4.05749,4.058944,4.0604305,4.0641937,4.0693984,4.0744243,4.0654697,4.061502,4.077703,4.0760183,4.0793395,4.0735564,4.066084,4.0874696,4.075535,4.090091,,,,,,,,,,,,,,,,,,,,,,,,,,,,,,,,,,,,,,,,,,,,,,,,,,,,,,,,,,,,,,,,,,,,,,,,,,,,,,,,,t42
FS/192.png,left,0.1100586000011389,4.6252193,4.6179404,4.6293693,4.634392,4.6356444,4.640554,4.642162,4.6450944,4.6491566,4.65234,4.6612887,4.6633983,4.6746926,4.6777806,4.6827836,4.6769996,4.6773405,4.686389,4.6810203,4.647864,4.6680455,4.6734376,4.687348,4.685772,4.685222,4.684294,4.6816354,4.6893415,4.685054,4.680506,4.6883903,4.6917114,4.703548,4.6971874,4.703641,4.70603,4.705411,4.7055883,4.712613,4.7093916,4.711543,4.7244577,4.7094493,4.70666,4.7119946,4.7176337,4.7114553,4.729678,4.709173,4.71492,4.683932,4.691337,4.676085,4.67449,4.676462,4.6738873,4.6679425,4.6655073,4.669795,4.6695457,4.6715,4.6592083,4.662857,4.6544757,4.660936,4.647926,4.620931,4.637258,4.649965,4.617235,4.599969,4.6023483,4.618292,4.615872,4.6069417,4.6095614,4.6076837,4.5950274,4.6037784,4.5955653,4.6074877,4.5964947,4.5902104,4.5904937,4.5994716,4.5869894,4.570416,4.5887284,4.580663,4.5933223,4.591834,4.6011386,4.585191,4.5923862,4.598167,4.5892596,4.59961,4.5903378,4.6020427,4.6021953,4.590542,4.588877,4.5902395,4.5974817,4.591107,4.596882,4.605537,4.6065173,4.614333,4.6156197,4.632088,4.6248274,4.6212196,4.620939,4.630981,4.6247683,4.6330366,4.637183,4.6318393,4.645498,4.6493287,4.632168,4.648087,4.64895,4.6552944,4.6514797,4.6598954,4.6637716,4.6467047,4.6516705,4.653964,4.6613083,4.65146,4.656918,4.6417017,4.6317096,4.6304355,4.6151657,4.587078,4.5862117,4.5766873,4.555769,4.5277767,4.5078044,4.4799924,4.467862,4.453487,4.420682,4.3962083,4.371168,4.3375144,4.321723,4.303595,4.2864447,4.2543883,4.251626,4.246469,4.2419114,4.227062,4.204638,4.1924696,4.15708,4.146566,4.1255364,4.122271,4.106952,4.1041613,4.09264,4.0846324,4.0825396,4.084367,4.0766015,4.067488,4.0587225,4.059204,4.052954,4.046227,4.042934,4.037386,4.0260797,4.015457,4.0109015,4.015195,4.008067,4.008181,3.9931772,4.015053,4.007646,4.0298014,4.0323043,4.034461,4.019651,4.025333,4.0290747,4.026534,4.026639,4.0212917,4.016537,4.0384483,4.0386887,4.018521,4.023429,4.030752,4.0395026,4.030372,4.058067,4.017123,3.9776983,2.3883615,3.225085,4.25809,4.1757846,4.229969,4.236926,4.262224,4.27387,4.2841063,4.3140106,4.30974,4.313977,4.299113,4.3041344,4.32209,4.3255095,4.345015,4.357536,4.3799806,4.3909492,4.399101,4.4015946,4.405642,4.4065833,4.407558,4.414225,4.413549,4.427214,4.427515,4.434461,4.4468794,4.4522643,4.450512,4.456515,4.4568357,4.467179,4.473343,4.48401,4.485539,4.484456,4.497337,4.5098553,4.502937,4.5088906,4.4955153,4.5108767,4.512555,4.5146737,4.5230756,4.5181627,4.5206785,4.5195894,4.5229383,4.535071,4.529657,4.5404015,4.5327187,4.5306053,4.538294,4.5420876,4.5314236,4.53245,4.542832,4.5325394,4.53329,4.5326834,4.526459,4.54088,4.54033,4.535834,4.543725,4.547406,4.5458093,4.553889,4.5532813,4.5572686,4.5376425,4.5449405,4.5499206,4.5583534,4.550524,4.5551314,4.541629,4.549761,4.5392346,4.550047,4.540094,4.541889,4.54271,4.5411835,4.5366235,4.5444875,4.5335183,4.514916,4.5168796,4.5189586,4.5323286,4.5228825,4.5324235,4.521161,4.5102806,4.5099144,4.507772,4.518786,4.5241284,4.509876,4.5183725,4.5119457,4.5004773,4.5038404,4.5017886,4.5012627,4.504796,4.52766,4.5229015,4.517579,4.522358,4.524356,4.5115733,4.517997,4.5255814,4.527241,4.5227766,4.525001,4.5345907,4.5304213,4.542996,4.5291934,4.541858,4.540135,4.5442014,4.5465736,4.549955,4.5481315,4.5683002,4.567166,4.564236,4.561581,4.5671134,4.574871,4.575787,4.572388,4.5802584,4.5888796,4.590779,4.5911765,4.6052895,4.6187863,4.6037526,,,,,,,,,,,,,,,,,,,,,,,,,,,,,,,,,,,,,,,,,,,,,,,,,,,,,,,,,,,,,,,,,,,,,,,,,,,,,,,,,,,,,,,,,,,,,,,,,,,,,,,,t91
FS/382.png,left,0.1076679000007061,4.2290587,4.213292,4.2285438,4.239362,4.2376924,4.235837,4.23262,4.2364626,4.2424707,4.2484403,4.246174,4.261834,4.2429495,4.2690177,4.2904987,4.237976,4.2509136,4.235808,4.244174,4.2374,4.2501917,4.252889,4.262816,4.264211,4.2637763,4.258095,4.256064,4.254321,4.265291,4.2584414,4.260309,4.268084,4.2768087,4.263166,4.283011,4.278348,4.288497,4.2903805,4.284366,4.2883253,4.2856216,4.2947307,4.2931767,4.294044,4.302402,4.3019576,4.2890663,4.2955427,4.2976704,4.294397,4.3069034,4.2989087,4.304861,4.3100224,4.3078027,4.3007545,4.299513,4.295028,4.30732,4.2985463,4.306304,4.306696,4.3131156,4.3015947,4.3132186,4.314212,4.314395,4.3117414,4.3092847,4.317825,4.313569,4.3191543,4.3063807,4.309775,4.3198075,4.331152,4.3222966,4.32019,4.314803,4.3247814,4.3192396,4.3263583,4.323813,4.3205194,4.3317475,4.3300815,4.336762,4.322705,4.3416247,4.344773,4.342187,4.3438945,4.349142,4.3385687,4.336174,4.3402467,4.3498816,4.341255,4.3457513,4.3439054,4.3396735,4.340852,4.3406367,4.35039,4.3414793,4.349048,4.337391,4.355,4.354564,4.366496,4.3697743,4.3651,4.3643255,4.357718,4.367783,4.366575,4.3813167,4.3814373,4.3810797,4.385304,4.386858,4.3900146,4.386453,4.3880825,4.390467,4.3863335,4.3553514,4.3593407,4.3785357,4.3441157,4.354863,4.331965,4.3435884,4.339779,4.335139,4.3253555,4.3270016,4.3136764,4.2974367,4.2874327,4.281757,4.243853,4.203535,4.1777697,4.1683,4.146665,4.1304665,4.1208425,4.108791,4.0836334,4.040793,4.0078845,4.006342,3.9774637,3.953585,3.9468544,3.939231,3.9286222,3.9298286,3.9096184,3.8946798,3.872948,3.8712049,3.8557785,3.8399463,3.8255436,3.805194,3.8103983,3.7947903,3.7943878,3.781034,3.7751122,3.7794878,3.7671003,3.7757888,3.7623389,3.7682247,3.7570622,3.7663543,3.7607734,3.7606924,3.7477813,3.7359185,3.7481468,3.7414846,3.7302985,3.708269,3.6770198,1.4582722,3.8919497,3.89334,3.8762097,3.910476,3.9212894,3.9361603,3.951263,3.9599507,3.9551017,3.9616892,3.9841056,3.9986544,3.9994016,4.016969,4.016969,4.016746,4.0193954,4.0280514,4.046564,4.06155,4.0648084,4.074316,4.0767155,4.0713015,4.0728955,4.079162,4.0994315,4.0969615,4.1084137,4.1021295,4.106101,4.111293,4.126576,4.1265855,4.123017,4.136132,4.1473355,4.148425,4.1477685,4.1411257,4.155687,4.1543107,4.1652865,4.1628695,4.1611667,4.1597266,4.167426,4.1733656,4.169823,4.1755095,4.162073,4.1707253,4.1811028,4.18483,4.174525,4.1786065,4.1924434,4.184821,4.1937423,4.206307,4.2050595,4.2037563,4.202838,4.2097797,4.204091,4.2060356,4.2107363,4.209643,4.1871743,4.213792,4.2684226,4.196921,4.167101,4.1959734,4.1927104,4.1765385,4.188479,4.1940255,4.202789,4.2174478,4.215011,4.224986,4.2179756,4.2245073,4.220814,4.218203,4.2212806,4.2175283,4.209864,4.212081,4.2222843,4.232476,4.2270775,4.221178,4.217538,4.221183,4.222932,4.216108,4.2270513,4.2115297,4.2108326,4.2151747,4.2147713,4.218344,4.208771,4.2141647,4.2188816,4.2134056,4.1989074,4.215238,4.2046695,4.20403,4.1985593,4.201904,4.2097964,4.196056,4.205791,4.2166786,4.2040253,4.209388,4.214399,4.2069144,4.1887655,4.180024,4.1760383,4.1730986,4.1849933,4.1871414,4.1923456,4.195743,4.191998,4.196851,4.192568,4.198068,4.2035446,4.2064037,4.2122955,4.2066584,4.2099104,4.21327,4.210917,4.2199097,4.2225995,4.2169085,4.2223134,4.2246737,4.2157803,4.224851,4.2239723,4.2248597,4.226498,4.22608,4.23887,4.228576,4.2288265,4.233299,4.2358937,4.2415395,4.233511,4.2381988,4.240715,4.253771,4.253605,4.2403245,4.2387304,4.2523036,4.2527366,4.254459,4.2699513,4.2729154,,,,,,,,,,,,,,,,,,,,,,,,,,,,,,,,,,,,,,,,,,,,,,,,,,,,,,,,,,,,,,,,,,,,,,,,,,,,,,,,,,,,,,,,,,,,,,,,,,,,,,t32
FS/462.png,right,0.2387027000004309,4.131664,4.134823,4.141614,4.134682,4.139116,4.139772,4.1433287,4.137504,4.134793,4.143136,4.1478105,4.141998,4.159031,4.139576,4.1557517,4.1474566,4.144942,4.1500115,4.158134,4.151369,4.158055,4.1523023,4.153146,4.157617,4.1635876,4.160397,4.149692,4.1610913,4.142226,4.1572356,4.161338,4.1595354,4.155574,4.1517925,4.1543865,4.1631103,4.1662235,4.160391,4.167382,4.1652627,4.163672,4.1614504,4.1653333,4.1689696,4.1643987,4.164022,4.1604605,4.1534967,4.163692,4.156617,4.157659,4.1618457,4.16518,4.1525173,4.164474,4.16013,4.144356,4.13983,4.142511,4.139769,4.1405954,4.1436768,4.1415462,4.1396337,4.1417756,4.1303997,4.1224613,4.1275177,4.127832,4.131956,4.1208973,4.126211,4.1296577,4.118608,4.1185603,4.126542,4.127483,4.10965,4.1217237,4.1160502,4.1172185,4.115287,4.12452,4.126606,4.11944,4.121155,4.1217327,4.1288586,4.137134,4.133183,4.137032,4.121861,4.130073,4.12521,4.1397753,4.134019,4.1313186,4.1440196,4.13877,4.1313076,4.12741,4.115716,4.1328654,4.1560225,4.1419907,4.1485,4.15625,4.144245,4.157544,4.163653,4.1590767,4.1568036,4.170869,4.1618876,4.17075,4.1700935,4.164146,4.1736407,4.1855545,4.175232,4.1826177,4.179405,4.1804123,4.185174,4.184,4.1967797,4.1888847,4.1878786,4.1962986,4.1972127,4.1969357,4.1964703,4.1959596,4.1956215,4.187045,4.194,4.184611,4.176698,4.1761284,4.164034,4.1418195,4.109393,4.07624,4.058444,4.036569,4.0226855,4.0081773,3.987146,3.9738753,3.944192,3.9191027,3.8898609,3.880863,3.8731596,3.8459697,3.8316243,3.8363225,3.8101258,3.793107,3.7657218,3.7581797,3.7521331,3.7247036,3.706616,3.691987,3.6837106,3.6922078,3.6882672,3.6671524,3.6613474,3.666862,3.6557126,3.6613948,3.6593173,3.659428,3.6588361,3.651246,3.6422617,3.6368911,3.633293,3.6281896,3.6099896,3.6199543,3.6063645,3.5986164,3.5815895,3.5545163,3.544498,3.5534735,1.3206342,1.396305,1.5649245,3.6948879,3.6453073,3.6689367,3.65894,3.6731088,3.6890168,3.6916263,3.696169,3.7141783,3.7336915,3.7609987,3.7807467,3.7969656,3.796687,3.8088064,3.8145554,3.8192322,3.822671,3.829466,3.846235,3.84646,3.85122,3.85701,3.8641589,3.862316,3.88152,3.8907511,3.9055674,3.886315,3.8938053,3.90283,3.913148,3.9074264,3.9369223,3.9273942,3.9431734,3.9386184,3.9615357,3.9635088,3.9515374,3.9584033,3.984445,3.9745684,3.9794,3.980293,3.9968274,3.984868,3.9948308,3.9955187,4.0009065,3.9953187,4.005572,4.010882,4.0187035,4.0305696,4.0268106,4.0250773,4.043988,4.0450253,4.047013,4.048574,4.041343,4.055633,4.054251,4.064019,4.063075,4.0607085,4.0624633,4.06492,4.062774,4.0684757,4.0649667,4.069962,4.06855,4.0751214,4.073244,4.078622,4.0834775,4.0771203,4.079258,4.0779505,4.0751057,4.0781946,4.07728,4.0815706,4.0765753,4.077617,4.0719924,4.074465,4.075885,4.083219,4.0772486,4.0875025,4.086463,4.074253,4.083637,4.084514,4.08197,4.0776286,4.091001,4.0770535,4.0809755,4.067045,4.077465,4.072833,4.0743623,4.0676885,4.070967,4.069179,4.057399,4.071684,4.050795,4.0517316,4.062636,4.054116,4.059637,4.0507126,4.054952,4.0652137,4.0422277,4.025729,4.025212,4.036297,4.0276437,4.0344787,4.0397887,4.020184,4.0227323,4.0323353,4.02745,4.0303717,4.0120964,4.0150194,4.014689,4.026956,4.029243,4.0066733,4.012147,4.0127416,4.0141506,4.0279894,4.0107384,4.003602,4.006986,4.007168,3.9994557,4.0002623,4.0089846,3.9999743,4.003568,3.996309,3.9908745,4.010348,3.9928055,4.0081763,4.0128546,4.0077133,4.013865,4.012757,4.0030093,4.018259,4.0110745,4.012513,4.013612,4.0207973,4.028684,4.039507,4.0307636,4.0236497,4.0322595,4.0348206,4.0294037,4.0346227,4.0209846,4.031211,4.0273924,4.039007,4.038701,4.035038,4.0268474,4.0436063,4.0409293,4.036361,4.0491347,4.0485053,4.0528355,4.0518,4.058549,4.0620646,4.0548387,4.060113,4.069213,4.0741963,4.0690393,4.0666337,4.082158,4.081023,4.083659,4.081121,4.0992756,4.087487,,,,,,,,,,,,,,,,,,,,,,,,,,,,,,,,,,,,,,,,,,,,,,,,,,,,,,,,,,,,,,,,,,,,t36
FS/182.png,left,0.1557628000000477,4.1065316,4.105815,4.1092896,4.1185565,4.116012,4.127256,4.123783,4.132719,4.133285,4.135539,4.135057,4.1400375,4.132967,4.1485367,4.143436,4.157186,4.149158,4.1546144,4.1600266,4.1651244,4.163073,4.165625,4.159898,4.1709957,4.163191,4.163802,4.168363,4.1715083,4.168417,4.173212,4.1762877,4.174074,4.1776886,4.175269,4.1809,4.188318,4.1777864,4.1850414,4.1859627,4.190846,4.1952014,4.187971,4.2016835,4.190934,4.196692,4.199704,4.202531,4.191722,4.1962795,4.192283,4.201485,4.20969,4.2065983,4.199181,4.1976967,4.2030697,4.2049866,4.196159,4.1850634,4.1759443,4.181238,4.1730227,4.1749034,4.166319,4.16564,4.150769,4.1755013,4.1644115,4.1696095,4.1393285,4.138091,4.133155,4.1356773,4.133548,4.1313715,4.138649,4.1349316,4.1341963,4.1315055,4.1357574,4.1311207,4.132951,4.145364,4.135813,4.1325307,4.134915,4.134901,4.1443224,4.142909,4.1374974,4.1517773,4.1481347,4.163433,4.144875,4.1612186,4.161832,4.162165,4.1630044,4.161448,4.1698475,4.1619353,4.180301,4.162594,4.177201,4.1776423,4.174877,4.190866,4.1886945,4.1933103,4.1944604,4.1976876,4.192433,4.192303,4.211306,4.2074556,4.2120814,4.208482,4.210234,4.2124233,4.2120767,4.218745,4.212671,4.2196355,4.226353,4.217611,4.227594,4.2259903,4.4428787,4.2456264,4.2033753,4.2222233,4.227234,4.2241826,4.2143774,4.1971436,4.2077374,4.198077,4.1935806,4.1829844,4.160395,4.15412,4.1073275,4.0979495,4.0771966,4.071491,4.0408463,4.011997,3.987393,3.965805,3.9587612,3.932909,3.9182835,3.8893898,3.8685083,3.8401823,3.8201635,3.8137367,3.7974322,3.7913866,3.7778623,3.7752173,3.7667587,3.7521608,3.713183,3.7167025,3.7041218,3.6883032,3.6697102,3.6817143,3.6676784,3.6589937,3.6499844,3.6542168,3.6345332,3.6378775,3.6268907,3.6397955,3.6396523,3.6390436,3.6401236,3.6262116,3.635224,3.6311417,3.6329868,3.6393986,3.6355658,3.6276531,3.6441996,3.6294453,3.638769,3.6369786,3.6465843,3.635255,3.6490924,3.6494772,3.665235,3.6658823,3.668691,3.6718168,3.679728,3.6837173,3.6782641,3.6785257,3.6844687,3.6999838,3.7025218,3.695443,3.7270203,3.724329,3.7257493,3.737313,3.7374408,3.7620199,3.7658012,3.768766,3.7805138,3.7883081,3.7882018,3.7926114,3.7983172,3.8002508,3.8101995,3.8234577,3.8165767,3.8200939,3.8248765,3.8389256,3.8431013,3.8596606,3.8464355,3.875608,3.8888998,3.8987503,3.9051173,3.907262,3.9133945,3.9133813,3.9208136,3.9301944,3.92666,3.9503484,3.9578,3.9613645,3.975296,3.9626358,3.9786463,3.9876142,3.9977617,3.9992666,4.0040946,4.007522,4.0109234,4.017895,4.0134745,4.01851,4.0179696,4.034422,4.05525,4.050369,4.055201,4.054223,4.0540543,4.057698,4.0629697,4.0657926,4.0843825,4.077687,4.081609,4.0897913,4.092516,4.095151,4.1072183,4.1053305,4.105355,4.1094832,4.1079392,4.1146636,4.1120543,4.1141577,4.118955,4.1203227,4.1231422,4.1289806,4.1241426,4.1266384,4.125208,4.1270394,4.124636,4.129644,4.1316543,4.1335125,4.124244,4.1276813,4.126271,4.13065,4.1328454,4.1404605,4.1419888,4.1366754,4.133374,4.1342206,4.139618,4.137454,4.137481,4.137276,4.1398206,4.1381593,4.1407967,4.149142,4.1335354,4.1419735,4.1438956,4.1443386,4.144413,4.140341,4.1393313,4.1448617,4.140182,4.1449876,4.1413255,4.143901,4.1448393,4.1439986,4.1451097,4.141961,4.149391,4.154571,4.1476912,4.158939,4.1596603,4.1517806,4.164125,4.1555443,4.162647,4.1617355,4.156976,4.166645,4.1578903,4.162807,4.164398,4.155993,4.1636853,4.165684,4.1549225,4.1537013,4.1565566,4.155777,4.1611485,4.1555176,4.1598516,4.157377,4.1475167,4.15385,4.154064,4.16456,4.165473,4.1638904,4.1609893,4.1637087,4.166155,4.155616,4.172144,4.165099,4.1725917,4.1790314,4.171605,4.1747465,4.181282,4.1720386,4.161649,4.1493707,4.1234264,4.094148,4.1070514,4.127014,4.1199126,4.1460896,4.1559033,4.1583495,4.1578636,4.1615577,4.1722474,4.166678,,,,,,,,,,,,,,,,,,,,,,,,,,,,,,,,,,,,,,,,,,,,,,,,,,,,,,,,,,,,,,,,,,,,,,,,,,,,,,t39
FS/232.png,right,0.1424818000004961,4.189705,4.191862,4.195998,4.1825,4.1796165,4.1791573,4.1933365,4.188429,4.188672,4.1806474,4.1934824,4.1948104,4.1933513,4.190835,4.1979694,4.1904383,4.198589,4.1819186,4.186358,4.1975527,4.1938906,4.2029276,4.2090783,4.200531,4.2017136,4.205517,4.20418,4.2038455,4.2113442,4.2034354,4.2110643,4.217415,4.2082877,4.212746,4.212487,4.2117925,4.219383,4.2108674,4.2189565,4.221701,4.219736,4.211517,4.2144713,4.220361,4.218339,4.216886,4.2259007,4.208462,4.234826,4.2170234,4.22378,4.217382,4.2179747,4.2181864,4.2183247,4.214174,4.210268,4.2033277,4.189164,4.1776037,4.1928267,4.1652884,4.16356,4.152904,4.1510015,4.151471,4.1444693,4.1418214,4.141232,4.1272817,4.1273274,4.12461,4.1274753,4.1199,4.112109,4.1074147,4.1109657,4.1087165,4.1097093,4.106457,4.1054263,4.086932,4.092159,4.0989995,4.09776,4.106302,4.104505,4.1106815,4.1024017,4.106037,4.106694,4.1014276,4.119495,4.1203284,4.11579,4.1240954,4.1138005,4.1114917,4.1218863,4.1192646,4.123744,4.127585,4.13487,4.1416016,4.1466103,4.149385,4.1650615,4.160111,4.1586213,4.1554437,4.162621,4.1829395,4.192692,4.1867604,4.207228,4.2008567,4.2075257,4.208888,4.2248282,4.2159653,4.22282,4.224444,4.233055,4.2240033,4.240651,4.2311807,4.238137,4.25144,4.235637,4.223091,4.231127,4.2312036,4.2223096,4.205866,4.2016807,4.1713657,4.1582885,4.149114,4.1215987,4.0985265,4.0838337,4.0694795,4.034231,4.014115,3.9707894,3.9542437,3.932909,3.9172008,3.9000359,3.8739207,3.858341,3.8444338,3.8215876,3.7923067,3.764731,3.7486494,3.7349842,3.735276,3.7225547,3.7101588,3.700061,3.6771345,3.6686413,3.662083,3.6347733,3.6332219,3.6174889,3.6006863,3.6099663,3.6043115,3.602354,3.5936186,3.5945013,3.6021478,3.6121054,3.599354,3.5994897,3.5948033,3.591655,3.5968783,3.5880675,3.590792,3.5858603,3.5795321,3.5823565,3.5765715,3.5666466,3.568591,3.558898,3.5541494,3.5245354,3.5075147,2.7507136,3.6383138,3.6411734,3.6469932,3.6732428,3.689298,3.7104552,3.7254314,3.7258956,3.7182868,3.7435594,3.7632227,3.7713523,3.7847579,3.7951245,3.818327,3.8305457,3.83529,3.8452976,3.8661199,3.8715832,3.8768342,3.8795695,3.8785012,3.883046,3.898996,3.901307,3.9144793,3.933735,3.9562693,3.9641333,3.9488719,3.9562426,3.9810345,3.9992282,3.9838943,4.014487,4.0164256,4.0303493,4.035555,4.0565805,4.059938,4.0591083,4.0671787,4.0698576,4.0696735,4.07502,4.082823,4.086019,4.0883527,4.1046014,4.1125665,4.1117525,4.1226683,4.123838,4.121482,4.1266017,4.1291404,4.131027,4.136569,4.1351604,4.1403327,4.138518,4.145668,4.1560087,4.150119,4.147486,4.1445365,4.1593823,4.16525,4.153545,4.168221,4.1783133,4.184162,4.176953,4.182772,4.174558,4.19524,4.188386,4.1837683,4.1851254,4.190247,4.196698,4.196819,4.199179,4.199411,4.199254,4.200401,4.2033076,4.1967335,4.188203,4.1952357,4.196491,4.2028065,4.194165,4.1991744,4.2021813,4.1941395,4.1996613,4.191345,4.1939406,4.210933,4.187669,4.196957,4.201695,4.2081375,4.2056932,4.21558,4.2180476,4.2157965,4.2246695,4.223377,4.216932,4.210028,4.2206836,4.214024,4.215049,4.2162037,4.214374,4.2138715,4.2159166,4.2065,4.216252,4.211707,4.213287,4.210862,4.2184343,4.2191453,4.220671,4.216472,4.2203827,4.2314672,4.2177033,4.2189198,4.2241693,4.215171,4.215356,4.21174,4.214379,4.2144036,4.211882,4.2181244,4.2018495,4.2112117,4.208118,4.2172318,4.2032547,4.1977744,4.1986313,4.203747,4.2137094,4.212252,4.2083335,4.212492,4.2099032,4.2156315,4.2243896,4.213875,4.215352,4.222145,4.2180133,4.221828,4.225029,4.2249327,4.233032,4.2470455,4.251991,4.2670445,4.2494526,4.246108,4.2423563,4.250897,4.2540255,4.2562213,4.2518306,4.2602367,,,,,,,,,,,,,,,,,,,,,,,,,,,,,,,,,,,,,,,,,,,,,,,,,,,,,,,,,,,,,,,,,,,,,,,,,,,,,,,,,,,,,,,,,,,,,t51
FS/232.png,left,0.161247000000003,4.530224,4.52179,4.5211797,4.5158687,4.521887,4.521683,4.5276365,4.522098,4.5196333,4.5161967,4.516661,4.5116706,4.5422087,4.5177197,4.535944,4.537611,4.522695,4.5409966,4.524915,4.5357413,4.531502,4.5420775,4.5393085,4.5405254,4.537022,4.5321326,4.5397596,4.5393443,4.530368,4.5329723,4.5339675,4.5430026,4.532604,4.538481,4.5277615,4.5311303,4.5326095,4.538713,4.528743,4.5388517,4.528612,4.533105,4.527862,4.531069,4.5324097,4.529915,4.527228,4.5228643,4.5201573,4.527113,4.523379,4.517225,4.5134583,4.5113316,4.510813,4.495343,4.498548,4.4921107,4.488532,4.486747,4.487723,4.4809546,4.462038,4.46826,4.4676924,4.441283,4.4473095,4.436775,4.442396,4.4383926,4.4191294,4.4288273,4.433758,4.4287004,4.404602,4.419115,4.4263268,4.4017353,4.407999,4.4014387,4.409009,4.413326,4.3982487,4.4007063,4.409844,4.393159,4.406545,4.3936796,4.400216,4.4015946,4.3944206,4.401822,4.3982944,4.391663,4.3944774,4.4016542,4.4069815,4.3961015,4.397112,4.399768,4.4021025,4.4079347,4.405038,4.4041133,4.4078875,4.4052334,4.4020576,4.4027762,4.3931384,4.402612,4.400702,4.3950334,4.4029036,4.3942275,4.3949537,4.397674,4.392919,4.393923,4.396505,4.39461,4.3887987,4.3955345,4.38307,4.388766,4.3839273,4.3729153,4.3712573,4.3882456,4.374416,4.3737125,4.3742757,4.3693867,4.366376,4.360736,4.3473434,4.3387775,4.338897,4.3130965,4.300963,4.264318,4.2259793,4.216918,4.191495,4.1824646,4.163911,4.1462426,4.119507,4.089016,4.0532675,4.040454,4.0025997,3.9927535,3.9890356,3.9665604,3.9239113,3.9127972,3.8841414,3.8834395,3.9088953,3.8848166,3.8354158,3.8197627,3.8117223,3.793695,3.7846737,3.7687378,3.7717876,3.7544587,3.7518566,3.7526314,3.7410119,3.7257223,3.7161026,3.722592,3.7167163,3.7079134,3.7008572,3.6943455,3.6847987,3.68445,3.686888,3.642423,3.6452138,3.6012964,3.708114,3.679021,3.6599631,3.7013872,3.6980822,3.69823,3.7128901,3.7261949,3.7396603,3.7358136,3.7376227,3.7433121,3.748378,3.76692,3.7598076,3.7717416,3.7953167,3.812192,3.8084178,3.828954,3.8321562,3.8308084,3.8419979,3.8488343,3.8225462,3.8150275,3.7860951,3.2483132,3.9477549,3.963934,4.0095644,4.0415335,4.030409,4.051194,4.0441756,4.0420146,4.066184,4.0565,4.0829177,4.0884356,4.1127234,4.1144342,4.1087923,4.1235785,4.1272163,4.1312656,4.131309,4.119426,4.1410046,4.1415434,4.1461644,4.1480684,4.145336,4.1437135,4.1505256,4.155127,4.142635,4.1500564,4.16194,4.171883,4.1810164,4.192842,4.1854177,4.3531704,4.3212266,4.1836085,4.1987123,4.1846056,4.190148,4.1924677,4.2017283,4.1965923,4.1995053,4.2080326,4.2027617,4.211973,4.212318,4.219057,4.217454,4.221173,4.223482,4.21743,4.2248926,4.217751,4.217709,4.2209907,4.2191243,4.215187,4.22593,4.2232075,4.2158074,4.2212873,4.219658,4.218802,4.2234983,4.214675,4.224387,4.224296,4.2127676,4.2155976,4.208016,4.213066,4.208471,4.2009864,4.208072,4.1935177,4.195252,4.1942263,4.201557,4.2015395,4.2109413,4.2090807,4.20843,4.215595,4.2090907,4.214548,4.2038417,4.2146277,4.204037,4.1870985,4.2489653,4.191988,4.1431565,4.1606374,4.1528106,4.171657,4.186158,4.1862106,4.1886053,4.186245,4.1943398,4.193332,4.187851,4.199233,4.2062173,4.1992917,4.201764,4.2103,4.1946206,4.208396,4.2172527,4.2028394,4.2122116,4.218074,4.2113857,4.2166142,4.2117295,4.212057,4.224127,4.2285438,4.225591,4.23709,4.2314806,4.234524,4.232311,4.2413793,4.2391315,4.2415543,4.229707,4.237029,4.230257,4.2361207,4.247549,4.249296,4.2489786,4.253575,4.2810693,4.2972355,4.2806525,4.2919927,,,,,,,,,,,,,,,,,,,,,,,,,,,,,,,,,,,,,,,,,,,,,,,,,,,,,,,,,,,,,,,,,,,,,,,,,,,,,,,,,,,,,,,,,,,,,,,,,,,,,,,,,,,t65
FS/202.png,left,0.1519325000008393,4.223584,4.2367187,4.2302003,4.2398195,4.242809,4.243089,4.2454605,4.2437716,4.2482924,4.2424603,4.250326,4.2585177,4.258528,4.2643633,4.269337,4.2723513,4.271274,4.281561,4.277302,4.2896047,4.2843604,4.297824,4.298077,4.308782,4.3134804,4.2992826,4.2975564,4.3219924,4.3129115,4.3317413,4.3211823,4.328777,4.3352814,4.338036,4.3450327,4.3426433,4.337879,4.338128,4.353107,4.3502474,4.354077,4.364989,4.3725333,4.3675275,4.3647118,4.365123,4.3734365,4.3760724,4.373547,4.3740573,4.3785944,4.373929,4.386022,4.391753,4.3794374,4.387319,4.3842287,4.390573,4.3842273,4.391121,4.3821616,4.386153,4.39249,4.3863983,4.387512,4.3960843,4.3960276,4.3920145,4.3876004,4.391602,4.390332,4.3964677,4.3918004,4.380287,4.3798437,4.3956103,4.3985915,4.4020066,4.4026756,4.396685,4.4020185,4.40166,4.3928733,4.405593,4.3912926,4.3984857,4.404166,4.4028444,4.4116225,4.4063177,4.404229,4.410318,4.4103203,4.411325,4.4101124,4.414137,4.4312654,4.418951,4.429323,4.42822,4.4297185,4.4312143,4.4329042,4.4257374,4.4395537,4.438113,4.4397206,4.4402394,4.4390464,4.4402084,4.4457707,4.445759,4.4493513,4.4528413,4.4486694,4.4694276,4.470314,4.470021,4.464531,4.4768276,4.4837728,4.482952,4.464817,4.481694,4.469896,4.4742336,4.4764557,4.4834695,4.494772,4.6806655,4.736261,4.579685,4.4388266,4.4506903,4.439982,4.435915,4.42012,4.4013705,4.37691,4.3661633,4.3498826,4.3343687,4.317135,4.2979493,4.2655706,4.2482324,4.2168384,4.1944656,4.1746593,4.1566706,4.137323,4.1122575,4.095109,4.0771613,4.0499644,4.0349684,4.0127473,3.987743,3.977032,3.9645185,3.961554,3.9602406,3.9468496,3.9345007,3.906598,3.9169896,3.901087,3.894922,3.8896823,3.8647668,3.8613732,3.8485293,3.8414223,3.8529134,3.840694,3.849552,3.8360717,3.822689,3.8164306,3.829423,3.8298006,3.8227262,3.8369946,3.9156978,3.8492608,3.7847667,3.8233912,3.7719166,3.787589,3.7742674,3.7726645,3.809814,3.7685142,3.7485754,3.7648826,3.7886727,3.750543,3.7710536,3.707634,3.7180095,3.7468634,3.755751,3.7787867,3.798326,3.8076992,3.8126023,3.8166864,3.8213496,3.8318746,3.8552256,3.8544765,3.8547947,3.8540602,3.8856945,3.885994,3.8868673,3.9003756,3.9101577,3.9206855,3.9237187,3.9339428,3.920481,3.9195228,3.923446,3.9282043,3.9300125,3.9294982,3.928191,3.9474719,3.9774137,3.9855008,3.9856524,4.004219,4.0471597,4.007985,3.9586499,3.9976156,3.995426,4.011676,4.0228543,4.029995,4.029922,4.0384593,4.0546556,4.0629,4.0582285,4.053875,4.071171,4.085442,4.0957026,4.0997686,4.113627,4.117326,4.134706,4.1408563,4.1523685,4.153908,4.1587796,4.164213,4.1677556,4.1697145,4.170875,4.1815677,4.1808224,4.185453,4.190032,4.1932883,4.199654,4.1967764,4.194955,4.2046475,4.2000103,4.216443,4.193903,4.206963,4.2254953,4.219415,4.2196746,4.2334056,4.2240806,4.215676,4.2159133,4.2283,4.2333813,4.2201962,4.2195206,4.2253776,4.2289753,4.226772,4.2332897,4.225235,4.2303357,4.230835,4.226183,4.239275,4.2314305,4.235956,4.2187276,4.229905,4.23893,4.229317,4.2292223,4.3065176,4.2975307,4.301449,4.2898264,4.294283,4.2857413,4.2850313,4.283593,4.293044,4.2897024,4.29475,4.291539,4.292377,4.2860317,4.2890058,4.299243,4.284631,4.29523,4.2831216,4.2853518,4.283758,4.2874,4.3073664,4.291053,4.2898254,4.291214,4.294804,4.2884135,4.298556,4.3042984,4.2891746,4.297223,4.291255,4.302706,4.3049703,4.314167,4.30959,4.306865,4.3177824,4.3029747,4.328562,4.32893,4.328095,4.319521,4.32245,4.3307724,4.316017,4.315944,4.329867,4.3334994,4.343878,4.343379,4.3427553,4.3371944,4.34119,4.3399787,4.342267,4.35037,4.3514047,4.352912,4.3516083,4.350497,4.350127,4.35251,4.3494306,4.3493423,4.3595333,4.355862,4.359366,4.3623037,4.3631477,4.3607306,4.360638,4.3645515,4.3708296,4.375611,4.372566,4.378742,4.382316,4.379181,4.3923306,4.391479,,,,,,,,,,,,,,,,,,,,,,,,,,,,,,,,,,,,,,,,,,,,,,,,,,,,,,,,,,,,,,,,,,,,,,,,,,,,,t56
FS/562.png,right,0.217534100001103,4.3920503,4.397602,4.398873,4.3946147,4.403449,4.3975143,4.4041834,4.4059134,4.412915,4.4073286,4.4188704,4.4141083,4.433448,4.419855,4.4274755,4.424251,4.4319634,4.415713,4.4354606,4.434662,4.427838,4.440616,4.4387755,4.447083,4.438889,4.429014,4.4423013,4.4298487,4.4370165,4.4476333,4.434413,4.4463344,4.4470043,4.453283,4.447763,4.4473114,4.4569597,4.4587197,4.458016,4.4548235,4.4565654,4.466235,4.4576664,4.459935,4.4546623,4.45683,4.455345,4.45141,4.4519744,4.4414606,4.442196,4.4337535,4.436791,4.424784,4.4231057,4.427146,4.415014,4.417978,4.412469,4.3970666,4.3993325,4.389584,4.383225,4.374318,4.3657775,4.3638988,4.344484,4.3546777,4.3330317,4.3305073,4.335767,4.3183937,4.309883,4.3026557,4.2892404,4.2869596,4.2815614,4.2741146,4.2765183,4.26591,4.273395,4.263827,4.2725196,4.278602,4.266595,4.274382,4.276117,4.273693,4.2625175,4.2514586,4.280147,4.279536,4.256635,4.274239,4.2883825,4.2977247,4.2902617,4.30184,4.29301,4.295592,4.2888913,4.289003,4.291962,4.2954874,4.2958655,4.298796,4.297907,4.3010564,4.303506,4.3007455,4.2948523,4.3040767,4.2999997,4.301079,4.308732,4.3085055,4.305844,4.31053,4.313909,4.312476,4.320705,4.318668,4.3200645,4.3355885,4.3229265,4.319521,4.3374586,4.3247833,4.3381414,4.3304567,4.3157287,4.3178053,4.3088317,4.313213,4.307937,4.2912693,4.2849045,4.2765093,4.2632923,4.2490544,4.237064,4.2234716,4.183469,4.1755033,4.1380305,4.0971975,4.094525,4.064345,4.033924,4.025508,4.0096517,3.995867,3.9331336,3.9352145,3.9140596,3.8892632,3.8610299,3.8635192,3.8377001,3.8223467,3.8173869,3.799603,3.800945,3.7886374,3.764789,3.7681792,3.7698362,3.7539568,3.7408395,3.7330143,3.7272398,3.7307954,3.69135,3.6881294,3.6798425,3.6954417,3.6802905,3.6764073,3.6758592,3.683041,3.6883292,3.6936855,3.6832871,3.6728177,3.6468117,3.6218421,3.6067228,3.1659777,1.2975435,2.530365,2.233051,3.5845213,3.8625107,3.0717516,3.6753929,3.684457,3.7186923,3.732803,3.7492692,3.7693996,3.7639287,3.7813249,3.8079996,3.8224332,3.8276262,3.8317447,3.8457518,3.8500693,3.8616822,3.8855479,3.8885252,3.892928,3.9093013,3.9084184,3.917381,3.926914,3.9225423,3.9320853,3.934759,3.9480047,3.94635,3.9695802,3.9651728,3.9431887,3.9173536,3.220615,2.0770454,4.075031,4.095279,4.103633,4.135424,4.1545725,4.1539345,4.155471,4.145028,4.1462674,4.139062,4.1644654,4.16705,4.185617,4.181434,4.1871667,4.19193,4.1940017,4.206445,4.1898456,4.2071486,4.207207,4.2007623,4.2120643,4.218343,4.2193084,4.2258816,4.2304864,4.2280264,4.2374606,4.240321,4.2440414,4.2491856,4.2498083,4.244745,4.247288,4.2507815,4.255169,4.2525716,4.2489285,4.251432,4.2494574,4.253288,4.2487698,4.2511635,4.2408075,4.249426,4.2516465,4.2451077,4.2523413,4.2524242,4.250233,4.2441263,4.249586,4.249757,4.2513885,4.251946,4.248024,4.2485094,4.249896,4.2458925,4.2540236,4.2544785,4.247641,4.2447085,4.2589993,4.2470465,4.2505803,4.2471247,4.250912,4.2430305,4.2452226,4.2416935,4.2506347,4.251021,4.261791,4.2492757,4.231209,4.2517624,4.250342,4.244918,4.243129,4.2302623,4.251291,4.236253,4.227983,4.242098,4.2466693,4.232565,4.2330894,4.2467155,4.2303104,4.221506,4.2290893,4.2273364,4.2294836,4.238454,4.2276154,4.2369204,4.230923,4.238594,4.2409706,4.237351,4.2390323,4.230101,4.24261,4.242606,4.2404656,4.240273,4.238399,4.2407084,4.2438607,4.245043,4.244603,4.2400126,4.2400103,4.2408533,4.2424283,4.2421865,4.2427063,4.247124,4.243645,4.257706,4.255718,4.2582893,4.257358,4.2708106,4.2782264,4.276414,4.2793617,4.276689,4.280754,4.2955823,,,,,,,,,,,,,,,,,,,,,,,,,,,,,,,,,,,,,,,,,,,,,,,,,,,,,,,,,,,,,,,,,,,,,,,,,,,,,,,,,,,,,,,,,,,,,,,,,,,,,,t57
FS/562.png,right,0.2277736000005461,4.454137,4.466113,4.4511456,4.4636965,4.458489,4.453672,4.4584727,4.46164,4.4659534,4.465933,4.47697,4.492026,4.4846163,4.4950743,4.493031,4.4927063,4.48833,4.4928775,4.489015,4.493036,4.491295,4.4945803,4.4907475,4.495892,4.481996,4.49068,4.491246,4.490902,4.4905257,4.491886,4.4995956,4.4913573,4.501711,4.506403,4.4995127,4.494673,4.503593,4.4881887,4.5048027,4.503721,4.5012727,4.5054083,4.497493,4.4970274,4.4968257,4.4960117,4.5056705,4.504697,4.5077686,4.517338,4.519663,4.4991274,4.517887,4.5177197,4.52231,4.5276117,4.520598,4.520675,4.533899,4.5292716,4.5115,4.5413465,4.537716,4.538988,4.547794,4.547443,4.546909,4.545349,4.537935,4.5381765,4.5453687,4.5405116,4.541673,4.5501113,4.5538044,4.540036,4.5480227,4.5527577,4.547544,4.555874,4.548172,4.5500274,4.55703,4.5567822,4.551802,4.5609307,4.5521884,4.5559072,4.556419,4.556753,4.5514,4.5555434,4.5633407,4.5663075,4.5601535,4.56594,4.5612745,4.5630813,4.556744,4.564283,4.562451,4.5582857,4.5653906,4.5713,4.57473,4.5744896,4.564763,4.5751953,4.5792027,4.5678306,4.5656257,4.5682015,4.5670543,4.5737877,4.567549,4.564484,4.565465,4.572009,4.570602,4.578819,4.578549,4.557858,4.5718155,4.5587635,4.556566,4.567832,4.5559454,4.5555043,4.5633492,4.554551,4.5678263,4.585463,4.5877786,4.5681496,4.575264,4.5798626,4.556961,4.557654,4.515185,4.5155597,4.5077224,4.4993315,4.4767704,4.44993,4.4377747,4.4153185,4.4034123,4.3882995,4.356929,4.3460226,4.3195043,4.308995,4.283848,4.278672,4.2630205,4.2488647,4.232358,4.207466,4.200097,4.186481,4.175106,4.1421404,4.1428347,4.130321,4.129614,4.1253676,4.112987,4.109334,4.1082187,4.089392,4.0952005,4.0919094,4.0945363,4.081866,4.0779333,4.075928,4.081889,4.080708,4.0826726,4.050634,4.058655,4.036244,4.042373,4.0492606,4.0367026,4.044916,4.0357313,4.028442,4.0487905,4.0532274,4.045757,4.034985,4.0169215,4.0079103,3.9616666,3.9640517,3.0171769,3.9557135,3.9875593,3.9599934,3.9718885,4.010015,4.00312,3.9952474,4.0046964,4.0102744,4.0150123,4.0182395,4.0213737,4.0215445,4.032028,4.026655,4.036936,4.038961,4.05081,4.0502453,4.075486,4.054204,4.0626516,4.0583763,4.0824747,4.085018,4.0756545,4.102195,4.1051946,4.104812,4.105724,4.12498,4.1336637,4.138835,4.149757,4.156689,4.160248,4.1708207,4.193127,4.1899896,4.1925144,4.204864,4.2170496,4.2053614,4.227286,4.213327,4.230507,4.240673,4.2482233,4.253755,4.2651753,4.259146,4.2722516,4.2819605,4.2817183,4.286329,4.285059,4.3143706,4.3145976,4.323467,4.3164725,4.3272066,4.3282404,4.3342285,4.335063,4.3349605,4.340032,4.3556414,4.350589,4.367827,4.3816,4.373805,4.384557,4.3731422,4.701572,4.3927917,4.3680663,4.349707,4.3771977,4.376972,4.373061,4.377547,4.382959,4.3840666,4.3945475,4.400244,4.400676,4.3925657,4.407722,4.398907,4.403167,4.425032,4.411262,4.4034333,4.4164267,4.42363,4.3984175,4.4072404,4.4152293,4.415212,4.4154463,4.4179616,4.4167094,4.4124136,4.4157515,4.407765,4.43016,4.4253488,4.4078965,4.4257884,4.4167614,4.423124,4.4166865,4.4278216,4.413616,4.4225607,4.428632,4.4230494,4.4042673,4.390064,4.4010262,4.4035587,4.408789,4.4117513,4.406351,4.4026833,4.4046903,4.4149995,4.4118323,4.4098387,4.4110966,4.416155,4.4182415,4.423224,4.418565,4.421619,4.421062,4.4261208,4.4275823,4.4246626,4.422605,4.4268317,4.4252777,4.428965,4.4372587,4.4368024,4.44236,4.4440894,4.4439287,4.4424257,4.449335,4.4531617,4.4606647,4.4580135,4.4557953,4.457314,4.467801,4.4700665,4.4656363,4.4674263,4.469016,4.488568,4.48253,4.488023,4.4964237,4.498314,4.497233,4.50264,4.4925723,4.507805,4.5117974,4.5141683,4.5033875,4.507493,4.5179114,4.518955,4.522989,4.5073957,4.5258512,4.5412555,4.528161,4.5324564,4.5277376,4.5351076,4.517551,4.530151,4.536363,4.5371237,4.5406327,4.526265,4.5515294,,,,,,,,,,,,,,,,,,,,,,,,,,,,,,,,,,,,,,,,,,,,,,,,,,,,,,,,,,,,,,,,,,,,,,,,,,t84
FS/612.png,right,0.2202905000012833,4.2994757,4.3056917,4.3023458,4.3020678,4.3142614,4.3025374,4.3270793,4.3194437,4.330856,4.330695,4.332478,4.337607,4.34581,4.365499,4.3569074,4.361097,4.37552,4.3719845,4.3739166,4.372984,4.3757095,4.363525,4.3736215,4.371222,4.3777676,4.3586345,4.369468,4.352741,4.346994,4.3568892,4.3425274,4.35076,4.3376775,4.343483,4.333935,4.328691,4.322701,4.323607,4.3172193,4.3190517,4.3133454,4.3030214,4.314842,4.2912116,4.294127,4.2850933,4.2936006,4.2853866,4.280172,4.2810364,4.2797294,4.2771063,4.2619195,4.273169,4.265825,4.268948,4.259959,4.251823,4.2669272,4.2451754,4.24828,4.2420135,4.243577,4.2475557,4.2286158,4.235959,4.2276587,4.244638,4.231112,4.232812,4.2220836,4.235465,4.225521,4.226602,4.233253,4.2350907,4.2398777,4.2403502,4.2304196,4.240669,4.2344503,4.245272,4.2364388,4.22787,4.227487,4.2246213,4.231935,4.228766,4.2281585,4.230622,4.233108,4.239318,4.2363663,4.2392163,4.242513,4.2418656,4.244152,4.253704,4.2628355,4.254505,4.2566323,4.251334,4.256412,4.255907,4.2666726,4.255237,4.2641635,4.26922,4.2826624,4.265802,4.279071,4.272793,4.2808495,4.2810464,4.278337,4.2910357,4.284392,4.288307,4.2840657,4.286035,4.2959304,4.3031487,4.2866225,4.2952976,4.30602,4.305592,4.306262,4.314404,4.3193226,4.3123355,4.3092413,4.30204,4.283293,4.27466,4.2736588,4.263782,4.2238646,4.2214084,4.19851,4.188193,4.1691732,4.1418247,4.1263604,4.1083245,4.086879,4.0651717,4.0272946,4.001886,3.9776833,3.9576685,3.9323058,3.9315696,3.9173377,3.909105,3.8845587,3.8776176,3.8587754,3.8238325,3.819086,3.7829154,3.7917216,3.7741847,3.7594037,3.7569182,3.7482924,3.7432451,3.7448907,3.7491174,3.736081,3.7220063,3.7238889,3.7109184,3.7319622,3.7097948,3.7164721,3.7121515,3.708157,3.7073874,3.7248647,3.7179248,3.7117505,3.6945868,3.7003672,3.6969512,3.6705382,3.6459374,1.1253501,2.4876966,2.8198433,3.763547,3.8054101,3.797634,3.798421,3.7834318,3.8045084,3.8162394,3.8115137,3.830842,3.823444,3.8296485,3.8314614,3.8405695,3.852614,3.8529963,3.8791847,3.8598769,3.883563,3.8817794,3.8926656,3.877983,3.912673,3.9042284,3.911856,3.923286,3.9287927,3.9283955,3.949509,3.9466665,3.9593425,3.9613442,3.9699059,3.970663,3.975924,3.9832594,3.995994,3.9980087,4.003854,4.011268,4.0306454,4.0433855,4.052105,4.075422,4.0830426,4.09275,4.0922112,4.0939775,4.105911,4.1189466,4.125516,4.1333,4.1303186,4.1349816,4.137989,4.1516256,4.1551213,4.1704884,4.188551,4.206127,4.2164984,4.2223926,4.223005,4.2356243,4.246956,4.250284,4.2489586,4.2482285,4.2484307,4.2571464,4.264836,4.261436,4.254441,4.273254,4.2609296,4.25987,4.262374,4.2666607,4.270693,4.2616453,4.2819934,4.27894,4.273172,4.284725,4.273496,4.2801585,4.2861805,4.2825007,4.28851,4.276114,4.25951,4.2690706,4.2762504,4.247509,4.2642756,4.2618427,4.256174,4.26173,4.256194,4.2592697,4.2576537,4.258757,4.250895,4.2619658,4.2491117,4.248723,4.250869,4.24752,4.2540383,4.254812,4.2476263,4.242317,4.2491417,4.2447314,4.2388864,4.2340508,4.238726,4.225492,4.241103,4.2305627,4.2354174,4.2269654,4.221087,4.23181,4.2384715,4.2150183,4.2232523,4.2218847,4.2261243,4.2338314,4.2284617,4.229219,4.2250066,4.225404,4.2301054,4.226849,4.2259755,4.2291584,4.2313213,4.23568,4.2323656,4.236061,4.241234,4.2412114,4.2390456,4.2411942,4.2421513,4.241932,4.2449284,4.234974,4.248196,4.2550764,4.260392,4.2584243,4.2617245,4.2607827,4.2631617,4.256623,4.2498813,4.2623925,4.2782683,4.274795,4.2771077,4.285672,4.2817216,4.272903,4.274272,4.284665,4.29799,4.293858,4.2960076,4.3206925,4.307565,4.3101196,4.3202715,4.326378,4.3362155,4.3425345,4.33957,4.3547373,4.3543777,4.3631034,4.370732,4.3462834,4.358757,4.3606257,4.374272,4.370336,4.366125,,,,,,,,,,,,,,,,,,,,,,,,,,,,,,,,,,,,,,,,,,,,,,,,,,,,,,,,,,,,,,,,,,,,,,,,,,,,,,,,,,,,t58
FS/92.png,right,0.2709426000010353,4.420802,4.4158254,4.519503,4.57895,4.4801307,4.3987174,4.403443,4.415154,4.415947,4.4089584,4.4182158,4.42387,4.4280214,4.42854,4.4223933,4.4299355,4.426963,4.420385,4.4286838,4.4150233,4.4108143,4.4269414,4.4254775,4.420955,4.4113345,4.416371,4.415589,4.417574,4.4053764,4.3917246,4.3928895,4.3768125,4.3879533,4.3691025,4.375228,4.370437,4.3852024,4.365249,4.3639836,4.3894243,4.3750434,4.3568115,4.361379,4.3584785,4.361083,4.3766384,4.3597727,4.3550777,4.3523693,4.3577604,4.3608785,4.3561482,4.3556824,4.360468,4.369362,4.3551083,4.3605723,4.3779817,4.3672857,4.3538833,4.3527427,4.357129,4.350279,4.354116,4.345364,4.345776,4.3415713,4.34133,4.3298974,4.330198,4.3107796,4.313702,4.3094053,4.296523,4.2936964,4.2775283,4.2651815,4.261523,4.22541,4.231942,4.2359753,4.218863,4.225903,4.2240086,4.224624,4.2115197,4.1977253,4.2034187,4.1933894,4.19888,4.1890807,4.1837654,4.1827784,4.177619,4.181932,4.189452,4.193164,4.180025,4.183948,4.1709538,4.1805973,4.176482,4.1699376,4.172719,4.170122,4.1839523,4.190646,4.174438,4.1834173,4.1733184,4.1867986,4.179566,4.1898694,4.1880493,4.188233,4.186852,4.1908216,4.189479,4.188477,4.1932197,4.2035675,4.1909356,4.2004833,4.198166,4.2103343,4.2077174,4.20395,4.212701,4.2478156,4.2284856,4.236054,4.2364764,4.2414722,4.24245,4.2326927,4.225877,4.235828,4.227293,4.2153797,4.1900206,4.182581,4.1668563,4.1469054,4.1373587,4.114848,4.086826,4.0614367,4.0514197,4.02856,4.009437,4.000577,3.9864304,3.9580278,3.9311025,3.929763,3.902776,3.887466,3.871476,3.8534203,3.8369339,3.8377512,3.825032,3.831525,3.8197625,3.823747,3.8018918,3.7873602,3.7760365,3.7731628,3.7601125,3.7593157,3.7395082,3.7399054,3.746642,3.7402449,3.7286325,3.7268448,3.743933,3.7271693,3.7393599,3.733855,3.7459195,3.7363982,3.7296445,3.7317145,3.7150989,3.7116256,3.6882427,3.6850321,3.6560686,0.9906085,3.8463988,3.8504694,3.854447,3.868418,3.8593082,3.868299,3.8730721,3.8896344,3.8830128,3.88055,3.8864508,3.8993683,3.8832319,3.8959992,3.906734,3.9241533,3.917418,3.9289224,3.9397283,3.9511814,3.939168,3.9602396,3.954901,3.9562259,3.9501274,3.9570622,3.9530485,3.9765,3.9815884,3.9842083,3.9908583,4.0028934,4.009762,4.016385,4.024913,4.0165453,4.0133553,4.017824,4.0212393,4.024091,4.031934,4.033879,4.0425305,4.0516653,4.060968,4.0598783,4.078784,4.086647,4.087261,4.0989227,4.100903,4.0935946,4.114242,4.1138725,4.118801,4.119755,4.1277266,4.1382513,4.1433473,4.147025,4.1818643,4.193971,4.188615,4.1926317,4.203867,4.1930485,4.1941905,4.2056804,4.2116356,4.2107534,4.2058377,4.2110367,4.216966,4.2086787,4.2123,4.2272086,4.216316,4.2328076,4.234661,4.2317066,4.228147,4.2423058,4.2324514,4.2412896,4.242287,4.2436895,4.2420597,4.2474513,4.2578306,4.2526693,4.2553496,4.2558575,4.2546635,4.2600327,4.257685,4.253979,4.257658,4.251746,4.26412,4.2585645,4.259434,4.2550216,4.262213,4.2681336,4.267244,4.2718873,4.2565107,4.255947,4.2634673,4.2647653,4.260417,4.257663,4.264063,4.2563753,4.256451,4.264533,4.268482,4.265674,4.2626863,4.2531652,4.2565117,4.26212,4.2686872,4.269381,4.2637906,4.267371,4.2637897,4.2639995,4.268172,4.2728105,4.271143,4.2723503,4.282311,4.271522,4.273226,4.2681775,4.280662,4.273707,4.2799892,4.2776055,4.2801533,4.2888923,4.275418,4.2852044,4.284696,4.2989426,4.3027515,4.306722,4.307845,4.316554,4.324043,4.318937,4.312406,4.3239145,4.3216486,4.322838,4.3320026,4.331645,4.3308973,4.3389792,4.3403945,4.3400187,4.340015,4.330505,4.3434443,4.337136,4.3499327,4.3527474,4.352323,4.362554,4.3701572,4.359105,4.3649764,4.3619018,4.369264,4.362514,4.3689284,4.3772,4.3846664,4.377218,4.393491,4.4007807,4.3848896,4.3827586,4.396681,4.4047523,4.4054756,4.402488,,,,,,,,,,,,,,,,,,,,,,,,,,,,,,,,,,,,,,,,,,,,,,,,,,,,,,,,,,,,,,,,,,,,,,,,,,,,,,,,,,t63
FS/372.png,left,0.112704200000735,4.534613,4.5400133,4.538388,4.5269346,4.541281,4.5472217,4.557623,4.555459,4.542565,4.5577664,4.5528893,4.563159,4.5691895,4.5561185,4.564213,4.5661607,4.5680356,4.580166,4.586611,4.5772243,4.5862975,4.5820374,4.5729294,4.589376,4.597667,4.6046996,4.6003346,4.5917134,4.5975327,4.5926757,4.598804,4.589335,4.602868,4.614764,4.5862846,4.6084876,4.614289,4.6285386,4.617541,4.627878,4.622194,4.6291895,4.6161246,4.6227193,4.626358,4.640013,4.6362863,4.6432967,4.638078,4.6478524,4.6336164,4.652661,4.642629,4.639593,4.642853,4.640521,4.638656,4.6356483,4.649292,4.6309958,4.6329093,4.6342196,4.6349306,4.631189,4.6325917,4.6090055,4.6161013,4.605692,4.602152,4.6195135,4.590252,4.556727,4.566828,4.5629506,4.5497713,4.541882,4.545327,4.537646,4.5192914,4.5356803,4.515981,4.5028205,4.507732,4.5069766,4.510218,4.4982924,4.505079,4.503008,4.4963074,4.499177,4.4910536,4.4998426,4.4924884,4.4945197,4.4880943,4.491945,4.493458,4.494934,4.4877872,4.4905486,4.4936604,4.4920707,4.49645,4.4987106,4.505759,4.499062,4.502709,4.496083,4.5016756,4.505226,4.5161576,4.507323,4.509074,4.511206,4.515052,4.504669,4.518499,4.523621,4.535322,4.527353,4.53827,4.533608,4.5362206,4.535038,4.5376263,4.539882,4.5356426,4.539209,4.53793,4.533435,4.5418835,4.5542207,4.539107,4.498833,4.5064096,4.490794,4.4929075,4.477136,4.4790463,4.4538302,4.439577,4.423681,4.3952217,4.3600173,4.32807,4.318472,4.293616,4.2669563,4.245817,4.2075367,4.1619697,4.136595,4.114728,4.092832,4.0746627,4.06869,4.055675,4.004186,3.9817393,3.987481,3.9582093,3.9419985,3.9366848,3.9139497,3.9004672,3.8933516,3.8691814,3.857392,3.8508227,3.8488698,3.852724,3.825803,3.8306653,3.8223405,3.8252347,3.8250504,3.8013759,3.8132627,3.8110669,3.8001928,3.8000448,3.798831,3.8015814,3.7870426,3.8101227,3.8041897,3.789659,3.7935925,3.8005404,3.7882717,3.7967887,3.7794662,3.771868,3.7853808,3.7891972,3.7951765,3.7984426,3.8087277,3.8155034,3.810165,3.837364,3.8471081,3.8467238,3.8641303,3.8883364,3.885113,3.9084125,3.9288044,3.9252338,3.9390554,3.9519432,3.9547045,3.9636118,3.9669037,3.997331,4.0014486,4.0107646,4.0179353,4.02735,4.0257363,4.0425224,4.0723825,4.066633,4.0875845,4.098541,4.117297,4.1238317,4.1240764,4.1463,4.1575556,4.150446,4.161852,4.159273,4.1761794,4.187241,4.2020273,4.207907,4.216171,4.2181544,4.2267156,4.236779,4.2480807,4.247851,4.2673073,4.264142,4.2941613,4.301299,4.294094,4.2920322,4.302959,4.332261,4.334282,4.3657036,4.3635554,4.3639936,4.3799753,4.388598,4.4058466,4.405559,4.4054556,4.408364,4.4098096,4.416656,4.415965,4.4287853,4.4323325,4.4281073,4.426372,4.4292154,4.4332,4.437646,4.4409003,4.4429073,4.4563465,4.4648204,4.4761133,4.4904304,4.4952087,4.5023313,4.50017,4.5069237,4.5030527,4.5159807,4.516087,4.5161314,4.5201716,4.5257726,4.536773,4.5445423,4.5417004,4.550137,4.54405,4.5562377,4.557171,4.554267,4.555111,4.557034,4.5685873,4.5696816,4.5880203,4.580901,4.588085,4.5693674,4.588411,4.570672,4.5806623,4.561768,4.5360336,4.5107036,4.484492,4.27725,4.5582585,4.573032,4.5911026,4.6040792,4.6096926,4.609386,4.6109047,4.622014,4.618481,4.614705,4.629058,4.615369,4.6206837,4.6151423,4.634842,4.616956,4.6252146,4.6229506,4.612062,4.6083694,4.6126523,4.6210446,4.6224265,4.6204133,4.6216245,4.6279926,4.6370635,4.628697,4.6342998,4.6405106,4.6356854,4.6281385,4.6336036,4.6352468,4.637731,4.6293373,4.640598,4.634764,4.6410565,4.63015,4.638837,4.643317,4.632124,4.6330686,4.6291027,4.6323256,4.625675,4.626973,4.628821,4.6272273,4.6733475,4.670822,4.667279,4.6797795,4.6688695,4.6743464,4.676429,4.6828384,4.680557,4.6807365,4.6771445,4.6884184,4.6907177,4.680795,4.680035,4.6841097,4.687711,4.684367,4.6750326,4.680648,4.680981,4.673589,4.6790366,4.683561,4.6812544,4.6800275,4.6767945,4.676855,4.6858516,4.678625,4.6827903,4.6780577,4.6830807,4.6756144,4.691034,4.678277,4.6720533,4.680191,4.683086,4.6781077,4.6740966,4.683916,4.676857,4.6802683,4.672486,4.668557,4.6586013,4.6726637,4.657671,4.658048,4.679033,4.658102,4.641884,4.646177,4.657456,4.654297,4.6441536,4.6576657,4.648572,4.640721,4.641497,4.640665,4.6439295,4.6339073,,,,,,,,,,,,,,,,,,,,,,,,,,,,,,,,,,,,t70
FS/472.png,right,0.2111025000012887,4.3616567,4.3546786,4.381076,4.3743005,4.360176,4.372649,4.372415,4.370252,4.3795958,4.3759365,4.3817983,4.384917,4.3883133,4.3845572,4.393387,4.4010067,4.401294,4.402572,4.40195,4.4141507,4.4284573,4.4197626,4.44113,4.4396963,4.436378,4.4393005,4.4366,4.446362,4.4449835,4.455436,4.4542403,4.4470816,4.449765,4.4579883,4.458862,4.4665356,4.461752,4.4686947,4.466987,4.4736123,4.4775825,4.4797916,4.4909062,4.4785614,4.4773984,4.496722,4.4934826,4.494474,4.5088997,4.4987984,4.489246,4.5047503,4.5124784,4.5080953,4.5070534,4.503921,4.52327,4.5160007,4.536506,4.537939,4.530657,4.510477,4.5209045,4.5194793,4.545437,4.5413933,4.5378404,4.559007,4.5467563,4.555382,4.5716767,4.574152,4.5617414,4.5628724,4.567673,4.568339,4.5815845,4.5833793,4.5785284,4.5796757,4.577494,4.581675,4.585009,4.5895925,4.5920744,4.583764,4.5894704,4.590506,4.57015,4.5817494,4.589945,4.6024776,4.5997286,4.59463,4.6051984,4.612154,4.606154,4.6077514,4.6039553,4.6072407,4.5823574,4.611546,4.596587,4.614061,4.6106977,4.6119065,4.604548,4.606052,4.603871,4.604738,4.5917125,4.603188,4.597743,4.5942535,4.589611,4.597052,4.577986,4.5927296,4.5753813,4.578547,4.57753,4.579323,4.5743003,4.5884037,4.583643,4.5658903,4.5776234,4.5572033,4.577124,4.571536,4.570499,4.552307,4.5580335,4.552528,4.5380235,4.5310154,4.5069194,4.4893365,4.4553046,4.4079003,4.4127264,4.374467,4.366218,4.323909,4.290042,4.259931,4.2365084,4.216424,4.1845493,4.1648993,4.15728,4.1209097,4.0771775,4.057915,4.0272913,4.0173945,3.9976916,3.979904,3.962836,3.9492857,3.9334204,3.9168458,3.8916898,3.880071,3.8810527,3.864188,3.8521545,3.8153145,3.8197262,3.818597,3.8118725,3.810216,3.7898848,3.7878551,3.7840734,3.7701836,3.7701063,3.7785037,3.765882,3.7695105,3.7662632,3.7642598,3.7511137,3.7692022,3.7624521,3.7486143,3.7392302,3.7209373,3.7240503,3.6963274,3.6551528,3.780372,3.7964907,3.82747,3.7849302,3.8030686,3.8185532,3.8296146,3.8369381,3.853133,3.8607552,3.8624918,3.8602808,3.8861911,3.8967035,3.9028895,3.8989675,3.9063594,3.920315,3.9165516,3.938886,3.9453201,3.9587946,3.9664128,3.9799812,3.995642,4.0071397,4.015132,4.016867,4.0293574,4.0255656,4.046688,4.047308,4.051492,4.059957,4.0741787,4.074011,4.0946336,4.0978374,4.1022725,4.1080723,4.118785,4.139399,4.1444397,4.1463895,4.1550937,4.169544,4.1681986,4.170002,4.180821,4.1847067,4.1931243,4.1902385,4.2115684,4.206892,4.2140846,4.21658,4.2249246,4.242892,4.2416005,4.2367034,4.246458,4.238141,4.246262,4.2503824,4.2495995,4.259188,4.25767,4.265245,4.256083,4.273721,4.2653046,4.2773886,4.2721424,4.277856,4.2767663,4.2694,4.2739105,4.2868195,4.309674,4.3049097,4.3056226,4.3185253,4.315511,4.324574,4.3228283,4.323003,4.318303,4.324203,4.328317,4.3185506,4.3283362,4.325478,4.319993,4.3289547,4.3255424,4.325807,4.3301916,4.320013,4.3289113,4.3294096,4.321474,4.3254666,4.3195043,4.3246164,4.317551,4.3217196,4.328067,4.330682,4.3197,4.3288364,4.3427873,4.34072,4.3518896,4.349148,4.344175,4.35339,4.3557405,4.3607836,4.3529625,4.366071,4.351848,4.3664613,4.3702374,4.367123,4.3941445,4.369497,4.3977575,4.395685,4.3861237,4.376811,4.3905816,4.402618,4.401496,4.406858,4.4063816,4.412376,4.4155746,4.421187,4.42485,4.425549,4.4275002,4.434121,4.440963,4.4538174,4.454809,4.468308,4.4739733,4.4859886,4.487819,4.4891357,4.489399,4.4987235,4.4984026,4.500818,4.4951406,4.503298,4.500664,4.5045977,4.507022,4.5169387,4.5173573,4.5166683,4.5263577,4.5234036,4.5186224,4.519726,4.5404987,4.5255938,4.5223722,4.533179,4.5241494,4.5347676,4.527337,4.5373454,4.5506473,4.552607,4.560075,4.5425534,4.550156,4.5613256,4.552943,4.5713406,4.573124,4.5577364,4.5930924,4.5841064,4.575794,4.590127,,,,,,,,,,,,,,,,,,,,,,,,,,,,,,,,,,,,,,,,,,,,,,,,,,,,,,,,,,,,,,,,,,,,,,,,,,,,,,,,,,t81
FS/472.png,left,0.2221695000007457,4.684992,4.671101,4.6814895,4.677167,4.6900396,4.685912,4.6818624,4.6807323,4.6905856,4.690053,4.6926007,4.69018,4.6875772,4.6945333,4.6973095,4.6973596,4.669423,4.691288,4.686129,4.6890373,4.687768,4.6898904,4.698304,4.695285,4.665138,4.6809998,4.6720853,4.686992,4.6760554,4.675119,4.6873555,4.6801558,4.6807213,4.6746945,4.685102,4.6897855,4.6834664,4.697697,4.6883664,4.6978292,4.696186,4.6720533,4.6850615,4.69387,4.693474,4.694487,4.692704,4.6879473,4.6971908,4.695057,4.6888356,4.693891,4.700604,4.7095056,4.7016397,4.7115707,4.713951,4.7177753,4.7224708,4.733939,4.726656,4.7258153,4.7264705,4.729289,4.7299128,4.7362733,4.735752,4.7299175,4.7315655,4.734175,4.739623,4.732532,4.7360477,4.7351155,4.7412844,4.7342315,4.7392755,4.738476,4.7398486,4.7413673,4.7455883,4.7473426,4.748935,4.7418523,4.7489953,4.752329,4.7437468,4.753282,4.7389016,4.750161,4.751532,4.726673,4.7365723,4.745825,4.7616997,4.7550154,4.7604685,4.7519493,4.762706,4.741683,4.7524414,4.759166,4.761135,4.769156,4.7605014,4.763213,4.7714767,4.76351,4.7657995,4.7554035,4.7592096,4.7549634,4.7636676,4.7590895,4.755668,4.7608647,4.7595816,4.7521887,4.754468,4.756431,4.757857,4.757796,4.7570624,4.754768,4.759166,4.748519,4.7482786,4.9068065,4.910101,4.7404327,4.7389846,4.732906,4.7466207,4.736665,4.73164,4.724733,4.7158794,4.709853,4.6894894,4.67328,4.662941,4.640849,4.622818,4.5999656,4.5962667,4.5794473,4.561727,4.5182095,4.4985847,4.399603,4.3809114,4.3667836,4.340332,4.327818,4.3246293,4.2872963,4.260945,4.2463202,4.2365413,4.231461,4.2074623,4.1959457,4.174418,4.174472,4.1735644,4.1596475,4.163679,4.2141285,4.1243477,4.130304,4.1161337,4.1082625,4.103576,4.094446,4.0967174,4.0935764,4.088848,4.081356,4.0818453,4.0898128,4.083454,4.090068,4.0832767,4.076581,4.0619597,4.0659986,4.0704007,4.06591,4.0623326,4.032331,4.0361447,4.001342,3.9683135,3.6864605,2.4838157,4.0577455,4.0949826,4.101727,4.092266,4.113961,4.110784,4.1188083,4.137625,4.1529994,4.159373,4.168491,4.168113,4.1833453,4.1876626,4.193819,4.203224,4.2007995,4.2120266,4.238533,4.232174,4.22984,4.254252,4.2602644,4.255049,4.265243,4.266218,4.2728705,4.273282,4.283373,4.2886744,4.3076806,4.3222857,4.3222647,4.336373,4.339426,4.345519,4.3494534,4.3474245,4.3607802,4.3613567,4.3729873,4.374463,4.375227,4.4016967,4.396585,4.4079165,4.4127226,4.4084396,4.4102526,4.426454,4.426313,4.425855,4.4396744,4.4498053,4.464581,4.4604177,4.472262,4.478451,4.476429,4.4736214,4.4732447,4.485198,4.486095,4.505621,4.510456,4.514404,4.5235734,4.539668,4.538231,4.5407634,4.5573196,4.5564914,4.556283,4.5642715,4.5586205,4.5647955,4.5626326,4.5738287,4.5804205,4.5752015,4.5730023,4.5772834,4.577859,4.5827365,4.579973,4.570402,4.5809,4.579965,4.5805316,4.5884833,4.58169,4.5842013,4.589288,4.568457,4.578401,4.5702496,4.564516,4.5656986,4.553685,4.5641513,4.5627337,4.5633607,4.5576754,4.542696,4.554921,4.5533347,4.5592885,4.551299,4.550269,4.5430665,4.536034,4.5379896,4.5268664,4.5216227,4.5299387,4.5228424,4.524266,4.524294,4.523289,4.519332,4.52768,4.517917,4.5253344,4.5208826,4.524706,4.5236745,4.5246186,4.524723,4.5273623,4.526294,4.525835,4.522645,4.5257416,4.5266495,4.5276613,4.523703,4.5250525,4.523175,4.526472,4.522572,4.529891,4.52566,4.5275664,4.5269713,4.5248985,4.5259576,4.5288415,4.5382514,4.53427,4.526687,4.533366,4.5363536,4.534771,4.5409923,4.5356355,4.53871,4.5391016,4.5356383,4.527138,4.5329905,4.521385,4.525666,4.5278797,4.533155,4.530168,4.5321074,4.536208,4.5389824,4.5359697,4.542838,4.5569773,4.5493455,4.5491095,4.5496426,4.5490713,4.544124,4.5592594,4.5540385,4.553693,4.559768,4.5604444,4.5640163,4.556246,4.556049,4.561022,4.5573277,4.561354,4.5671506,4.561987,4.562427,4.5535107,4.5637965,4.6009274,4.601272,4.6047497,,,,,,,,,,,,,,,,,,,,,,,,,,,,,,,,,,,,,,,,,,,,,,,,,,,,,,,,,,,,,,,,,,,,,,,t96
FS/32.png,right,0.2179252000005362,4.590127,4.598263,4.582555,4.575971,4.6035395,4.5945163,4.59302,4.5977407,4.592462,4.602252,4.600768,4.6085033,4.595316,4.6093264,4.6026535,4.614712,4.5863523,4.5947495,4.588871,4.5880065,4.591172,4.586618,4.595997,4.5896378,4.599513,4.5988793,4.6081524,4.5997725,4.624474,4.6159477,4.606027,4.602291,4.600629,4.598564,4.600962,4.61002,4.605891,4.6118503,4.608185,4.628432,4.626245,4.610922,4.624729,4.6184144,4.6262245,4.62246,4.6275654,4.623536,4.6241236,4.6265373,4.6207438,4.621945,4.6190104,4.6189346,4.623127,4.623955,4.6324773,4.6246657,4.620274,4.6234627,4.6191926,4.622447,4.628181,4.6300488,4.6244087,4.6225805,4.619105,4.618992,4.6074505,4.613702,4.623529,4.6005816,4.5930905,4.6082845,4.5990043,4.580895,4.5784183,4.579635,4.578278,4.579551,4.57735,4.5736346,4.573955,4.5727873,4.5604253,4.5654683,4.56521,4.5668535,4.558963,4.562418,4.560544,4.564818,4.5607185,4.560972,4.5575294,4.5565376,4.5656204,4.563681,4.557649,4.568433,4.57047,4.56242,4.563843,4.5725927,4.5797644,4.567467,4.560105,4.558099,4.5665545,4.5591264,4.566381,4.5813494,4.584162,4.556336,4.5656624,4.576496,4.5825768,4.5793,4.575266,4.6038733,4.593339,4.584422,4.595336,4.6129026,4.606709,4.6110578,4.6064334,4.611261,4.612386,4.6141977,4.605111,4.6049714,4.6146393,4.586732,4.6051345,4.598061,4.594961,4.572818,4.5691757,4.547646,4.5331197,4.5116963,4.4838448,4.460104,4.464312,4.4303937,4.405449,4.36925,4.362213,4.3326693,4.31996,4.28861,4.2650633,4.262753,4.227328,4.2069654,4.2081017,4.177493,4.1650405,4.148481,4.1436896,4.1094656,4.095313,4.0759344,4.0660458,4.0631037,4.037536,4.011766,4.0091214,4.010789,3.987695,3.9824128,3.9788074,3.9762034,3.9774303,3.973147,3.9662879,3.9594126,3.9533331,3.9627116,3.9565306,3.943146,3.9386508,3.9417515,3.9450946,3.9466891,3.9413714,3.952637,3.9458857,3.9332354,3.9324715,3.9507227,3.937406,3.9332714,3.9359212,3.9262826,3.9202256,3.904188,3.8804905,3.9519238,2.3956234,1.5229883,3.8068838,3.8948512,3.9370089,3.9378674,3.9656641,4.0094934,3.992709,4.0221734,4.048758,4.049948,4.0786443,4.0874915,4.0911574,4.086666,4.091796,4.102855,4.114013,4.1133795,4.1286683,4.132328,4.1593146,4.1749716,4.170475,4.167434,4.1921916,4.198795,4.1938105,4.2116556,4.214455,4.2180576,4.2154593,4.218093,4.2409215,4.233313,4.2157154,4.2464886,4.2420735,4.2636967,4.2601256,4.2556977,4.2600603,4.2701507,4.2906747,4.2927995,4.3035975,4.3118134,4.308706,4.31848,4.334892,4.334477,4.3307786,4.3358207,4.3426538,4.344349,4.352586,4.351964,4.3593884,4.3466864,4.362699,4.364384,4.3685093,4.3583517,4.3703423,4.379347,4.3809314,4.3774047,4.381581,4.382993,4.377689,4.3673983,4.3821006,4.387158,4.379732,4.389654,4.3986435,4.3855023,4.385763,4.390087,4.3995094,4.3946004,4.4029036,4.3986278,4.4081187,4.4072404,4.4067793,4.398959,4.419081,4.407502,4.4128804,4.410734,4.4157476,4.403891,4.40972,4.4161687,4.4175205,4.4045954,4.39819,4.4093137,4.413627,4.4014482,4.4124675,4.431132,4.4154167,4.418258,4.426194,4.420152,4.4248734,4.424789,4.44085,4.4240026,4.4398813,4.4408,4.4293876,4.4419823,4.445736,4.4353285,4.450011,4.429194,4.433536,4.4543843,4.4455614,4.4538417,4.4660473,4.4555454,4.4494705,4.4565268,4.452889,4.4675584,4.4719033,4.478957,4.472188,4.4756403,4.4811897,4.492465,4.476973,4.474921,4.4861393,4.4911985,4.4878826,4.49789,4.4973526,4.48665,4.4952297,4.4896636,4.4951305,4.5064797,4.5017414,4.5122705,4.5123305,4.5108094,4.5124984,4.5119777,4.5122457,4.53397,4.5241714,4.537606,4.531713,4.5330834,4.533744,4.5330186,4.533842,4.5418315,4.5372515,4.542047,4.5393763,4.5375743,4.5352874,4.535519,4.53717,4.5409245,4.5432467,4.541778,4.546576,4.5492263,4.550431,4.5450196,4.5470157,4.5452476,4.549233,4.566954,4.5624237,4.561859,4.5559525,4.559993,,,,,,,,,,,,,,,,,,,,,,,,,,,,,,,,,,,,,,,,,,,,,,,,,,,,,,,,,,,,,,,,,,,,,,,,,,,t82
FS/32.png,right,0.1345664000009492,4.5233088,4.5249906,4.524511,4.525354,4.5235834,4.5381308,4.5331187,4.552225,4.540416,4.559341,4.5667353,4.5685105,4.5716157,4.58068,4.58111,4.5778394,4.5828733,4.583136,4.5801187,4.582663,4.59142,4.5974975,4.59608,4.5967803,4.596796,4.599714,4.597117,4.6032205,4.599819,4.59659,4.6184044,4.663705,4.622929,4.600657,4.636815,4.626033,4.632125,4.630743,4.645258,4.6384206,4.6283436,4.648771,4.6367526,4.6468873,4.646492,4.6447005,4.638941,4.6439695,4.6432366,4.63881,4.6453485,4.6323285,4.645848,4.65734,4.6356535,4.6458564,4.651158,4.620318,4.6333013,4.637035,4.6358542,4.6357393,4.619074,4.595328,4.605671,4.596317,4.6010637,4.599214,4.606057,4.6083536,4.5918245,4.59981,4.5947866,4.5909376,4.594239,4.5782204,4.577926,4.5799646,4.5813994,4.5770197,4.580194,4.5884604,4.584901,4.580699,4.5808544,4.581603,4.5812383,4.578344,4.581848,4.5838113,4.5733232,4.5782385,4.5800385,4.5779,4.5713553,4.585775,4.5874104,4.5909376,4.5892334,4.594507,4.6035385,4.604171,4.6091123,4.611179,4.609544,4.6118975,4.622255,4.614616,4.619135,4.6233892,4.6215706,4.6226077,4.610451,4.6255527,4.6248016,4.622919,4.633475,4.6335125,4.6337166,4.634424,4.630762,4.637098,4.6370068,4.6303205,4.641569,4.646567,4.651961,4.6457167,4.6517544,4.6822114,4.648974,4.6599154,4.6484036,4.673815,4.656307,4.6593432,4.63785,4.6219025,4.6187224,4.6160693,4.5757475,4.543006,4.5369306,4.530334,4.516785,4.482242,4.447788,4.427507,4.4078217,4.385746,4.3531265,4.3400555,4.316348,4.2998104,4.2799296,4.2692924,4.2546597,4.227722,4.1972737,4.1721673,4.1565566,4.1389327,4.1388683,4.1379266,4.14007,4.1340737,4.1199255,4.1031513,4.0969973,4.0787115,4.076515,4.054361,4.044058,4.0315366,4.021647,4.010232,4.000779,4.0177894,4.001987,4.0082464,4.0087743,4.003315,4.012834,4.0050664,4.001469,4.017573,4.0114226,3.997319,4.012663,3.9897444,3.9749107,3.9763854,3.9849312,3.9734685,3.9681401,3.9870675,3.994916,3.9632058,3.9494066,3.9384725,3.918319,3.916224,2.6299353,2.8393493,4.0949984,4.103456,4.1177063,4.1462836,4.1461897,4.1423025,4.1714554,4.1813445,4.1871996,4.199632,4.200406,4.216199,4.243172,4.2518597,4.2540464,4.257944,4.2773824,4.2849264,4.3001776,4.3079677,4.31681,4.315863,4.330643,4.3494134,4.351336,4.350176,4.3521028,4.356725,4.370281,4.370991,4.365625,4.383077,4.3862295,4.3949795,4.393148,4.399276,4.415347,4.418287,4.427561,4.4359794,4.438132,4.435812,4.453442,4.4449415,4.461884,4.48708,4.4649067,4.4829254,4.468624,4.4783635,4.492177,4.5053973,4.5065002,4.505886,4.499936,4.5205364,4.5137978,4.518947,4.5011106,4.520017,4.5216227,4.5149717,4.521219,4.5300975,4.527096,4.5157027,4.5088897,4.5164385,4.5318675,4.527946,4.527356,4.5227675,4.5262513,4.5288568,4.5308394,4.5311236,4.515641,4.5267506,4.528217,4.5156283,4.517447,4.523953,4.5159616,4.5177484,4.5079713,4.508055,4.4981685,4.5093837,4.511783,4.5523233,4.5560107,4.5402083,4.5466347,4.5479026,4.543776,4.539856,4.543507,4.5435605,4.543492,4.5467744,4.547037,4.549546,4.541265,4.545428,4.538442,4.5398426,4.56694,4.548763,4.567604,4.5577855,4.5724664,4.50148,4.51992,4.504645,4.513407,4.5178785,4.4987874,4.516159,4.517542,4.512537,4.508858,4.514799,4.5084705,4.5114646,4.515765,4.527,4.5313144,4.5230665,4.5212765,4.52825,4.5292497,4.522751,4.5160055,4.552783,4.5359917,4.5338273,4.531763,4.533016,4.552291,4.5459156,4.5449243,4.554131,4.5558248,4.5682783,4.5610013,4.566379,4.5635962,4.561535,4.5680737,4.5720196,4.574757,4.566311,4.5757947,4.578278,4.5857224,4.5900607,4.600186,4.590015,4.5922365,4.5929427,4.600242,4.613188,,,,,,,,,,,,,,,,,,,,,,,,,,,,,,,,,,,,,,,,,,,,,,,,,,,,,,,,,,,,,,,,,,,,,,,,,,,,,,,,,,,,,,,,,,,,,,,t90
FS/492.png,right,0.208056100000249,4.559993,4.583389,4.582243,4.55939,4.587063,4.5879126,4.5869913,4.572242,4.5948577,4.5970473,4.6029515,4.5900455,4.600967,4.586507,4.60674,4.591801,4.6154203,4.605013,4.60129,4.6106524,4.613867,4.621536,4.617198,4.611391,4.6248713,4.6287045,4.638812,4.602766,4.6183743,4.6256423,4.6159973,4.607773,4.6282773,4.624671,4.6170874,4.6395082,4.633412,4.632134,4.6289454,4.636785,4.6311326,4.61032,4.6349826,4.6270027,4.6225476,4.6258025,4.6300983,4.6209188,4.6278076,4.624885,4.6307364,4.6349516,4.630176,4.635057,4.639376,4.632259,4.6368856,4.6281295,4.625784,4.63497,4.626627,4.629996,4.6181803,4.6255174,4.6266026,4.6193123,4.6155424,4.6124454,4.600401,4.6068234,4.6052723,4.5905037,4.595903,4.5923605,4.5973625,4.5794883,4.590846,4.567475,4.5561438,4.561204,4.567611,4.548071,4.549048,4.5544295,4.5446463,4.5507364,4.5540876,4.5475454,4.551274,4.5489044,4.545235,4.5511785,4.5399313,4.546421,4.5455284,4.566057,4.546317,4.561549,4.5527453,4.557002,4.553567,4.558445,4.558824,4.559227,4.56369,4.5694103,4.5596213,4.5589776,4.574304,4.5623255,4.5656114,4.570817,4.57434,4.587931,4.5883574,4.5824676,4.583027,4.5858297,4.591258,4.5919423,4.597559,4.5981054,4.6095963,4.5934405,4.610109,4.611107,4.614829,4.6093545,4.603462,4.6259403,4.62265,4.589353,4.5959544,4.5916314,4.58992,4.5750437,4.5740166,4.557316,4.5510697,4.532306,4.52347,4.4928412,4.480534,4.4581137,4.4342647,4.4311323,4.416362,4.3876095,4.3537626,4.3076925,4.2853985,4.280637,4.2618475,4.2328086,4.2116184,4.190655,4.1678896,4.15802,4.146435,4.1149116,4.084868,4.0762987,4.075633,4.0673594,4.04859,4.011079,4.0103707,4.0028462,4.0045695,3.9920597,3.9784594,3.9766374,3.9708145,3.9692621,3.975069,3.973822,3.9541802,3.9632907,3.943718,3.9554155,3.9410481,3.936536,3.930112,3.920587,3.8898716,3.8744547,3.8810818,3.8553379,3.882575,3.7260876,2.9459906,3.9588337,3.8975282,3.9066002,3.9296086,3.948417,3.949373,3.9569154,3.965799,3.9691393,3.9563236,3.9603267,3.9708004,3.9588478,3.967344,3.9744415,3.989969,3.9948416,4.0246906,4.0430994,4.0425096,4.0569,4.0598783,4.068296,4.068743,4.069159,4.089807,4.097046,4.1212387,4.1126294,4.1139507,4.1096487,4.1235056,4.1153517,4.137581,4.146534,4.1519313,4.148591,4.162412,4.1732635,4.1904497,4.188395,4.1979637,4.2145095,4.2228336,4.2337847,4.2318635,4.2398367,4.2415137,4.257949,4.2540555,4.266599,4.262523,4.2787194,4.272451,4.28865,4.2994413,4.2861443,4.311263,4.3109827,4.3188133,4.3190866,4.320226,4.317781,4.29993,4.3130374,4.3117237,4.318989,4.3269696,4.3263516,4.323974,4.346551,4.346227,4.348784,4.354415,4.36508,4.353806,4.3541846,4.3712044,4.377986,4.3655615,4.3738065,4.3696313,4.358551,4.360125,4.363964,4.357005,4.3695745,4.3666368,4.373433,4.3712735,4.364984,4.3727584,4.363388,4.35907,4.3588996,4.3616233,4.360469,4.3603096,4.3598185,4.354141,4.3566127,4.370088,4.363798,4.356222,4.362382,4.3608255,4.3543744,4.358905,4.3592424,4.3607383,4.3699236,4.3549805,4.349804,4.3427734,4.342599,4.3608513,4.3513675,4.3560643,4.3355956,4.358616,4.3567405,4.356021,4.356166,4.364093,4.3584466,4.354839,4.358513,4.3579493,4.3590183,4.3633347,4.363673,4.3646812,4.363746,4.3634295,4.3629274,4.383843,4.3588715,4.3789043,4.3724823,4.3760004,4.369408,4.37983,4.364585,4.3800683,4.376043,4.3796506,4.380083,4.380896,4.38345,4.4004536,4.4022703,4.405579,4.409401,4.401616,4.4058537,4.4268074,4.4199524,4.409085,4.420907,4.4247804,4.4305058,4.421666,4.4230785,4.425608,4.426596,4.4351015,4.434807,4.4396887,4.429056,4.4344306,4.4401183,4.4281263,4.415023,4.4162755,4.4225545,4.440685,4.437144,4.443014,4.444868,4.4444785,4.4520884,4.4428234,4.4468246,4.441963,4.4455805,4.4500866,4.450802,4.454137,4.466113,,,,,,,,,,,,,,,,,,,,,,,,,,,,,,,,,,,,,,,,,,,,,,,,,,,,,,,,,,,,,,,,,,,,,,,,,,,,,,,,,t83
FS/572.png,right,0.326619400000709,4.682615,4.6832986,4.6955748,4.6888566,4.6862373,4.688024,4.7009726,4.6965265,4.7048473,4.7155714,4.704662,4.7054005,4.704377,4.7079463,4.7140684,4.7170563,4.722162,4.7165804,4.7092013,4.724847,4.725263,4.7280016,4.7388897,4.73244,4.700499,4.712394,4.7100677,4.7095103,4.713756,4.7135973,4.715395,4.717661,4.721023,4.7174783,4.7154107,4.721579,4.717882,4.713634,4.719183,4.72586,4.718314,4.732456,4.725549,4.7240577,4.7283936,4.7272396,4.7375765,4.733994,4.7329154,4.729395,4.735152,4.724394,4.7264996,4.7330713,4.7372293,4.7238474,4.7325697,4.7253246,4.732007,4.716605,4.7185655,4.7005343,4.7171884,4.717337,4.6854863,4.694782,4.681316,4.6698728,4.662545,4.6571918,4.66174,4.658633,4.6516314,4.6478705,4.64589,4.645277,4.6377387,4.640575,4.632143,4.632834,4.6354074,4.6298714,4.6392107,4.6484356,4.63582,4.6370964,4.6363707,4.635497,4.6479893,4.637534,4.6439104,4.643315,4.6428027,4.649057,4.652891,4.6546974,4.6632037,4.664462,4.65471,4.652667,4.658939,4.645678,4.7455893,4.6603503,4.6774106,4.671647,4.675226,4.66619,4.6631417,4.6667256,4.670855,4.6933656,4.6933355,4.693199,4.7004786,4.70072,4.703805,4.699869,4.6958466,4.698581,4.697047,4.699716,4.7044163,4.698621,4.6959105,4.7105308,4.7062287,4.704703,4.6958957,4.7067227,4.7094846,4.7100334,4.7043934,4.716582,4.7264886,4.7194014,4.724055,4.728588,4.724522,4.703271,4.7013555,4.69706,4.6857867,4.660957,4.6407866,4.6326985,4.617104,4.5911794,4.5919437,4.5539136,4.5290318,4.5142183,4.501029,4.482981,4.4712033,4.4484324,4.44758,4.42081,4.4089947,4.40899,4.368537,4.36463,4.3441544,4.3363748,4.320767,4.3166785,4.3041973,4.3207855,4.302389,4.3060045,4.2742515,4.279009,4.285754,4.275181,4.273689,4.2706823,4.27155,4.2593994,4.263231,4.26363,4.27429,4.270365,4.2733326,4.270919,4.2816877,4.277386,4.2770104,4.28367,4.2821794,4.298163,4.3033543,4.3074336,4.314788,4.323176,4.3083367,4.325323,4.316899,4.319833,4.339483,4.347022,4.3520727,4.3389983,4.3709445,4.3771234,4.374332,4.39231,4.388281,4.3847966,4.3896837,4.38556,4.396907,4.3731685,4.3653865,4.352724,4.3479757,4.3193064,4.359269,4.081855,3.2605844,1.6395681,4.3693533,4.369913,4.3403025,4.354639,4.369102,4.381123,4.387145,4.376974,4.4056144,4.428319,4.4433994,4.450205,4.468276,4.4680896,4.4873867,4.4996977,4.508389,4.505243,4.504542,4.5074377,4.5176888,4.5032024,4.508966,4.5202045,4.530736,4.5343094,4.539573,4.5596695,4.546964,4.557644,4.5674796,4.5612035,4.585881,4.607397,4.611505,4.6236615,4.618375,4.618586,4.625839,4.6326003,4.628233,4.632394,4.637727,4.6333847,4.6395774,4.6394634,4.6380486,4.644892,4.6470428,4.6515875,4.6398926,4.6423326,4.660814,4.6508617,4.670116,4.6632857,4.66528,4.665955,4.6744375,4.673576,4.677447,4.6760535,4.6742525,4.67208,4.672447,4.6866093,4.6813745,4.674957,4.6781654,4.680838,4.6869416,4.691116,4.687948,4.6853285,4.689385,4.685238,4.6966114,4.675943,4.6945786,4.6993513,4.6931057,4.686571,4.692397,4.6931005,4.6999454,4.682426,4.6896057,4.678609,4.6853952,4.679899,4.6771193,4.669472,4.6688766,4.67479,4.670322,4.6743402,4.6685705,4.676067,4.6657095,4.6522775,4.6487,4.649101,4.6607947,4.632101,4.644112,4.6477365,4.6385107,4.6304646,4.6303988,4.6242733,4.6251364,4.62447,4.6258345,4.621025,4.625188,4.623539,4.6263156,4.6237917,4.6235886,4.6245265,4.6122165,4.622248,4.6184545,4.621174,4.608099,4.613479,4.6193767,4.6227193,4.617475,4.613853,4.631087,4.6330323,4.6169724,4.6237135,4.6253467,4.6287036,4.6245317,4.631045,4.626722,4.637798,4.637149,4.634799,4.635752,4.6209974,4.6218696,4.646244,4.629325,4.6417027,4.6450777,4.6455917,4.6285243,4.645071,4.6382813,4.6333284,4.6340113,4.6391997,4.641825,4.6539764,4.670421,4.6683097,4.6678834,4.669683,4.66841,4.6790032,4.6797447,4.6677527,4.67526,4.6724534,4.67191,4.675204,4.6701093,4.669617,4.669566,4.671918,4.673682,4.6752005,4.6712813,4.6725783,4.685071,4.6787834,,,,,,,,,,,,,,,,,,,,,,,,,,,,,,,,,,,,,,,,,,,,,,,,,,,,,,,,,,,,,t93
FS/312.png,left,0.1847096000010424,4.5401063,4.5474405,4.541561,4.536322,4.5424857,4.541535,4.54195,4.5452414,4.544968,4.546613,4.546943,4.5492864,4.5487447,4.5502715,4.544319,4.556797,4.5492315,4.5543027,4.5565658,4.5556626,4.558329,4.5636806,4.577642,4.5658045,4.561523,4.5708494,4.5833716,4.5677004,4.561613,4.553485,4.570327,4.5652337,4.572428,4.562603,4.5762243,4.5685744,4.565842,4.567281,4.5751195,4.5680456,4.576364,4.5796037,4.5808225,4.573132,4.5743184,4.573492,4.5821166,4.5723615,4.569709,4.5669556,4.553883,4.5600123,4.555773,4.5614038,4.5542307,4.556073,4.557069,4.5534296,4.5426803,4.540209,4.524538,4.521626,4.512244,4.5080576,4.502899,4.4784164,4.466173,4.4439754,4.4315476,4.427657,4.4378214,4.42674,4.4164915,4.4232316,4.405018,4.394695,4.3946257,4.4005594,4.36412,4.3595877,4.36351,4.3627667,4.349874,4.3450227,4.347326,4.348485,4.3237014,4.3434887,4.3608613,4.3583407,4.3488984,4.3587017,4.3616304,4.3608093,4.3596754,4.3733373,4.3677225,4.36486,4.374793,4.372259,4.3734803,4.3741217,4.3773093,4.375447,4.375398,4.374911,4.378656,4.3843155,4.390198,4.3769855,4.3765388,4.3932137,4.3989897,4.409314,4.4135895,4.4142976,4.419252,4.419652,4.4218664,4.4287863,4.4338236,4.4396524,4.448656,4.4426594,4.452358,4.4308043,4.4600725,4.4883084,4.4451504,4.4290366,4.4651594,4.4480305,4.440281,4.4383626,4.4229226,4.4213305,4.404445,4.4019465,4.384001,4.3731093,4.3410335,4.3352346,4.292422,4.2579103,4.2433076,4.229425,4.2016387,4.1827397,4.187499,4.1413865,4.1241264,4.1101108,4.085367,4.070737,4.0621867,4.0407763,4.049729,4.016716,4.00209,4.006595,3.9757254,3.9632826,3.9491334,3.943639,3.940115,3.9355242,3.9344306,3.9289842,3.9283378,3.9254777,3.9195564,3.9155076,3.915236,3.9080405,3.911003,3.900017,3.89813,3.9000535,3.8911364,3.911636,3.909524,3.9133244,3.9061065,3.9089563,3.9062092,3.9190679,3.9098954,3.9137905,3.9068134,3.9167485,3.9145176,3.914738,3.9249961,3.9116614,3.8979084,3.8681233,1.5110075,1.107909,4.0254784,4.046256,4.0235004,4.0654254,4.080424,4.0793734,4.0883265,4.0969267,4.1137967,4.1196322,4.129889,4.132233,4.1434593,4.152097,4.17272,4.1760626,4.181097,4.2069464,4.2273965,4.2258954,4.242625,4.255136,4.2521167,4.250872,4.2664704,4.267285,4.2640295,4.2705784,4.285404,4.2940016,4.27883,4.302822,4.30301,4.3191423,4.3126564,4.3351774,4.3270144,4.335433,4.3397446,4.342775,4.353369,4.350358,4.3670697,4.389558,4.4066496,4.4086785,4.420893,4.595914,4.594239,4.4091177,4.4136076,4.411705,4.4286156,4.4349637,4.435376,4.4440613,4.4436855,4.453674,4.465283,4.4757185,4.47,4.4863524,4.4814067,4.481965,4.491957,4.4923453,4.49347,4.5044146,4.4974637,4.5131536,4.5021048,4.518371,4.5146127,4.516407,4.515541,4.50951,4.5181146,4.5084147,4.5154777,4.521373,4.514899,4.5197744,4.5274587,4.52072,4.5120816,4.509396,4.511068,4.495834,4.5046697,4.5153556,4.499329,4.499119,4.4999475,4.503353,4.504923,4.503261,4.4925427,4.4932113,4.4929304,4.499296,4.491102,4.4924793,4.48462,4.4829803,4.4913235,4.493504,4.4942555,4.48263,4.488508,4.488242,4.5162683,4.5660353,4.5417833,4.508742,4.5093293,4.5087814,4.516388,4.51013,4.514025,4.516875,4.511864,4.5092106,4.515558,4.525258,4.517835,4.5155697,4.5233245,4.514067,4.5229316,4.5209584,4.5170126,4.5187154,4.5082426,4.503565,4.5106907,4.511814,4.518581,4.4984236,4.5022597,4.5250764,4.512964,4.500374,4.5082836,4.5110445,4.510391,4.5094743,4.509381,4.5056133,4.5085425,4.510507,4.5112057,4.5121803,4.5222015,4.51984,4.5225563,4.5187693,4.5222435,4.520632,4.51928,4.5278645,4.5223804,4.5261374,4.525093,4.5290833,4.5234175,4.524274,4.519215,4.5157676,4.5174017,4.5136714,4.5221524,4.515347,4.5112433,4.5251703,4.5205426,4.5188174,4.5118,4.528324,4.519415,,,,,,,,,,,,,,,,,,,,,,,,,,,,,,,,,,,,,,,,,,,,,,,,,,,,,,,,,,,,,,,,,,,,,,,,,,,,,,,,,,,,t101
FS/42.png,right,0.2146530000009079,4.344487,4.360449,4.3545566,4.3521705,4.361787,4.3720903,4.371687,4.3590975,4.363677,4.3506894,4.3705816,4.3700476,4.363334,4.381239,4.367807,4.366021,4.359725,4.3790817,4.3617506,4.3708315,4.3628154,4.381784,4.3800526,4.3811216,4.3756657,4.3919387,4.3856964,4.3722754,4.3789024,4.3984947,4.385261,4.3783274,4.3783774,4.3852687,4.3814545,4.393926,4.3811417,4.3836,4.370162,4.361342,4.372433,4.3777986,4.380657,4.3724995,4.381134,4.3689003,4.3754864,4.3624964,4.37463,4.3710804,4.3618126,4.3736806,4.3793573,4.373001,4.3837705,4.3715,4.359035,4.368861,4.3687015,4.366312,4.3526797,4.3524227,4.3525066,4.3368883,4.3257046,4.3276052,4.3377676,4.3346877,4.3159943,4.3214984,4.3132663,4.309958,4.3147984,4.2891974,4.289588,4.282439,4.313055,4.3086047,4.3009906,4.2963133,4.2975287,4.302259,4.2902207,4.2814417,4.2830186,4.2926226,4.2729144,4.2890124,4.274212,4.2759457,4.282763,4.285617,4.276841,4.2924604,4.3026643,4.2998295,4.2929173,4.295437,4.304502,4.302219,4.2955003,4.2918997,4.2999163,4.305878,4.290571,4.3170404,4.3317633,4.307906,4.3126655,4.3062305,4.3168936,4.319296,4.3237906,4.32496,4.3196263,4.3388047,4.328429,4.322446,4.339351,4.33217,4.3269296,4.3349233,4.352261,4.342281,4.3443837,4.3401227,4.3447113,4.351501,4.3555665,4.358955,4.3515935,4.349559,4.3398414,4.341294,4.327239,4.2943254,4.265536,4.263142,4.2529726,4.242031,4.2119913,4.1990304,4.191449,4.175839,4.1373796,4.103295,4.0732284,4.0660744,4.020562,4.0138535,4.0034537,3.98745,3.9583042,3.925347,3.9122462,3.8944888,3.8773491,3.8830829,3.854896,3.8388793,3.834381,3.8312173,3.8245456,3.7930012,3.7845633,3.766287,3.758338,3.7568645,3.7367346,3.743661,3.7365735,3.7300231,3.7279286,3.7207167,3.7136898,3.6935823,3.717768,3.7021875,3.6911037,3.6946669,3.6937737,3.6913126,3.7026658,3.6976724,3.6915197,3.6993651,3.7011986,3.7047584,3.7161644,3.7123437,3.7379231,3.7363641,3.7495363,3.74726,3.747171,3.7509525,3.7587478,3.761989,3.7702594,3.7645302,3.7706904,3.7797866,3.7894435,3.7967587,3.7917156,3.796894,3.8127887,3.8203943,3.8020506,3.8171241,3.8249812,3.8245394,3.8295157,3.8428428,3.8470314,3.848383,3.8487284,3.849284,3.8643694,3.867378,3.8708017,3.8824947,3.875097,3.888323,3.89174,3.9104674,3.9101775,3.9260244,3.9193254,3.919811,3.9196267,3.9206798,3.920984,3.9025137,3.9405916,4.113314,4.1177998,4.110071,4.121705,4.129578,4.139859,4.14908,4.1364636,4.1473165,4.142276,4.170304,4.184138,4.196558,4.196958,4.203709,4.2016397,4.2110815,4.2045207,4.212678,4.2125793,4.2263956,4.219104,4.225973,4.2207747,4.2292867,4.2234597,4.238694,4.249281,4.2512116,4.2529006,4.225522,4.2350326,4.2493744,4.254702,4.2771416,4.275988,4.2847486,4.2784495,4.2805924,4.27659,4.287428,4.2983856,4.288233,4.3100224,4.3260403,4.311873,4.3256826,4.318462,4.3341146,4.3220415,4.333323,4.3464603,4.3312697,4.342427,4.3400793,4.3445044,4.3552666,4.340023,4.357647,4.362391,4.36863,4.360063,4.3649163,4.367017,4.371106,4.3645377,4.3686514,4.3714104,4.368624,4.372178,4.3775845,4.3727417,4.378055,4.382171,4.3558245,4.357644,4.337595,4.363704,4.3660655,4.349043,4.3675833,4.361597,4.3671803,4.3629565,4.3645916,4.365803,4.362078,4.3617487,4.371349,4.363097,4.3639016,4.3612638,4.357655,4.3583546,4.3638144,4.3708825,4.3384194,4.354231,4.3494277,4.3397655,4.336513,4.3556376,4.3479543,4.333823,4.3199244,4.307832,4.3249164,4.3305564,4.322591,4.3132706,4.3161535,4.3091035,4.3110876,4.312124,4.3070493,4.3089266,4.310088,4.318996,4.3069787,4.3086133,4.3049445,4.2997174,4.307157,4.296987,4.3094916,4.31298,4.2937036,4.3192782,4.3210473,4.3224216,4.318656,4.320242,4.324345,4.3235483,4.3260155,4.319144,4.324899,4.3217998,4.3274198,,,,,,,,,,,,,,,,,,,,,,,,,,,,,,,,,,,,,,,,,,,,,,,,,,,,,,,,,,,,,,,,,,,,,,,,,,,,,,,,,,,,,,,t108
FS/12.png,left,0.1950575000009848,4.3274198,4.3228636,4.3287783,4.3224173,4.325268,4.3323083,4.3238635,4.3338265,4.33737,4.3423033,4.335091,4.342774,4.34616,4.3319936,4.3371606,4.3570356,4.3629637,4.361975,4.3660107,4.364547,4.358991,4.361262,4.3718085,4.378811,4.3689623,4.380184,4.383421,4.3728433,4.385384,4.375725,4.3837137,4.3781533,4.3693066,4.3885694,4.3820195,4.371686,4.378055,4.380003,4.3804684,4.3871694,4.387045,4.390262,4.3911924,4.387312,4.389906,4.389106,4.3769884,4.369569,4.3722143,4.3686676,4.37274,4.374865,4.380576,4.373612,4.3796115,4.3851137,4.3822536,4.4021726,4.398641,4.40439,4.403215,4.4073963,4.406417,4.4031715,4.40171,4.404502,4.4010396,4.4049406,4.415498,4.4092846,4.402638,4.4087915,4.408051,4.422465,4.4151673,4.4210415,4.4063654,4.420621,4.427207,4.412442,4.4115806,4.4154162,4.41609,4.4201303,4.4193187,4.422359,4.420426,4.421066,4.4214964,4.4298673,4.4277816,4.4344454,4.440685,4.437765,4.428631,4.4440455,4.436573,4.438684,4.4507413,4.4372673,4.4366117,4.434907,4.4581423,4.4317245,4.434174,4.4485426,4.4445877,4.426306,4.4473114,4.4541903,4.4486775,4.452815,4.4486346,4.442786,4.441299,4.4625726,4.455059,4.4553638,4.452968,4.4568768,4.4730053,4.4783964,4.449465,4.4672804,4.4647713,4.464251,4.46382,4.467121,4.45995,4.458617,4.4667225,4.4686875,4.468146,4.452897,4.4214706,4.426084,4.415699,4.4072,4.4076,4.404842,4.379455,4.354132,4.3250976,4.302552,4.2774324,4.2608204,4.229466,4.205667,4.184578,4.165873,4.144509,4.1265717,4.087024,4.081346,4.064347,4.0381556,4.014756,3.9952402,3.9829934,3.9674554,3.9635954,3.9478962,3.9422154,3.9234898,3.8918655,3.8789573,3.8751802,3.872475,3.8735864,3.8595533,3.8553,3.8263285,3.843708,3.843501,3.8296344,3.822762,3.8281577,3.8297224,3.8288074,3.8313322,3.8316274,3.824744,3.8294516,3.825886,3.8251183,3.8086948,3.8084874,3.8145802,3.803549,3.7900214,3.803006,3.7987185,3.8286245,3.8170428,3.7996798,3.8141487,3.7982247,3.781378,3.7453527,1.5073872,1.7599864,3.7366793,3.785806,3.7721002,3.8136468,4.0846467,3.8066266,3.8696587,3.825643,3.84974,3.865688,3.8566167,3.8507438,3.882467,3.902017,3.909673,3.8997526,3.9336295,3.9389467,3.9502008,3.9536936,3.9537303,3.9623084,3.959275,3.9653144,3.9676094,3.9796658,3.9830642,3.9920347,3.9897382,3.9686823,3.9984994,4.0038977,4.0065994,4.013588,4.0117903,4.0232725,4.0276423,4.0364194,4.0403743,4.052393,4.0490556,4.0596604,4.079886,4.0885158,4.090889,4.1025834,4.1030307,4.1299186,4.125098,4.1189356,4.135084,4.142142,4.149281,4.1590786,4.1546226,4.1536145,4.1789393,4.1876917,4.195254,4.2037582,4.2117467,4.2151914,4.2143316,4.217665,4.2186184,4.214989,4.226461,4.229842,4.2255917,4.232411,4.2433815,4.240625,4.2371907,4.246537,4.242098,4.240398,4.261419,4.2383447,4.2280974,4.2445745,4.247076,4.252163,4.2557425,4.2515144,4.271689,4.2630463,4.214805,4.2243524,4.211599,4.2232537,4.2191586,4.2094007,4.2127457,4.2040505,4.213399,4.218942,4.218202,4.229396,4.2136693,4.2368875,4.193292,4.2163563,4.210098,4.2272296,4.2110033,4.200489,4.2070885,4.19065,4.200407,4.2107806,4.187159,4.17263,4.172297,4.1884217,4.1760297,4.1736298,4.172876,4.1761394,4.1672854,4.1714644,4.1679025,4.1641107,4.1600304,4.1649213,4.1476245,4.1522675,4.1573176,4.1562357,4.1573257,4.166811,4.154374,4.149521,4.144033,4.148534,4.142645,4.153335,4.122143,4.136528,4.13324,4.1100683,4.1114917,4.1020346,4.1040316,4.0886455,4.10365,4.0980215,4.1006703,4.102794,4.0966797,4.1114664,4.103415,4.0998316,4.0875006,4.11872,4.096662,4.112447,4.102473,4.105719,4.1124473,4.114059,4.1131516,4.113066,4.1169868,4.1238413,4.11021,4.109513,4.1145635,4.1411915,4.15444,4.1423535,4.136508,4.132606,4.1344686,4.1405478,4.140961,,,,,,,,,,,,,,,,,,,,,,,,,,,,,,,,,,,,,,,,,,,,,,,,,,,,,,,,,,,,,,,,,,,,,,,,,,,,,,,,,,,,,t109
FS/12.png,right,0.3050371000008454,4.3807983,4.39659,4.391844,4.385046,4.3864985,4.3951807,4.402519,4.3934846,4.3874288,4.405737,4.4063525,4.410498,4.4233055,4.427739,4.435947,4.4357533,4.4334345,4.4257884,4.4397635,4.4449353,4.452515,4.443944,4.4491725,4.441234,4.4499283,4.46118,4.462052,4.463809,4.4700246,4.473349,4.4667583,4.4722176,4.4850955,4.4730163,4.480868,4.4754224,4.4883184,4.4765434,4.4926753,4.485629,4.489897,4.494049,4.507399,4.501115,4.5032077,4.507766,4.5068016,4.5053835,4.513205,4.515261,4.5137787,4.514549,4.5147367,4.514035,4.5031776,4.5209346,4.514505,4.4878306,4.471748,4.461162,4.427413,4.37503,3.5491776,4.4084578,4.3823285,4.327664,4.345842,4.365153,4.366242,4.361954,4.3643575,4.360605,4.3778505,4.3882294,4.4101677,4.401872,4.409134,4.427675,4.430377,4.4438,4.449008,4.450536,4.449415,4.4675546,4.4529533,4.462489,4.4785385,4.4772935,4.488917,4.4859924,4.4862394,4.505179,4.4947705,4.4948335,4.515923,4.5075374,4.516824,4.5231423,4.5285854,4.532748,4.52126,4.531246,4.524442,4.5357995,4.5372734,4.52847,4.5457325,4.5612817,4.5444703,4.5612264,4.557521,4.552164,4.5575047,4.5529385,4.5556173,4.5725775,4.5564947,4.553787,4.547756,4.541673,4.5422354,4.532707,4.5160775,4.500813,4.488447,4.4754605,4.45505,4.430355,4.394692,4.374543,4.360746,4.35481,4.3246017,4.2971864,4.289634,4.2666802,4.2532864,4.2241087,4.207359,4.1984005,4.177639,4.1654687,4.1530275,4.1516075,4.1550403,4.1464953,4.1181555,4.127968,4.118643,4.1116805,4.0778327,4.0798917,4.088431,4.0729938,4.060417,4.0625854,4.0565763,4.0571547,4.0589395,4.0582657,4.0550356,4.0582523,4.0585995,4.0431786,4.0564294,4.0608215,4.0604515,4.0670085,4.066164,4.073245,4.074455,4.0806623,4.0799813,4.0777106,4.088942,4.091819,4.0912843,4.105549,4.105036,4.1132784,4.1214666,4.1198153,4.1200194,4.1190925,4.1282244,4.1258273,4.12785,4.134677,4.1420174,4.16736,4.1478415,4.158937,4.156267,4.1551337,4.1595755,4.160144,4.159424,4.156451,4.1633735,4.163562,4.145023,4.1528063,4.160794,4.152447,4.158585,4.1558776,4.1505613,4.1382055,4.15634,4.1445503,4.15066,4.147908,4.139094,4.1510143,4.1357207,4.1469684,4.134218,4.157987,4.143568,4.1616,4.151727,4.144297,4.1008782,4.0776777,1.6831158,3.8211722,4.171076,4.2820125,4.2543473,4.236621,4.236948,4.246287,4.263922,4.268527,4.293366,4.3005486,4.318682,4.3310337,4.3345075,4.3368735,4.3397474,4.3455834,4.3470807,4.355138,4.3675475,4.3760104,4.364697,4.3759055,4.383428,4.388383,4.382178,4.3761706,4.382181,4.3803406,4.4059668,4.3978634,4.387076,4.410509,4.409156,4.4174314,4.41987,4.4190297,4.410038,4.421614,4.4187565,4.420159,4.4234657,4.4311075,4.426923,4.4351654,4.433342,4.443016,4.4405594,4.421067,4.441559,4.4505153,4.4543896,4.4582043,4.452842,4.471541,4.4755454,4.4751153,4.479937,4.491973,4.4876227,4.483847,4.5051627,4.488495,4.489231,4.4957166,4.4844217,4.492518,4.5026336,4.505282,4.4963717,4.5010805,4.492909,4.4938135,4.494224,4.4929986,4.4908442,4.495176,4.5042753,4.501594,4.5074234,4.4942827,4.496193,4.5009665,4.4988036,4.5077634,4.496418,4.4949026,4.504655,4.496069,4.497528,4.502911,4.501713,4.4990554,4.501783,4.49293,4.494936,4.494382,4.500297,4.4918036,4.490592,4.486301,4.4945984,4.493661,4.484786,4.490245,4.4975076,4.490208,4.482355,4.4824195,4.478197,4.48592,4.4848604,4.480724,4.4722967,4.479335,4.476616,4.4604745,4.462832,4.455204,4.45826,4.448187,4.4488506,4.4467874,4.4441886,4.453849,4.4395704,4.4451447,4.4489727,4.447141,4.4579453,4.4452977,4.449808,4.4519987,4.44708,4.441039,4.444437,4.440094,4.444516,4.4272723,4.433891,4.433893,4.434317,4.4321012,4.431839,4.4289,4.43834,4.435726,4.442855,4.436082,4.451073,4.4508324,4.4545355,4.458034,4.458836,4.4584813,4.4609118,,,,,,,,,,,,,,,,,,,,,,,,,,,,,,,,,,,,,,,,,,,,,,,,,,,,,,,,,,,,,,,,,,,,,,,,,,,,,,,,t113
