image_name,response_key,response_time,t1,t2,t3,t4,t5,t6,t7,t8,t9,t10,t11,t12,t13,t14,t15,t16,t17,t18,t19,t20,t21,t22,t23,t24,t25,t26,t27,t28,t29,t30,t31,t32,t33,t34,t35,t36,t37,t38,t39,t40,t41,t42,t43,t44,t45,t46,t47,t48,t49,t50,t51,t52,t53,t54,t55,t56,t57,t58,t59,t60,t61,t62,t63,t64,t65,t66,t67,t68,t69,t70,t71,t72,t73,t74,t75,t76,t77,t78,t79,t80,t81,t82,t83,t84,t85,t86,t87,t88,t89,t90,t91,t92,t93,t94,t95,t96,t97,t98,t99,t100,t101,t102,t103,t104,t105,t106,t107,t108,t109,t110,t111,t112,t113,t114,t115,t116,t117,t118,t119,t120,t121,t122,t123,t124,t125,t126,t127,t128,t129,t130,t131,t132,t133,t134,t135,t136,t137,t138,t139,t140,t141,t142,t143,t144,t145,t146,t147,t148,t149,t150,t151,t152,t153,t154,t155,t156,t157,t158,t159,t160,t161,t162,t163,t164,t165,t166,t167,t168,t169,t170,t171,t172,t173,t174,t175,t176,t177,t178,t179,t180,t181,t182,t183,t184,t185,t186,t187,t188,t189,t190,t191,t192,t193,t194,t195,t196,t197,t198,t199,t200,t201,t202,t203,t204,t205,t206,t207,t208,t209,t210,t211,t212,t213,t214,t215,t216,t217,t218,t219,t220,t221,t222,t223,t224,t225,t226,t227,t228,t229,t230,t231,t232,t233,t234,t235,t236,t237,t238,t239,t240,t241,t242,t243,t244,t245,t246,t247,t248,t249,t250,t251,t252,t253,t254,t255,t256,t257,t258,t259,t260,t261,t262,t263,t264,t265,t266,t267,t268,t269,t270,t271,t272,t273,t274,t275,t276,t277,t278,t279,t280,t281,t282,t283,t284,t285,t286,t287,t288,t289,t290,t291,t292,t293,t294,t295,t296,t297,t298,t299,t300,t301,t302,t303,t304,t305,t306,t307,t308,t309,t310,t311,t312,t313,t314,t315,t316,t317,t318,t319,t320,t321,t322,t323,t324,t325,t326,t327,t328,t329,t330,t331,t332,t333,t334,t335,t336,t337,t338,t339,t340,t341,t342,t343,t344,t345,t346,t347,t348,t349,t350,t351,t352,t353,t354,t355,t356,t357,t358,t359,t360,t361,t362,t363,t364,t365,t366,t367,t368,t369,t370,t371,t372,t373,t374,t375,t376,t377,t378,t379,t380,t381,t382,t383,t384,t385,t386,t387,t388,t389,t390,t391,t392,t393,t394,t395,t396,t397,t398,t399,t400,t401,t402,t403,t404,t405,t406,t407,t408,t409,t410,t411,t412,t413,t414,t415,t416,t417,t418,t419,t420,t421,t422,t423,t424,t425,t426,t427,t428,t429,t430,t431,t432,t433,t434,t435,t436,t437,t438,t439,t440,t441,t442,t443,t444,t445,t446,t447,t448,t449,t450,t451,t452,t453,t454,t455,t456,t457,t458,t459,t460,t461,t462,t463,t464,t465,t466,t467,t468,t469,t470,t471,t472,t473,t474,t475,t476,t477,t478,t479,t480,t481,t482,t483,t484,t485,t486,t487,t488,t489,t490,t491,t492,t493,t494,t495,t496,t497,t498,t499,t500,t501,t502,t503,t504,t505,t506,t507,t508,t509,t510,t511,t512,t513,t514,t515,t516,t517,t518,t519,t520,t521,t522,t523,t524,t525,t526,t527,t528,t529,t530,t531,t532,t533,t534,t535,t536,t537,t538,t539,t540,t541,t542,t543,t544,t545,t546,t547,t548,t549,t550,t551,t552,t553,t554,t555,t556,t557,t558,t559,t560,t561,t562,t563,t564,t565,t566,t567,t568,t569,t570,t571,t572,t573,t574,t575,t576,t577,t578,t579,t580,t581,t582,t583,t584,t585,t586,t587,t588,t589,t590,t591,t592,t593,t594,t595,t596,t597,t598,t599,t600,t601,t602,t603,t604,t605,t606,t607,t608,t609,t610,t611,t612,t613,t614,t615,t616,t617,t618,t619,t620,t621,t622,t623,t624,t625,t626,t627,t628,t629,t630,t631,t632,t633,t634,t635,t636,t637,t638,t639,t640,t641,t642,t643,t644,t645,t646,t647,t648,t649,t650,t651,t652,t653,t654,t655,t656,t657,t658,t659,t660,t661,t662,t663,t664,t665,t666,t667,t668,t669,t670,t671
FS/612.png,left,0.4150348999537527,3.7762492,3.7570527,3.7787793,3.7734673,3.7724273,3.758742,3.769111,3.7569196,3.7649713,3.7790658,3.7715347,3.7686675,3.771372,3.7892697,3.776704,3.763074,3.7855396,3.7947865,3.7897542,3.7783318,3.7763321,3.7889152,3.7832572,3.788823,3.7982774,3.7832806,3.7985685,3.8023374,3.799764,3.791733,3.8154798,3.810954,3.8117611,3.7969155,3.8098953,3.8127325,3.823915,3.814866,3.8132002,3.7904592,3.799076,3.7980533,3.8087823,3.8231623,3.810021,3.8166158,3.7994056,3.8242507,3.7851715,3.7974825,3.8161702,3.8141456,3.812189,3.8238142,3.8203678,3.7838058,3.8064132,3.8027701,3.799281,3.7842038,3.798219,3.7912178,3.7795496,3.8029766,3.7768965,3.7922776,3.7944329,3.7617269,3.7734506,3.771642,3.7795944,3.7652347,3.7543344,3.7473414,3.7648826,3.7649655,3.775572,3.7682552,3.7678692,3.7867408,3.7652204,3.7576308,3.7762768,3.7763603,3.7775836,3.7682147,3.774879,3.7764776,3.7927756,3.765229,3.7872617,3.7628946,3.7946374,3.7799404,3.8016338,3.81172,3.8254795,3.8091447,3.8162105,3.8256557,3.8102372,3.8285363,3.8226519,3.8237326,3.8314924,3.8432121,3.8387096,3.833139,3.819209,3.8558872,3.8453798,3.843895,3.8302379,3.8161395,3.8490593,3.8493652,3.8691258,3.8463123,3.831731,3.852502,3.855377,3.8543196,3.8586202,3.8641584,3.8527248,3.863114,3.843726,3.8481402,3.8432512,3.83829,3.828439,3.8095396,3.8149517,3.7975774,3.7438033,3.7188995,3.668665,3.640111,3.6408417,3.5965946,3.580782,3.5485256,3.505695,3.4958265,3.4600706,3.450453,3.4309478,3.3962376,3.3634613,3.3438118,3.3353224,3.3165228,3.2982557,3.3017495,3.264893,3.254053,3.24916,3.2304792,3.2059808,3.2061052,3.1852798,3.1527877,3.1487389,3.1519175,3.1312995,3.1293304,3.1161056,3.111492,3.1159248,3.108379,3.1025107,3.112087,3.0999186,3.0979078,3.1053476,3.093613,3.0953727,3.09831,3.0981622,3.1019561,3.0865684,3.083414,3.1032069,3.0924585,3.1032653,3.114105,3.091698,3.0994112,3.1158779,3.12649,3.1103864,3.1266925,3.1285605,3.1385243,3.141845,3.157518,3.1709592,3.1843255,3.1834662,3.1965437,3.2300093,3.2008424,3.2306993,3.2283645,3.2344427,3.2589397,3.2567506,3.3071063,3.314655,3.3201144,3.3071752,3.3286164,3.3340328,3.33911,3.3461242,3.351559,3.361552,3.3524983,3.3651707,3.3949683,3.3892267,3.4315615,3.4302232,3.406102,3.4330308,3.4624438,3.4593537,3.4534824,3.4545488,3.483322,3.467258,3.4690373,3.4923098,3.4833465,3.483328,3.490397,3.4966047,3.5004044,3.52717,3.5253377,3.5169199,3.5375211,3.5178375,3.5451458,3.5512004,3.5306382,3.495081,3.5180602,3.582695,2.0096738,2.9903572,2.94197,3.5298812,3.550926,3.6191845,3.6713552,3.691796,3.756214,3.8098052,3.690942,3.6749446,3.677499,3.6955953,3.6929154,3.7300103,3.6989522,3.7315416,3.733542,3.7241824,3.7298853,3.736782,3.73509,3.7429643,3.7619429,3.737197,3.7595313,3.7970068,3.7536066,3.7763405,3.7640758,3.7679887,3.760282,3.7686813,3.748616,3.7863562,3.7961187,3.8253284,3.7983656,3.805941,3.79268,3.8085892,3.8329253,3.8343163,3.834245,3.82505,3.8365536,3.8383062,3.8466644,3.8375247,3.853735,3.8445716,3.8473103,3.8434305,3.8443062,3.8618715,3.8556118,3.8606505,3.867449,3.865797,3.8631551,3.8546343,3.8666515,3.857866,3.8565848,3.848776,3.8558106,3.8548586,3.8527045,3.835233,3.8623073,3.854851,3.8673995,3.8543456,3.845178,3.8617623,3.861677,3.8589942,3.8742266,3.8432539,3.8471544,3.8713794,3.8745737,3.8681564,3.870507,3.8596573,3.856623,3.8687418,3.871143,3.8641331,3.874954,3.8922565,3.8737817,3.8445559,3.8595653,3.8607078,3.8529482,3.8610592,3.86254,3.8899012,3.865077,3.8700128,3.86902,3.8516161,3.8707678,3.8875415,3.8881783,3.8868892,3.8998203,3.8829637,3.8841653,3.8651147,3.875232,3.8780522,3.8602283,3.8552287,3.8776608,3.888482,3.871393,3.8726404,3.8763428,3.8660252,3.8869724,3.87017,3.8447897,3.9265454,3.8644998,3.8754437,3.881796,3.8714652,3.8520179,3.8769746,3.8764255,3.8748293,3.8759604,3.86456,3.8871162,3.8602486,3.8764033,3.8722825,3.8692353,3.8849516,3.8771462,3.8732138,3.8713233,3.8763263,3.8798983,3.8650246,3.8646436,3.8717225,3.8727288,3.9551375,3.8684585,3.8674872,3.8676026,3.8664138,3.862292,3.8904462,3.8738155,3.875728,3.8768191,3.874231,3.88117,3.8790095,3.8759816,3.8624396,,,,,,,,,,,,,,,,,,,,,,,,,,,,,,,,,,,,,,,,,,,,,,,,,,,,,,,,,,,,,,,,,,,,,,,,,,,,,,,,,,,,,,,,,,,,,,,,,,,,,,,,,,,,,,,,,,,,,,,,,,,,,,,,,,,,,,,,,,,,,,,,,,,,,,,,,,,,,,,,,,,,,,,,,,,,,,,,,,,,,,,,,,,,,,,,,,,,,,,,,,,,,,,,,,,,,,,,,,,,,,,,,,,,,,,,,,,,,,,,,,,,,,,,,,,,,,,,t7
FS/612.png,right,0.2328688000561669,3.9682107,3.9511116,3.970763,3.9554045,3.984341,3.964285,3.9737296,3.957586,3.9800777,3.9545803,3.9645767,3.975119,3.977426,3.97171,3.9850852,3.9981642,3.9766562,3.9736147,3.9792123,3.98171,3.9781234,4.009494,3.9933686,3.9833004,4.014549,3.9779348,4.0019045,4.0170226,4.000284,3.9974136,4.0019617,4.004015,4.0258713,3.99986,4.008889,4.017001,4.01048,4.024098,4.0170393,4.006031,4.0001035,4.021827,4.020372,4.005796,4.04337,4.02324,4.025942,4.029272,4.021641,4.0487714,4.0146947,4.030476,4.045729,4.0267777,4.015952,4.0005584,3.9875975,3.9836216,3.9966474,3.9929314,3.981653,3.9600713,3.9889126,3.9740558,3.9714882,3.9670813,3.9625409,3.9580977,3.957318,3.9329548,3.949506,3.9220502,3.9102552,3.9053247,3.9013562,3.9077692,3.8988593,3.913496,3.9184124,3.9109628,3.8859203,3.872827,3.9004893,3.8851492,3.9092398,3.8727307,3.8902628,3.926099,3.901197,3.905344,3.912106,3.9052336,3.9315782,3.9027457,3.902916,3.9260988,3.9155385,3.930542,3.9214141,3.926843,3.9216115,3.9224403,3.9250195,3.936405,3.9404302,3.9314966,3.9350526,3.948399,3.9376187,3.9554768,3.9387639,3.946388,3.9842672,3.979233,3.9653556,3.956853,3.9844792,3.9813159,3.98009,4.0019827,4.0130825,4.0064187,4.0169325,3.9833891,4.0050044,4.0143967,4.010791,4.0156016,4.0185623,4.0006366,4.025016,3.9833186,3.9752705,3.9980063,3.9422617,3.9320009,3.9055583,3.8928032,3.860541,3.8187618,3.7837176,3.7677786,3.7444437,3.7077374,3.6873438,3.683125,3.6463563,3.6278813,3.5780292,3.5184696,3.5198095,3.5107932,3.5031543,3.4560652,3.4560018,3.4151843,3.410727,3.3840163,3.3568597,3.3483515,3.3432877,3.3371243,3.3261135,3.2960455,3.3019814,3.2837393,3.2861614,3.2884827,3.2759922,3.262045,3.255242,3.238058,3.2326124,3.2052436,3.2150679,3.205912,3.2204654,3.191943,3.220594,3.2120924,3.2167132,3.2023811,3.2053113,3.2159493,3.2020512,3.2106047,3.2018542,3.2085764,3.2196426,3.2125366,3.233193,3.2244408,3.2211196,3.213548,3.2114868,3.2365842,3.232621,3.2540836,3.255744,3.2344184,3.2587562,3.2789881,3.2363615,3.2736967,3.2751036,3.2263002,3.3531976,3.5652492,3.4774997,3.5694404,3.5601563,3.596376,3.590193,3.5692232,3.6030495,3.6022644,3.589309,3.6182244,3.6440156,3.6308959,3.6282864,3.6529694,3.6675117,3.6848521,3.6797304,3.7075632,3.6853008,3.6985757,3.702087,3.697361,3.7309818,3.7154527,3.718849,3.7437909,3.74232,3.755745,3.7312477,3.7714849,3.7619996,3.7667377,3.8000836,3.7902782,3.7709112,3.813938,3.816844,3.8020184,3.8099916,3.807066,3.8151937,3.8117802,3.807408,3.8237078,3.8264236,3.8224425,3.8413804,3.8159888,3.8213685,3.81952,3.8313923,3.8324144,3.8305898,3.8487139,3.847442,3.8458087,3.849811,3.8372548,3.8446982,3.8418071,3.8409367,3.836742,3.838166,3.8391414,3.8325438,3.8600085,3.847647,3.8255632,3.8390553,3.821386,3.2123063,3.7485394,3.7419183,3.7882771,3.769202,3.8289478,3.873024,3.9367707,3.8942363,3.849272,3.8492985,3.8706567,3.8448088,3.849244,3.8664782,3.8603911,3.8539963,3.8675117,3.8554707,3.8674319,3.8628955,3.8697624,3.8696692,3.8861172,3.8789105,3.8835447,3.8812413,3.8704474,3.8860223,3.8979437,3.9044735,3.8857503,3.8835084,3.9146688,3.9083722,3.8875694,3.9099722,3.8963287,3.8966007,3.9204016,3.9262798,3.9134214,3.924573,3.9390957,3.934719,3.9175816,3.9291613,3.9366004,3.9350994,3.9474738,3.9318473,3.9632423,3.9471445,3.9248743,3.9422817,3.9330378,3.936236,3.914956,3.9331198,3.9509828,3.9394953,3.9411266,3.9509113,3.9488418,3.9421015,3.9508562,3.9725792,3.938478,3.9508314,3.9321015,3.9560132,3.943134,3.9409728,3.9792058,3.9779048,3.9631743,3.979609,3.9618523,3.9660616,3.9895022,3.9571726,3.9630804,3.9846287,3.9515092,3.9705138,3.9686422,3.9840195,,,,,,,,,,,,,,,,,,,,,,,,,,,,,,,,,,,,,,,,,,,,,,,,,,,,,,,,,,,,,,,,,,,,,,,,,,,,,,,,,,,,,,,,,,,,,,,,,,,,,,,,,,,,,,,,,,,,,,,,,,,,,,,,,,,,,,,,,,,,,,,,,,,,,,,,,,,,,,,,,,,,,,,,,,,,,,,,,,,,,,,,,,,,,,,,,,,,,,,,,,,,,,,,,,,,,,,,,,,,,,,,,,,,,,,,,,,,,,,,,,,,,,,,,,,,,,,,,,,,,,,,,,,,,,,,,,,,,,,,,,,,,,,,,,,,,,,,,,,,,,,,,,t22
FS/472.png,left,0.2014648000476882,3.8714201,3.8787158,3.876015,3.8910415,3.875709,3.8892255,3.9125416,3.8994453,3.9284723,3.918245,3.9074492,3.8968406,3.9321225,3.9290652,3.9206886,3.9400759,3.9418428,3.9414146,3.9548385,3.9605002,3.9569466,3.939709,3.95687,3.9442399,3.9198644,3.954452,3.9621246,3.9674923,3.9634864,3.963948,3.9674673,3.9600234,3.9804523,3.962593,3.9675615,3.9642491,3.966428,3.9828196,3.968292,3.9753993,3.9721246,3.9772499,3.9683475,3.97966,3.9827983,3.9799473,3.9766963,3.9990017,3.9819896,3.9981923,3.98447,3.9852602,3.9876823,3.9885187,3.9777749,3.9899359,3.9945035,3.9909315,3.9862604,3.986403,3.9907892,3.9943686,3.9818428,3.9811068,3.9668448,3.968606,3.9471223,3.9856224,3.978278,3.9640253,3.9556415,3.945945,3.9731534,3.9214723,3.9202952,3.9030106,3.9302871,3.9030707,3.9233274,3.8957148,3.9062696,3.891108,3.892476,3.8718665,3.9052215,3.878906,3.8657422,3.8993027,3.8897064,3.8810942,3.9010599,3.874116,3.89422,3.888308,3.9029207,3.8951347,3.8918328,3.9031804,3.891245,3.8900735,3.915257,3.92914,3.9022748,3.9183385,3.921601,3.9177244,3.9404018,3.9216323,3.933264,3.9324043,3.936566,3.9437618,3.9455574,3.9506812,3.9657433,3.943945,3.959359,3.9569151,3.9740324,3.9554424,3.9357955,3.9814937,3.9792461,3.9563677,3.965327,3.965961,3.963624,3.978452,3.992782,3.9919837,4.0012627,4.00951,3.987433,4.0142193,3.9837136,3.975987,3.9568417,3.92351,3.919228,3.8840308,3.8799548,3.8409605,3.8110588,3.806432,3.7854505,3.7673364,3.7287555,3.707129,3.6823328,3.6256652,3.622854,3.6158698,3.5894408,3.5808733,3.5374534,3.5150352,3.4985564,3.4534123,3.4376779,3.4349551,3.4368494,3.4268284,3.3925316,3.3747945,3.4044936,3.3823576,3.385243,3.373819,3.3773737,3.3708317,3.3377283,3.345439,3.309843,3.3443375,3.3205357,3.2970552,3.3111317,3.3229055,3.3200786,3.3040001,3.2885602,3.299311,3.2767532,3.2837696,3.3045719,3.335558,3.300992,3.2907524,3.337958,3.2972748,3.3429086,3.3396099,3.3162296,3.3393378,3.3453221,3.3497477,3.3583295,3.3693254,3.378371,3.3782487,3.387403,3.3842428,3.3942144,3.3822396,3.4051263,3.385839,3.404536,3.4060242,3.4055436,3.4216626,3.4362478,3.4513462,3.455093,3.4657586,3.4782856,3.506468,3.5180874,3.5066762,3.5271046,3.5196722,3.5132802,3.534156,3.4183028,3.4338958,3.754193,3.6842868,3.9563918,3.773369,3.7193868,3.7460728,3.7844431,3.7597044,3.7957,3.789337,3.774666,3.8018804,3.8032503,3.848254,3.7735047,3.8506045,3.8716178,3.9412875,4.029059,3.9873583,3.9159656,3.923688,3.9379141,3.92198,3.9413645,3.944081,3.965054,3.940562,3.9717171,3.9559534,3.9620059,3.972708,3.9655304,3.9652445,3.969834,3.9467888,3.9554524,3.9315674,3.0224822,4.0324593,3.8890095,3.9329617,4.020243,4.040573,3.9561636,3.9319153,3.9346173,3.925944,3.8898652,3.9287667,3.9412513,3.9367068,3.9480562,3.9507365,3.943014,3.9424326,3.9263775,3.953762,3.9566133,3.950044,3.9422746,3.9418755,3.9545827,3.9381018,3.9477162,3.9504025,3.951187,3.941308,3.9511073,3.9340346,3.9427078,3.9336894,3.954153,3.9551547,3.9556837,3.918629,3.8982391,3.9511442,3.948872,3.967573,3.9568644,3.9535325,3.9633353,3.9769847,3.9425457,3.943934,3.9603567,3.9539182,3.9643853,3.9535372,3.9575486,3.9280722,3.9269774,3.9458566,3.9461453,3.937453,3.97175,3.964355,3.9476357,,,,,,,,,,,,,,,,,,,,,,,,,,,,,,,,,,,,,,,,,,,,,,,,,,,,,,,,,,,,,,,,,,,,,,,,,,,,,,,,,,,,,,,,,,,,,,,,,,,,,,,,,,,,,,,,,,,,,,,,,,,,,,,,,,,,,,,,,,,,,,,,,,,,,,,,,,,,,,,,,,,,,,,,,,,,,,,,,,,,,,,,,,,,,,,,,,,,,,,,,,,,,,,,,,,,,,,,,,,,,,,,,,,,,,,,,,,,,,,,,,,,,,,,,,,,,,,,,,,,,,,,,,,,,,,,,,,,,,,,,,,,,,,,,,,,,,,,,,,,,,,,,,,,,,,,,,,,,,,,,,,,,,,,,,,,,,,,,,,,,,,,,,,,t16
FS/472.png,right,0.2829715000698343,3.744746,3.7659247,3.748914,3.7584348,3.7454429,3.7410066,3.756902,3.7375576,3.744145,3.7553036,3.7349424,3.7523744,3.775751,3.7836714,3.7526312,3.7493255,3.7681231,3.7644928,3.748297,3.762144,3.785927,3.79515,3.7541513,3.7847502,3.7925546,3.7975476,3.7949483,3.7874718,3.7887282,3.799544,3.7966096,3.8073628,3.8119786,3.815191,3.7924984,3.8254123,3.7985063,3.8178415,3.8196151,3.8145397,3.8154912,3.826511,3.812302,3.808664,3.8179321,3.8209488,3.8258157,3.8232327,3.814852,3.8216178,3.8315825,3.8271065,3.826213,3.8319054,3.8053393,3.8205419,3.7937245,3.8083363,3.831026,3.8229456,3.8128893,3.814847,3.806231,3.7936466,3.8016086,3.7761433,3.7942152,3.7821624,3.761352,3.7312992,3.7665966,3.754476,3.7231498,3.7133145,3.7277741,3.7106516,3.701986,3.6804383,3.680502,3.6644332,3.6506593,3.667917,3.6568992,3.6640074,3.6466591,3.6612434,3.647548,3.6498346,3.6489213,3.6383338,3.6551144,3.6499267,3.6422787,3.6435015,3.64251,3.6515818,3.6413374,3.6488419,3.6438072,3.6457932,3.6369324,3.6471925,3.6542857,3.6476152,3.6716897,3.66349,3.655315,3.6603594,3.6573253,3.6529312,3.6689057,3.6603518,3.6612403,3.6666975,3.6555028,3.6568074,3.689728,3.6644557,3.6800137,3.6486852,3.6801744,3.6678705,3.706515,3.6943135,3.7127178,3.6969628,3.7049599,3.717665,3.7223742,3.7146862,3.7144568,3.706151,3.7129078,3.7035003,3.7162044,3.6986244,3.6907413,3.6632414,3.646418,3.629149,3.6057813,3.5768757,3.555924,3.5423007,3.525881,3.5088644,3.479911,3.4216418,3.3975804,3.3853128,3.366163,3.3526895,3.312527,3.3055644,3.2746463,3.2675254,3.2098682,3.2151425,3.1940103,3.1665564,3.142937,3.138313,3.1367002,3.1220024,3.086976,3.0897257,3.0784547,3.0626974,3.0775192,3.026956,3.027248,3.0187387,3.0337386,3.015242,3.01092,3.0270548,2.9774916,2.9852998,2.993987,2.977543,3.0006068,2.973847,2.9787486,2.9849343,2.9774852,2.985599,2.99033,2.992919,2.9611247,2.966703,2.9674163,2.9661384,2.9896302,2.9587576,2.9942725,3.0120547,2.993458,3.0091326,2.9953885,3.0203085,3.0468855,3.0446098,3.0406408,3.036129,3.043192,3.0818944,3.0478053,3.092383,3.0831327,3.0957167,3.0906515,3.0876725,3.0962293,3.1056156,3.1157188,3.1106656,3.1218638,3.1231403,3.1185439,3.126676,3.1226964,3.1279361,3.1140602,3.1231096,3.2058716,2.939344,2.914347,1.9559693,3.188191,3.5478883,3.304877,3.194034,3.4150906,3.4564154,3.3961353,3.3302352,3.3516514,3.3506486,3.3365676,3.3226874,3.3484154,3.3680115,3.3784611,3.3662148,3.3768313,3.400453,3.4001305,3.4323125,3.4428155,3.4393067,3.450184,3.464636,3.4860876,3.4835312,3.4832146,3.4723566,3.4929473,3.4921334,3.489657,3.4865336,3.51844,3.5367706,3.5015616,3.5213158,3.523128,3.546464,3.5484526,3.5749857,3.5516624,3.5682962,3.5546536,3.596005,3.5830166,3.5914502,3.593574,3.6019778,3.6000662,3.6144361,3.6163733,3.5993776,3.615158,3.6187756,3.621754,3.626734,3.668434,3.6261752,3.63222,3.6224272,3.6344507,3.6439326,3.6338682,3.6506338,3.6377897,3.6393642,3.6554039,3.6432807,3.650964,3.6508124,3.6731415,3.681284,3.6882546,3.6647353,3.6526806,3.6709306,3.716234,3.6767583,3.666144,3.699648,3.7065823,3.6695912,3.6918738,3.7056103,3.7040544,3.6841764,3.6868732,3.6919167,3.7242835,3.6907644,3.708185,3.6927354,3.6768007,3.7159715,3.6541724,3.7076879,3.6856496,3.6707408,3.6919675,3.6861947,3.6854477,3.6965902,3.6849916,3.6926699,3.68339,3.657765,3.639997,3.6798112,3.6896255,3.6733081,3.6869943,3.677878,3.6824403,3.6733737,3.6898184,3.6798046,3.6799483,3.6867056,3.6998785,3.6914806,3.688015,3.6858048,3.6900587,3.6764355,3.5824838,3.6171682,3.7330074,3.7141078,3.6735864,3.6834345,3.6947305,3.7051032,3.711598,3.7093568,3.7191892,3.726081,3.7146132,3.7244127,3.7383535,3.7408826,3.7448664,3.7422013,3.7274222,,,,,,,,,,,,,,,,,,,,,,,,,,,,,,,,,,,,,,,,,,,,,,,,,,,,,,,,,,,,,,,,,,,,,,,,,,,,,,,,,,,,,,,,,,,,,,,,,,,,,,,,,,,,,,,,,,,,,,,,,,,,,,,,,,,,,,,,,,,,,,,,,,,,,,,,,,,,,,,,,,,,,,,,,,,,,,,,,,,,,,,,,,,,,,,,,,,,,,,,,,,,,,,,,,,,,,,,,,,,,,,,,,,,,,,,,,,,,,,,,,,,,,,,,,,,,,,,,,,,,,,,,,,,,,,,,,,,,,,,,,,,,,,,,,,,,,,,,,,,t37
FS/272.png,right,0.1976340999826789,3.9831326,3.981599,3.97721,3.9771688,3.9809644,3.995813,3.9745736,3.974899,3.9951088,3.9828327,3.9884965,3.9839396,3.9868777,3.963988,3.868475,4.0525923,4.0326967,3.978127,4.0119934,3.9897306,4.0394073,3.9949923,3.9538417,3.9463053,3.9666042,3.9648764,3.9587793,3.9584436,3.9686432,3.9714358,3.9737196,3.9423678,3.97566,3.946759,3.9700477,3.9773085,3.9823704,3.9794235,3.9818945,3.9822147,3.982759,3.9770486,3.9764638,3.9878595,3.9781353,3.9830043,3.979072,3.9712672,3.9649217,3.9703445,3.9690423,3.9674842,3.949898,3.9712934,3.962109,3.9563148,3.9479332,3.9656289,3.9512033,3.9489956,3.95457,3.9540884,3.9235663,3.9578218,3.9241462,3.9268944,3.939082,3.9145527,3.9006908,3.9229598,3.9293332,3.9070501,3.8941581,3.8937893,3.9029748,3.8993464,3.8942955,3.898663,3.9089313,3.8269117,3.8884847,3.8958943,3.879482,3.8590932,3.8439808,3.8676622,3.8629858,3.8697624,3.8580303,3.8721185,3.864948,3.874183,3.8880143,3.8778744,3.8827782,3.8704877,3.863676,3.8843036,3.8616886,3.873915,3.8812199,3.8760552,3.8968687,3.8724544,3.8763897,3.8724945,3.890001,3.8821971,3.8995326,3.8721886,3.8658533,3.8891265,3.8795872,3.8681564,3.848867,3.7972229,3.7696424,3.7999082,3.735071,3.7123811,3.6992037,3.6702075,3.6440616,3.574661,3.5600574,3.5492783,3.5354457,3.4922569,3.4725933,3.4324212,3.399279,3.3896208,3.3546658,3.3240542,3.3250782,3.3020952,3.2777886,3.2743137,3.2560058,3.2435083,3.1990688,3.1704466,3.1729615,3.1583707,3.1583707,3.1408842,3.149748,3.131871,3.1287355,3.1343613,3.1259916,3.1174643,3.1155906,3.131564,3.0951495,3.1109385,3.1056993,3.0826497,3.0812876,3.0751822,3.1013403,3.0888042,3.1225595,3.1051595,3.0945976,3.091259,3.107271,3.0984843,3.102993,3.1071599,3.11495,3.1202497,3.1111624,3.1203063,3.1237466,3.1298203,3.1462126,3.1527197,3.1568425,3.160681,3.158228,3.1634653,3.1818185,3.187585,3.1940875,3.2037096,3.2137,3.216135,3.225959,3.2293117,3.2552807,3.2851052,3.2756226,3.2917404,3.306955,3.3133876,3.354318,3.3553157,3.3718472,3.359194,3.3878162,3.406197,3.4074893,3.411835,3.3935697,3.4142258,3.4083374,3.4502785,3.4429853,3.4567533,3.4432917,3.4751196,3.4699976,3.5507126,3.5327713,3.5597112,3.5510252,3.5725167,3.5876873,3.5918028,3.5709686,3.5863156,3.6055496,3.6026738,3.6063564,3.619805,3.6331723,3.620862,3.6330369,3.6515675,3.666285,3.6756117,3.6726434,3.7172916,3.7118006,3.7295437,3.719771,3.7284806,3.7367613,3.7491076,3.7701535,3.7527142,3.7567656,3.7823281,3.785319,3.794163,3.783616,3.7775247,3.818143,3.8025637,3.8134296,3.8534944,3.8315494,3.8447478,3.8639107,3.8699486,3.8845184,3.8798468,3.8864,3.8963866,3.89867,3.908707,3.9015074,3.9041743,3.9378366,3.9339278,3.9534798,3.9365864,3.9530425,3.958264,3.9817736,3.9589875,3.9605858,3.9868636,3.9739892,3.9724886,3.981454,3.9906976,4.0047793,3.995834,3.9859886,4.063525,3.9814272,4.1831627,4.0972247,4.091408,4.097593,4.1071424,4.1358466,4.183448,4.161418,4.1138372,4.103074,4.1100416,4.1201982,4.1150846,4.133751,4.12345,4.124879,4.1128135,4.1498494,4.1434655,4.110066,4.140019,4.1373878,4.1498175,4.1394835,4.1554937,4.1588526,4.162397,4.1791368,4.166617,4.141678,4.1643553,4.1680765,4.1674805,4.1624656,4.1688585,4.178218,4.185499,4.179839,4.156618,4.1706324,4.176085,4.176123,4.1671,4.1507487,4.120519,4.1727157,4.1558046,4.12654,4.1176043,4.141416,4.1482277,4.1451488,4.1391897,4.1409626,4.1502557,4.132646,4.154254,4.1394234,4.1460323,4.138053,4.135661,4.1334786,4.1394167,4.1268225,4.142858,4.139843,4.130697,4.1373897,4.143635,4.138283,4.138948,4.1314616,4.1381803,4.1230865,4.114906,4.123085,4.123674,4.1342597,4.1424136,4.134537,4.1260424,4.1000056,4.1420565,4.142739,4.1216273,4.114942,4.111107,4.121735,4.107514,4.1355567,4.1144443,4.1349854,4.134575,4.1238637,4.136397,4.1196394,4.1360974,4.1339717,4.1347136,4.0922413,4.1121497,4.120354,4.1290855,4.1220756,4.1129727,4.0906672,4.1210923,4.1173115,4.1106124,4.1227684,4.107745,4.110205,4.112517,4.1195736,4.109776,4.1068463,4.107712,4.09833,4.1047544,4.1000824,4.11353,4.1275373,4.1198792,4.1499853,4.1477275,4.1149096,4.127415,4.136698,4.131008,4.1354117,4.1387744,4.1089144,,,,,,,,,,,,,,,,,,,,,,,,,,,,,,,,,,,,,,,,,,,,,,,,,,,,,,,,,,,,,,,,,,,,,,,,,,,,,,,,,,,,,,,,,,,,,,,,,,,,,,,,,,,,,,,,,,,,,,,,,,,,,,,,,,,,,,,,,,,,,,,,,,,,,,,,,,,,,,,,,,,,,,,,,,,,,,,,,,,,,,,,,,,,,,,,,,,,,,,,,,,,,,,,,,,,,,,,,,,,,,,,,,,,,,,,,,,,,,,,,,,,,,,,,,,,,,,,t17
FS/272.png,right,0.2250476999906823,3.8722675,3.8329577,3.834224,3.8719137,3.8788137,3.8510468,3.8381758,3.86193,3.846898,3.8690314,3.871293,3.8924994,3.8636184,3.8654695,3.8899746,3.87806,3.8950126,3.8930566,3.8958979,3.884893,3.8884752,3.8868706,3.8944585,3.8996682,3.9148176,3.8871799,3.8842502,3.9028516,3.899181,3.907369,3.905682,3.882704,3.9203982,3.9299936,3.9020834,3.9236903,3.9382439,3.9070635,3.9125829,3.9068346,3.9323494,3.932837,3.9420314,3.925325,3.9460385,3.9501133,3.9406695,3.9366455,3.9503427,3.9539742,3.9439242,3.9420621,3.9438329,3.9263465,3.9378707,3.9373126,3.9195395,3.9074125,3.899156,3.9184005,3.88127,3.8686745,3.8661973,3.8778934,3.856013,3.8534477,3.8513656,3.856364,3.8570435,3.8437266,3.8343852,3.8168185,3.8154986,3.8056045,3.7880511,3.79959,3.8265765,3.7682438,3.78541,3.7744167,3.7644627,3.7791512,3.782129,3.7671988,3.7660115,3.769862,3.7909198,3.7736776,3.7742538,3.7663393,3.7683053,3.7827218,3.7793922,3.8082547,3.783921,3.7974286,3.8053803,3.7844965,3.814765,3.8004682,3.801454,3.8084252,3.8106477,3.805105,3.8186793,3.8057644,3.8116007,3.8234034,3.8262923,3.8192136,3.82392,3.8344264,3.8404732,3.8411102,3.8586838,3.842281,3.86153,3.8606727,3.879449,3.8551805,3.882197,3.8766036,3.8750336,3.883314,3.8893845,3.9081967,3.9018931,4.0086007,3.894942,3.891144,3.8675063,3.8589227,3.8450263,3.8483374,3.8087487,3.8030012,3.774789,3.7792587,3.7278063,3.6960504,3.695433,3.6637044,3.6208813,3.5887227,3.5794563,3.5620186,3.5262194,3.4930015,3.5028555,3.4485905,3.4171357,3.4185412,3.373098,3.3710868,3.3426435,3.3187983,3.3089266,3.2978003,3.2936864,3.2425578,3.243018,3.228147,3.2200832,3.2300456,3.2103858,3.1975937,3.1637487,3.2001119,3.1563075,3.147616,3.1297343,3.1232927,3.13774,3.1161413,3.0948808,3.0989108,3.0985723,3.0898573,3.1076603,3.1027238,3.0943024,3.0968451,3.0990317,3.1113696,3.1092403,3.0936592,3.1111488,3.097999,3.1056163,3.1012588,3.1142592,3.1075783,3.117317,3.117756,3.1117194,3.1128056,3.1046999,3.1269846,3.1139019,3.1246712,3.117922,3.139452,3.1245036,3.1378868,3.1361165,3.1477058,3.134644,3.1605005,3.171791,3.1962407,3.1895142,3.1100948,3.118754,3.5567868,3.4807637,3.5901492,3.5125663,3.6686819,3.6479218,3.6835086,3.5961163,3.6171963,3.6091073,3.6240203,3.623086,3.6490154,3.628581,3.6609888,3.6664984,3.6849058,3.6785586,3.6854022,3.6891882,3.7022119,3.7025445,3.7179828,3.7170205,3.729947,3.7275956,3.747119,3.7338572,3.7581758,3.7437892,3.7469153,3.7556026,3.7583308,3.7647157,3.7704244,3.7752156,3.7658067,3.7776814,3.765903,3.7747273,3.7750332,3.7686846,3.765814,3.7708712,3.7659764,3.7792237,3.7675374,3.7782605,3.7821257,3.7568233,3.7721827,3.7690883,3.789399,3.7786765,3.770275,3.7601078,3.7781765,3.7679412,3.775668,3.773763,3.7686138,3.7772732,3.7695954,3.7655988,3.7823744,3.7667851,3.7656968,3.765458,3.7678206,3.78132,3.7687397,3.7905428,3.7893302,3.767882,3.7739599,3.7692232,3.8035088,3.7764175,3.7717304,3.7812533,3.7918274,3.7865286,3.775591,3.7659261,3.772858,3.7612994,3.7605534,3.775239,3.7751157,3.751654,3.762068,3.7559557,3.7441876,3.7447596,3.7496524,3.7234242,3.7491262,3.7718003,3.7596464,3.7508888,3.7503893,3.7387898,3.760239,3.752776,3.748474,3.7643685,3.7400143,3.742206,3.7576954,3.7827163,3.7660303,3.767571,3.776967,3.7744868,3.8014958,3.7574694,3.7862298,3.7735596,3.769108,3.785526,3.7991824,3.764926,3.7850277,3.7898667,3.790191,3.7779703,3.8065333,3.7967646,3.7776573,3.78995,3.7874653,3.791398,3.8045487,3.7955275,3.808621,3.8123298,3.818185,3.8093402,3.816166,3.8088908,3.830438,3.8190827,3.81772,3.8259566,3.821867,3.8505058,3.8193824,3.848591,3.8651454,3.845624,3.8402069,3.8453255,3.8349943,3.8461344,3.868672,3.8295724,3.8696744,3.8612134,3.8651571,,,,,,,,,,,,,,,,,,,,,,,,,,,,,,,,,,,,,,,,,,,,,,,,,,,,,,,,,,,,,,,,,,,,,,,,,,,,,,,,,,,,,,,,,,,,,,,,,,,,,,,,,,,,,,,,,,,,,,,,,,,,,,,,,,,,,,,,,,,,,,,,,,,,,,,,,,,,,,,,,,,,,,,,,,,,,,,,,,,,,,,,,,,,,,,,,,,,,,,,,,,,,,,,,,,,,,,,,,,,,,,,,,,,,,,,,,,,,,,,,,,,,,,,,,,,,,,,,,,,,,,,,,,,,,,,,,,,,,,,,,,,,,,,,,,,,,,,,,,t40
FS/232.png,left,0.242674299981445,4.1201844,4.1191397,4.1683993,4.1341615,4.1543803,4.150664,4.1641617,4.1265373,4.1456475,4.1583924,4.1494975,4.1648345,4.1469502,4.1664324,4.1646657,4.158317,4.1630692,4.143707,4.1818857,4.1305003,4.148178,4.154849,4.1362514,4.1408668,4.1538463,4.14667,4.1226335,4.153741,4.1465516,4.152012,4.1526566,4.1515007,4.1333346,4.1585035,4.1517205,4.144952,4.1276813,4.1349406,4.1319184,4.1452255,4.139031,4.150436,4.144753,4.1258445,4.1267757,4.147242,4.138854,4.1413617,4.1564384,4.1539564,4.127706,4.123126,4.1206636,4.1346955,4.152986,4.138403,4.134013,4.1239815,4.128856,4.1147003,4.1184864,4.1082835,4.1126947,4.09807,4.101093,4.070432,4.0826397,4.0774455,4.080703,4.0609236,4.034861,4.040358,4.0234036,4.0086594,4.0074253,4.0066366,4.006359,3.9921975,4.001636,3.9873219,3.9940794,4.0054326,3.9925072,3.9906647,3.981251,3.9784124,3.9862585,4.0042424,4.003187,4.006638,3.9877222,3.983599,3.9870586,3.9986923,3.9988353,4.005489,3.9868195,3.9982758,4.001538,4.0047865,4.027968,4.017645,4.0177803,4.0119643,4.0189624,4.0370502,4.043496,4.0327935,4.064422,4.0456934,4.0240207,4.0575485,4.0514555,4.0358624,4.0601683,4.0649867,4.07155,4.0733438,4.0835524,4.0855193,4.070712,4.094512,4.0672483,4.0952086,4.102007,4.1065745,4.109264,4.106951,4.1041083,4.119307,4.1585503,4.1230993,4.1190176,4.1112165,4.104625,4.0620165,4.068426,4.036165,4.0322666,3.9940016,3.994825,3.9628224,3.9445877,3.9097185,3.8650267,3.8506172,3.8146453,3.786782,3.7731888,3.7218556,3.7043202,3.677359,3.652832,3.65315,3.614638,3.6104836,3.5888805,3.5471065,3.512085,3.4875326,3.486993,3.431639,3.4609258,3.4165204,3.414887,3.4141028,3.4091918,3.3849432,3.3866065,3.3735023,3.388602,3.3766668,3.363972,3.3385255,3.338194,3.334651,3.3382401,3.3109956,3.2808526,3.3065004,3.2961738,3.2953353,3.223014,3.267909,3.2487824,3.2829359,3.2651517,3.2588236,3.2921548,3.2549174,3.2499173,3.2503722,3.2988527,3.3905928,3.4257655,3.4937618,3.5516076,3.5694149,3.5982566,3.6165793,3.6165357,3.6085563,3.6295755,3.6405206,3.640465,3.6529844,3.665003,3.6590846,3.6528044,3.6959522,3.694988,3.694783,3.7190266,3.7228894,3.744384,3.7716641,3.754397,3.7620146,3.7745023,3.7878726,3.7887006,3.7672508,3.7833793,3.7975245,3.7889569,3.7655241,3.7297888,3.8781214,3.8783598,3.9060745,3.9149435,3.9082305,3.873968,3.918612,3.9328425,3.9239657,3.9231176,3.923417,3.9343207,3.9384015,3.9136684,3.9347906,3.9096398,3.9157765,3.9096136,3.9289355,3.940276,3.9413648,3.94354,3.9173913,3.9461606,3.961312,3.9286022,3.9589286,3.9149919,3.9713957,3.9792836,3.940442,3.8573503,3.835293,3.8557436,3.8349779,3.8500926,3.8443828,3.843468,3.8608916,3.8545039,3.842998,3.8452127,3.8447175,3.863175,3.8416703,3.8222148,3.8511019,3.8732595,3.8579404,3.8735092,3.8682506,3.8488743,3.8580108,3.8756604,3.8721447,3.8642888,3.8833945,3.8772874,3.8737085,3.8618288,3.8831446,3.898948,3.8705578,3.8837116,3.8850813,3.8732784,3.8702755,3.876054,3.8841043,3.8745573,3.884923,3.8863728,3.9005182,3.887291,3.8969994,3.8969457,3.893582,3.91257,3.9224832,3.9021208,3.9150298,3.9020765,3.924687,3.9364188,3.8937926,3.8947504,3.9107475,3.9045196,3.907311,3.9311788,3.9192379,3.9135516,3.9211342,3.9337053,3.9162807,3.9427722,3.9189067,3.9297135,3.9414074,3.9287918,3.9341974,3.9296277,3.9334986,3.9306927,3.9063644,3.9104702,3.9192958,3.9307156,3.920869,3.966602,3.9582834,3.9479573,3.9425724,3.9498458,,,,,,,,,,,,,,,,,,,,,,,,,,,,,,,,,,,,,,,,,,,,,,,,,,,,,,,,,,,,,,,,,,,,,,,,,,,,,,,,,,,,,,,,,,,,,,,,,,,,,,,,,,,,,,,,,,,,,,,,,,,,,,,,,,,,,,,,,,,,,,,,,,,,,,,,,,,,,,,,,,,,,,,,,,,,,,,,,,,,,,,,,,,,,,,,,,,,,,,,,,,,,,,,,,,,,,,,,,,,,,,,,,,,,,,,,,,,,,,,,,,,,,,,,,,,,,,,,,,,,,,,,,,,,,,,,,,,,,,,,,,,,,,,,,,,,,,,,,,,,,,,,,,,,,,,,,,,,,,,,,,,,,,,,,t18
FS/232.png,right,0.3468641999643296,3.8516262,3.837786,3.842461,3.8428187,3.8519,3.8535903,3.8714445,3.868941,3.87092,3.85459,3.846935,3.8652644,3.8688474,3.8656516,3.863357,3.876821,3.8746424,3.882565,3.8934336,3.8813195,3.8907688,3.886914,3.877111,3.8947382,3.8887362,3.8858216,3.8844304,3.8947067,3.9010065,3.8733344,3.9036136,3.9017045,3.8984218,3.8925042,3.904299,3.8922155,3.9042704,3.913815,3.894716,3.888517,3.9175293,3.899818,3.9074056,3.8992944,3.902906,3.9004762,3.8985639,3.9027185,3.9038587,3.9061,3.8978577,3.9012027,3.8585498,3.8421636,3.8507063,3.8632805,3.8330135,3.8532972,3.8348384,3.8282084,3.8346732,3.8207383,3.8294508,3.8200548,3.801032,3.8004558,3.7961946,3.8033588,3.787547,3.773965,3.8037283,3.7956414,3.77571,3.778001,3.769048,3.76152,3.7693806,3.7616515,3.7904055,3.747459,3.7605064,3.7688375,3.758589,3.7484982,3.728694,3.7651007,3.7536588,3.7574332,3.763624,3.757599,3.7613416,3.739153,3.7510278,3.753778,3.7680802,3.7583187,3.7712998,3.7599723,3.7729192,3.7654912,3.7734728,3.7576385,3.790338,3.7816005,3.7881,3.7811813,3.7848966,3.7905126,3.807556,3.7920623,3.7966826,3.783982,3.7854817,3.7809,3.8017032,3.8137665,3.8189173,3.8221467,3.8061543,3.8148317,3.7916458,3.832593,3.8291807,3.8315659,3.8265152,3.8320649,3.8354342,3.8194005,3.8337767,3.8219562,3.8055322,3.8499148,3.807273,3.8213654,3.804128,3.7930067,3.760569,3.749825,3.7092981,3.6406744,3.6187074,3.6034691,3.5815241,3.5760953,3.5413237,3.5147777,3.4920542,3.42638,3.4016552,3.3929875,3.3968997,3.352065,3.3349822,3.2985952,3.2700562,3.2793586,3.2487113,3.229236,3.213968,3.1904788,3.2017376,3.17229,3.1674356,3.1334307,3.1288695,3.1410472,3.1117814,3.086344,3.067053,3.0533473,3.0414631,3.0603836,3.0331213,3.0333862,3.0469406,3.0247438,3.0277784,3.0172582,3.0406532,3.0085294,3.0165079,3.038115,3.0123653,3.021557,3.040984,3.04097,3.0051272,3.0184002,3.0178885,3.0251558,3.021091,3.0215826,3.0148191,3.0223,3.0400717,3.0354726,3.0353897,3.051951,3.0519059,3.0821965,3.0613947,3.1082575,3.1151114,3.0923686,3.1311758,3.1617575,3.1865373,3.1826768,3.1876502,3.1932573,3.1958952,3.1864078,3.1946592,3.2086263,3.2292159,3.2125747,3.2257926,3.2835836,3.0115168,3.5060363,3.6660717,3.350361,3.5274277,3.44641,3.5300457,3.5525036,3.4701264,3.4722066,3.467495,3.5240803,3.4672499,3.4943144,3.5042813,3.4973307,3.494544,3.5016487,3.5452816,3.5461738,3.5586634,3.563647,3.5660856,3.5626674,3.5561347,3.5865045,3.5853078,3.5925155,3.6040604,3.609504,3.6193688,3.6141279,3.6347551,3.620986,3.634846,3.645378,3.658605,3.6504276,3.662492,3.6758254,3.6760256,3.6763406,3.6784012,3.697353,3.6816673,3.6958132,3.7379808,3.7399333,3.7304413,3.73522,3.740771,3.7472887,3.7316039,3.7387104,3.7487917,3.752816,3.7552698,3.7540486,3.7638605,3.7567148,3.7770948,3.7699516,3.7448492,3.7665675,3.7624063,3.772764,3.783592,3.7808032,3.780947,3.7958496,3.793233,3.7874243,3.7859936,3.8057182,3.8140647,3.807784,3.79271,3.8018537,3.8024843,3.7992127,3.810514,3.8172657,3.8069704,3.8043072,3.8096378,3.821802,3.811211,3.8134375,3.8114316,3.8173218,3.8033493,3.8147936,3.8155534,3.8040686,3.8067052,3.8028283,3.8148534,3.7983055,3.8067775,3.8127856,3.8207555,3.8131108,3.804268,3.8097665,3.7995405,3.8090541,3.8022614,3.8072953,3.83826,3.8134654,3.807298,3.7952836,3.8120556,3.819862,3.8189237,3.824457,3.8266315,3.8180733,3.8180678,3.830868,3.8175895,3.8232193,3.8264024,3.84648,3.8375292,3.824739,3.8367636,3.8299258,3.839976,3.844617,3.8240228,3.836987,3.8512588,3.8562796,3.8336725,3.855465,3.8496175,3.8532567,3.8525305,3.8441844,3.8505914,3.8372762,3.850566,3.8543065,3.8621511,3.858565,3.8423371,3.8537564,3.8530977,3.8583806,3.8674803,3.874023,3.877922,3.8856814,3.8976102,3.897654,3.8473442,3.8853478,3.9088519,3.8894398,3.8898962,3.8553448,3.9211125,3.8789432,3.8962834,3.8944933,3.8939154,3.901034,3.8998437,3.9144244,3.9215407,3.8910272,3.9311235,3.9039662,3.9142673,3.9093199,3.9069512,3.8972006,3.8840725,3.9007523,,,,,,,,,,,,,,,,,,,,,,,,,,,,,,,,,,,,,,,,,,,,,,,,,,,,,,,,,,,,,,,,,,,,,,,,,,,,,,,,,,,,,,,,,,,,,,,,,,,,,,,,,,,,,,,,,,,,,,,,,,,,,,,,,,,,,,,,,,,,,,,,,,,,,,,,,,,,,,,,,,,,,,,,,,,,,,,,,,,,,,,,,,,,,,,,,,,,,,,,,,,,,,,,,,,,,,,,,,,,,,,,,,,,,,,,,,,,,,,,,,,,,,,,,,,,,,,,,,,,,,,,,,,,,,,,,t30
FS/22.png,right,0.2755921999923885,3.993232,3.971153,3.9984498,3.972754,3.9775834,3.9701295,4.00273,3.9625964,4.0038586,3.9844503,4.02027,3.9835052,3.9910123,3.9842741,4.0090384,4.004347,4.001102,3.9905555,3.9956038,3.9944172,3.975472,3.9837782,4.0012126,3.992256,4.003246,4.0137134,3.9960396,3.9840362,4.0038114,3.994931,4.0038657,3.99512,4.0191426,3.9942892,3.9786448,3.9997463,3.9995584,3.9923801,4.015225,3.9791827,4.00681,4.002034,4.017991,4.012717,4.002526,4.015938,3.9839861,4.0212984,4.011884,4.0224524,4.015795,3.9849253,3.9933476,4.0027995,4.0070167,3.9780548,3.9885168,3.978549,3.977834,3.963347,3.9607334,3.9686577,3.9582334,3.9566665,3.9500222,3.9385612,3.9343054,3.9178693,3.929093,3.923709,3.8977716,3.9001281,3.8931153,3.875322,3.8894007,3.8913143,3.8694057,3.8696973,3.864496,3.8862739,3.8757665,3.8795853,3.8726532,3.8920932,3.8389292,3.8779871,3.8503952,3.8540943,3.919979,3.8679438,3.8335426,3.868906,3.8654335,3.8563244,3.8902209,3.8606873,3.8635964,3.8794749,3.8937314,3.8812382,3.8816185,3.8801534,3.888804,3.8780084,3.8890631,3.897484,3.8947024,3.908003,3.898215,3.885662,3.8996112,3.8894093,3.8982177,3.904457,3.9137099,3.9019659,3.9115698,3.907555,3.915529,3.9265728,3.924771,3.9412677,3.951149,3.9414895,3.9480846,3.9551752,3.9370108,3.9311314,3.953993,3.9415588,3.9515548,4.033207,3.9865127,3.964478,3.953159,3.956095,3.9078963,3.9194224,3.8579931,3.827526,3.8165364,3.8141816,3.7605062,3.7453997,3.7260003,3.7054162,3.6740882,3.638106,3.6309717,3.579106,3.5305736,3.5381122,3.4751728,3.4634504,3.4432437,3.4274685,3.4002743,3.4097433,3.3935814,3.382967,3.3717606,3.3600788,3.3132217,3.3031874,3.2887201,3.2919176,3.2602897,3.2604263,3.2214215,3.2278843,3.2263958,3.21417,3.2143335,3.2185802,3.1956396,3.1992261,3.181881,3.1780055,3.188241,3.1841695,3.1782296,3.1682377,3.1885667,3.1789389,3.160179,3.1633463,3.1726158,3.161634,3.166068,3.1906803,3.163649,3.1786022,3.1744678,3.165393,3.1807232,3.2203107,3.2065005,3.210443,3.2151146,3.204773,3.228384,3.4358983,3.8693068,3.7720685,3.8271227,3.7309806,3.7666657,3.7291234,3.7430305,3.7549498,3.7698472,3.788243,3.803501,3.7976806,3.8231776,3.8147006,3.8383813,3.8345714,3.8415165,3.842507,3.840923,3.8481882,3.8621466,3.8695886,3.8619175,3.8653665,3.8582695,3.8725212,3.869986,3.8792462,3.8759716,3.879907,3.874921,3.8837435,3.8737261,3.8657427,3.879879,3.8763888,3.8678994,3.862018,3.8682375,3.8615382,3.849879,3.8574052,3.853221,3.7876296,3.8723137,3.769844,3.8904796,3.7877192,3.8210661,3.7935684,3.8375854,3.8238776,3.8219728,3.8046114,3.8086245,3.8130853,3.829754,3.828298,3.793422,3.8255181,3.7893221,3.79722,3.8163297,3.7872462,3.7888105,3.7932987,3.8292253,3.8389888,3.8297195,3.8290596,3.8327775,3.8025155,3.8182824,3.8580215,3.8590143,3.8574932,3.8431108,3.849559,3.863534,3.8657098,3.8668096,3.8586466,3.8781185,3.8705187,3.8695543,3.8779414,3.8653605,3.882512,3.87489,3.8812795,3.8790905,3.8883853,3.8878937,3.8806934,3.8810225,3.8835444,3.8910172,3.8902538,3.8984222,3.8936064,3.8910475,3.8873348,3.8966334,3.9004893,3.9090643,3.8931375,3.9148817,3.9224784,3.9103215,3.922426,3.922648,,,,,,,,,,,,,,,,,,,,,,,,,,,,,,,,,,,,,,,,,,,,,,,,,,,,,,,,,,,,,,,,,,,,,,,,,,,,,,,,,,,,,,,,,,,,,,,,,,,,,,,,,,,,,,,,,,,,,,,,,,,,,,,,,,,,,,,,,,,,,,,,,,,,,,,,,,,,,,,,,,,,,,,,,,,,,,,,,,,,,,,,,,,,,,,,,,,,,,,,,,,,,,,,,,,,,,,,,,,,,,,,,,,,,,,,,,,,,,,,,,,,,,,,,,,,,,,,,,,,,,,,,,,,,,,,,,,,,,,,,,,,,,,,,,,,,,,,,,,,,,,,,,,,,,,,,,,,,,,,,,,,,,,,,,,,,,,,,,,,,,,,,,,,,,,,,,,,,,t20
FS/22.png,right,0.1846941000549122,3.7376032,3.7354572,3.7242901,3.7328885,3.7255552,3.7251987,3.724702,3.7281513,3.7174432,3.7221916,3.7260182,3.7248356,3.7217731,3.7178478,3.7214863,3.731924,3.73525,3.7146108,3.7228267,3.7251167,3.7316072,3.730439,3.7202568,3.7205348,3.7183824,3.7326155,3.7336147,3.7242136,3.73206,3.738652,3.738329,3.7458894,3.730439,3.733165,3.7478983,3.7399766,3.7626314,3.731443,3.7491174,3.774989,3.7838266,3.7752302,3.7568927,3.755146,3.7777057,3.7676842,3.774599,3.7837698,3.7793753,3.7616436,3.7636302,3.7803335,3.7337174,3.738534,3.727264,3.7257726,3.742909,3.7316942,3.7063344,3.7160518,3.6926446,3.7113247,3.6961348,3.6805098,3.6828895,3.6774845,3.679221,3.6651196,3.6584167,3.627981,3.6198647,3.632741,3.6259215,3.6016636,3.612645,3.6098704,3.6147656,3.5965693,3.605674,3.599762,3.6126895,3.6016798,3.6013744,3.5943692,3.6091797,3.5945854,3.6166093,3.5882456,3.6014354,3.604988,3.612037,3.5931141,3.6038775,3.6048527,3.6038382,3.6170993,3.6189332,3.6061459,3.624792,3.6267788,3.6114235,3.603443,3.6194422,3.6191833,3.6365669,3.615687,3.627425,3.6267855,3.6379173,3.6616364,3.6422522,3.6521616,3.6469119,3.6871328,3.6942775,3.6786416,3.6840675,3.675711,3.7032309,3.7107475,3.7041955,3.7435846,3.7014246,3.7113533,3.7145748,3.720571,3.7174895,3.7186801,3.7103066,3.7153726,3.7338307,3.7351305,3.7252572,3.7413535,3.6940162,3.7061884,3.6678126,3.6318326,3.6106496,3.5886223,3.5691073,3.557501,3.5327024,3.511337,3.4964492,3.4461143,3.3918848,3.3824198,3.3816736,3.344794,3.328964,3.3118372,3.2678804,3.2361882,3.2424233,3.2454457,3.2401276,3.2139213,3.1863117,3.1868432,3.174031,3.117139,3.0693183,3.069907,3.0658746,3.066007,3.0432873,3.0519078,3.0303311,3.0165725,3.014518,3.017693,3.007272,3.0118,3.0273795,2.9945757,2.998905,2.9844482,2.9734526,2.9466987,2.959038,2.9755757,2.9743948,2.9520247,2.9428759,2.9534326,2.9501603,2.944358,2.918432,2.5770621,3.3445632,3.0805554,3.1847823,3.1700025,3.1569507,3.2112224,3.1898859,3.2017436,3.2245836,3.2133965,3.248721,3.2582474,3.259092,3.2641354,3.2543454,3.2825282,3.257348,3.3264415,3.3042815,3.337956,3.346146,3.366673,3.396011,3.3941193,3.4010992,3.3926232,3.401873,3.4021063,3.4157243,3.4231896,3.4353333,3.43183,3.4285457,3.4375489,3.441619,3.4563377,3.4503276,3.4458237,3.4889958,3.4257376,3.3156135,3.6811497,3.6046298,3.4881904,3.4841213,3.5858507,3.6047444,3.565068,3.5605204,3.5546896,3.5543165,3.5693588,3.5827522,3.5844553,3.5949676,3.5984652,3.5911427,3.5959485,3.6096966,3.5941503,3.591471,3.5927012,3.6010294,3.5790129,3.6032133,3.59348,3.5970423,3.6121306,3.5914485,3.6195323,3.6099083,3.620247,3.612512,3.6404603,3.6206045,3.6187418,3.6354406,3.6152213,3.6108892,3.6122339,3.624751,3.620955,3.6207619,3.6352336,3.6374779,3.6287625,3.636059,3.6343596,3.6328895,3.622753,3.6502268,3.64108,3.6522586,3.6344538,3.6428661,3.6442184,3.6456747,3.64226,3.6548378,3.6435158,3.6552038,3.6673698,3.6522377,3.6545157,3.6524816,3.657652,3.6673484,3.6550338,3.6398573,3.667295,3.6645284,3.6702638,3.660305,3.6792915,3.6696005,3.6746287,3.673934,3.673234,3.663253,3.6685026,3.6944578,3.6868517,3.6791027,3.7033737,3.700137,3.704336,3.6984985,3.6986685,3.703166,3.6897743,3.674173,3.6942742,3.7139964,3.7228746,3.705585,3.6853812,3.7322567,3.7107325,3.7025034,3.7281086,3.7292314,3.7307243,3.7365518,3.7206182,3.7177682,3.7091355,3.7372906,3.7300758,3.731265,3.743302,3.7313905,3.7172282,3.725411,3.7394102,3.756942,3.732733,3.7396307,3.7522628,3.7606888,3.7482927,3.749164,3.756834,,,,,,,,,,,,,,,,,,,,,,,,,,,,,,,,,,,,,,,,,,,,,,,,,,,,,,,,,,,,,,,,,,,,,,,,,,,,,,,,,,,,,,,,,,,,,,,,,,,,,,,,,,,,,,,,,,,,,,,,,,,,,,,,,,,,,,,,,,,,,,,,,,,,,,,,,,,,,,,,,,,,,,,,,,,,,,,,,,,,,,,,,,,,,,,,,,,,,,,,,,,,,,,,,,,,,,,,,,,,,,,,,,,,,,,,,,,,,,,,,,,,,,,,,,,,,,,,,,,,,,,,,,,,,,,,,,,,,,,,,,,,,,,,,,,,,,,,,,,,,,,,,,,,,,,,,,,,,,,t51
FS/22.png,right,0.1880842000246048,3.6107998,3.639551,3.6262136,3.6398726,3.6504087,3.6447604,3.6287758,3.6370604,3.6557817,3.6532013,3.6425545,3.6571221,3.6631374,3.665862,3.67601,3.6719759,3.672527,3.6823256,3.6932435,3.6977384,3.6908863,3.672576,3.6800811,3.6892805,3.711747,3.6871736,3.6911838,3.6792946,3.7101612,3.6920595,3.6800215,3.6908665,3.6931238,3.7001233,3.686131,3.6869206,3.6561012,3.618959,3.631926,3.616068,3.6096761,3.6206439,3.515425,3.5248847,3.5079756,3.525548,3.494663,3.5094366,3.4921727,3.5094366,3.4804301,3.4687135,3.4786901,3.4398904,3.4656668,3.4555771,3.4669077,3.4559803,3.4717395,3.460642,3.4537623,3.459618,3.4625552,3.465563,3.4711614,3.4587338,3.4820993,3.4728298,3.4857569,3.4726894,3.4687798,3.4819164,3.4862049,3.4942234,3.4907217,3.4956894,3.4861798,3.4934976,3.5146084,3.548049,3.5523155,3.5199492,3.5041394,3.504845,3.4910274,3.467188,3.4353726,3.4310472,3.3814569,3.3574026,3.3303363,3.313312,3.2970726,3.2723923,3.261951,3.2405486,3.16262,3.1675415,3.1460316,3.134734,3.1216133,3.0619652,3.055173,3.0260115,2.998687,2.9901068,2.9768062,2.9863868,2.9567714,2.977085,2.9580295,2.96142,2.963403,2.9421887,2.9368322,2.9248774,2.9120238,2.889745,2.879779,2.8754768,2.8562925,2.8650713,2.8596442,2.8605022,2.8535051,2.8386614,2.8578138,2.842798,2.7998238,2.5461938,3.0081742,3.0704753,1.9532235,2.144595,3.3215938,3.4626172,3.496323,3.5498433,3.5542743,3.5853891,3.4273484,3.4048252,3.4094534,3.4149,3.417595,3.4161382,3.4156015,3.420381,3.4283822,3.4306972,3.4144108,3.402487,3.3940742,3.395181,3.404486,3.3799415,3.3647552,3.369419,3.3964245,3.3570018,3.365287,3.3841357,3.398963,3.3787878,3.3936756,3.380399,3.4042847,3.3924675,3.3825972,3.3770528,3.4015658,3.3923938,3.3777497,3.3854728,3.3917725,3.3900115,3.4111402,3.4241586,3.4218292,3.4196322,3.4164093,3.4027524,3.4197538,3.4101052,3.4000747,3.405064,3.4014957,3.420611,3.3950644,3.411883,3.406154,3.4211817,3.4188728,3.416755,3.421787,3.4362693,3.4520092,3.4253414,3.4466105,3.4442503,3.4223144,3.4317856,3.4511178,3.4398003,3.443126,3.4431398,3.450074,3.4350197,3.4495153,3.4514487,3.447447,3.456784,3.4541137,3.4509745,3.4530656,3.4437342,3.4492414,3.4525313,,,,,,,,,,,,,,,,,,,,,,,,,,,,,,,,,,,,,,,,,,,,,,,,,,,,,,,,,,,,,,,,,,,,,,,,,,,,,,,,,,,,,,,,,,,,,,,,,,,,,,,,,,,,,,,,,,,,,,,,,,,,,,,,,,,,,,,,,,,,,,,,,,,,,,,,,,,,,,,,,,,,,,,,,,,,,,,,,,,,,,,,,,,,,,,,,,,,,,,,,,,,,,,,,,,,,,,,,,,,,,,,,,,,,,,,,,,,,,,,,,,,,,,,,,,,,,,,,,,,,,,,,,,,,,,,,,,,,,,,,,,,,,,,,,,,,,,,,,,,,,,,,,,,,,,,,,,,,,,,,,,,,,,,,,,,,,,,,,,,,,,,,,,,,,,,,,,,,,,,,,,,,,,,,,,,,,,,,,,,,,,,,,,,,,,,,,,,,,,,,,,,,,,,,,,,,,,,,,,,,,,,,,,,,,,,,,,,,,,,,,,,,,,,,,,,,t114
FS/182.png,left,0.1714414000744,3.9826343,3.9948597,3.9621818,3.9913294,3.9735732,4.0015125,3.9764316,3.9960217,3.9859583,3.9817615,3.9848938,3.9864404,3.9944544,3.9962819,3.9843535,3.9578197,3.9751587,3.9803543,3.976558,3.9725742,3.9741316,4.004635,4.000981,4.00299,3.990548,4.0097485,4.0053544,3.9879794,4.006373,3.9893045,3.9995234,3.9839852,3.9889388,3.9891262,3.9890833,3.9961948,4.0119886,4.001383,3.9980583,4.0063887,3.9917102,4.009802,4.012243,3.9844916,4.0021167,4.0049005,3.9948044,4.0202746,4.0004396,3.9829667,3.9878817,3.995908,3.9810193,3.9832225,3.981086,4.0036044,3.9962704,4.0076604,3.9840598,4.001021,3.9816115,3.9882088,3.9713278,3.963846,3.9550824,3.9508119,3.9797025,3.9620101,3.9519982,3.9427629,3.9683106,3.9372747,3.9298313,3.9421933,3.9355996,3.9306552,3.94492,3.9165096,3.933613,3.9021297,3.930986,3.9099236,3.9213495,3.9241304,3.9130216,3.91058,3.9273071,3.901632,3.908338,3.9194255,3.9003582,3.9200566,3.900185,3.9255493,3.935581,3.9483137,3.9433165,3.9161177,3.956102,3.9553905,3.9355497,3.9414537,3.9275196,3.9574726,3.9541364,3.9600456,3.9485962,3.9572573,3.9585166,3.970669,3.9689288,3.970126,3.9787984,3.9615185,3.9701962,3.9745986,3.9827135,3.98769,3.9869044,3.9783921,3.9823174,3.9773092,3.9841692,4.0010495,3.992666,3.9839606,4.0011854,3.9880862,3.9944956,3.9932094,4.0031037,3.99744,3.9757445,3.9765277,3.9663472,3.9561481,3.9081686,3.9084966,3.8386788,3.863953,3.8430986,3.7918248,3.7669644,3.7497356,3.6800404,3.6613004,3.6477432,3.6080194,3.5925975,3.589532,3.5411386,3.5423887,3.4958475,3.4598799,3.4557538,3.4380033,3.4056056,3.3960025,3.3631935,3.3567424,3.342216,3.3168988,3.3068402,3.333047,3.3149595,3.292659,3.2704353,3.2491462,3.2486124,3.248645,3.239707,3.2329578,3.2375507,3.2098646,3.181453,3.2024198,3.189606,3.1753573,3.2017639,3.1719334,3.1873546,3.1608267,3.2050407,3.1770995,3.2018588,3.1818492,3.187802,3.1902056,3.1883318,3.1648328,3.187322,3.1780636,3.157466,3.1481376,3.2018003,3.1837788,3.7245555,3.4612732,1.1612164,3.4765723,3.467488,3.5542464,3.6107118,3.5931878,3.6641672,3.6977112,3.6332111,3.619094,3.611269,3.6551414,3.6871333,3.675025,3.6692326,3.690837,3.685197,3.6932745,3.696071,3.7325594,3.7144969,3.7069023,3.7395787,3.7427475,3.7502103,3.743007,3.7311087,3.752908,3.7483861,3.7559092,3.7617848,3.7613523,3.7746568,3.7570705,3.789751,3.7566028,3.7802474,3.7750278,3.8062224,3.808164,3.8398216,3.8099935,3.8223994,3.821911,3.826522,3.811242,3.8103576,3.8347507,3.8623846,3.8479025,3.8672926,3.8406878,3.8357465,3.8663173,3.8499625,3.8714705,3.8480449,3.8667836,3.836879,3.8624256,3.8722916,3.8789332,3.865934,3.8614283,3.8697033,3.8684363,3.8809988,3.8804586,3.8824563,3.8548925,3.8777385,3.8787837,3.8556287,3.8789642,3.8882334,3.8734975,3.8757334,3.8451016,3.8775954,3.8789005,3.8614993,3.8673651,3.8542523,3.8480775,3.8625362,3.8662353,3.8566966,3.8610978,3.8586981,3.8629777,3.852588,3.8714097,3.8940656,3.8969412,3.8537521,3.8642414,3.8616579,3.8545768,3.8519888,3.8674366,3.853114,3.8556018,3.863493,3.8753257,3.8756604,3.851081,3.8489144,3.8449638,3.8461146,3.8586636,3.8552804,3.8414807,3.855602,3.8834338,3.8813512,3.8931613,3.890841,3.8908122,3.8502758,3.8736014,3.910497,3.8957775,3.8546274,3.8834968,3.8921294,3.8738275,3.9210393,3.8996968,3.9263382,3.8936257,3.898059,3.9245367,3.9083982,3.8866076,3.9203365,3.9384916,3.9138727,3.9335713,3.9353352,3.931524,3.9299028,3.9400516,3.9420753,3.921918,3.9627259,3.9226923,3.9604273,3.9358208,3.9535828,3.9544106,3.9452343,3.9279673,3.9463613,3.957662,3.9481297,3.938421,3.9549112,,,,,,,,,,,,,,,,,,,,,,,,,,,,,,,,,,,,,,,,,,,,,,,,,,,,,,,,,,,,,,,,,,,,,,,,,,,,,,,,,,,,,,,,,,,,,,,,,,,,,,,,,,,,,,,,,,,,,,,,,,,,,,,,,,,,,,,,,,,,,,,,,,,,,,,,,,,,,,,,,,,,,,,,,,,,,,,,,,,,,,,,,,,,,,,,,,,,,,,,,,,,,,,,,,,,,,,,,,,,,,,,,,,,,,,,,,,,,,,,,,,,,,,,,,,,,,,,,,,,,,,,,,,,,,,,,,,,,,,,,,,,,,,,,,,,,,,,,,,,,,,,,,,,,,,,,,,,t23
FS/312.png,left,0.210886099957861,3.681279,3.7029212,3.7000499,3.6648722,3.691191,3.676078,3.681516,3.708425,3.679675,3.7087297,3.721919,3.7334864,3.7217565,3.7409244,3.735129,3.7268627,3.7496107,3.7404022,3.7685356,3.7593048,3.779458,3.7496498,3.7665827,3.771813,3.7670708,3.7601464,3.7672243,3.7880142,3.7755985,3.7793496,3.773268,3.8027327,3.7952456,3.8030849,3.7996118,3.796237,3.8113298,3.787004,3.8058186,3.800946,3.80674,3.7984018,3.8080552,3.8145595,3.8075738,3.821312,3.8024685,3.8075683,3.8034906,3.815012,3.8052125,3.8183575,3.8166156,3.810533,3.81077,3.7689333,3.767779,3.800716,3.7989445,3.7772381,3.7687037,3.7218516,3.735175,3.723581,3.708,3.7003498,3.7007792,3.7026727,3.686334,3.7009783,3.6515844,3.6662865,3.6729774,3.6639204,3.6694243,3.6452491,3.650788,3.6687837,3.6605787,3.6712224,3.6387157,3.6544368,3.6461065,3.6444802,3.6393363,3.6724765,3.6503,3.676095,3.6681871,3.6412756,3.6694608,3.6484134,3.6663578,3.6709301,3.6919162,3.67001,3.6828256,3.6796088,3.681546,3.6882567,3.6765587,3.6994243,3.7038677,3.7006872,3.7062569,3.7179382,3.7103333,3.716742,3.7334,3.7060347,3.7401762,3.7591918,3.739002,3.7606795,3.7427967,3.7626874,3.764759,3.761984,3.7680588,3.7618542,3.7770755,3.7737646,3.7796059,3.795308,3.790546,3.8172753,3.7860875,3.7778053,3.771543,3.7389328,3.7340832,3.7279606,3.7289484,3.6840818,3.630871,3.6432612,3.5954416,3.5666645,3.5268426,3.5119731,3.5017283,3.4287903,3.4600306,3.4500947,3.3852365,3.3595047,3.3336344,3.3288696,3.3135278,3.3119252,3.2980852,3.2455988,3.2417326,3.211518,3.197398,3.1625798,3.1678548,3.16253,3.1301408,3.1354547,3.158167,3.1411157,3.1325493,3.1186879,3.1214278,3.10801,3.1171782,3.1092198,3.0878513,3.1103737,3.1001728,3.0950978,3.0676703,3.0888689,3.1116223,3.094843,3.0756898,3.0649145,3.0761898,3.0720577,3.102203,3.0683382,3.089165,3.0950346,3.0919526,3.0592005,3.1022532,3.1067371,3.098544,3.1086986,3.1162615,3.1146622,3.1255386,3.11486,3.1233995,3.1202064,3.122814,3.117374,3.147651,3.1213965,3.1589656,3.116657,3.1485958,3.1854331,3.5781744,3.6042955,3.699286,3.7132387,3.768439,3.7898626,3.670607,3.7080185,3.694472,3.6891513,3.7165432,3.7248807,3.7180543,3.7250378,3.7226427,3.7112963,3.7085636,3.7156732,3.7090049,3.7367191,3.753533,3.7430825,3.7462468,3.744862,3.7633655,3.7649333,3.7845323,3.7553947,3.7689776,3.7755024,3.771059,3.7918372,3.7539618,3.7815602,3.7500749,3.743764,3.734171,3.7558122,3.743196,3.7534962,3.7593105,3.7381568,3.740284,3.7289388,3.7271733,3.7459283,3.740725,3.7240489,3.7384384,3.7416244,3.734084,3.735387,3.7196033,3.721475,3.720855,3.7131445,3.7187872,3.7219863,3.737312,3.6943324,3.6956642,3.687341,3.696756,3.7055492,3.6999345,3.694593,3.7076678,3.7007205,3.6923718,3.692129,3.68582,3.7146492,3.6776037,3.6891656,3.6631372,3.672393,3.682765,3.6552932,3.6776237,3.6411679,3.6636624,3.647757,3.6686547,3.6916392,3.6393785,3.6895568,3.6144187,3.6530435,3.6448133,3.645647,3.6510596,3.6122837,3.6196916,3.674591,3.6165056,3.6264942,3.650067,3.6637397,3.6542225,3.6198344,3.6543674,3.6217153,3.6380877,3.640577,3.6343224,3.6594133,3.6479154,3.6260362,3.6499896,3.6204739,3.6333408,3.6367288,3.6392667,3.632812,3.621869,3.6409593,3.6352499,3.622276,3.6413248,3.6536136,3.6490989,3.6464326,3.6495228,3.6415775,3.6681964,3.6619315,3.6554217,,,,,,,,,,,,,,,,,,,,,,,,,,,,,,,,,,,,,,,,,,,,,,,,,,,,,,,,,,,,,,,,,,,,,,,,,,,,,,,,,,,,,,,,,,,,,,,,,,,,,,,,,,,,,,,,,,,,,,,,,,,,,,,,,,,,,,,,,,,,,,,,,,,,,,,,,,,,,,,,,,,,,,,,,,,,,,,,,,,,,,,,,,,,,,,,,,,,,,,,,,,,,,,,,,,,,,,,,,,,,,,,,,,,,,,,,,,,,,,,,,,,,,,,,,,,,,,,,,,,,,,,,,,,,,,,,,,,,,,,,,,,,,,,,,,,,,,,,,,,,,,,,,,,,,,,,,,,,,,,,,,,,,,,,,,,,,,,,,,,t26
FS/12.png,left,0.1911126000341028,3.8284795,3.814521,3.8177853,3.8113172,3.8282306,3.8095474,3.8137412,3.8531454,3.824358,3.8199852,3.8299227,3.825675,3.829425,3.849332,3.8479133,3.8732414,3.8367283,3.8476017,3.8707547,3.8307767,3.8483272,3.832495,3.8482902,3.826367,3.8539584,3.8470244,3.857813,3.8535929,3.833486,3.8785298,3.8839033,3.8531218,3.8583288,3.8566787,3.8649063,3.9008818,3.8545618,3.873005,3.9073527,3.8700895,3.889951,3.8844364,3.892,3.8677194,3.8777947,3.8707783,3.8942537,3.89936,3.893211,3.8967993,3.9054427,3.9040506,3.8896677,3.9046776,3.904044,3.908999,3.8788965,3.8903883,3.8694973,3.8507106,3.8455167,3.831425,3.871596,3.828033,3.8273866,3.815708,3.8149812,3.80332,3.7880392,3.8004034,3.7853189,3.7631626,3.7785654,3.7646773,3.7821786,3.762227,3.7640533,3.7539008,3.7603867,3.7529554,3.7541683,3.755138,3.7431793,3.7711368,3.728313,3.73084,3.7389429,3.7211027,3.7173436,3.7282195,3.7490182,3.7506292,3.7058177,3.739321,3.7351391,3.7247205,3.7490284,3.7414415,3.7305462,3.7415013,3.739915,3.7219784,3.7534847,3.7307968,3.7420406,3.7221286,3.7182028,3.735038,3.7435553,3.7401965,3.7482655,3.7536623,3.7461092,3.752947,3.7281003,3.7557864,3.7689795,3.756262,3.7556312,3.7553256,3.7643108,3.760695,3.7596254,3.7790534,3.7657194,3.7608438,3.7865326,3.7664802,3.7629688,3.7840269,3.8007524,3.7767403,3.7930515,3.7587798,3.7617693,3.7365115,3.7223194,3.710643,3.6922076,3.6797838,3.6563756,3.6256979,3.5964293,3.5546584,3.507191,3.4924726,3.494258,3.4666288,3.4436095,3.4240777,3.3854747,3.3838296,3.318774,3.3070393,3.321248,3.287957,3.2909992,3.2337272,3.2382007,3.217962,3.2261953,3.1803174,3.16608,3.1627922,3.1106493,3.1130648,3.13194,3.134362,3.0872998,3.0818682,3.092576,3.0992057,3.0834918,3.0870984,3.0882106,3.077255,3.0791595,3.0652187,3.0319185,3.0709956,3.0637145,3.0539193,3.0490842,3.075076,3.0636754,3.0654745,3.0442226,3.0784967,3.0892556,3.0894644,3.0665882,3.0705664,3.0784273,3.0969496,3.1191187,3.129853,3.1014993,3.1509354,3.1427562,3.1712337,3.1630042,3.1693106,3.1840875,3.1823006,3.1871345,3.1872206,3.1795385,3.1894429,3.2206683,3.1999643,3.176431,3.0821853,2.382408,3.3567538,3.6376338,3.5162709,3.501065,3.624214,3.5873253,3.513723,3.5328655,3.556729,3.5781193,3.57413,3.582753,3.569355,3.6318398,3.6513834,3.5918946,3.620372,3.6200008,3.612424,3.6247952,3.63183,3.6377203,3.6592164,3.6434586,3.6454048,3.660772,3.633531,3.6702242,3.6770134,3.683097,3.669082,3.6703095,3.6798303,3.6592193,3.6915376,3.717305,3.6969287,3.7094562,3.712612,3.6889312,3.720275,3.7068756,3.7046473,3.7056017,3.7101827,3.712358,3.7152286,3.7092457,3.7172449,3.717054,3.7169785,3.7255437,3.7107084,3.7194045,3.7062364,3.7393637,3.745051,3.7423968,3.7417204,3.7289667,3.7391872,3.7398102,3.7366285,3.7382474,3.7341497,3.7326267,3.734839,3.741241,3.7372289,3.7417686,3.7534196,3.7455075,3.770693,3.743642,3.7438471,3.734507,3.744359,3.756872,3.7398834,3.7507534,3.744138,3.741732,3.7538192,3.7463093,3.7408278,3.751875,3.7809699,3.770243,3.7570984,3.7825224,3.7880514,3.7836304,3.7648797,3.7800705,3.76836,3.7782078,3.7906651,3.7536993,3.7541254,3.7642715,3.7788603,3.7819512,3.786878,3.7816656,3.7865226,3.7850537,3.7802756,3.7816882,3.7774277,3.7958848,3.7945743,3.7831655,3.7876124,3.782135,3.8093932,3.785131,3.8019388,3.802567,3.808811,3.7908795,3.8060696,3.8008502,3.7912405,3.8146663,3.8086412,3.8110366,3.8104467,3.804291,3.8124921,3.8222399,3.8083801,3.8145955,3.812156,3.840806,3.8555818,3.829912,3.8622434,3.8219297,3.8509388,3.8493598,3.8482158,3.8609896,3.8647718,3.8442647,3.8592803,3.8752403,3.874752,3.893338,3.8776138,3.874466,3.8661597,3.8956153,,,,,,,,,,,,,,,,,,,,,,,,,,,,,,,,,,,,,,,,,,,,,,,,,,,,,,,,,,,,,,,,,,,,,,,,,,,,,,,,,,,,,,,,,,,,,,,,,,,,,,,,,,,,,,,,,,,,,,,,,,,,,,,,,,,,,,,,,,,,,,,,,,,,,,,,,,,,,,,,,,,,,,,,,,,,,,,,,,,,,,,,,,,,,,,,,,,,,,,,,,,,,,,,,,,,,,,,,,,,,,,,,,,,,,,,,,,,,,,,,,,,,,,,,,,,,,,,,,,,,,,,,,,,,,,,,,,,,,,,,,,,,,,,,,,,,,,,,,,,,,,,,,t28
FS/12.png,right,0.185451400000602,3.677195,3.670745,3.6743848,3.6783936,3.6704175,3.6869133,3.6722739,3.6771526,3.6733356,3.669911,3.6760604,3.678435,3.683839,3.6735525,3.669636,3.67375,3.6864138,3.6719892,3.6601152,3.6653142,3.6905053,3.6705055,3.6680956,3.680453,3.6758356,3.6901908,3.6782014,3.6852078,3.6991084,3.6662524,3.682719,3.647436,3.6717153,3.6784449,3.6744153,3.6577842,3.6892931,3.652134,3.6918712,3.6609826,3.6725721,3.6956208,3.6884332,3.680436,3.7041516,3.6876612,3.673984,3.6675887,3.6893954,3.6672602,3.687361,3.684035,3.671308,3.671455,3.68242,3.703629,3.6681108,3.6583905,3.6647074,3.6715379,3.6444108,3.666674,3.6529918,3.654965,3.6798418,3.6444478,3.6451597,3.641186,3.6363616,3.6289082,3.60823,3.597531,3.5760148,3.6065907,3.6028483,3.6011848,3.606227,3.5985937,3.5866551,3.6026573,3.5523927,3.5425212,3.595732,3.5746515,3.568503,3.5320442,3.5530417,3.5680413,3.5439646,3.5445378,3.5503926,3.5014076,3.5406303,3.524608,3.5343993,3.52081,3.5417056,3.5385113,3.5141418,3.558393,3.5680969,3.5620587,3.5647137,3.569128,3.556494,3.5660777,3.5907383,3.568514,3.5846806,3.616816,3.5882673,3.603552,3.6112113,3.6251984,3.6270773,3.6230524,3.6227262,3.631328,3.6284251,3.631706,3.6571033,3.6318061,3.6228812,3.6315038,3.6445568,3.6386328,3.6356573,3.646676,3.643041,3.6374753,3.6402366,3.5998406,3.5811589,3.526248,3.5105152,3.4913294,3.4860377,3.4618502,3.4666228,3.4402103,3.3812938,3.3581457,3.3002927,3.2906208,3.2902472,3.2589257,3.2505493,3.2263024,3.2291574,3.2032542,3.1694305,3.1391728,3.106311,3.116904,3.104213,3.1037962,3.0848103,3.0494273,3.0171123,3.0313993,3.0266235,3.021675,3.0003242,2.9815946,2.9736505,2.9986007,2.9685643,2.9671855,2.9695466,2.9694507,2.9602308,2.9637475,2.974794,2.9415183,2.931475,2.9147725,2.90803,2.9439058,2.9538689,2.9439292,2.9365945,2.9387927,2.91999,2.955295,2.9418666,2.955487,2.929503,2.9405866,2.9338853,2.940371,2.9396992,2.9189162,2.9658985,2.9496841,2.9320917,2.9460242,2.8841977,3.3317733,3.3635073,3.4113736,3.3231447,3.3546076,3.4069622,3.3951595,3.4038827,3.4181476,3.4325223,3.4376996,3.4234812,3.4424155,3.4474292,3.434227,3.4686596,3.467615,3.4775095,3.503642,3.4829366,3.472812,3.4824424,3.4881797,3.5040798,3.484627,3.5042984,3.5187166,3.518818,3.5241528,3.520378,3.5250752,3.5280719,3.5210965,3.5111833,3.5174506,3.5141344,3.501956,3.5046535,3.5099106,3.505331,3.4931855,3.4973528,3.501699,3.4925275,3.5043268,3.4882822,3.5060642,3.5131054,3.5049398,3.507426,3.504144,3.4779754,3.4983113,3.4876688,3.470789,3.4895282,3.4765806,3.492446,3.4902442,3.4818435,3.4903176,3.4837515,3.491492,3.4872112,3.4822419,3.484808,3.4839358,3.4846432,3.4709022,3.4704518,3.4716232,3.4923415,3.480022,3.4934833,3.4863253,3.4698734,3.4834468,3.4810355,3.485178,3.483644,3.4844227,3.4889627,3.5103395,3.4866655,3.4983716,3.4835734,3.489378,3.4996932,3.4887376,3.4608073,3.5089092,3.503746,3.5248985,3.4981074,3.5031996,3.5333529,3.524546,3.5385609,3.520851,3.5069826,3.5255995,3.5367076,3.5399988,3.5455985,3.5408328,3.5527678,3.5614345,3.5618172,3.565724,3.565335,3.5666957,3.5613928,3.5677588,3.5607557,3.5623262,3.5617878,3.5665748,3.5603657,3.587885,3.5839531,3.5732744,3.5651429,3.5698926,3.589536,3.5637896,3.5697482,3.5810368,3.586452,3.5783489,3.5757396,3.5779243,3.5821953,3.5995524,3.576251,3.5947378,3.6173096,3.6031287,3.6092184,3.6053483,3.5882518,,,,,,,,,,,,,,,,,,,,,,,,,,,,,,,,,,,,,,,,,,,,,,,,,,,,,,,,,,,,,,,,,,,,,,,,,,,,,,,,,,,,,,,,,,,,,,,,,,,,,,,,,,,,,,,,,,,,,,,,,,,,,,,,,,,,,,,,,,,,,,,,,,,,,,,,,,,,,,,,,,,,,,,,,,,,,,,,,,,,,,,,,,,,,,,,,,,,,,,,,,,,,,,,,,,,,,,,,,,,,,,,,,,,,,,,,,,,,,,,,,,,,,,,,,,,,,,,,,,,,,,,,,,,,,,,,,,,,,,,,,,,,,,,,,,,,,,,,,,,,,,,,,,,,,,,,,,,,,,,,,,,,,,,,,,,,,t45
FS/372.png,right,0.2286700999829918,3.8298914,3.8479831,3.8678412,3.8776064,3.8588908,3.8498032,3.849054,3.8742955,3.8798354,3.8485806,3.856544,3.854045,3.8636143,3.8828127,3.8890338,3.8814607,3.8819938,3.8594916,3.8775938,3.916943,3.9117987,3.8818727,3.871942,3.8999882,3.8884628,3.8938305,3.9084094,3.8911734,3.9152749,3.9041214,3.884086,3.9066916,3.8955076,3.9149213,3.9049466,3.9087436,3.9007757,3.907065,3.9219701,3.9152524,3.8979614,3.919406,3.9177563,3.907642,3.8955379,3.9107697,3.930751,3.9088426,3.9053574,3.9309843,3.9499466,3.9094715,3.9057987,3.9161441,3.922224,3.919818,3.9323826,3.9247038,3.913559,3.9036756,3.9356306,3.922999,3.8900578,3.9111326,3.9032817,3.9099543,3.8870225,3.897789,3.8971212,3.913208,3.9005105,3.8753946,3.851001,3.857787,3.870033,3.884846,3.8309498,3.8802238,3.8628767,3.8586192,3.8485467,3.8617916,3.855994,3.8591228,3.868534,3.8532007,3.8566284,3.8659449,3.831516,3.866269,3.8534248,3.8538759,3.8730102,3.8626404,3.8696365,3.8866808,3.8666263,3.8553433,3.8758755,3.8979914,3.8678176,3.870046,3.8839223,3.8870034,3.8928583,3.892862,3.8845599,3.9134946,3.894529,3.9027472,3.900692,3.8923786,3.90505,3.8825505,3.9047298,3.9224153,3.9255512,3.9046984,3.9109333,3.922343,3.9416153,3.9242568,3.9043288,3.9378054,3.9264014,3.9227953,3.9375563,3.9332812,3.915053,3.9306433,3.92436,3.9194932,3.9372468,3.9273438,3.9080508,3.9046173,3.8845952,3.8836925,3.8467956,3.8254871,3.8017747,3.772569,3.7548094,3.7286327,3.6954436,3.6756318,3.6659434,3.6212854,3.5759978,3.5303538,3.5279572,3.5028312,3.4924057,3.475969,3.4670682,3.4289615,3.4298902,3.4110744,3.4048524,3.3172078,3.3267531,3.2939494,3.298731,3.2891092,3.2833729,3.271004,3.2509713,3.2490969,3.2411144,3.2367706,3.2292993,3.2138033,3.1894667,3.19309,3.2146573,3.1975858,3.178706,3.1943548,3.1967013,3.1861482,3.1834393,3.217595,3.1509745,3.1438365,3.1701007,3.1969519,3.1741204,3.1814675,3.1767113,3.201558,3.2056832,3.1936743,3.204973,3.1997256,3.1877005,3.2115817,3.2258108,3.2252958,3.2299643,3.2153833,3.2224584,3.2398,3.213759,3.2236352,3.2013717,3.2371895,3.2173252,3.2519476,3.1759524,2.555154,3.7352672,3.3842692,3.399448,3.4871862,3.469862,3.459423,3.5612764,3.4749165,3.4845402,3.4917269,3.5021393,3.5089595,3.4993577,3.5438113,3.528152,3.5553784,3.5696452,3.5707195,3.5885487,3.5918343,3.613828,3.610076,3.5902746,3.6125407,3.6120684,3.6220992,3.6254969,3.6338122,3.6351516,3.6395566,3.6525137,3.6422863,3.653176,3.6526225,3.6433134,3.6693957,3.6784842,3.667572,3.6698232,3.6747541,3.67069,3.701976,3.6945927,3.6907923,3.699127,3.7266095,3.7162256,3.701803,3.7161362,3.7205746,3.700044,3.722714,3.702449,3.7226567,3.7309368,3.7227426,3.728325,3.7274504,3.7169812,3.7335358,3.7313702,3.7292585,3.740769,3.7334216,3.7360191,3.7638311,3.731012,3.737641,3.7566392,3.7498786,3.7507026,3.7367167,3.684465,2.5692585,3.878088,3.8574307,3.7791502,3.7187853,3.7630074,3.761104,3.7620006,3.7743616,3.7743719,3.7576015,3.7563932,3.7724125,3.771626,3.766924,3.745951,3.776269,3.7652712,3.7645304,3.7524729,3.7431753,3.762415,3.768685,3.7727175,3.7729375,3.7569518,3.7598119,3.7627645,3.7700381,3.7892551,3.7759929,3.7782009,3.7613487,3.766059,3.7753277,3.7684417,3.7719204,3.7657626,3.7879267,3.7936687,3.7847812,3.7904098,3.7718892,3.7922947,3.808506,3.8037267,3.8096104,3.8055427,3.7788198,3.801841,3.812175,3.7936707,3.7841117,3.7923017,3.800844,3.79909,3.8354619,3.8176897,3.826763,3.818717,3.807008,3.8306313,3.8218737,3.8237553,3.8184767,3.833113,3.824673,3.8179076,3.814455,3.830133,3.831807,3.8287868,3.8453822,3.8646355,3.8581915,3.8798857,3.8257658,3.8567166,3.848744,3.8671415,3.8709846,3.8667278,3.8486266,3.875634,3.8741913,3.853874,3.8730361,,,,,,,,,,,,,,,,,,,,,,,,,,,,,,,,,,,,,,,,,,,,,,,,,,,,,,,,,,,,,,,,,,,,,,,,,,,,,,,,,,,,,,,,,,,,,,,,,,,,,,,,,,,,,,,,,,,,,,,,,,,,,,,,,,,,,,,,,,,,,,,,,,,,,,,,,,,,,,,,,,,,,,,,,,,,,,,,,,,,,,,,,,,,,,,,,,,,,,,,,,,,,,,,,,,,,,,,,,,,,,,,,,,,,,,,,,,,,,,,,,,,,,,,,,,,,,,,,,,,,,,,,,,,,,,,,,,,,,,,,,,,,,,,,,,,,,,,,,,,,t32
FS/192.png,left,0.2636483999667689,3.8540077,3.8684158,3.866212,3.849021,3.8793185,3.8536239,3.8657067,3.8824754,3.8490381,3.864008,3.8480098,3.87271,3.8690064,3.8931983,3.844968,3.8832288,3.898135,3.8633788,3.8743603,3.8799508,3.899661,3.895187,3.8939734,3.8643653,3.8750038,3.905728,3.9052696,3.8967075,3.9187407,3.9167814,3.9068615,3.9040947,3.889529,3.8776474,3.883948,3.9084864,3.9045868,3.891937,3.921652,3.90365,3.9116304,3.9176395,3.912148,3.904681,3.932228,3.9178028,3.9323215,3.9187732,3.9131043,3.9066763,3.8919072,3.9130466,3.9218333,3.9152925,3.9102902,3.9012108,3.907869,3.8954408,3.8954663,3.8924584,3.8749878,3.8680649,3.8718774,3.870872,3.849903,3.853287,3.8403666,3.8242433,3.8311017,3.8305547,3.8328068,3.7995384,3.7909782,3.8069565,3.8016188,3.813177,3.809025,3.8306663,3.7870805,3.8070462,3.8195243,3.8038514,3.7949681,3.793826,3.81243,3.791326,3.784116,3.7975464,3.7978344,3.7979841,3.7964625,3.7947736,3.8089683,3.779699,3.7885818,3.7755425,3.8125572,3.7784355,3.7839332,3.805687,3.8134735,3.8075182,3.822836,3.7998455,3.8291512,3.8249693,3.8276968,3.8114998,3.8429604,3.831482,3.8468676,3.8659036,3.8489616,3.8504689,3.8528602,3.873437,3.8761208,3.8758585,3.899112,3.8872921,3.8982303,3.9028673,3.8885975,3.8959572,3.921883,3.9238179,3.8964558,3.907153,3.906498,3.8969705,3.9180312,3.9020612,3.9119084,3.891845,3.858646,3.85212,3.7978907,3.7693496,3.7475076,3.7204797,3.717165,3.6672657,3.6597667,3.6256213,3.5750344,3.5617874,3.54901,3.4884894,3.497433,3.462289,3.4533262,3.4407053,3.424011,3.416913,3.3778152,3.3398747,3.342012,3.324466,3.3127444,3.2640388,3.263012,3.2595706,3.2473612,3.2386022,3.2287478,3.2092779,3.2278337,3.1986806,3.1937687,3.1996143,3.1842575,3.1925735,3.1856818,3.161757,3.1567605,3.1594255,3.138729,3.160891,3.1547508,3.1397953,3.1127627,3.1243768,3.1286922,3.1108983,3.1380887,3.1333919,3.1410332,3.1276522,3.1707687,3.171114,3.1739852,3.153388,3.173749,3.166246,3.1747568,3.187634,3.193449,3.183121,3.1987402,3.1994421,3.2099464,3.2156773,3.2186542,3.202083,3.2247856,3.2252457,3.229144,3.2327096,3.230766,3.253806,3.161698,3.2344778,3.7531114,3.6711094,3.6437042,3.6443014,3.6074033,3.5842528,3.6449163,3.6557646,3.6756415,3.656308,3.694424,3.6955755,3.6953077,3.7230806,3.7057323,3.7244604,3.722708,3.7519574,3.7440474,3.7213259,3.7597048,3.7431662,3.7521987,3.7764509,3.7584548,3.765873,3.766001,3.767774,3.7549994,3.767774,3.753705,3.7886086,3.7829268,3.7817686,3.7840502,3.798517,3.803077,3.792912,3.793639,3.7983263,3.7813325,3.7938192,3.807584,3.797571,3.8010979,3.7941031,3.7925503,3.7560868,3.790434,3.7888222,3.7861428,3.7854729,3.8061318,3.8000593,3.7770731,3.785491,3.7779512,3.7751157,3.7798688,3.786684,3.7732644,3.776636,3.7771573,3.7869644,3.77885,3.7810717,3.7654634,3.7735996,3.779587,3.780121,3.7720618,3.7747211,3.7751462,3.776627,3.791023,3.782184,3.7545042,3.754217,3.7708645,3.7714262,3.7637444,3.7421865,3.7739682,3.759209,3.733614,3.7670658,3.740709,3.765075,3.7531343,3.7690983,3.7552931,3.7160542,3.7710528,3.7426984,3.7344177,3.7217386,3.7471201,3.7407224,3.7628198,3.767471,3.7739284,3.7409604,3.7379515,3.7543604,3.752666,3.7393947,3.7675598,3.766612,3.7792253,3.7685852,3.7716408,3.7766554,3.7850692,3.7684708,3.7768044,3.7693248,3.7765412,3.7756522,3.7739708,3.7737548,3.7755082,3.7976153,3.7794032,3.790947,3.7700136,3.7692668,3.7742136,3.7673993,3.7827954,3.7971854,3.7877264,3.7922945,3.8053217,3.7894807,3.7782779,3.795531,3.7890494,3.8017564,3.8017716,3.7885435,3.8206942,3.8075612,3.806214,3.7995021,3.828578,3.8192902,3.8169217,,,,,,,,,,,,,,,,,,,,,,,,,,,,,,,,,,,,,,,,,,,,,,,,,,,,,,,,,,,,,,,,,,,,,,,,,,,,,,,,,,,,,,,,,,,,,,,,,,,,,,,,,,,,,,,,,,,,,,,,,,,,,,,,,,,,,,,,,,,,,,,,,,,,,,,,,,,,,,,,,,,,,,,,,,,,,,,,,,,,,,,,,,,,,,,,,,,,,,,,,,,,,,,,,,,,,,,,,,,,,,,,,,,,,,,,,,,,,,,,,,,,,,,,,,,,,,,,,,,,,,,,,,,,,,,,,,,,,,,,,,,,,,,,,,,,,,,,,,,,,,,,,,,,,,,,t33
FS/192.png,left,0.2577553000301122,3.9660952,3.9798934,3.996121,3.9762847,3.9622023,3.9838123,3.9694788,3.9888268,3.9730873,3.9795115,3.9785798,3.9728158,3.9894373,3.9819071,3.9975777,3.9790285,3.9715981,3.9736893,3.9563625,3.9857225,3.978971,3.9786582,3.9664097,3.9658234,3.9734468,3.9745278,3.990107,3.9568193,3.9569418,4.0005593,3.9976776,3.9744847,3.9858038,3.971639,3.9809203,3.9857924,3.973133,3.9801762,3.9640775,3.9874766,3.9543166,3.9629672,3.9702742,3.962101,3.9431126,3.971977,3.9845796,3.9779277,3.9599698,3.9859526,3.973233,3.9837766,3.9923503,3.968266,3.979577,3.9825237,3.975691,3.9523625,3.9650383,3.9530897,3.9549613,3.9667008,3.957548,3.9394522,3.947458,3.948242,3.952853,3.939836,3.9213274,3.9095633,3.8900924,3.9095156,3.8938673,3.883498,3.887505,3.8321023,3.8656082,3.8419828,3.8457034,3.8333163,3.8080435,3.8364544,3.8445218,3.8177803,3.824368,3.828357,3.8250885,3.8070493,3.8039691,3.796858,3.7983885,3.7940152,3.8083644,3.8018181,3.7728128,3.793582,3.8036833,3.7780995,3.7867293,3.776309,3.79607,3.8079839,3.7793603,3.798954,3.7866516,3.7965503,3.769638,3.766387,3.805063,3.7790132,3.7966905,3.7866335,3.7840288,3.7772524,3.7716677,3.7951236,3.7742555,3.7858026,3.8052847,3.8097012,3.8027475,3.811387,3.813939,3.8140738,3.82826,3.8093867,3.8132653,3.8184154,3.7692845,3.7773943,3.7668722,3.7287948,3.713755,3.676672,3.5927253,3.5557747,3.5447772,3.4871373,3.4814973,3.3872695,3.2959602,3.287897,3.271473,3.2565458,3.216515,3.2306886,3.1711473,3.168985,3.1535997,3.1528795,3.1486247,3.1261747,3.1403806,3.1039045,3.1017845,3.0741458,3.0654418,3.0825968,3.0662682,3.042825,3.0269217,3.0272517,3.0366552,2.9938147,3.0097733,3.0033236,2.9986963,2.9871671,3.0208273,3.0032647,3.006084,2.98356,3.009252,2.980742,2.9755719,2.9789433,2.9831784,2.983724,2.9859786,3.0025547,2.9965596,2.98031,3.0023174,3.0280116,3.0207658,3.00768,3.0448236,3.0462375,3.0493414,3.03638,3.0466192,3.0569286,3.0525765,3.0558777,3.0705554,3.097222,2.319751,3.6724243,3.7514963,3.7762127,3.8286846,3.7377136,3.676458,3.6935241,3.7002535,3.6967156,3.7127805,3.7107215,3.7020476,3.6916978,3.7066228,3.71366,3.7234418,3.730374,3.7277286,3.727937,3.7151985,3.7195818,3.7084284,3.7194893,3.7030292,3.7272096,3.7088518,3.7074926,3.711287,3.6972926,3.6944132,3.7024398,3.6972668,3.6870685,3.6896074,3.6965744,3.6973078,3.6928375,3.6819313,3.687572,3.6835704,3.6646042,3.69553,3.675042,3.6725206,3.6694515,3.6584527,3.6565979,3.6646502,3.665482,3.6747704,3.6582701,3.6582928,3.6627145,3.6542442,3.6607027,3.678302,3.6724722,3.696036,3.6681576,3.6665385,3.6550617,3.68156,3.662465,3.6905162,3.6911561,3.673185,3.7028112,3.6800778,3.6977484,3.6765583,3.6920877,3.6923141,3.7056882,3.7316191,3.7223308,3.7399507,3.7094991,3.7343373,3.7276833,3.7420795,3.7184358,3.7468278,3.7419116,3.7596726,3.7600925,3.7553709,3.7462451,3.7447484,3.752134,3.740443,3.7622275,3.743962,3.755352,3.7615523,3.7633748,3.7453966,3.7771308,,,,,,,,,,,,,,,,,,,,,,,,,,,,,,,,,,,,,,,,,,,,,,,,,,,,,,,,,,,,,,,,,,,,,,,,,,,,,,,,,,,,,,,,,,,,,,,,,,,,,,,,,,,,,,,,,,,,,,,,,,,,,,,,,,,,,,,,,,,,,,,,,,,,,,,,,,,,,,,,,,,,,,,,,,,,,,,,,,,,,,,,,,,,,,,,,,,,,,,,,,,,,,,,,,,,,,,,,,,,,,,,,,,,,,,,,,,,,,,,,,,,,,,,,,,,,,,,,,,,,,,,,,,,,,,,,,,,,,,,,,,,,,,,,,,,,,,,,,,,,,,,,,,,,,,,,,,,,,,,,,,,,,,,,,,,,,,,,,,,,,,,,,,,,,,,,,,,,,,,,,,,,,,,,,,,,,,,,t103
FS/462.png,right,0.1912463000044226,3.9090424,3.9335191,3.9398015,3.9275687,3.918436,3.9056413,3.9312482,3.929396,3.9356697,3.9267297,3.9303954,3.9302976,3.9616876,3.9478583,3.936118,3.9274778,3.909214,3.9628043,3.9351542,3.9443643,3.9282842,3.938002,3.9620025,3.9162574,3.9359305,3.9214976,3.9481544,3.9539523,3.9502938,3.9276414,3.9422185,3.8922398,3.9591966,3.9146714,3.936388,3.9565535,3.9277945,3.9333453,3.9060364,3.9275968,3.951161,3.9408078,3.9189901,3.929743,3.9257853,3.9088025,3.917081,3.9106216,3.9288592,3.9222944,3.9217298,3.9164875,3.9127872,3.9176047,3.9103794,3.9098873,3.8957725,3.910603,3.8892932,3.8706188,3.867762,3.8795319,3.8668952,3.8324769,3.847281,3.8440156,3.8457034,3.8464725,3.812615,3.825474,3.8223376,3.8173668,3.807781,3.8128698,3.8102238,3.8023942,3.796512,3.7933059,3.7911282,3.7812455,3.832964,3.794347,3.7808306,3.7720995,3.7688375,3.7874854,3.7864537,3.7810645,3.7774944,3.7719932,3.780635,3.7753806,3.7763295,3.792116,3.7749815,3.7789278,3.7751348,3.7940128,3.7836196,3.7846649,3.7849784,3.7926238,3.8075392,3.7958426,3.8021386,3.797431,3.8028991,3.8009834,3.8113406,3.823533,3.8225358,3.7998636,3.8426623,3.8331804,3.8290682,3.7950697,3.8309388,3.846329,3.8371515,3.8641143,3.8584743,3.8739607,3.8702617,3.8692193,3.8720405,3.880528,3.8814807,3.8678718,3.8804073,3.878,3.8902526,3.8743672,3.865519,3.8606586,3.8435538,3.819763,3.801809,3.788804,3.7741184,3.7561767,3.7081838,3.7068222,3.691624,3.6384785,3.603646,3.5944052,3.5413156,3.5103316,3.5115457,3.4732015,3.4618747,3.438927,3.4096792,3.370614,3.3621883,3.3389695,3.342502,3.3368661,3.289448,3.2728474,3.272837,3.2353764,3.1890707,3.1507487,3.1575847,3.1413403,3.1401174,3.1210532,3.142528,3.1339543,3.1109638,3.1052544,3.1259892,3.1170504,3.0918756,3.0911326,3.0984476,3.0893064,3.0714412,3.0988877,3.0728369,3.0829518,3.0681703,3.0816233,3.0740793,3.0869792,3.0565968,3.0673587,3.0718875,3.061825,3.0518014,3.0575805,3.065896,3.042531,3.0508375,3.0171897,3.0432801,3.5179546,3.4798424,3.4166422,3.4300745,3.4454954,3.4481127,3.431983,3.4497323,3.478017,3.4858174,3.4698055,3.4819982,3.4805043,3.501326,3.4973662,3.496014,3.5153859,3.517577,3.540538,3.5343444,3.5271955,3.5536299,3.554358,3.5535448,3.542941,3.5411823,3.5603685,3.5580223,3.5516841,3.5610278,3.552,3.566327,3.5564582,3.554135,3.558248,3.557015,3.5700436,3.5671256,3.5374372,3.5286708,3.5549746,3.5662832,3.539699,3.5609887,3.5239208,3.5312629,3.5286756,3.5265768,3.543843,3.5192947,3.5471222,3.5171165,3.563726,3.5127265,3.515593,3.5067787,3.519329,3.527951,3.5260782,3.527422,3.5443828,3.5061698,3.5216494,3.5273252,3.5208473,3.5252454,3.5378344,3.5067575,3.5164406,3.5283036,3.522386,3.5250645,3.516754,3.5340564,3.5458071,3.5291998,3.533339,3.5426757,3.5290647,3.531982,3.5525947,3.5353575,3.536849,3.542432,3.5419815,3.5349395,3.538546,3.5415313,3.5520217,3.5422058,3.555045,3.5617957,3.5649402,3.5563798,3.5678954,3.562544,3.5466228,3.5668185,3.5792236,3.5732489,3.56915,3.5666478,3.5791655,3.5729501,3.5778394,3.5752807,3.5648475,3.5636132,3.6050038,3.5540333,3.5982294,3.600861,3.6088912,3.6104956,3.5998068,3.5809367,3.6219296,3.608253,3.6327245,,,,,,,,,,,,,,,,,,,,,,,,,,,,,,,,,,,,,,,,,,,,,,,,,,,,,,,,,,,,,,,,,,,,,,,,,,,,,,,,,,,,,,,,,,,,,,,,,,,,,,,,,,,,,,,,,,,,,,,,,,,,,,,,,,,,,,,,,,,,,,,,,,,,,,,,,,,,,,,,,,,,,,,,,,,,,,,,,,,,,,,,,,,,,,,,,,,,,,,,,,,,,,,,,,,,,,,,,,,,,,,,,,,,,,,,,,,,,,,,,,,,,,,,,,,,,,,,,,,,,,,,,,,,,,,,,,,,,,,,,,,,,,,,,,,,,,,,,,,,,,,,,,,,,,,,,,,,,,,,,,,,,,,,,,,,,,,,,,,,,,,,,,,,,,,,,,,t42
FS/492.png,right,0.1550069000804796,3.7775307,3.7763925,3.7837539,3.7660422,3.7788389,3.7844272,3.7817795,3.773002,3.788028,3.7770975,3.780967,3.7943559,3.7924256,3.804017,3.786889,3.80377,3.7791393,3.7800186,3.7794182,3.7895825,3.789927,3.7996972,3.7934601,3.7959874,3.7891335,3.7980332,3.7986288,3.8009896,3.8000405,3.7923155,3.8048053,3.8000724,3.7994115,3.8104718,3.7955058,3.8171399,3.8072276,3.8102126,3.8049734,3.8117208,3.800075,3.815373,3.7951465,3.809008,3.8066666,3.79515,3.812904,3.790706,3.8116593,3.7989452,3.8048182,3.8086975,3.8057587,3.7961245,3.7885718,3.793517,3.799138,3.797451,3.7982104,3.795333,3.7932055,3.7854512,3.78408,3.7736135,3.7571802,3.7619812,3.754622,3.7526515,3.7490458,3.755589,3.7350366,3.728171,3.7199566,3.7182214,3.706845,3.7094638,3.7083852,3.6779487,3.6920016,3.6810217,3.6936615,3.6856709,3.6852617,3.680444,3.6813705,3.6933603,3.682025,3.6965609,3.6864445,3.7075734,3.6750767,3.6682622,3.6945796,3.6939068,3.6850383,3.673552,3.704561,3.6899788,3.6815734,3.693697,3.7025895,3.7130022,3.7169871,3.696985,3.7051337,3.7188165,3.7271905,3.6983857,3.72016,3.7143173,3.7118917,3.7267704,3.7184794,3.7303543,3.73992,3.7335336,3.7288966,3.7328742,3.757633,3.7445703,3.7357152,3.7598093,3.743184,3.7469015,3.756684,3.7417514,3.740079,3.7664204,3.7852578,3.7521527,3.7561781,3.7739375,3.805729,3.7720706,3.7578297,3.747124,3.7216837,3.7217028,3.7198236,3.7021549,3.6887429,3.6609337,3.619692,3.618259,3.5536187,3.546763,3.5445411,3.4983852,3.4869347,3.4437797,3.4415498,3.4175546,3.4144866,3.3839576,3.3371992,3.3277757,3.3025277,3.2655826,3.2559438,3.2467322,3.235577,3.2383747,3.2319615,3.223965,3.2114196,3.2131839,3.2160988,3.1902199,3.1734157,3.1452413,3.1452568,3.1442175,3.1382875,3.124899,3.1244237,3.1219318,3.1206598,3.1123478,3.1181934,3.1184707,3.1146665,3.108447,3.0992785,3.08142,3.099453,3.0763671,3.0698533,3.1112995,3.1116652,3.0980597,3.0739348,3.0913808,3.1039076,3.0984411,3.0747511,3.08673,3.092854,3.0984778,3.1071613,3.1071613,3.0922492,3.0997083,3.0903885,3.0816019,3.0583696,3.0336258,1.9140065,3.2535105,3.4918828,3.3204536,3.3333218,3.3605266,3.3247297,3.349809,3.3477352,3.3713417,3.4064589,3.4141726,3.4180458,3.4224875,3.4427748,3.4347036,3.4470706,3.459048,3.4482844,3.4649708,3.466757,3.4843442,3.5061839,3.4993317,3.539314,3.54149,3.5312934,3.510401,3.5396495,3.5310287,3.5374222,3.5419254,3.5701401,3.5460243,3.5419235,3.5724618,3.5680022,3.5728815,3.5677283,3.5690823,3.5814507,3.5880907,3.5819156,3.5819397,3.60444,3.5759706,3.5897129,3.5892804,3.575701,3.608311,3.6060357,3.5930803,3.6221669,3.6282156,3.6081843,3.6013377,3.6178145,3.6280382,3.6289892,3.618741,3.6528592,3.6301463,3.6537144,3.6441088,3.7084463,3.643945,3.6626077,3.6653755,3.6821907,3.6629863,3.6781435,3.6779501,3.7333589,3.662055,3.6546857,3.6728706,3.6776192,3.6882741,3.6396792,3.678359,3.6637616,3.6803987,3.676051,3.6707666,3.673197,3.6819181,3.6994314,3.7043662,3.6810114,3.6804302,3.728101,3.7101886,3.7017226,3.6985524,3.6918979,3.69125,3.7138042,3.6977568,3.7194283,3.7029507,3.6987104,3.693906,3.7014902,3.7127676,3.7091932,3.6896036,3.7215703,3.7242172,3.7183547,3.7243178,3.7209601,3.7064974,3.7161934,3.7080216,3.7238197,3.748792,3.71794,3.7370586,3.7075586,3.7271283,3.7528481,3.7350202,3.751752,3.762392,3.760822,3.748276,3.7843237,3.7715487,3.7314188,3.760388,3.7733693,3.7711737,3.772843,3.7784534,3.785402,3.765709,3.779128,3.7780015,3.7691083,3.7704985,3.7611349,3.7727165,3.7814333,3.7810526,3.7908745,3.767314,3.803192,3.7691453,3.793683,3.7893314,3.7860267,3.8016493,3.8125489,3.7819052,3.7913346,3.8034565,3.801856,3.8379424,3.798259,3.7957358,3.8160563,3.8144681,3.7899084,3.8091853,3.8238337,3.8118155,3.7792091,3.8282895,3.8255625,,,,,,,,,,,,,,,,,,,,,,,,,,,,,,,,,,,,,,,,,,,,,,,,,,,,,,,,,,,,,,,,,,,,,,,,,,,,,,,,,,,,,,,,,,,,,,,,,,,,,,,,,,,,,,,,,,,,,,,,,,,,,,,,,,,,,,,,,,,,,,,,,,,,,,,,,,,,,,,,,,,,,,,,,,,,,,,,,,,,,,,,,,,,,,,,,,,,,,,,,,,,,,,,,,,,,,,,,,,,,,,,,,,,,,,,,,,,,,,,,,,,,,,,,,,,,,,,,,,,,,,,,,,,,,,,,,,,,,,,,,,,,,,,,,,,,,,,t48
FS/52.png,left,0.1919409000547602,3.837293,3.8349497,3.8078616,3.8272684,3.8322532,3.8362823,3.8458328,3.8215578,3.8417032,3.828483,3.8247414,3.810344,3.8154526,3.8182068,3.8282595,3.832307,3.8416812,3.827674,3.8346682,3.8301811,3.833281,3.8198874,3.8449223,3.8254008,3.8265326,3.8371916,3.838808,3.8520782,3.825174,3.8666134,3.8312309,3.8612034,3.8321276,3.839167,3.8478568,3.851856,3.8476052,3.8395452,3.865892,3.8624613,3.8659086,3.8685791,3.8514736,3.871656,3.8557734,3.8741071,3.87462,3.8817692,3.8838787,3.8628395,3.8515246,3.8842046,3.8582435,3.8726807,3.8729718,3.859625,3.8387465,3.8593144,3.8530657,3.819609,3.8262296,3.8028011,3.8041556,3.7861068,3.7866902,3.755746,3.751339,3.7673523,3.740507,3.739586,3.7200217,3.7268634,3.7059112,3.718437,3.7041938,3.7114615,3.6957288,3.7181883,3.6964412,3.6954484,3.6966999,3.685207,3.69987,3.6771455,3.6776187,3.655514,3.669112,3.6628685,3.7082722,3.6598084,3.6704686,3.669045,3.6655505,3.6424413,3.6666696,3.673896,3.6515925,3.6631572,3.6523998,3.674322,3.671836,3.6666954,3.6875093,3.6847045,3.6734202,3.653742,3.6754422,3.6774049,3.668583,3.6774566,3.7104387,3.6891894,3.7267182,3.7381418,3.731245,3.7540846,3.7362854,3.7289872,3.7349868,3.7493236,3.7468677,3.7585502,3.7717047,3.7565277,3.7676609,3.7656012,3.7638092,3.7750676,3.7631364,3.7690866,3.7801933,3.763302,3.7886493,3.7940972,3.784806,3.7653637,3.774012,3.7658722,3.7557485,3.7234313,3.6974108,3.6723397,3.6713634,3.6164753,3.6030467,3.5855334,3.563602,3.5297174,3.515659,3.526547,3.4921777,3.4538214,3.3872454,3.3863828,3.3729205,3.3696532,3.3465867,3.3413618,3.3273,3.3018198,3.2982035,3.272744,3.2476463,3.2566276,3.2222276,3.1852112,3.1855543,3.1545208,3.1494923,3.164352,3.159491,3.1485767,3.1480837,3.128648,3.1251037,3.145388,3.1268368,3.136776,3.1238105,3.1164303,3.1201441,3.1164887,3.1058865,3.1117113,3.1162193,3.1081755,3.1000478,3.1040428,3.108977,3.1135464,3.1211395,3.1164436,3.1125855,3.0986958,3.1224566,3.1030235,3.103591,3.105647,3.1073234,3.1182501,3.102419,3.1216226,3.1098301,3.1174397,3.1061163,3.1039305,3.1138942,3.1208367,1.1432023,3.3682687,3.3769133,3.4578135,3.453319,3.5383227,3.4681673,3.4683523,3.4658804,3.4796972,3.4825125,3.50246,3.505096,3.4926217,3.5323434,3.5362132,3.5477974,3.541026,3.548499,3.5446134,3.5810933,3.5790591,3.5754473,3.589557,3.5799613,3.6020007,3.6307223,3.6114883,3.6338296,3.631715,3.6553175,3.6635857,3.6748557,3.6628442,3.6442015,3.6642108,3.6650195,3.6397083,3.6385326,3.651906,3.6660514,3.6629288,3.6792686,3.681092,3.6843243,3.6910214,3.6863964,3.6931567,3.6781814,3.6817815,3.693809,3.6758447,3.6792607,3.6923988,3.6693869,3.687226,3.6985958,3.6864974,3.69326,3.680555,3.708094,3.6886055,3.6870317,3.7038102,3.7157757,3.6959097,3.7027528,3.7057557,3.6925662,3.7194853,3.7050967,3.715376,3.6997175,3.6911597,3.7113605,3.7029147,3.7025156,3.7288852,3.7110002,3.6930888,3.708881,3.69552,3.7282016,3.720869,3.7022119,3.6790714,3.6807323,3.6882744,3.7080154,3.6964834,3.7022452,3.706841,3.7220001,3.6954367,3.708778,3.709869,3.7019334,3.7039375,3.729642,3.7373948,3.7225177,3.72544,3.7120404,3.720484,3.7317774,3.7151828,3.7064726,3.7216775,3.7257082,3.7172852,3.7351022,3.7150006,3.7348897,3.7392015,3.7379415,3.7129679,3.7139957,3.717444,3.7266953,3.7266076,3.709472,3.7240486,3.7271137,3.7235835,3.7075267,3.7203188,3.7048311,3.7243042,3.7053251,3.7211835,3.730887,3.720448,3.7170854,3.7050688,3.7274501,3.7210107,3.7505693,3.7493036,3.733751,3.7406497,3.728567,3.7437057,3.754729,3.7363663,3.7723165,3.757764,3.777206,3.7721472,3.7616668,3.7694285,3.7714717,3.7733872,3.7570343,3.76013,3.7923746,3.7771194,3.7774734,3.7761989,,,,,,,,,,,,,,,,,,,,,,,,,,,,,,,,,,,,,,,,,,,,,,,,,,,,,,,,,,,,,,,,,,,,,,,,,,,,,,,,,,,,,,,,,,,,,,,,,,,,,,,,,,,,,,,,,,,,,,,,,,,,,,,,,,,,,,,,,,,,,,,,,,,,,,,,,,,,,,,,,,,,,,,,,,,,,,,,,,,,,,,,,,,,,,,,,,,,,,,,,,,,,,,,,,,,,,,,,,,,,,,,,,,,,,,,,,,,,,,,,,,,,,,,,,,,,,,,,,,,,,,,,,,,,,,,,,,,,,,,,,,,,,,,,,,,,,,,,,,,,,,,,t49
FS/52.png,right,0.2200548999244347,3.8580797,3.8531911,3.8733895,3.8474038,3.8531318,3.8755283,3.8667164,3.8579667,3.8764696,3.8734004,3.8574238,3.8603926,3.8641539,3.8624868,3.842073,3.8611767,3.86397,3.8478951,3.8870223,3.88718,3.8730779,3.889462,3.8758864,3.8928463,3.886613,3.8800197,3.8668356,3.8913264,3.89326,3.8876326,3.8866477,3.8818893,3.8973718,3.8727672,3.9093702,3.8949187,3.8957803,3.9106889,3.9225907,3.9134347,3.914432,3.9187906,3.8996077,3.9297388,3.8987544,3.9004443,3.9210694,3.9241567,3.9031017,3.9014318,3.9298935,3.9031124,3.9289267,3.913703,3.9206474,3.939896,3.9229228,3.913518,3.9118907,3.9089391,3.9123712,3.934172,3.9059618,3.8941615,3.8973932,3.8798208,3.8620627,3.8765218,3.8973062,3.846597,3.8623235,3.8330712,3.8504703,3.8544354,3.8269274,3.8002405,3.8390613,3.8164454,3.8307846,3.7937138,3.8083854,3.7963748,3.8331108,3.8220336,3.800758,3.826853,3.8027272,3.8394876,3.8506777,3.8307202,3.8503675,3.8614707,3.8413126,3.8582647,3.8511539,3.8353891,3.8528116,3.8541744,3.8533385,3.8651633,3.8507538,3.875674,3.884901,3.875481,3.868372,3.8947625,3.9108794,3.9020126,3.891925,3.8872125,3.926269,3.9135005,3.8754685,3.8996272,3.9171095,3.9199002,3.9174914,3.8947568,3.8975663,3.9236088,3.8999708,3.9080267,3.9000218,3.9169457,3.9200687,3.9279373,3.9257083,3.9386065,3.9304125,3.9358194,3.925854,3.9313262,3.946775,3.937772,3.9206274,3.9324508,3.9056485,3.903185,3.8737888,3.8640113,3.8496084,3.795983,3.7847488,3.7394376,3.7042396,3.6935709,3.655746,3.6065853,3.6092381,3.5845554,3.5351408,3.5232441,3.5045588,3.4896288,3.4582198,3.44143,3.395871,3.3808148,3.363971,3.381906,3.345837,3.3482976,3.34198,3.320509,3.303231,3.287771,3.270448,3.2453444,3.2192557,3.2200582,3.1890264,3.1834571,3.183269,3.171008,3.172814,3.1633413,3.1645246,3.1792557,3.1659708,3.1599474,3.1398053,3.1515262,3.1386442,3.145029,3.1350164,3.1262503,3.136856,3.1534388,3.1514459,3.1547413,3.1711545,3.1587753,3.1640506,3.1575794,3.1606827,3.1838827,3.186675,3.155522,3.1716442,3.1936824,3.1877,3.1819391,3.2028117,3.205178,3.214724,3.2179208,3.234284,3.2386942,3.2399006,3.2260456,3.2484543,3.253194,3.2462204,3.240776,3.2229102,3.236007,1.9075958,2.1566625,3.4762866,3.5393589,3.6618345,3.69508,3.6019602,3.6330805,3.6439173,3.6473517,3.6463737,3.6578135,3.6742191,3.6614628,3.6860282,3.6755843,3.6817498,3.714917,3.7209833,3.719528,3.75114,3.734199,3.74621,3.7207584,3.7538104,3.7894082,3.775841,3.7969825,3.8066983,3.7965343,3.7907202,3.8143222,3.788748,3.796982,3.7903488,3.8092194,3.8223186,3.8358355,3.8219075,3.8296654,3.7792292,3.8320007,3.8496058,3.8273969,3.829398,3.8378725,3.822975,3.8387039,3.8439438,3.828271,3.8387258,3.8389482,3.8465664,3.8527415,3.8334713,3.8430626,3.8455172,3.8350027,3.8519332,3.8558547,3.8551605,3.8719065,3.8512394,3.8695889,3.841739,3.8524148,3.8739424,3.877144,3.8517969,3.8432658,3.8776443,3.8759758,3.8979187,3.8660247,3.888642,3.8721385,3.904076,3.89869,3.9093852,3.8813035,3.9014785,3.8813994,3.908841,3.8906121,3.9080236,3.8922193,3.8918998,3.865583,3.8929782,3.8859076,3.8777547,3.8841558,3.8863835,3.8889456,3.877207,3.8774447,3.8770826,3.8903139,3.881136,3.8988833,3.885287,3.8631124,3.8502712,3.8908985,3.87395,3.8810685,3.8851767,3.8971658,3.8884182,3.877231,3.8870225,3.8820074,3.9028325,3.907492,3.904076,3.914436,3.8848393,3.890778,3.9084177,3.8776417,3.895155,3.902893,3.8983586,3.8975327,3.9313707,3.9092374,3.9178038,3.9147005,3.8959076,3.8971405,3.9003973,3.9289002,3.8918777,3.9107664,3.923799,3.904626,3.9255219,3.9194462,3.9161832,3.912937,3.9129992,3.9269128,3.9336193,3.9184098,3.9058757,3.922355,3.9300945,3.9209673,3.9287975,3.9174976,3.9390836,3.9116929,3.9306498,3.938662,3.9313788,3.9308827,3.945079,3.9361176,3.9260616,3.9394119,3.9556236,3.9339776,3.9178705,3.94877,3.9402025,3.9449134,,,,,,,,,,,,,,,,,,,,,,,,,,,,,,,,,,,,,,,,,,,,,,,,,,,,,,,,,,,,,,,,,,,,,,,,,,,,,,,,,,,,,,,,,,,,,,,,,,,,,,,,,,,,,,,,,,,,,,,,,,,,,,,,,,,,,,,,,,,,,,,,,,,,,,,,,,,,,,,,,,,,,,,,,,,,,,,,,,,,,,,,,,,,,,,,,,,,,,,,,,,,,,,,,,,,,,,,,,,,,,,,,,,,,,,,,,,,,,,,,,,,,,,,,,,,,,,,,,,,,,,,,,,,,,,,,,,,,,,,,,,,,,,,,t72
FS/52.png,left,0.1397960999747738,3.8378153,3.8240542,3.8409965,3.8122315,3.8387284,3.861339,3.8429532,3.8665233,3.8781486,3.87698,3.8402839,3.8656547,3.8654397,3.8877587,3.9057364,3.8980935,3.8858564,3.8881886,3.8882465,3.8970172,3.8847659,3.89958,3.9114792,3.9101954,3.903149,3.8944197,3.8959281,3.8883858,3.9068377,3.931808,3.9130547,3.9240375,3.8972514,3.9155123,3.931886,3.9502845,3.94524,3.9346814,3.9449747,3.939557,3.9520261,3.942167,3.9488719,3.950181,3.9480999,3.946665,3.9714792,3.9567125,3.9702365,3.9623785,3.9588287,3.9696445,3.9872186,3.962154,3.9704852,3.9701452,3.9616973,3.9646049,3.971827,3.9553237,3.957486,3.9323823,3.928132,3.9415805,3.9346087,3.942121,3.9418583,3.9444604,3.9301124,3.9436698,3.9323456,3.8977253,3.9196815,3.8907835,3.902861,3.9059277,3.9023824,3.9058676,3.869608,3.9208775,3.9005835,3.9038253,3.9337394,3.920539,3.909808,3.914098,3.9032342,3.9188113,3.9462125,3.94271,3.9014733,3.9358923,3.943795,3.9320006,3.9642763,3.9424982,3.945112,3.9528818,3.9483519,3.95106,3.979206,3.9651082,3.972704,3.9593072,3.967063,3.9818,3.9679263,3.9761226,4.0166526,3.9861772,3.9926033,3.9859326,4.0013723,3.9998033,4.0235553,4.0029187,4.0334067,4.016069,4.030426,4.016431,4.0156593,4.03598,4.041775,4.0318584,4.067286,4.0624285,4.0583787,4.02903,4.038767,4.05287,4.0254254,4.024095,4.0098906,4.0012546,3.9785275,3.9729707,3.9616132,3.876067,3.8788095,3.8519435,3.8101218,3.7794683,3.7744453,3.7578118,3.6986806,3.7014813,3.6623921,3.6500914,3.6196883,3.6090362,3.614319,3.5769534,3.5484276,3.5230672,3.5197058,3.5119498,3.4891946,3.4686246,3.4323878,3.4072165,3.4603436,3.4278612,3.4086838,3.3968456,3.4006374,3.388092,3.371835,3.3873854,3.3566895,3.340058,3.2981687,3.3546534,3.322437,3.3486173,3.334655,3.3347075,3.297478,3.2955732,3.332434,3.3172045,3.318591,3.3109577,3.3018136,3.319453,3.3067112,3.31011,3.2976224,3.3005111,3.2967756,3.3244278,3.3234777,3.3043742,3.32225,3.3274744,3.3409336,3.328941,3.3494458,3.33226,3.3313866,3.332709,3.361941,3.3632529,3.3980198,3.4009016,3.4231558,3.434056,3.4499264,3.4341438,3.4755828,3.4541073,3.4645457,3.4486868,3.4423943,3.4401548,3.3102024,3.7528925,3.6123483,3.7541168,3.7504382,3.7624536,3.7765973,3.8766437,3.8228621,3.804347,3.8605952,3.8467317,3.852807,3.8606162,3.8635366,3.8842342,3.8625119,3.8717434,3.8829157,3.911311,3.9218879,3.8983696,3.9035203,3.9144642,3.9105415,3.9241643,3.899506,3.93522,3.9224637,3.9403427,3.9447565,3.9602277,3.9608676,3.9457467,3.953932,3.9837787,3.9720452,3.964245,4.0007505,3.998959,4.006285,3.9975476,4.016708,4.0094347,4.0146694,3.9933162,4.0222554,4.013351,4.004234,4.0153747,4.0175858,4.006117,3.9980774,3.995039,4.017646,4.022027,4.0047913,4.0071588,4.011541,4.015761,4.007483,4.019803,4.018028,4.022688,4.027844,4.01466,4.0286837,4.0134883,4.021347,4.035173,4.022983,4.0190144,4.0346136,4.0107746,4.015814,4.0371103,4.0205917,4.0278563,4.016104,4.032512,4.031842,4.032243,4.030682,4.032768,4.0183544,4.026065,4.040034,4.030469,4.0270467,4.03412,4.023932,4.0368967,4.026764,4.0383983,4.0252266,4.044925,4.0275874,4.0241985,4.035966,4.0333257,4.0504265,4.0292287,4.0441074,4.044757,4.027544,4.0410547,4.045581,4.054363,4.048455,4.0475926,4.0542116,4.0463066,4.0549736,4.0612187,4.0660357,4.0654793,4.0305514,4.010149,4.007038,4.041976,4.041494,4.017673,4.025,4.0514464,4.064694,4.048118,4.028551,4.0194325,4.0570874,4.0289598,4.051597,4.0358634,4.0457854,4.033631,4.038673,4.0563254,4.030003,4.039928,4.0312567,4.066931,4.0396695,4.0459013,4.0488205,4.033976,4.0541797,4.047618,4.043384,4.0471835,4.057806,4.073703,4.0808597,4.0633116,4.033708,4.042485,4.0504255,4.0566206,4.0637865,4.0393915,,,,,,,,,,,,,,,,,,,,,,,,,,,,,,,,,,,,,,,,,,,,,,,,,,,,,,,,,,,,,,,,,,,,,,,,,,,,,,,,,,,,,,,,,,,,,,,,,,,,,,,,,,,,,,,,,,,,,,,,,,,,,,,,,,,,,,,,,,,,,,,,,,,,,,,,,,,,,,,,,,,,,,,,,,,,,,,,,,,,,,,,,,,,,,,,,,,,,,,,,,,,,,,,,,,,,,,,,,,,,,,,,,,,,,,,,,,,,,,,,,,,,,,,,,,,,,,,,,,,,,,,,,,,,,,,,,,,,,,,,,,,,,,,,,,,,,,,,,,t78
FS/382.png,left,0.2255470000673085,3.7817223,3.7604501,3.7675283,3.7654161,3.768702,3.7588267,3.774814,3.7614794,3.7638648,3.7686388,3.770516,3.7643745,3.772155,3.7342734,3.7366052,3.7464786,3.7486804,3.7489886,3.763281,3.7486534,3.748625,3.762146,3.7742906,3.770228,3.770239,3.772547,3.7984924,3.7702088,3.7893867,3.7891145,3.797778,3.7859027,3.7969255,3.801125,3.8099794,3.7894692,3.7984898,3.807998,3.8068917,3.8201797,3.8107562,3.800811,3.7978597,3.787689,3.7949524,3.80794,3.7990515,3.801038,3.7894084,3.792663,3.7755702,3.7749372,3.7752078,3.7666183,3.7680314,3.7621844,3.7809234,3.7584975,3.765763,3.7774777,3.748719,3.7533002,3.7525632,3.7330616,3.7508047,3.7388928,3.7205713,3.7208369,3.7178564,3.7101026,3.716823,3.712857,3.7034516,3.712754,3.7035813,3.711069,3.7161314,3.6957386,3.7179437,3.6893778,3.7033904,3.6959624,3.697331,3.6864278,3.692444,3.6861732,3.6932092,3.69403,3.6788907,3.6856687,3.6871178,3.696187,3.692063,3.7046208,3.7000709,3.690303,3.6937773,3.6923819,3.6911154,3.7016146,3.6996846,3.7057447,3.683146,3.705845,3.7076118,3.6866586,3.6852322,3.7072778,3.715496,3.6955256,3.6978564,3.708513,3.7127147,3.7083976,3.7218134,3.7409286,3.7279994,3.7332659,3.7120128,3.7242086,3.7480276,3.759289,3.7530987,3.7537818,3.7426116,3.7527432,3.7573214,3.7421787,3.755217,3.76152,3.7642078,3.7379436,3.751509,3.7304018,3.6975887,3.6822338,3.691233,3.6655,3.6548734,3.6129246,3.5848672,3.56635,3.5618224,3.5284286,3.5072217,3.5017636,3.4443872,3.416821,3.400351,3.3803363,3.3664901,3.3552625,3.3095145,3.2592375,3.254259,3.2505395,3.2427955,3.2471485,3.2099416,3.1957152,3.1759887,3.1534314,3.1242862,3.1587021,3.1290193,3.1248994,3.1150463,3.0948963,3.0741718,3.0927846,3.0821874,3.0708745,3.0635598,3.0634453,3.0785263,3.0483758,3.0467474,3.0373454,3.0422778,3.025624,3.030517,3.0264633,3.0172608,3.0134087,3.0255346,3.055151,3.0359066,3.0308828,3.024077,3.0321438,3.0318553,3.0197368,3.0407052,3.0389788,3.0299966,3.0548975,3.0686977,3.0594878,3.0450375,3.0625763,3.08063,3.0620017,3.0721087,3.0697086,3.0805392,3.1015582,3.0822701,3.106707,3.1173573,3.1192176,3.1110232,3.1015527,3.1172245,3.0907671,2.9076965,3.4245179,3.3182645,3.334296,3.4316895,3.3877416,3.405871,3.4834728,3.4143295,3.4161146,3.4096298,3.4254794,3.4538155,3.453969,3.4896462,3.4690561,3.4688327,3.4701295,3.487949,3.4825883,3.5148153,3.5029173,3.5362287,3.5231287,3.5368679,3.5301735,3.5499964,3.5453582,3.562785,3.5758884,3.5565372,3.567034,3.6107621,3.5773273,3.5782168,3.6001928,3.5906456,3.5947864,3.5847123,3.6154435,3.6202693,3.6242456,3.6247773,3.6206615,3.6286936,3.6197023,3.6376424,3.6470883,3.646581,3.645244,3.6411822,3.660035,3.665472,3.6573722,3.6483,3.6471055,3.6558447,3.6764967,3.6733906,3.664002,3.6775978,3.6843305,3.676015,3.7022045,3.6701233,3.6704307,3.6736398,3.694756,3.6835122,3.684203,3.6909058,3.6956856,3.6965957,3.7036722,3.691226,3.704822,3.7397046,3.6964207,3.7062485,3.6997137,3.7010095,3.7021427,3.685968,3.6992292,3.6923892,3.7038045,3.705823,3.7003741,3.7024682,3.71754,3.7054017,3.704914,3.7224686,3.7068517,3.6922317,3.7190678,3.7120242,3.7296965,3.7076032,3.7208762,3.7175105,3.7320623,3.7245848,3.7450151,3.7417493,3.7441335,3.7341175,3.7350078,3.7528207,3.7541144,3.72456,3.742553,3.7436519,3.7398794,3.7427452,3.755783,3.7437258,3.738407,3.7529347,3.7569923,3.762754,3.7512374,3.7512107,3.754226,3.7688012,3.7537527,3.7608495,3.7568092,3.750006,3.761252,3.7921515,3.7634711,3.777347,3.7842934,3.7662117,3.769941,3.7807312,3.7949438,3.780679,3.7893956,3.7861695,3.805003,3.790896,3.787727,3.7989428,3.7995248,3.806517,3.8149977,3.7859836,3.8154454,3.826796,3.8199592,3.828983,3.838913,3.8308263,3.8500066,3.8189583,3.839587,3.834914,3.8366227,3.8246922,3.8346348,3.831005,3.833862,3.8471317,3.8304863,3.8392546,3.8473513,3.8259716,3.8399723,3.835166,3.8559527,3.8439512,3.848582,3.867153,,,,,,,,,,,,,,,,,,,,,,,,,,,,,,,,,,,,,,,,,,,,,,,,,,,,,,,,,,,,,,,,,,,,,,,,,,,,,,,,,,,,,,,,,,,,,,,,,,,,,,,,,,,,,,,,,,,,,,,,,,,,,,,,,,,,,,,,,,,,,,,,,,,,,,,,,,,,,,,,,,,,,,,,,,,,,,,,,,,,,,,,,,,,,,,,,,,,,,,,,,,,,,,,,,,,,,,,,,,,,,,,,,,,,,,,,,,,,,,,,,,,,,,,,,,,,,,,,,,,,,,,,,,,,,,,,,,,,,,,,,t52
FS/382.png,left,0.2595647000707686,4.0637865,4.0393915,4.072236,4.050079,4.0431347,4.046069,4.071105,4.057104,4.0727396,4.0541797,4.069005,4.0777674,4.0748577,4.068012,4.0826516,4.053185,4.070735,4.074126,4.0623827,4.0633416,4.05698,4.0397887,4.0764346,4.071859,4.06462,4.0889854,4.078478,4.0605874,4.0907183,4.109135,4.0676565,4.1041512,4.0850735,4.1047435,4.0938935,4.0944114,4.095687,4.106281,4.117543,4.1101246,4.114127,4.11273,4.116901,4.123764,4.1136174,4.1151237,4.121655,4.1062346,4.0969696,4.1077557,4.088634,4.0960293,4.0977163,4.0943727,4.1035438,4.1148877,4.083814,4.0729976,4.087121,4.1069202,4.0613356,4.1049776,4.061462,4.074094,4.093278,4.080714,4.08931,4.0918427,4.088196,4.080597,4.076634,4.0596104,4.0775156,4.061113,4.0297337,4.04847,4.032746,4.0528126,4.038738,4.016164,4.037339,4.03654,4.038525,4.0311847,4.038185,4.0215087,4.041343,4.029795,4.0406575,4.0035615,4.0145497,4.021583,4.031085,4.038539,4.03475,4.009465,4.021025,4.0426307,4.0240736,4.0418406,4.05761,4.0175743,4.0304174,4.0084558,4.016555,4.01619,4.018835,4.0144134,4.008308,4.0198846,4.0226593,4.0127335,4.0161386,4.017006,4.014572,4.026393,4.025259,4.003255,4.0101786,4.0124884,4.024276,4.027024,4.026017,4.013726,4.0402946,4.033629,4.0487494,4.051916,4.041705,4.059425,4.0455136,4.0572395,4.030731,4.0733266,4.063184,4.058828,4.0526967,4.0209904,4.0067444,4.008974,4.006798,3.9957175,3.9398293,3.9480412,3.8935344,3.8637416,3.819608,3.7909083,3.8057446,3.7933207,3.761643,3.7286437,3.7071412,3.688062,3.6695871,3.662937,3.6343217,3.6118839,3.6057837,3.599985,3.559448,3.5650308,3.5413437,3.511311,3.5095263,3.4981878,3.4956777,3.4954166,3.4805138,3.4604862,3.488651,3.4511409,3.44102,3.427916,3.4524364,3.4194198,3.413337,3.4008796,3.3988702,3.4027317,3.417849,3.4033718,3.3984764,3.402218,3.400954,3.4041843,3.405193,3.4263215,3.398467,3.4263701,3.4130723,3.4200072,3.433876,3.435132,3.4304078,3.4256213,3.432663,3.4517357,3.4327304,3.496165,3.4886842,3.488659,3.4779396,3.46901,3.5020459,3.5267382,3.531399,3.5311801,3.5697079,3.576215,3.5583634,3.580885,3.595497,3.575776,3.579075,3.5949118,3.5959363,3.6038792,3.6106753,3.6227717,3.6003594,3.5962358,3.5914867,3.6391811,4.0111337,3.8153653,3.8884137,4.0542817,3.8015,3.8962128,3.9138522,3.8671486,3.8647807,3.8891282,3.903405,3.9221766,3.9468188,3.9257247,3.9083583,3.9243722,3.9389644,3.936806,3.9311755,3.9389703,3.9637737,3.964116,3.9564524,3.9630609,3.9599817,3.9708724,3.9512413,3.9653478,3.9628022,4.0042453,3.9886415,3.9844239,3.995608,4.015273,4.0236425,3.9982946,4.0183997,4.0102897,4.0343432,4.019911,4.014146,4.0340233,4.024917,3.9988377,4.029441,4.0281706,4.030553,4.0241246,4.037465,4.042013,4.0317087,4.0347543,4.041313,4.0278,4.0322495,4.0306,4.043158,4.0525937,4.042124,4.0092173,4.021039,4.024117,4.019219,4.0302296,4.0227833,4.008247,4.0097847,4.0231595,4.0210176,4.023769,4.019222,4.0166326,4.0204644,4.035964,4.0186453,4.0232096,4.010678,4.0474405,4.028425,4.0068893,4.040049,4.02071,4.0427823,4.016735,4.0129547,4.024773,4.0516953,4.024665,4.0101037,4.01377,3.99516,4.031937,4.008552,3.9996767,4.005341,4.0047317,4.001842,4.028815,4.005555,4.0016932,4.0215025,4.0100794,3.9974551,3.9888358,3.996969,4.008364,3.9938328,4.010286,4.0113072,4.015939,4.0095973,4.0321794,4.0133743,4.0111,4.0068216,3.9913673,4.0011954,3.9968612,4.010121,4.030805,4.0468464,4.0262322,4.047337,4.0128803,4.0472093,4.0126634,4.0401096,4.024121,4.052138,4.0140367,4.0494986,4.026389,4.0358443,4.06282,4.0551763,4.060264,4.0572085,4.043513,4.0449595,4.0433702,4.056923,4.053068,4.0551877,4.055425,4.0458736,4.054015,4.056434,4.0480165,4.0573716,4.0488567,4.0600944,4.05154,4.0465026,4.061964,4.0610304,4.0506454,,,,,,,,,,,,,,,,,,,,,,,,,,,,,,,,,,,,,,,,,,,,,,,,,,,,,,,,,,,,,,,,,,,,,,,,,,,,,,,,,,,,,,,,,,,,,,,,,,,,,,,,,,,,,,,,,,,,,,,,,,,,,,,,,,,,,,,,,,,,,,,,,,,,,,,,,,,,,,,,,,,,,,,,,,,,,,,,,,,,,,,,,,,,,,,,,,,,,,,,,,,,,,,,,,,,,,,,,,,,,,,,,,,,,,,,,,,,,,,,,,,,,,,,,,,,,,,,,,,,,,,,,,,,,,,,,,,,,,,,,,,,,,,,,,,t79
FS/72.png,right,0.2598349000327289,3.7433398,3.7107658,3.7114527,3.7658494,3.7291927,3.7284842,3.738028,3.7383454,3.7580893,3.734161,3.720089,3.7560227,3.7557647,3.7543292,3.7475255,3.7651644,3.7327158,3.7161152,3.7402928,3.7442498,3.7443914,3.7418952,3.7547185,3.7404604,3.7278712,3.7378626,3.7430687,3.7420998,3.7259662,3.7400587,3.7343047,3.7279794,3.7517881,3.7293854,3.7415438,3.7487698,3.7190313,3.737412,3.7458618,3.7522852,3.7327209,3.7418635,3.7294092,3.7284353,3.7423513,3.732688,3.72457,3.732111,3.736955,3.7066963,3.742174,3.7430415,3.7290497,3.7344553,3.726418,3.700932,3.7173865,3.7477512,3.7327158,3.7331734,3.707462,3.7189128,3.7348156,3.730716,3.7347634,3.7069952,3.7374873,3.721515,3.7176023,3.7079337,3.7054198,3.7128484,3.6955945,3.6585197,3.7013886,3.7094984,3.709182,3.7145114,3.6840072,3.706589,3.6983612,3.700976,3.696694,3.7034037,3.6960251,3.695156,3.7024755,3.6960928,3.7063692,3.6855419,3.6916564,3.7013905,3.690033,3.6775866,3.70569,3.6916919,3.696875,3.69722,3.6928306,3.6981404,3.6836104,3.7034936,3.7109222,3.7236133,3.709087,3.710435,3.708481,3.703993,3.7147212,3.7256532,3.7110593,3.7456992,3.7234504,3.7315366,3.729736,3.7364404,3.7466822,3.7416737,3.7191744,3.7225955,3.7424164,3.736885,3.7310493,3.7303653,3.7425704,3.7430947,3.7391863,3.7512805,3.7533908,3.7536318,3.766162,3.7371178,3.7255216,3.7219617,3.6727111,3.6541991,3.636821,3.6341774,3.5983045,3.574957,3.5443826,3.5095325,3.4925725,3.4690678,3.4391618,3.4132082,3.3932564,3.373555,3.3186502,3.319284,3.2873895,3.2722528,3.2372787,3.207207,3.2002153,3.185512,3.181464,3.1571555,3.121261,3.151288,3.1208394,3.118597,3.1116495,3.0990098,3.0800667,3.0765793,3.0629745,3.0255759,3.0264692,3.0492158,3.0230637,2.9618104,2.982563,3.010672,2.9738767,2.9788795,2.9914894,2.9643903,2.9749231,2.9632623,2.9824016,2.9474695,2.9794805,2.9711466,2.9737046,2.9795809,2.9837897,2.9610767,2.9692464,2.9764633,3.0034375,2.9879353,3.0021818,2.984586,3.007349,3.0080442,3.001855,3.0239847,3.0110848,3.0259814,3.0135477,3.0125625,3.0048695,2.9681048,2.9629545,3.2798848,3.5299358,3.4250069,3.6704547,3.5821226,3.5836852,3.6124847,3.574098,3.622978,3.5932148,3.5833502,3.6089823,3.6197977,3.64116,3.617525,3.6390646,3.6275408,3.6816876,3.637834,3.6359448,3.674481,3.6490538,3.6745746,3.6656487,3.6714292,3.6465454,3.644894,3.647087,3.6682,3.6435497,3.6797276,3.6889858,3.681828,3.6709301,3.6903718,3.662825,3.6620665,3.6617317,3.6511455,3.622165,3.6338334,3.6281166,3.6274464,3.6176033,3.6305344,3.625421,3.6396585,3.5972316,3.5881863,3.5265605,3.5240142,3.607347,3.5901248,3.626083,3.6347735,3.6384056,3.6402833,3.6440876,3.6217158,3.6426592,3.617324,3.6549566,3.646163,3.6553583,3.6456468,3.620827,3.6542058,3.6435537,3.6310828,3.6457348,3.6523898,3.667409,3.6683517,3.6356075,3.6639535,3.6652346,3.6464577,3.6718783,3.6676927,3.66306,3.678444,3.689436,3.6930928,3.6811166,3.6778526,3.6823926,3.6810458,3.679744,3.6670687,3.6781971,3.682616,3.6825016,3.674108,3.705139,3.7089128,3.71934,3.7092412,3.7031333,3.7124646,3.7047021,3.728205,3.716296,3.7317002,,,,,,,,,,,,,,,,,,,,,,,,,,,,,,,,,,,,,,,,,,,,,,,,,,,,,,,,,,,,,,,,,,,,,,,,,,,,,,,,,,,,,,,,,,,,,,,,,,,,,,,,,,,,,,,,,,,,,,,,,,,,,,,,,,,,,,,,,,,,,,,,,,,,,,,,,,,,,,,,,,,,,,,,,,,,,,,,,,,,,,,,,,,,,,,,,,,,,,,,,,,,,,,,,,,,,,,,,,,,,,,,,,,,,,,,,,,,,,,,,,,,,,,,,,,,,,,,,,,,,,,,,,,,,,,,,,,,,,,,,,,,,,,,,,,,,,,,,,,,,,,,,,,,,,,,,,,,,,,,,,,,,,,,,,,,,,,,,,,,,,,,,,,,,,,,,,,,,,,,,,,t59
FS/72.png,left,0.3038998999400064,3.9485571,3.9544816,3.988996,3.975454,3.9790318,3.9879346,3.9697165,3.9887614,3.9738202,3.967988,3.98471,3.970147,3.9859247,4.008032,4.007399,4.017908,4.0092497,4.0288424,4.007905,4.0121646,4.0314927,4.0369773,4.024268,4.0253954,4.031778,4.0157623,4.008018,4.0037274,4.015828,4.0060205,4.029539,3.9963317,4.0078335,4.0136795,4.013929,4.0011454,4.027464,4.0105195,4.018302,3.987559,4.0097957,4.0228605,4.0417566,4.017996,4.0237966,4.0282226,4.02478,4.025253,4.021221,4.0549703,4.019612,4.0245953,4.016621,4.0245957,4.027421,4.028354,4.021686,4.013457,3.9937088,4.013024,4.0237813,4.0212917,4.0100026,4.011055,4.005628,3.9936957,3.9996064,4.003195,3.9983249,4.00543,3.9917676,3.9782138,3.9821258,3.9988244,4.0065846,3.9701185,3.995251,4.003126,3.9967806,3.9964335,3.9928045,3.9975314,4.0295157,3.9835668,3.9782917,3.9861803,3.968012,3.97315,3.9918637,3.9997025,3.9992251,3.9910915,3.9875202,3.9678679,3.9877548,4.006504,3.9990044,4.00049,3.9964197,3.9928012,4.0001216,4.012103,4.007795,4.0135856,4.0117674,4.0032244,4.0071363,4.003809,4.0127735,4.0009418,4.0083055,4.008302,4.0049357,4.0091662,4.004196,4.0054545,4.014725,4.005329,3.9989839,3.997556,4.010431,4.0110283,4.0160556,4.0088058,4.012158,4.0107436,3.9998984,4.003496,4.005349,4.011754,4.001255,4.0102754,3.9370015,3.8527079,3.7809067,3.7835224,3.7719142,3.7404544,3.7230756,3.6135347,3.592627,3.5768945,3.5482833,3.5298376,3.5076768,3.5099702,3.5121863,3.511322,3.4323442,3.4329753,3.3902442,3.3602962,3.379419,3.3810732,3.3624794,3.3501043,3.3376424,3.341444,3.3474638,3.3411112,3.3372154,3.3364336,3.3199677,3.3299026,3.3372605,3.3290129,3.3160825,3.3239958,3.314668,3.3025925,3.338659,3.3176262,3.3253074,3.322322,3.317419,3.3178651,3.3285456,3.3350792,3.3275099,3.3327644,3.3207543,3.3432682,3.3243535,3.3192303,3.3313494,3.3523426,3.356372,3.3528545,3.3967216,3.3907056,3.4004664,3.4139075,3.3826036,3.401986,3.4024627,2.1198304,3.7107267,3.6802385,3.6778598,3.7043128,3.7103832,3.7045248,3.4140332,2.7924569,3.8204846,3.8196054,3.8398213,3.8532784,3.8621056,3.859003,3.8564005,3.8658898,3.875132,3.8712049,3.8622954,3.8729038,3.8767786,3.8812523,3.8739607,3.8974144,3.8642135,3.8944895,3.9027414,3.8871922,3.882031,3.9065754,3.9000936,3.912371,3.9094875,3.903535,3.8980465,3.9217153,3.9226182,3.9026277,3.9251747,3.9279752,3.9132895,3.9158688,3.9232466,3.9146602,3.9193058,3.9098186,3.9150374,3.9163992,3.9038677,3.9223893,3.9122381,3.901058,3.9064193,3.900774,3.9106147,3.902476,3.9046614,3.896977,3.9026513,3.9255638,3.8929424,3.923941,3.8901877,3.9343705,3.9149163,3.9129772,3.9289331,3.9167585,3.8864474,3.9260793,3.9075432,3.9281554,3.9154031,3.8768852,3.9095917,3.91153,3.928602,3.9373689,3.9088469,3.914767,3.9088793,3.927442,3.9441938,3.9218001,3.89925,3.913998,3.9116254,3.900186,3.895476,3.9187224,3.9256215,3.915519,3.926498,3.93653,3.9195392,3.9434586,3.91101,3.9248369,3.9478066,3.9312534,3.9401875,3.9490852,3.9348009,3.915901,3.94015,3.9228897,3.9259102,3.939077,3.930443,3.9704196,3.9394717,3.9531007,3.9571712,3.9439936,3.9482136,3.947851,3.947347,3.9646637,3.9505596,3.9424434,,,,,,,,,,,,,,,,,,,,,,,,,,,,,,,,,,,,,,,,,,,,,,,,,,,,,,,,,,,,,,,,,,,,,,,,,,,,,,,,,,,,,,,,,,,,,,,,,,,,,,,,,,,,,,,,,,,,,,,,,,,,,,,,,,,,,,,,,,,,,,,,,,,,,,,,,,,,,,,,,,,,,,,,,,,,,,,,,,,,,,,,,,,,,,,,,,,,,,,,,,,,,,,,,,,,,,,,,,,,,,,,,,,,,,,,,,,,,,,,,,,,,,,,,,,,,,,,,,,,,,,,,,,,,,,,,,,,,,,,,,,,,,,,,,,,,,,,,,,,,,,,,,,,,,,,,,,,,,,,,,,,,,,,,,,,,,,,,,,,,,,,,,,,,,,,,,,t96
FS/72.png,left,0.2008641998982057,3.7297251,3.7067,3.701604,3.690571,3.718226,3.695699,3.7043548,3.7346332,3.7202234,3.7096784,3.700958,3.7028732,3.6997528,3.7037768,3.7260132,3.7104197,3.6958954,3.7183876,3.6738112,3.7132916,3.7009332,3.6931107,3.7134933,3.6926146,3.699548,3.7215345,3.729307,3.7157767,3.7223222,3.725888,3.715758,3.7107842,3.716865,3.710551,3.7175245,3.7147453,3.7286065,3.709939,3.7358956,3.743112,3.7274313,3.7372847,3.7343745,3.7474983,3.754925,3.7532792,3.7647614,3.7676227,3.750618,3.7359228,3.7475593,3.7299213,3.72184,3.7141266,3.7109716,3.691042,3.705903,3.672753,3.6723332,3.6603818,3.664596,3.6296413,3.6313715,3.6440623,3.6068122,3.6131115,3.5852888,3.5991676,3.55053,3.5384107,3.535173,3.5194716,3.5393412,3.5150683,3.511547,3.494698,3.4812436,3.5042963,3.5092044,3.5058134,3.5083628,3.520685,3.5054932,3.537872,3.5448155,3.550933,3.5436282,3.5609837,3.5573134,3.5925188,3.6013203,3.5751126,3.5930974,3.5910625,3.615419,3.6199143,3.6337392,3.6322248,3.643221,3.6670856,3.6403406,3.5849168,3.4951944,3.4485068,3.4485216,3.4396832,3.4087532,3.339135,3.3330376,3.2757514,3.272238,3.3041437,3.2673097,3.2586408,3.20468,3.1992035,3.1866565,3.1903305,3.1735213,3.1521986,3.1316032,3.1245828,3.0969968,3.0865479,3.0922258,3.0941727,3.0870407,3.0977495,3.0740728,3.0639005,3.0544672,3.0652924,3.0599067,3.0465348,3.0535862,3.0478532,3.047771,3.053297,3.0379705,3.037206,3.0365648,3.0272558,3.0491097,3.0380182,3.0280254,3.034885,3.0500546,3.05335,3.0536149,3.064346,3.069941,3.0782573,3.0750659,3.0754142,3.0726864,3.0822902,3.0958755,3.0961413,3.09868,3.1015117,3.10442,3.1029668,3.108151,3.1221595,3.1462996,3.1267598,3.1474414,3.1415308,3.1470857,3.159756,3.1450565,2.2927518,2.3160486,3.465255,3.6753967,3.7272933,3.7593951,3.6656756,3.661348,3.646281,3.6892662,3.638252,3.6356308,3.6702569,3.648565,3.6534789,3.6683164,3.6730516,3.6455262,3.661031,3.6580577,3.623999,3.6340501,3.653706,3.633564,3.629683,3.6528847,3.6498375,3.6128478,3.6251984,3.659079,3.6063945,3.6182175,3.6587033,3.6352057,3.6655798,3.6042418,3.6322637,3.599381,3.647347,3.6098762,3.683664,3.6244087,3.6362717,3.5982602,3.5701256,3.634003,3.6192667,3.646723,3.6081998,3.6227443,3.6253552,3.6020148,3.6223276,3.5971491,3.6098087,3.5959177,3.6149216,3.6172912,3.6054678,3.603207,3.6064045,3.6076097,3.6226308,,,,,,,,,,,,,,,,,,,,,,,,,,,,,,,,,,,,,,,,,,,,,,,,,,,,,,,,,,,,,,,,,,,,,,,,,,,,,,,,,,,,,,,,,,,,,,,,,,,,,,,,,,,,,,,,,,,,,,,,,,,,,,,,,,,,,,,,,,,,,,,,,,,,,,,,,,,,,,,,,,,,,,,,,,,,,,,,,,,,,,,,,,,,,,,,,,,,,,,,,,,,,,,,,,,,,,,,,,,,,,,,,,,,,,,,,,,,,,,,,,,,,,,,,,,,,,,,,,,,,,,,,,,,,,,,,,,,,,,,,,,,,,,,,,,,,,,,,,,,,,,,,,,,,,,,,,,,,,,,,,,,,,,,,,,,,,,,,,,,,,,,,,,,,,,,,,,,,,,,,,,,,,,,,,,,,,,,,,,,,,,,,,,,,,,,,,,,,,,,,,,,,,,,,,,,,,,,,,,,,,,,,,,,,,,,,,,,,t100
FS/42.png,right,0.1617426000302657,3.6082692,3.6326518,3.6505368,3.6152546,3.6481025,3.6320162,3.6282387,3.6750834,3.698744,3.6729681,3.666515,3.6614242,3.6760108,3.6957157,3.6943896,3.691611,3.7316725,3.7077055,3.7301693,3.7250192,3.715741,3.7303953,3.7239585,3.7291343,3.7396936,3.7324507,3.751563,3.740272,3.7521322,3.7686155,3.7737398,3.770729,3.7484496,3.7736683,3.768391,3.777291,3.7822573,3.7839477,3.7946794,3.7959373,3.783307,3.7942321,3.7877457,3.7850895,3.7902572,3.7855208,3.8036525,3.7821767,3.7887015,3.7985408,3.8031836,3.8125792,3.806417,3.7999873,3.8089747,3.804792,3.7923708,3.802979,3.7943025,3.8029318,3.7961643,3.8103998,3.80304,3.7941833,3.7935343,3.781815,3.770409,3.7753346,3.7643497,3.7624352,3.7518947,3.7331195,3.7413044,3.724959,3.7235231,3.7494078,3.743293,3.709564,3.708862,3.720995,3.7012002,3.6880941,3.6917653,3.6731443,3.647361,3.7086349,3.6505191,3.6705868,3.6676323,3.6511312,3.6238549,3.6584132,3.6293192,3.6329916,3.6214566,3.6129808,3.6187024,3.616705,3.623014,3.6152859,3.596174,3.5841007,3.5913317,3.5967786,3.598733,3.593786,3.6086197,3.6037903,3.6271336,3.6207225,3.597794,3.6200876,3.629788,3.6093073,3.6053972,3.61213,3.606151,3.5939934,3.6066499,3.617448,3.6260722,3.606958,3.6000953,3.6059673,3.5968986,3.6154802,3.6127317,3.6119242,3.6057358,3.6082788,3.6205335,3.6199327,3.6127717,3.6182728,3.621495,3.611868,3.6047158,3.6120825,3.5848985,3.5915284,3.5275872,3.5209894,3.5015233,3.4652317,3.4592254,3.4435012,3.4458785,3.4249058,3.4140875,3.3872132,3.3354242,3.3019984,3.3089788,3.2767067,3.2787688,3.254365,3.2084756,3.1925294,3.1986146,3.1862476,3.1710572,3.1390295,3.125144,3.1246648,3.133855,3.121653,3.122332,3.1075504,3.1021795,3.0890691,3.0937903,3.0788863,3.0663402,3.0593824,3.037041,3.0487556,3.0563228,3.0437438,3.0354617,3.060442,3.0484483,3.0444372,3.02007,3.0557816,3.0356197,3.0603087,3.0484433,3.070529,3.0425959,3.0498507,3.0424144,3.0199711,3.0483196,3.0399578,3.0530593,3.0255983,3.070325,3.059728,3.0483985,3.0719452,3.0814564,3.1057615,3.0912068,3.0836418,3.09244,3.0954156,3.0775838,3.098282,3.0998049,2.318037,1.9604974,3.467386,3.7448347,3.6255445,3.5375953,3.5877774,3.6917043,3.641302,3.664328,3.6314948,3.5902028,3.5942276,3.642954,3.6426706,3.6586275,3.6591523,3.6480951,3.6612418,3.6622953,3.6524465,3.6775424,3.6791584,3.6615055,3.674185,3.682293,3.6907146,3.6967611,3.673067,3.7279747,3.7050085,3.7568328,3.726593,3.7313428,3.7294433,3.7457142,3.749885,3.7478876,3.7478151,3.7440286,3.7345304,3.7232292,3.767675,3.73199,3.74123,3.7253852,3.721722,3.7140527,3.720149,3.6903894,3.7094054,3.712515,3.686655,3.7003129,3.673965,3.680116,3.6845846,3.6695147,3.6757748,3.6720967,3.6888685,3.6651583,3.6674287,3.697502,3.6951234,3.6880682,3.6912482,3.6555524,3.655496,3.6889129,3.6585038,3.6628184,3.6724598,3.6361396,3.6737454,3.66267,3.6729455,3.6900096,3.689456,3.6882868,3.6864724,3.6723876,3.6637754,3.698718,3.697017,3.693304,3.6847646,3.6765976,3.6967373,3.6866102,3.687675,3.6958606,3.679086,3.6920295,3.6937447,3.6845899,3.6773415,3.690097,3.688141,3.6748273,3.6865284,3.6752858,3.668781,3.6710489,3.675794,3.6997507,3.6598165,3.675415,3.6766274,3.6911323,3.720252,3.6830184,3.6776063,3.679664,3.6827333,3.6870415,3.6899934,3.6886268,3.6977727,3.7197313,3.6886232,3.6985865,3.7094183,3.7201412,3.7375844,3.7260642,3.7280009,3.7379072,3.7450726,3.738998,3.7485545,3.7339475,3.7404828,3.7431324,3.7554855,3.7568069,3.7515643,3.7625666,,,,,,,,,,,,,,,,,,,,,,,,,,,,,,,,,,,,,,,,,,,,,,,,,,,,,,,,,,,,,,,,,,,,,,,,,,,,,,,,,,,,,,,,,,,,,,,,,,,,,,,,,,,,,,,,,,,,,,,,,,,,,,,,,,,,,,,,,,,,,,,,,,,,,,,,,,,,,,,,,,,,,,,,,,,,,,,,,,,,,,,,,,,,,,,,,,,,,,,,,,,,,,,,,,,,,,,,,,,,,,,,,,,,,,,,,,,,,,,,,,,,,,,,,,,,,,,,,,,,,,,,,,,,,,,,,,,,,,,,,,,,,,,,,,,,,,,,,,,,,,,,,,,,,,,,,,,,,,,,,,,,t63
FS/572.png,right,0.1830365000059828,3.7515643,3.7625666,3.7597363,3.7592516,3.7583148,3.7524164,3.7548144,3.763595,3.8137722,3.7634327,3.7613904,3.793954,3.7776647,3.8035595,3.794237,3.7942438,3.7981899,3.790718,3.8074305,3.7991211,3.7879677,3.7970014,3.794694,3.7967956,3.8064167,3.8155956,3.8149562,3.7854936,3.8095856,3.7980566,3.8106835,3.7956824,3.8254144,3.8200264,3.8041544,3.8449483,3.81533,3.8406174,3.822981,3.8275747,3.8401346,3.8386612,3.8469605,3.8487551,3.8484004,3.858723,3.8547835,3.8580987,3.8429775,3.8367515,3.8570476,3.8393486,3.8385077,3.8416955,3.848515,3.8089442,3.8352077,3.8156743,3.7815924,3.7584918,3.7755876,3.768944,3.7695892,3.8220158,3.7511492,3.7301247,3.7572715,3.7503135,3.7569623,3.7023432,3.694624,3.689936,3.689361,3.6716447,3.6720273,3.7041302,3.6602805,3.6357303,3.661398,3.6471684,3.6486578,3.6549106,3.643945,3.65301,3.619513,3.6354837,3.633361,3.642831,3.6261623,3.6423151,3.6348794,3.6381462,3.636492,3.6486666,3.6210392,3.6278274,3.6282053,3.6129057,3.6050012,3.6116934,3.5750957,3.6258914,3.6023595,3.6178894,3.6089706,3.5995908,3.5880392,3.5832698,3.608139,3.6149564,3.5816042,3.6297517,3.646055,3.609053,3.600427,3.5945182,3.6129053,3.6332977,3.6109445,3.6253226,3.6256394,3.6322744,3.6228333,3.637371,3.634157,3.6393015,3.641998,3.6321087,3.6275904,3.6492598,3.6467845,3.6436296,3.6517737,3.6615603,3.6426787,3.6544015,3.63538,3.6403234,3.6284022,3.5840843,3.594092,3.5444293,3.518527,3.5005605,3.4803112,3.460267,3.442595,3.4262757,3.4246063,3.3933969,3.3543165,3.3586528,3.3307743,3.2939286,3.2671242,3.2823184,3.2251778,3.2196946,3.2142448,3.203043,3.1821334,3.183914,3.189053,3.157076,3.1413543,3.1145074,3.1024344,3.1173518,3.09553,3.0854466,3.0821252,3.0964658,3.0892205,3.0809693,3.0685558,3.062927,3.0739365,3.0675843,3.048178,3.091734,3.067306,3.052626,3.0831625,3.0525107,3.0717146,3.0441074,3.0689914,3.070664,3.0626018,3.0918012,3.0937512,3.069657,3.0911503,3.0776863,3.0668066,3.0869222,3.0658343,3.081759,3.073998,3.0680385,3.0618207,3.0613775,3.0395868,3.0929244,2.8214638,3.1438658,2.8771775,3.5401392,3.6580665,3.791053,3.689408,3.613455,3.7193136,3.78437,3.649618,3.6354446,3.6379545,3.6369941,3.6572132,3.6558623,3.6675322,3.6578412,3.6692781,3.693228,3.7065024,3.7143073,3.6949303,3.7242603,3.7040684,3.705791,3.7202158,3.723403,3.7218854,3.7501714,3.7571774,3.7590418,3.755215,3.7649994,3.7292366,3.7479696,3.714755,3.7204728,3.7579553,3.7691486,3.7317603,3.7354639,3.735203,3.7440758,3.7720554,3.754423,3.7382264,3.7620254,3.750979,3.7368503,3.7491415,3.7423124,3.7546573,3.7247734,3.7644439,3.720153,3.7328477,3.714186,3.7348979,3.7212737,3.76105,3.7314794,3.7587354,3.7354732,3.7563999,3.7275171,3.7382846,3.7460842,3.722155,3.7262228,3.7509742,3.7233965,3.7429695,3.7282152,3.7314084,3.7434835,3.7464793,3.736466,3.7287736,3.7423108,3.725286,3.738006,3.733617,3.7301104,3.7355044,3.7162306,3.7305229,3.728971,3.7354136,3.7189913,3.732229,3.728637,3.7300687,3.7081263,3.7361495,3.7097485,3.7299545,3.7432938,3.7240305,3.7241638,3.7319257,3.7325132,3.7299654,3.7199361,3.7237778,3.720607,3.71758,3.7467155,3.746832,3.7255716,3.7671247,3.7365196,3.7267075,3.7525496,3.736988,3.7765076,3.7573974,3.7838204,3.7657444,3.7825882,3.7838638,3.7900314,3.7631533,3.7797792,3.7869093,3.787696,3.7859268,3.7818828,3.7975147,3.7866857,3.788323,3.8092103,3.7930567,3.7992747,,,,,,,,,,,,,,,,,,,,,,,,,,,,,,,,,,,,,,,,,,,,,,,,,,,,,,,,,,,,,,,,,,,,,,,,,,,,,,,,,,,,,,,,,,,,,,,,,,,,,,,,,,,,,,,,,,,,,,,,,,,,,,,,,,,,,,,,,,,,,,,,,,,,,,,,,,,,,,,,,,,,,,,,,,,,,,,,,,,,,,,,,,,,,,,,,,,,,,,,,,,,,,,,,,,,,,,,,,,,,,,,,,,,,,,,,,,,,,,,,,,,,,,,,,,,,,,,,,,,,,,,,,,,,,,,,,,,,,,,,,,,,,,,,,,,,,,,,,,,,,,,,,,,,,,,,,,,,,,,,,,,,,,,,,,,,t64
FS/562.png,right,0.1737859999993816,3.865413,3.8774183,3.8690245,3.8923614,3.8641093,3.8940885,3.8799362,3.876739,3.8970394,3.8746367,3.8768048,3.8871372,3.874025,3.8778722,3.8905296,3.8892202,3.8940537,3.8760047,3.9077795,3.8833234,3.89408,3.8962972,3.8950934,3.8812764,3.8856556,3.9160938,3.9481764,3.8720262,3.8953342,3.9075494,3.9147573,3.9094384,3.9204826,3.9197598,3.924576,3.9085274,3.951576,3.9052885,3.9224067,3.9447637,3.936005,3.951391,3.916659,3.9410555,3.9260185,3.9219306,3.9335163,3.9177396,3.9141724,3.9183645,3.916164,3.9228349,3.9182456,3.887415,3.8955226,3.8734562,3.8786669,3.8815136,3.8687637,3.8537505,3.8519015,3.8495533,3.842421,3.82556,3.8179095,3.8259506,3.8476293,3.7782433,3.775959,3.7652109,3.7868638,3.7820735,3.7897396,3.7783368,3.7928824,3.8230603,3.7926435,3.7927458,3.7856107,3.794852,3.775269,3.7804885,3.7781985,3.7891524,3.772284,3.7802484,3.7817533,3.7783768,3.7611077,3.7503872,3.741576,3.7727845,3.7481577,3.7907152,3.7679641,3.7726848,3.7509973,3.7488778,3.7640295,3.7506678,3.7462907,3.7366989,3.7408109,3.7465122,3.746673,3.7717571,3.740892,3.7284262,3.7676835,3.7369277,3.734763,3.7361383,3.7426069,3.7615201,3.7415318,3.7476804,3.749736,3.7492454,3.7289133,3.7433863,3.7783418,3.7707522,3.7441714,3.7654335,3.7666392,3.7644606,3.7573245,3.7601495,3.75387,3.7758572,3.7704456,3.767194,3.7725894,3.7556038,3.7569697,3.7640507,3.7230003,3.7314053,3.7091324,3.7163374,3.6337478,3.639279,3.616316,3.5975342,3.5625277,3.5684924,3.5212386,3.5055883,3.4597616,3.4322455,3.4121323,3.403523,3.3730068,3.3581061,3.3308547,3.3054442,3.2762475,3.2768729,3.2541862,3.2498481,3.2395613,3.223604,3.2255657,3.1929274,3.163347,3.1686757,3.1424954,3.1271372,3.0896223,3.0783954,3.0755332,3.056382,3.060165,3.0621865,3.059794,3.038063,3.0431747,3.0373104,3.0265043,3.0409374,3.0143301,3.046757,3.0292518,3.019272,3.0066504,3.012746,3.226739,3.1447694,3.2203677,3.2312012,3.2786205,3.2707088,3.2709374,3.3486204,3.2706857,3.303969,3.2823827,3.2924163,3.3250887,3.3578382,3.3484333,3.3620982,3.4064362,3.4015057,3.4314177,3.4430132,3.4468837,3.4516983,3.4448285,3.4374135,3.4583983,3.4469361,3.4808846,3.47784,3.4779603,3.5010784,3.5182981,3.5075588,3.493137,3.5304458,3.530207,3.5393498,3.5309858,3.5432408,3.5485356,3.5596776,3.584631,3.578766,3.5644264,3.601179,3.6086519,3.633642,3.6061907,3.640702,3.6340265,3.619268,3.6290176,3.638066,3.6420074,3.655729,3.6590605,3.6559303,3.6712348,3.6736069,3.6712294,3.6766117,3.6795058,3.6813123,3.6736093,3.6962485,3.687748,3.6921911,3.6902037,3.7046132,3.4708238,3.6771274,3.7828655,3.7042184,3.742257,3.7152634,3.6797125,3.6945276,3.7042418,3.6977375,3.7132843,3.7246761,3.7090545,3.6980033,3.734219,3.7432938,3.7291281,3.7484257,3.7314456,3.7475967,3.7637284,3.760183,3.7670836,3.7626622,3.8160126,3.760836,3.7568843,3.7910285,3.7556918,3.7426434,3.7558188,3.7546058,3.7488155,3.7620752,3.7411587,3.752111,3.7277355,3.731706,3.7504668,3.7388844,3.7573342,3.7486665,3.737725,3.7510426,3.7584655,3.755641,3.7435465,3.7427757,3.7411532,3.7447083,3.7522256,3.7457774,3.7302098,3.7211301,3.753292,3.7324834,3.7449417,3.7397857,3.7368898,3.776416,3.7354481,3.7335308,3.7515523,3.7592294,3.7272418,3.7482576,3.7447958,3.7612598,3.764462,3.7630837,3.7395089,3.7569222,3.7675714,3.7796338,3.764967,3.749276,3.8028789,3.8147812,3.7871494,3.7822204,3.8112953,,,,,,,,,,,,,,,,,,,,,,,,,,,,,,,,,,,,,,,,,,,,,,,,,,,,,,,,,,,,,,,,,,,,,,,,,,,,,,,,,,,,,,,,,,,,,,,,,,,,,,,,,,,,,,,,,,,,,,,,,,,,,,,,,,,,,,,,,,,,,,,,,,,,,,,,,,,,,,,,,,,,,,,,,,,,,,,,,,,,,,,,,,,,,,,,,,,,,,,,,,,,,,,,,,,,,,,,,,,,,,,,,,,,,,,,,,,,,,,,,,,,,,,,,,,,,,,,,,,,,,,,,,,,,,,,,,,,,,,,,,,,,,,,,,,,,,,,,,,,,,,,,,,,,,,,,,,,,,,,,,,,,,,,,,,,,,,,t69
FS/562.png,right,0.2011634999653324,4.0180197,3.995939,3.9980054,3.9988954,3.9913578,4.00032,4.012084,4.0209527,4.0058746,4.040146,4.0358424,4.020529,4.030783,4.0481734,4.0211735,4.0480423,4.052324,4.0479255,4.042085,4.056222,4.0506926,4.0419655,4.05937,4.0732594,4.043053,4.059693,4.054125,4.05777,4.05487,4.067135,4.0577655,4.0587864,4.0581656,4.0509353,4.091378,4.0703692,4.08551,4.0817995,4.096881,4.0564613,4.0954337,4.087466,4.0814915,4.0852942,4.1058893,4.093416,4.1097474,4.065667,4.1076107,4.0906615,4.0888476,4.1017575,4.0685616,4.066974,4.0830064,4.076862,4.061596,4.0606275,4.025565,4.0145154,4.017769,3.9999218,3.9943419,3.9839847,3.9895492,3.967333,3.9680994,3.9506047,3.951028,3.9230118,3.919585,3.9226472,3.8998916,3.9001327,3.893297,3.9003663,3.9110875,3.8991768,3.8867779,3.8750584,3.878377,3.898834,3.9188128,3.8856835,3.905697,3.8631904,3.8635871,3.8834918,3.9007964,3.8754861,3.9108934,3.9083343,3.9262955,3.9308925,3.9236026,3.9258537,3.9438796,3.9577947,3.9555607,3.9473748,3.9567459,3.9555194,3.9628558,3.9774857,3.9729333,3.965704,3.9723594,3.982304,3.9814305,4.01041,4.0138917,4.003727,4.003898,4.0187774,4.012493,4.008733,4.0056934,4.05523,4.0384254,4.0529737,4.0621,4.058171,4.042717,4.041104,4.0287957,4.0458975,4.061402,4.0256715,4.009531,3.9964256,3.9668984,3.939954,3.9257524,3.8882158,3.8605266,3.8420963,3.8139415,3.7866323,3.7734625,3.7522328,3.7033515,3.6911144,3.6746185,3.670076,3.6448424,3.5936801,3.576603,3.5542653,3.5376432,3.5310473,3.511375,3.5098176,3.482212,3.4568315,3.4458025,3.4529145,3.4394383,3.4012485,3.4160626,3.396353,3.416129,3.3880951,3.3666415,3.348504,3.352696,3.3739367,3.3771355,3.3576708,3.359713,3.341082,3.3541121,3.3262224,3.35896,3.331343,3.3411295,3.3510773,3.357652,3.3442566,3.3530123,3.3670144,3.351413,3.33879,3.353422,3.3498461,3.3785691,3.3477128,3.3787546,3.3709118,3.3919144,3.3760715,3.3684742,3.3440719,3.5557837,3.6822257,3.7582235,3.7618709,3.7652738,3.7780094,3.768657,3.8024871,3.8607638,3.8318124,3.8612757,3.8512785,3.841219,3.8640811,3.880569,3.8818839,3.870878,3.8797917,3.8879383,3.8848886,3.881801,3.9052982,3.8913176,3.903579,3.918346,3.9194458,3.9359603,3.9306042,3.913403,3.9194894,3.9425693,3.9258006,3.9731405,3.962668,3.9681525,3.9858265,3.988863,3.970744,4.005955,3.9961443,3.9924881,3.9925268,4.013809,3.9839911,4.0159383,3.9945974,4.012204,3.994356,3.9990017,3.984276,4.020815,3.9869082,3.9903274,3.9914334,3.9983916,3.9882965,3.9742725,4.008572,3.986214,3.9985154,4.017933,4.008162,4.007469,3.9970515,4.0027933,4.0093074,4.0074596,4.0073977,4.003452,4.0029693,4.004499,4.010091,4.023722,4.0029364,4.0011106,4.0096235,4.0102344,4.0140595,4.007376,4.0039973,4.0065217,4.0093102,4.000118,3.998138,3.9979198,4.0100694,3.9941409,4.016513,4.015039,4.005693,3.9977205,4.018774,4.007696,3.9958673,4.0111046,4.009509,4.0237436,4.014434,4.022817,4.04337,4.0158973,4.000586,4.0021787,4.0165114,4.033793,4.0252666,4.0323725,4.0157027,3.9906054,4.0326557,4.032384,4.0049295,4.026391,4.025571,4.0178356,4.042724,4.017994,4.02972,4.049257,4.048997,4.0706396,4.0207505,4.036953,4.05189,4.048043,4.0333257,4.047866,4.063978,4.0653434,4.0646615,4.078819,4.0696635,4.078819,4.068318,4.0969944,4.076098,4.072988,4.091402,4.0792956,4.096543,4.1092787,4.0991807,4.104186,4.0897136,4.095487,4.097892,4.099013,4.106009,4.105048,4.1179104,4.1282454,4.116559,4.1214805,4.125865,4.128337,4.114081,4.12126,,,,,,,,,,,,,,,,,,,,,,,,,,,,,,,,,,,,,,,,,,,,,,,,,,,,,,,,,,,,,,,,,,,,,,,,,,,,,,,,,,,,,,,,,,,,,,,,,,,,,,,,,,,,,,,,,,,,,,,,,,,,,,,,,,,,,,,,,,,,,,,,,,,,,,,,,,,,,,,,,,,,,,,,,,,,,,,,,,,,,,,,,,,,,,,,,,,,,,,,,,,,,,,,,,,,,,,,,,,,,,,,,,,,,,,,,,,,,,,,,,,,,,,,,,,,,,,,,,,,,,,,,,,,,,,,,,,,,,,,,,,,,,,,,,,,,,,,,,,,,,,,,,,,,,,,,,,,,,,,,,t91
FS/32.png,right,0.1708559000398963,3.8033316,3.8065143,3.8017056,3.8029084,3.8098068,3.802535,3.811897,3.7996094,3.8023822,3.8019435,3.812486,3.8168285,3.8175428,3.814038,3.8173928,3.8201087,3.8199744,3.817534,3.817891,3.8183062,3.8313985,3.822849,3.809723,3.8228943,3.8159006,3.8227415,3.8304765,3.8203645,3.819658,3.8219585,3.8318865,3.8259883,3.844436,3.8239741,3.835584,3.837347,3.8419561,3.8446217,3.85742,3.8392851,3.8453944,3.855256,3.842162,3.865742,3.8631866,3.8686492,3.8585987,3.8734636,3.8577638,3.8672993,3.870836,3.8748264,3.894118,3.870061,3.8592331,3.873361,3.8595104,3.8854003,3.8538127,3.8389823,3.8373296,3.8517768,3.850327,3.834531,3.8365605,3.8243604,3.8339663,3.8496137,3.8578727,3.8392797,3.8317413,3.809588,3.8107643,3.801737,3.7869625,3.7777057,3.7743132,3.7703369,3.763917,3.7538586,3.7501352,3.755364,3.7654753,3.7389424,3.740155,3.7397408,3.747042,3.7305658,3.7334087,3.7090042,3.71608,3.7333171,3.717044,3.709564,3.7021089,3.6865318,3.7044456,3.7030206,3.7082567,3.6909442,3.6849294,3.689476,3.672453,3.697745,3.6875837,3.7048118,3.6896126,3.6922617,3.7175016,3.7130256,3.695768,3.7126393,3.7094185,3.7243218,3.7245152,3.719236,3.7304661,3.7411683,3.7251122,3.7274528,3.7451932,3.7418644,3.7303188,3.752998,3.7494807,3.7659042,3.8073697,3.8069181,3.799753,3.7815516,3.7813737,3.783475,3.7727518,3.7525065,3.7493865,3.7000487,3.7154682,3.676394,3.672994,3.6393602,3.6387155,3.6286547,3.5623717,3.5495217,3.5425565,3.5287807,3.5109031,3.5165148,3.4791527,3.4592268,3.427472,3.3828068,3.3816478,3.3531744,3.359043,3.3534007,3.3269858,3.3295047,3.3076074,3.3075032,3.3069825,3.3049247,3.2926507,3.2778842,3.2469633,3.2474658,3.2335548,3.2384236,3.2251272,3.2352142,3.2139301,3.2081003,3.231754,3.2072494,3.214122,3.2053778,3.188948,3.2034976,3.2127972,3.1905904,3.191926,3.2164488,3.2093184,3.2235494,3.2116766,3.186938,3.2321558,3.225986,3.2204113,3.1966867,3.2299876,3.2415946,3.216716,3.2200465,3.218385,3.2074282,3.222848,3.2260845,3.228519,3.2357278,3.2499921,3.2606678,3.2678425,3.2781637,3.2988288,3.333589,3.3022468,3.3326,3.3331587,3.363436,3.335098,3.3683379,3.3990014,3.3683705,3.3764274,3.3770497,3.3855126,3.3855624,3.3911533,3.425314,3.4311244,3.425874,3.4231448,3.453164,3.4558768,3.4441483,3.478352,3.4860735,3.5037496,3.5088623,3.5317595,3.5229206,3.5413952,3.5311542,3.5526762,3.5694373,3.5587702,3.574567,3.5987506,3.591391,3.6004765,3.5984442,3.5979848,3.6098628,3.60253,3.6314225,3.6498203,3.6475594,3.6680727,3.6881068,3.6782296,3.7025015,3.7102876,3.7030208,3.7205818,3.7071872,3.7171211,3.7394748,3.732508,3.7299712,3.7332788,3.7297025,3.749292,3.740513,3.739419,3.7568583,3.761342,3.7656465,3.7846653,3.7888563,3.7603443,3.7592046,3.7741182,3.7648401,3.6785548,3.7575638,3.5797806,3.8249722,3.7759824,3.8615506,3.7937398,3.8015373,3.7664013,3.7778797,3.7917526,3.7823384,3.7822003,3.8141487,3.806743,3.8089144,3.810431,3.8178017,3.8219156,3.8139837,3.82475,3.821547,3.8170555,3.8287427,3.8260767,3.8327003,3.8297117,3.8145287,3.8099232,3.8234231,3.8288293,3.8302212,3.8359637,3.8800964,3.8644502,3.8568122,3.8688998,3.8853915,3.8888824,3.8851154,3.9056823,3.8948152,3.906421,3.9103036,3.8821456,3.8825586,3.89503,3.8933856,3.8999875,3.8904355,3.921223,3.8975024,3.8910406,3.9067352,3.901111,3.9113195,3.919901,3.9154336,3.8989947,3.9271483,3.9395902,3.9131534,3.906266,3.9364872,3.9491327,3.923685,3.9431188,3.9261134,3.9371614,3.928537,3.9552782,3.9545789,3.937919,3.9200268,3.9411008,3.964715,3.9454017,3.9316206,3.944664,3.9556134,3.9487514,3.9390628,3.9525325,3.9505959,3.9377296,3.9518461,3.9516847,3.9488144,3.955285,3.9510067,3.9500983,3.9350636,3.9615304,3.9338086,3.934277,3.9553235,3.9344974,3.946845,3.9639742,3.9165819,3.9518654,3.9222195,3.9329767,3.9516902,3.9463975,,,,,,,,,,,,,,,,,,,,,,,,,,,,,,,,,,,,,,,,,,,,,,,,,,,,,,,,,,,,,,,,,,,,,,,,,,,,,,,,,,,,,,,,,,,,,,,,,,,,,,,,,,,,,,,,,,,,,,,,,,,,,,,,,,,,,,,,,,,,,,,,,,,,,,,,,,,,,,,,,,,,,,,,,,,,,,,,,,,,,,,,,,,,,,,,,,,,,,,,,,,,,,,,,,,,,,,,,,,,,,,,,,,,,,,,,,,,,,,,,,,,,,,,,,,,,,,,,,,,,,,,,,,,,,,,,,,,,,,,,,,,,,,,,,,,t86
FS/252.png,left,0.2698084999574348,4.12126,4.113576,4.133393,4.1330132,4.127111,4.129305,4.1367908,4.124424,4.130113,4.1263614,4.129032,4.130469,4.1377077,4.129646,4.124882,4.1345396,4.135236,4.1390314,4.123281,4.124879,4.1437106,4.1405225,4.146171,4.127776,4.1277094,4.121176,4.137018,4.1481857,4.1662564,4.119453,4.144249,4.1535716,4.1350493,4.162265,4.1538796,4.157698,4.1724386,4.1767983,4.1914053,4.173763,4.1652746,4.169672,4.178587,4.1728125,4.202718,4.1733637,4.192045,4.200939,4.2019324,4.2023177,4.189277,4.1914353,4.205725,4.1690497,4.20531,4.2028036,4.192093,4.1897907,4.1884613,4.1812067,4.184651,4.1822743,4.194664,4.193668,4.1779137,4.1736174,4.1818666,4.173234,4.1645308,4.1712265,4.1556206,4.1681204,4.139971,4.1645246,4.1394,4.1487107,4.147831,4.1414323,4.130917,4.1530333,4.1504993,4.174042,4.1357307,4.1510444,4.1478076,4.131069,4.1450047,4.1452947,4.1358757,4.146655,4.1396513,4.123379,4.1686034,4.133368,4.153087,4.148192,4.1384425,4.147767,4.1860466,4.154099,4.1661158,4.160595,4.173117,4.167938,4.1724553,4.173311,4.168042,4.172455,4.172156,4.1752434,4.172962,4.1798353,4.1904597,4.180391,4.1936116,4.196176,4.2342076,4.1928453,4.1897535,4.1877885,4.217745,4.2069564,4.199715,4.228248,4.2219243,4.1970987,4.230608,4.2295065,4.222427,4.2217813,4.216889,4.215748,4.224071,4.2110906,4.2117705,4.1914897,4.1668425,4.158775,4.152516,4.0844526,4.0742884,4.0184426,3.9752767,3.9722974,3.9500868,3.94509,3.9186203,3.9023821,3.8381464,3.8217406,3.7795098,3.7538173,3.7253275,3.7265096,3.7265344,3.6861057,3.690806,3.6500351,3.6593697,3.6328087,3.5946503,3.5723808,3.5722911,3.5571005,3.535838,3.542411,3.549802,3.5055015,3.49425,3.4668787,3.4639606,3.4568205,3.472374,3.4598045,3.4561088,3.4577613,3.4445498,3.430074,3.4602907,3.4328494,3.4384122,3.4418523,3.4147666,3.4475124,3.4411752,3.4489558,3.4292333,3.4530756,3.46369,3.4597995,3.469035,3.448696,3.4561543,3.4741359,3.4847531,3.4800444,3.473607,3.4811716,3.477319,3.4802516,3.484463,3.4959645,3.5018852,3.5151534,3.5261567,3.5313365,3.5457397,3.5446823,3.5510724,3.5611777,3.5722814,3.5881598,3.5707538,3.5792298,3.5982378,3.5848684,3.5977585,3.6010811,3.5962691,3.6051672,3.6220806,3.6271534,3.6151404,3.6450086,3.63636,3.671819,3.6506603,3.6589258,3.6849473,3.6509178,3.6851904,3.69011,3.6881237,3.7140691,3.7333176,3.7354965,3.740046,3.764473,3.7671554,3.780276,3.769862,3.779502,3.7690177,3.993365,3.980417,4.0317397,4.0491643,4.08987,4.056278,4.0831027,3.9623086,3.9667423,3.9974732,4.020896,4.0166645,4.0000544,3.9971647,4.002194,4.0053906,4.024923,4.0063233,4.0101347,3.9888568,3.9585626,3.9685736,3.930405,3.9147038,3.9722517,3.9462476,3.949164,3.972724,3.9624562,3.9760106,3.99084,3.9829888,3.9950747,3.9996512,3.9845223,3.991606,3.995067,3.9969816,4.0123615,4.0162888,4.00333,3.9930174,3.9673882,4.011416,4.0001464,4.028403,4.0340385,4.040674,4.019878,4.013464,4.013327,4.0198708,3.9912233,4.0018544,3.9737856,1.3246564,2.1005995,3.0446846,3.9760356,3.9048245,3.8751705,3.897476,3.9334424,3.9438126,3.9155207,3.9157834,3.9284155,3.9226305,3.9294825,3.9201114,3.9385011,3.9224834,3.9117522,3.9075334,3.91712,3.911112,3.937402,3.9294267,3.943961,3.9418616,3.941439,3.942556,3.9458292,3.9549837,3.9454916,3.9454596,3.953094,3.9639554,3.957197,3.9900365,,,,,,,,,,,,,,,,,,,,,,,,,,,,,,,,,,,,,,,,,,,,,,,,,,,,,,,,,,,,,,,,,,,,,,,,,,,,,,,,,,,,,,,,,,,,,,,,,,,,,,,,,,,,,,,,,,,,,,,,,,,,,,,,,,,,,,,,,,,,,,,,,,,,,,,,,,,,,,,,,,,,,,,,,,,,,,,,,,,,,,,,,,,,,,,,,,,,,,,,,,,,,,,,,,,,,,,,,,,,,,,,,,,,,,,,,,,,,,,,,,,,,,,,,,,,,,,,,,,,,,,,,,,,,,,,,,,,,,,,,,,,,,,,,,,,,,,,,,,,,,,,,,,,,,,,,,,,,,,,,,,,,,,,,,,,,,,,,,t92
FS/902.png,right,0.246205799980089,3.9547274,3.958742,3.9552183,3.9841175,3.9672067,3.9697704,3.946028,3.9548302,3.973509,3.9601738,3.9538164,3.9512076,3.9676304,3.965526,3.9586353,3.9706516,3.983534,3.98059,3.983262,3.9864118,3.9676106,3.9632933,3.9667532,3.935679,3.9727733,3.9792087,3.9855943,3.9837432,3.9847803,3.9440722,3.9824123,3.9695642,3.945804,3.9738703,3.9809148,3.9814396,3.9744804,3.9824297,3.9649558,3.9895644,3.974375,3.9786835,4.004193,3.9810567,3.9938204,3.9961445,4.0012746,3.9958055,3.9770126,3.9690719,3.9802558,3.9694908,4.009036,3.979166,3.9924397,3.9939494,3.950051,3.9682605,3.9437504,3.9485939,3.9288082,3.913089,3.904512,3.899014,3.8916497,3.8770847,3.8800929,3.854959,3.8577366,3.8467565,3.8557928,3.822732,3.8235765,3.8387632,3.8080251,3.802454,3.7882192,3.7880802,3.7658021,3.769056,3.7820249,3.7819219,3.783429,3.7792382,3.7817502,3.7974825,3.773419,3.7786586,3.7981572,3.7860527,3.800871,3.7916272,3.8168004,3.8255057,3.8117242,3.8286417,3.8008766,3.8040183,3.8089707,3.8043182,3.7928865,3.8241742,3.833518,3.8178806,3.8322575,3.8247468,3.8412342,3.846364,3.8512337,3.8194,3.8558865,3.8557212,3.8666413,3.8783278,3.882089,3.8876307,3.8944945,3.892732,3.8910594,3.9062119,3.90073,3.9265268,3.91682,3.9217365,3.913351,3.9011593,3.9278843,3.9010096,3.8985562,3.83029,3.807946,3.7806382,3.7501328,3.7375088,3.7201924,3.7229552,3.6714067,3.6548173,3.6078906,3.5841713,3.5497406,3.5418675,3.538026,3.5147672,3.4990747,3.4460137,3.4474428,3.420857,3.4064343,3.3980415,3.397015,3.3936381,3.3558726,3.3442495,3.330244,3.3305511,3.3047006,3.294443,3.3097281,3.2798922,3.295209,3.2641308,3.2619772,3.2584565,3.2463343,3.2240396,3.234801,3.2403338,3.2504153,3.2179298,3.2252283,3.2132854,3.1971762,3.2339022,3.2111988,3.2025967,3.2139711,3.2139876,3.2243235,3.2247443,3.2332,3.2505758,3.2516677,3.2410522,3.2506115,3.243887,3.287207,3.2809675,3.2510514,3.2486348,3.2746983,3.2758625,3.2695913,3.2695174,3.2381928,3.2583745,3.2836223,3.301259,2.3080235,2.47505,2.5640004,3.7145615,3.6968744,3.7089686,3.7306345,3.7381668,3.718084,3.7496207,3.7756925,3.7740881,3.7307644,3.7995436,3.8915403,3.9249218,3.943305,3.916832,3.7159843,3.6821601,3.706175,3.694038,3.7170382,3.719648,3.7172606,3.7441862,3.7144604,3.7339075,3.7148662,3.7322314,3.7174587,3.7180748,3.7184007,3.7060232,3.7043588,3.7007005,3.7356403,3.7090738,3.7170832,3.7329497,3.7454412,3.734419,3.737406,3.7380245,3.7479296,3.7598991,3.7489555,3.776546,3.764748,3.72561,3.7311058,3.7427251,3.732887,3.7160187,3.730212,3.7373166,3.744505,3.7377698,3.7227979,3.7348816,3.728833,,,,,,,,,,,,,,,,,,,,,,,,,,,,,,,,,,,,,,,,,,,,,,,,,,,,,,,,,,,,,,,,,,,,,,,,,,,,,,,,,,,,,,,,,,,,,,,,,,,,,,,,,,,,,,,,,,,,,,,,,,,,,,,,,,,,,,,,,,,,,,,,,,,,,,,,,,,,,,,,,,,,,,,,,,,,,,,,,,,,,,,,,,,,,,,,,,,,,,,,,,,,,,,,,,,,,,,,,,,,,,,,,,,,,,,,,,,,,,,,,,,,,,,,,,,,,,,,,,,,,,,,,,,,,,,,,,,,,,,,,,,,,,,,,,,,,,,,,,,,,,,,,,,,,,,,,,,,,,,,,,,,,,,,,,,,,,,,,,,,,,,,,,,,,,,,,,,,,,,,,,,,,,,,,,,,,,,,,,,,,,,,,,,,,,,,,,,,,,,,,,,,,,,,,,,,t97
FS/902.png,left,0.2099307000171393,3.603987,3.6174183,3.626827,3.6376128,3.639014,3.6358993,3.624512,3.6418707,3.6534812,3.6268303,3.6474128,3.6568382,3.6775503,3.6765432,3.6705031,3.668719,3.6830678,3.6762838,3.673927,3.6820052,3.6594157,3.6711545,3.6646063,3.6934197,3.6815705,3.691009,3.6806266,3.6699848,3.6949334,3.6932251,3.6885047,3.7039397,3.688401,3.6752982,3.6987815,3.6911116,3.6982434,3.7172592,3.7152088,3.7021556,3.726482,3.734568,3.7092783,3.718425,3.6990583,3.6828275,3.6685088,3.67307,3.6615694,3.6756759,3.6608691,3.669972,3.6548693,3.6426806,3.5902922,3.5848691,3.5748281,3.5892103,3.562029,3.5291092,3.5437598,3.500622,3.495307,3.5431235,3.5461884,3.5420527,3.5428605,3.559848,3.557811,3.5628567,3.5553095,3.5681684,3.5796518,3.5767071,3.5806508,3.5715325,3.5981467,3.5772276,3.5926785,3.5894449,3.5882032,3.5841422,3.5726984,3.6032062,3.6335561,3.6333601,3.634228,3.619723,3.6333728,3.6326766,3.6385202,3.62726,3.6327298,3.620585,3.6325624,3.620386,3.6471303,3.6279423,3.6328173,3.6082447,3.593877,3.5445242,3.5165908,3.4441032,3.4639392,3.4059975,3.3807006,3.370123,3.3559334,3.3503435,3.3192651,3.303029,3.290559,3.2566469,3.2556787,3.2506483,3.2448242,3.2399065,3.215478,3.2165258,3.1908941,3.1987479,3.1869428,3.1766446,3.1779056,3.1476135,3.1560109,3.1382775,3.139823,3.1398103,3.1174104,3.1133552,3.117941,3.1245627,3.1172595,3.1320102,3.1085632,3.1503565,3.1094818,3.114849,3.1269023,3.126688,3.1136713,3.1354284,3.1137211,3.1355557,3.1403491,3.1393745,3.1531844,3.153206,3.1553793,3.1557858,3.1772623,3.175342,3.1856184,3.1805813,3.163511,3.1800227,3.2001548,3.1900332,3.2060003,3.2199461,3.1973565,3.2181768,3.2051325,3.2331707,3.2298255,3.2329497,3.2476752,3.209188,3.7330532,3.7380877,3.7489717,3.7343001,3.7691212,3.7259536,3.7329829,3.724833,3.7172997,3.704786,3.733223,3.6883988,3.6919668,3.677573,3.6766226,3.6764264,3.666982,3.6965513,3.6810703,3.658431,3.6443846,3.6231298,3.6232011,3.6323469,3.6190815,3.638357,3.6393204,3.6095636,3.6191468,3.6146553,3.6121676,3.6129715,3.5932047,3.5940845,3.5942822,3.5741367,3.5998657,3.5843728,3.5677242,3.5572019,3.564354,3.5846882,3.585583,3.575212,3.586869,3.5777967,3.5859861,3.5710936,3.5942428,3.5965407,3.5907254,3.5947125,3.5915005,3.5941443,3.6083248,3.5949929,3.5919154,3.5949516,3.5929327,3.6135423,3.6232653,3.6013672,3.5697649,3.604859,3.6131783,3.598498,3.603948,3.6372359,,,,,,,,,,,,,,,,,,,,,,,,,,,,,,,,,,,,,,,,,,,,,,,,,,,,,,,,,,,,,,,,,,,,,,,,,,,,,,,,,,,,,,,,,,,,,,,,,,,,,,,,,,,,,,,,,,,,,,,,,,,,,,,,,,,,,,,,,,,,,,,,,,,,,,,,,,,,,,,,,,,,,,,,,,,,,,,,,,,,,,,,,,,,,,,,,,,,,,,,,,,,,,,,,,,,,,,,,,,,,,,,,,,,,,,,,,,,,,,,,,,,,,,,,,,,,,,,,,,,,,,,,,,,,,,,,,,,,,,,,,,,,,,,,,,,,,,,,,,,,,,,,,,,,,,,,,,,,,,,,,,,,,,,,,,,,,,,,,,,,,,,,,,,,,,,,,,,,,,,,,,,,,,,,,,,,,,,,,,,,,,,,,,,,,,,,,,,,,,,,,,,,,,,,,,,,,,,,,,,,,,,,,,,,,,,,t113
FS/92.png,right,0.1778469999553635,3.608026,3.6208737,3.5976808,3.5891013,3.63364,3.6105235,3.6147795,3.6132877,3.621527,3.6151452,3.604181,3.6125417,3.6104643,3.5983636,3.6043046,3.6117947,3.5963838,3.6178212,3.607982,3.6017807,3.6149387,3.6151385,3.621704,3.6129792,3.5962648,3.5968196,3.6020696,3.5971797,3.6080804,3.6005201,3.6049788,3.5997238,3.6124067,3.5771868,3.6002386,3.5663838,3.5349674,3.52276,3.5242126,3.5151048,3.5250778,3.512475,3.4734066,3.4745069,3.4614265,3.4383018,3.46442,3.4547896,3.4244537,3.427748,3.422234,3.431027,3.3649468,3.4385734,3.3803997,3.4341073,3.4113479,3.4100833,3.398002,3.3860915,3.393593,3.4195828,3.4012926,3.4204934,3.4411273,3.4362261,3.4519846,3.4327655,3.4463108,3.43397,3.4533298,3.4682567,3.4750497,3.5028307,3.4958007,3.5257542,3.5026777,3.5080488,3.5144966,3.519057,3.5032752,3.5115,3.5400417,3.528747,3.5425334,3.5359118,3.5246012,3.5306866,3.5236766,3.5595777,3.5405056,3.562109,3.5757709,3.559546,3.5548677,3.5452776,3.5386288,3.5406213,3.5285926,3.4768224,3.4707406,3.4281745,3.3745975,3.393538,3.3700857,3.347291,3.3329399,3.3255816,3.3052726,3.2884228,3.2577295,3.2450674,3.209481,3.1860523,3.183154,3.1744668,3.1288636,3.121444,3.1158154,3.120282,3.0797522,3.0851674,3.0874805,3.0574415,3.0179472,3.0189831,3.0038064,3.0043743,2.9621897,2.9943602,2.9710646,2.9472554,2.9639645,2.9629164,2.950521,2.9575682,2.9486222,2.9672592,2.9482045,2.948054,2.934026,2.9499369,2.9421082,2.9403167,2.9411223,2.9505243,2.9656339,2.9531164,2.9599016,2.950677,2.9532025,2.9628243,2.969855,2.9696853,2.9648716,2.997538,3.0115438,2.985583,3.0008879,2.9939334,2.975733,2.9706545,2.996822,3.0448105,2.8683565,2.889756,4.104246,2.9442835,3.4153697,3.6115375,3.6655369,3.5413668,3.5552115,3.5385187,3.577847,3.5781,3.5928645,3.6018655,3.5914834,3.5950212,3.5957482,3.5970683,3.5998118,3.6032648,3.6131408,3.6171265,3.613177,3.6131985,3.6219785,3.6222134,3.6010761,3.608083,3.608519,3.5990117,3.5767994,3.5842974,3.5844982,3.5800622,3.5678074,3.5656428,3.5660293,3.5524287,3.5571399,3.554009,3.518352,3.527121,3.525317,3.527514,3.5341144,3.5301762,3.503409,3.5270371,3.5116062,3.5047488,3.4881082,3.5019877,3.500689,3.5077286,3.49103,3.4676788,3.5158803,3.4858549,3.5075803,3.479385,3.4789252,3.4919565,3.486558,3.4826417,3.484795,3.5005283,3.4962437,3.4939466,3.4678433,3.4814377,3.4929457,3.489424,3.4922297,3.5018334,3.475365,3.484217,3.4669983,3.5105755,3.4735832,3.4753275,3.5079584,3.4942005,3.4821055,3.4865108,3.4898062,3.5048985,3.4965632,3.507845,3.507446,3.5078459,3.5013769,3.5065985,3.5121884,3.5084026,3.5098855,3.500755,3.496741,3.521004,3.5152087,3.5199258,3.512098,3.5106566,3.5124266,3.5296154,3.5236158,3.5321963,3.5053015,3.5386293,3.5200016,3.5310643,3.5436325,3.5333927,,,,,,,,,,,,,,,,,,,,,,,,,,,,,,,,,,,,,,,,,,,,,,,,,,,,,,,,,,,,,,,,,,,,,,,,,,,,,,,,,,,,,,,,,,,,,,,,,,,,,,,,,,,,,,,,,,,,,,,,,,,,,,,,,,,,,,,,,,,,,,,,,,,,,,,,,,,,,,,,,,,,,,,,,,,,,,,,,,,,,,,,,,,,,,,,,,,,,,,,,,,,,,,,,,,,,,,,,,,,,,,,,,,,,,,,,,,,,,,,,,,,,,,,,,,,,,,,,,,,,,,,,,,,,,,,,,,,,,,,,,,,,,,,,,,,,,,,,,,,,,,,,,,,,,,,,,,,,,,,,,,,,,,,,,,,,,,,,,,,,,,,,,,,,,,,,,,,,,,,,,,,,,,,,,,,,,,,,,,,,,,,,,,,,,,,,,,t101
FS/202.png,left,0.2314647999592125,3.666454,3.6974232,3.7015626,3.688177,3.673544,3.6946163,3.691441,3.7039306,3.701189,3.6999712,3.699419,3.7147472,3.7107413,3.702314,3.6863072,3.703986,3.7079592,3.6873748,3.707949,3.6831748,3.7160811,3.7101676,3.7206252,3.6991065,3.706943,3.7027318,3.6999402,3.7128148,3.6996036,3.7192876,3.7142925,3.6987395,3.7172616,3.7261922,3.7195964,3.7165184,3.7135484,3.7180986,3.7184305,3.7279735,3.7219129,3.708938,3.7182252,3.7263522,3.7223258,3.7184458,3.7122242,3.718995,3.7192857,3.6968439,3.6840413,3.688909,3.6787295,3.6622167,3.6301048,3.6685548,3.6491122,3.6264164,3.6418839,3.6002438,3.6390724,3.5996144,3.6112957,3.6023026,3.611353,3.5865426,3.5985801,3.5899942,3.590312,3.608841,3.5856428,3.6007063,3.5858252,3.6111984,3.61231,3.604976,3.614298,3.6150067,3.6257272,3.6293118,3.638866,3.6237438,3.6442816,3.638427,3.6539745,3.6538308,3.6386926,3.6358721,3.6398256,3.6476705,3.6496208,3.6645033,3.6620018,3.660522,3.669351,3.6611025,3.6784961,3.6695282,3.6878366,3.676875,3.676402,3.6810856,3.6685286,3.6811814,3.7015996,3.7002456,3.690255,3.703343,3.6838953,3.694948,3.686529,3.680922,3.6640935,3.641503,3.639517,3.6273386,3.6044724,3.5940242,3.5253558,3.4814148,3.4920235,3.4550562,3.4150662,3.3955674,3.3874624,3.3366432,3.3130157,3.293765,3.2946067,3.2571294,3.238301,3.2291296,3.2089665,3.1871645,3.1706707,3.175917,3.1628833,3.1333418,3.1442723,3.1271718,3.1091912,3.1000824,3.104778,3.0918913,3.0919375,3.083146,3.0550103,3.0699015,3.0790625,3.071395,3.0698183,3.044925,3.0611186,3.059995,3.0496626,3.0654533,3.0460465,3.0587397,3.0258188,3.0372145,3.056111,3.0592902,3.041762,3.0494666,3.0602434,3.0618973,3.073299,3.0740514,3.0806036,3.07482,3.0679562,3.0554514,3.0827873,3.0916393,3.0994794,3.0888972,3.0693133,3.0627856,2.3819642,3.8406637,3.6689177,3.6249168,3.6185122,3.6265051,3.6327438,3.6445336,3.6204975,3.6419919,3.6469285,3.6296449,3.634369,3.6250095,3.6270893,3.6050544,3.595022,3.5772603,3.533412,3.5305526,3.5256507,3.5087862,3.4637165,3.4648657,3.3810883,3.3958101,3.35985,3.345725,3.336069,3.362418,3.3356073,3.327579,3.3226485,3.3169587,3.3168638,3.325467,3.378653,3.334594,3.2900743,3.3235989,3.3042724,3.3303227,3.325399,3.3145084,3.3217697,3.3134236,3.3026485,3.3117738,3.3159769,3.3212807,3.33761,3.3122685,3.330543,3.3192022,3.3195076,3.3281825,3.3382201,3.3443465,3.358217,3.3474216,3.331893,3.348833,,,,,,,,,,,,,,,,,,,,,,,,,,,,,,,,,,,,,,,,,,,,,,,,,,,,,,,,,,,,,,,,,,,,,,,,,,,,,,,,,,,,,,,,,,,,,,,,,,,,,,,,,,,,,,,,,,,,,,,,,,,,,,,,,,,,,,,,,,,,,,,,,,,,,,,,,,,,,,,,,,,,,,,,,,,,,,,,,,,,,,,,,,,,,,,,,,,,,,,,,,,,,,,,,,,,,,,,,,,,,,,,,,,,,,,,,,,,,,,,,,,,,,,,,,,,,,,,,,,,,,,,,,,,,,,,,,,,,,,,,,,,,,,,,,,,,,,,,,,,,,,,,,,,,,,,,,,,,,,,,,,,,,,,,,,,,,,,,,,,,,,,,,,,,,,,,,,,,,,,,,,,,,,,,,,,,,,,,,,,,,,,,,,,,,,,,,,,,,,,,,,,,,,,,,,,,,,,,,,,,,,,,,,,,,,t109
