t87,t88,t89,t90,t91,t92,t93,t94,t95,t96,t97,t98,t99,t100,t101,t102,t103,t104,t105,t106,t107,t108,t109,t110,t111,t112,t113,t114,t115,t116,t117,t118,t119,t120,t121,t122,t123,t124,t125,t126,t127,t128,t129,t130,t131,t132,t133,t134,t135,t136,t137,t138,t139,t140,t141,t142,t143,t144,t145,t146,t147,t148,t149,t150,t151,t152,t153,t154,t155,t156,t157,t158,t159,t160,t161,t162,t163,t164,t165,t166,t167,t168,t169,t170,t171,t172,t173,t174,t175,t176,t177,t178,t179,t180,t181,t182,t183,t184,t185,t186,t187,t188,t189,t190,t191,t192,t193,t194,t195,t196,t197,t198,t199,t200,t201,t202,t203,t204,t205,t206,t207,t208,t209,t210,t211,t212,t213,t214,t215,t216,t217,t218,t219,t220,t221,t222,t223,t224,t225,t226,t227,t228,t229,t230,t231,t232,t233,t234,t235,t236,t237,t238,t239,t240,t241,t242,t243,t244,t245,t246,t247,t248,t249,t250,t251,t252,t253,t254,t255,t256,t257,t258,t259,t260,t261,t262,t263,t264,t265,t266,t267,t268,t269,t270,t271,t272,t273,t274,t275,t276,t277,t278,t279,t280,t281,t282,t283,t284,t285,t286,t287,t288,t289,t290,t291,t292,t293,t294,t295,t296,t297,t298,t299,t300,t301,t302,t303,t304,t305,t306,t307,t308,t309,t310,t311,t312,t313,t314,t315,t316,t317,t318,t319,t320,t321,t322,t323,t324,t325,t326,t327,t328,t329,t330,t331,t332,t333,t334,t335,t336,t337,t338,t339,t340,t341,t342,t343,t344,t345,t346,t347,t348,t349,t350,t351,t352,t353,t354,t355,t356,t357,t358,t359,t360,t361,t362,t363,t364,t365,t366,t367,t368,t369,t370,t371,t372,t373,t374,t375,t376,t377,t378,t379,t380,t381,t382,t383,t384,t385,t386,t387,t388,t389,t390,t391,t392,t393,t394,t395,t396,t397,t398,t399,t400,t401,t402,t403,t404,t405,t406,t407,t408,t409,t410,t411,t412,t413,t414,t415,t416,t417,t418,t419,t420,t421,t422,t423,t424,t425,t426,t427,t428,t429,t430,t431,t432,t433,t434,t435,t436,t437,t438,t439,t440,t441,t442,t443,t444,t445,t446,t447,t448,t449,t450,t451,t452,t453,t454,t455,t456,t457,t458,t459,t460,t461,t462,t463,t464,t465,t466,t467,t468,t469,t470,t471,t472,t473,t474,t475,t476,t477,t478,t479,t480,t481,t482,t483,t484,t485,t486,t487,t488,t489,t490,t491,t492,t493,t494,t495,t496,t497,t498,t499,t500,t501,t502,t503,t504,t505,t506,t507,t508,t509,t510,t511,t512,t513,t514,t515,t516,t517,t518,t519,t520,t521,t522,t523,t524,t525,t526,t527,t528,t529,t530,t531,t532,t533,t534,t535,t536,t537,t538,t539,t540,t541,t542,t543,t544,t545,t546,t547,t548,t549,t550,t551,t552,t553,t554,t555,t556,t557,t558,t559,t560,t561,t562,t563,t564,t565,t566,t567,t568,t569,t570,t571,t572,t573,t574,t575,t576,t577,t578,t579,t580,t581,t582,t583,t584,t585,t586,t587,t588,t589,t590,t591,t592,t593,t594,t595,t596,t597,t598,t599,t600,t601,t602,t603,t604,t605,t606,t607,t608,t609,t610,t611,t612,t613,t614,t615,t616,t617,t618,t619,t620,t621,t622,t623,t624,t625,t626,t627,t628,t629,t630,t631,t632,t633,t634,t635,t636,t637,t638,t639,t640,t641,t642,t643,t644,t645,t646,t647,t648,t649,t650,t651,t652,t653,t654,t655,t656,t657,t658,t659,t660,t661,t662,t663,t664,t665,t666,t667,t668,t669,t670,t671,t672,t673,t674,t675,t676,t677,t678,t679,t680,t681,t682,t683,t684,t685,t686,t687,t688,t689,t690,t691,t692,t693,t694,t695,t696
2.996976,2.9974742,2.983642,2.990296,2.967507,2.9699214,2.9730604,2.9672205,2.9788253,2.9732015,2.9626946,2.948853,2.9628563,2.9519072,2.9468184,2.9534228,2.9423842,2.951996,2.938356,2.9633534,2.943506,2.9260938,2.939904,2.9108665,2.9188051,2.9325643,2.9008517,2.8952718,2.9062963,2.9064634,2.9008758,2.907248,2.8923998,2.8913105,2.8858054,2.8942866,2.873415,2.8456988,2.8548403,2.8531764,2.8700905,2.873646,2.855196,2.8399363,2.8464453,2.8545978,2.842428,2.8611183,2.8567212,2.8453608,2.8736618,2.8491943,2.8378687,2.8306184,2.8283186,2.8211243,2.8026114,2.8047202,2.7871943,2.7976992,2.7730424,2.748352,2.750856,2.749468,2.7249749,2.6552548,2.6417522,2.6174698,2.6086907,2.6210577,2.6037242,2.5818853,2.5742495,2.5640378,2.5677571,2.5613024,2.5678298,2.5611846,2.5378118,2.5332701,2.5174954,2.5141647,2.528715,2.5120304,2.5171163,2.5077121,2.5099454,2.5191357,2.5159404,2.5100434,2.518076,2.5174232,2.5063632,2.5161612,2.5177388,2.5161784,2.5139508,2.524284,2.514141,2.5360618,2.5421624,2.5489328,2.5565789,2.5721612,2.5697446,2.5825229,2.5710618,2.5840654,2.577363,2.5741484,2.6048634,2.5991075,2.6095474,2.6229765,2.674339,2.6922204,2.7109253,2.724394,2.7259054,2.7211452,2.7459178,2.73256,2.7503326,2.7602975,2.7755184,2.7832804,2.783454,2.7793012,2.7963634,2.783073,2.790077,2.7844107,2.7840803,2.7787073,2.779284,2.784913,2.7814994,2.7810051,2.7810004,2.7891645,2.7810125,2.7856414,2.7825682,2.7847855,2.78289,2.7897263,2.7736456,2.789951,2.7820013,2.7836854,2.7855124,2.7820437,2.7804842,2.7901464,2.7825232,2.7849896,2.780091,2.7887444,2.7945123,2.8197136,2.8013017,2.8083224,2.8149748,2.824129,2.8228142,2.8187408,2.8327513,2.8249238,2.8532007,2.8362236,2.8423848,2.8494723,2.8797188,2.8664043,2.8927376,2.9085023,2.922889,2.9352024,2.9478028,2.9651728,2.9753,2.9669604,2.9623244,2.9923797,2.9732084,2.9834177,2.9785464,2.9976122,3.003113,3.0073626,3.0285707,3.022668,3.0480423,3.0239522,3.0298142,3.029548,3.0362823,3.0444977,3.041076,3.049716,3.0458646,3.0464458,3.0535462,3.0567126,3.064412,3.0507414,3.0867534,3.0819368,3.1130311,3.1100824,3.1168156,3.1091077,3.1289537,3.135514,3.1506982,3.1365173,3.176569,3.1488874,3.1428874,3.1646008,3.1728914,3.1550286,3.147867,3.1668477,3.1739283,3.1794543,3.1871533,3.187826,3.1750383,3.1797504,3.1777055,3.1908553,3.1825385,3.1772237,3.1705573,3.1788301,3.193646,3.1854978,3.1702967,3.1713407,3.1714487,3.20856,3.1894789,3.193059,3.187504,3.1876981,3.1951313,3.1899946,3.1849313,3.1915185,3.1842277,3.1898847,3.1719565,3.1920893,3.1828492,3.1679964,3.1654172,3.1480954,3.139153,3.175292,3.1481636,3.1612837,3.1445873,3.162226,3.1471162,3.1295469,3.144357,3.4667256,3.0484457,3.1172082,3.1651063,3.1465993,3.1848133,3.1380293,3.118791,3.1353002,3.139996,3.147159,3.181346,3.1521087,3.1689532,3.1789234,3.2035022,3.1870587,3.1928887,3.1798894,3.1899512,3.1850488,3.18166,3.1909015,3.1913278,3.1951241,3.2103653,3.2128792,3.205625,3.1782014,3.201317,3.2163303,3.2075331,3.2041597,3.2162871,3.2220747,3.2069232,3.2218418,3.2284453,3.2555134,3.2343285,3.2809963,3.2478623,3.236334,3.254091,3.253302,3.254615,3.2379353,3.261357,3.2447555,3.2528906,3.2605736,3.2490897,3.2477984,3.2450516,3.261732,3.2499967,3.2474015,3.2735424,3.2762978,3.2636967,3.281494,3.2704172,3.2590005,3.2578664,3.2317228,3.2645738,3.2387962,3.2441628,3.233054,3.2299309,3.2219193,3.2331984,3.2144766,3.2075074,3.209148,3.2217557,3.188228,3.1972702,3.1784077,3.1665142,3.1592302,3.1656468,3.1668348,3.1451645,,,,,,,,,,,,,,,,,,,,,,,,,,,,,,,,,,,,,,,,,,,,,,,,,,,,,,,,,,,,,,,,,,,,,,,,,,,,,,,,,,,,,,,,,,,,,,,,,,,,,,,,,,,,,,,,,,,,,,,,,,,,,,,,,,,,,,,,,,,,,,,,,,,,,,,,,,,,,,,,,,,,,,,,,,,,,,,,,,,,,,,,,,,,,,,,,,,,,,,,,,,,,,,,,,,,,,,,,,,,,,,,,,,,,,,,,,,,,,,,,,,,,,,,,,,,,,,,,,,
1.7716076,1.7561129,1.7834741,1.7850816,1.7740778,1.8037624,1.787781,1.8032959,1.8186334,1.7967361,1.8273135,1.8278886,1.7979529,1.8138758,1.8150592,1.8387533,1.8346423,1.8143907,1.8217874,1.8024316,1.8412131,1.8372252,1.8357624,1.835975,1.8528974,1.835305,1.8350768,1.8351461,1.8429705,1.8501787,1.8469292,1.853633,1.8587904,1.852217,1.8622191,1.8615509,1.8494402,1.86163,1.8544708,1.8627849,1.8657616,1.8631809,1.8533914,1.8696256,1.8653347,1.8655702,1.8749908,1.8646206,1.8636225,1.8712342,1.8719534,1.8660781,1.860255,1.8579249,1.8579249,1.854995,1.8555409,1.8029734,1.8182154,1.7995144,1.7810377,1.7722385,1.7439544,1.7430322,1.7493057,1.7393833,1.7141643,1.7234975,1.7151666,1.7054708,1.7176754,1.697031,1.708559,1.6962696,1.7132095,1.6970757,1.697477,1.6938423,1.6968178,1.6979597,1.6989719,1.6789002,1.6996337,1.6964699,1.6927118,1.6878396,1.695304,1.6957178,1.6899508,1.6958498,1.6991893,1.7027087,1.7193086,1.703593,1.7130319,1.7215148,1.7229772,1.7224245,1.7355636,1.7468785,1.7577515,1.7305058,1.7738912,1.7624897,1.7776985,1.7860214,1.7989044,1.8055027,1.8027005,1.8171821,1.798279,1.8150108,1.805499,1.8239465,1.7874038,1.7920064,1.8073314,1.8030128,1.7854109,1.7883801,1.7568771,1.7527069,1.7747879,1.7816802,1.7587881,1.7524248,1.7564348,1.7506148,1.7353475,1.7577217,1.7101694,1.7161852,1.7434309,1.7192959,1.7193205,1.7293239,1.7314659,1.7445972,1.7041641,1.7166437,1.7112367,1.719145,1.7163157,1.7302053,1.737985,1.7259752,1.7282008,1.706777,1.7429444,1.6840283,1.7657292,1.6329356,1.6714928,1.730689,1.7204487,1.6615394,1.692284,1.6929643,1.6667464,1.7003125,1.6971534,1.7001507,1.6866928,1.704407,1.6968699,1.6597635,1.6665145,1.6742002,1.6454357,1.6663284,1.6632347,1.6520973,1.615702,0.9732314,1.4372089,1.3663596,1.4858513,1.4878044,1.4986911,1.5254356,1.525413,1.5624545,1.5683872,1.5693575,1.5678325,1.5904802,1.5925064,1.5918701,1.595755,1.598075,1.5923554,1.5490645,1.0848978,1.2730429,1.5606892,1.6537777,1.643321,1.6738583,1.6815449,1.6553655,1.6096479,1.609475,1.5757755,1.5484687,1.5378784,1.5198874,1.5075287,1.535594,1.5279671,1.55004,1.5449077,1.4918822,1.4643934,1.4316587,1.4294411,1.430259,1.441871,1.4360228,1.4408057,1.4421306,1.4518028,1.4464728,1.4608719,1.4264154,1.4314101,1.4182265,1.4209392,1.4279381,1.418282,1.4128728,1.3818532,1.45137,1.4280653,1.4264766,1.3995614,1.4144148,1.4157367,1.3911431,1.4064614,1.4119635,1.417509,1.4255378,1.4255563,1.4037584,1.4088017,1.4113041,1.4352709,1.5506105,1.4152708,1.4414202,1.4637904,1.4359119,1.4391527,1.425905,1.4460411,1.4636288,1.6947882,1.4462359,1.7416635,1.651252,1.6749828,1.4570006,1.4689058,1.8324809,1.4962158,1.513257,1.513257,1.5177777,1.5204514,1.5033404,1.5292358,1.5402848,1.5160519,1.5421361,1.5212525,1.5609006,1.5658159,1.5699854,1.5705163,1.5649498,1.5825785,1.5825213,1.5828041,1.597973,1.6218458,1.6207743,1.6139982,1.621366,1.6260293,1.6387024,1.6283809,1.6272418,1.6341068,1.6351583,1.6356919,1.628606,1.6397095,1.643134,1.6425333,1.645685,1.6808153,1.6382165,1.6460037,1.634725,1.6414922,1.6628139,1.6298085,1.660134,1.5837986,1.5709887,1.7774566,1.7725908,1.7772204,1.7970021,1.8155502,1.8115093,1.8052841,1.8447882,1.8296955,1.8445966,1.8325828,1.8566175,1.8554711,1.8269576,1.8556482,1.8527688,1.8517623,1.852053,1.8336627,1.8463734,1.8542023,1.8599066,1.8531505,1.8652045,1.8622601,1.8430462,1.8334318,1.8311528,1.8387481,1.8052446,1.7964408,1.7871459,1.7757452,1.7825836,1.740633,1.7334499,1.7228826,1.7215756,1.711951,1.7163577,1.7177559,1.7064844,1.696873,1.7027422,1.7088863,1.6795552,1.6677802,1.6577493,1.6291039,1.6708965,1.6616273,1.6071328,1.6183141,1.6099925,1.6426296,1.6003118,1.6058946,1.603592,1.6064653,1.6031458,1.5969515,1.5747498,1.6008779,1.5748979,1.5748829,1.550311,1.5768576,1.5764891,1.5627936,1.5487878,1.5533782,1.5432407,1.5688463,1.5770794,1.5687692,1.5493283,1.5539054,1.556993,1.5442219,1.555827,1.548638,1.5653598,1.5365337,1.5624924,1.5618433,1.5648458,1.5476573,1.5538011,1.5566423,1.5675322,1.5622038,1.5806673,1.5711834,1.5867915,1.5764165,1.5796906,1.5921673,1.5886091,1.5791603,1.5694262,1.5784558,1.593032,1.5849373,1.6034695,1.581935,1.5879327,1.5824647,1.5992414,1.5974833,1.6143568,1.6134145,1.6058452,1.6037807,1.6037985,1.6024755,1.6157454,1.6180738,1.6140611,1.6197227,1.6232724,1.6353207,1.6436381,1.6204067,1.6315259,1.6328305,1.6326306,1.6448449,1.6806792,1.6662731,1.6629332,1.6969812,1.6766937,1.7007133,1.6959184,1.6417787,1.7009002,1.7265756,1.7178664,1.7285153,1.7183479,1.7224338,1.7335396,1.7426654,1.7362913,1.7362058,1.7379066,1.7435576,1.7480879,1.7425158,1.7449561,1.7507045,1.7667207,1.685486,1.7548537,1.749361,1.7578503,1.741396,1.7509699,1.7550241,1.7509488,1.773162,1.756863,1.7446526,1.7614224,1.7411585,1.7445507,1.6894404,1.7695564,1.780386,1.7708902,1.7635479,1.7851477,1.7736882,1.7820594,1.7835028,1.7881589,1.794185,1.7756888,1.7909847,1.8000407,1.8002622,1.8011191,1.7894448,1.811236,1.813868,1.8053514,1.8115938,1.8225776,1.8001406,1.8238293,1.825857,1.8261478,1.853986,1.827936,1.8303694,1.8284609,1.8405741,1.8290102,1.8626125,1.8508867,1.8395737,1.8643175,1.8403659,1.8219724,1.8622501,1.8475435,1.8321981,1.8424051,1.8622658,1.8101726,1.830994,1.861783,1.8603444,1.8456988,1.839502,1.8588343,1.8607261,1.8465003,1.8221855,1.8445637,1.8326894,1.8395458,1.8464291,1.8294518,1.8622781,1.8552223,1.8584884,1.8623976,1.8445494,1.8547145,1.8242617,1.8174876,1.829094,1.8449875,1.8504937,1.851455,1.8378453,1.8552661,1.8608166,1.8425939,1.8494412,1.8464354,1.8258603,1.8342683,1.8296692,1.8380545,1.8319511,1.845542,1.8689998,1.8430059,1.858825,1.8508601,1.8671325,1.8677256,1.8617651,1.8563365,1.862916,1.8737073,1.8721708,1.8728358,1.8810047,1.8903048,1.8828808,1.8877399,1.8940653,1.8930064,1.8928341,1.9004028,1.8906664,1.9012792,1.8976941,1.8937198,1.8989711,1.8961604,1.898717,1.9005738,1.9000973,1.9010943,1.8995758,1.8895708,1.8983371,1.8968168,1.9029226,1.8918006,1.9007312,1.9049356,1.9143332,1.8989938,1.9025484,1.904032,1.8978258,1.8993359,1.906984,1.8985231,1.9121218,1.8946283,1.905091,1.9003721,1.9117653,1.9009446
2.995433,3.0105665,2.9867065,2.9852057,3.013623,3.0009825,2.9967132,2.983073,2.981439,2.977026,2.9656875,2.9808671,2.9650123,2.983893,2.9697258,2.9747558,2.972529,2.9669945,2.9806006,2.9638247,2.9544234,2.9692364,2.945871,2.9513578,2.9657524,2.9507987,2.948065,2.9495122,2.9420674,2.9446523,2.9403076,2.9431157,2.9431174,2.9439623,2.9373448,2.9422078,2.9403481,2.9577174,2.9410615,2.943567,2.9465334,2.9319437,2.9538696,2.9447687,2.928835,2.9295158,2.9199777,2.9217422,2.9316235,2.9138672,2.9288003,2.923645,2.9228892,2.9103305,2.9015033,2.877111,2.8681524,2.8497834,2.810681,2.8017998,2.7892964,2.7871237,2.7841911,2.7690594,2.7361205,2.737524,2.7023273,2.7004595,2.697132,2.6753635,2.6752417,2.674192,2.6576898,2.6626832,2.6598828,2.6583636,2.659606,2.6480703,2.6273985,2.6250122,2.6386914,2.6338978,2.636016,2.6357324,2.6263015,2.621834,2.6263533,2.625045,2.6494513,2.640728,2.636083,2.6364112,2.6483202,2.6676114,2.6515439,2.6609473,2.6610742,2.6692765,2.6804795,2.6621094,2.6806133,2.6811757,2.6989486,2.7023735,2.7219083,2.7244465,2.7373307,2.752,2.7586203,2.7812734,2.7889643,2.7876303,2.806049,2.821061,2.8650637,2.8484848,2.8704274,2.881349,2.8806422,2.8726256,2.884032,2.8776042,2.894764,2.9009526,2.907587,2.902047,2.899743,2.9117026,2.9093618,2.912137,2.9114237,2.9008179,2.901662,2.8823605,2.8966155,2.874255,2.8742568,2.8742647,2.874884,2.8832097,2.8741963,2.8743389,2.880507,2.8631134,2.8714561,2.8842752,2.8753195,2.878865,2.8649037,2.8726354,2.8681877,2.8649383,2.8716304,2.8814633,2.8888679,2.8984246,2.9007244,2.8935473,2.906447,2.8962457,2.8832867,2.919648,2.8947964,2.9180818,2.9157214,2.9268415,2.9294991,2.930254,2.9648886,2.962749,2.9795606,2.9730787,2.9557645,2.9946947,3.0342062,2.9900844,3.0078855,3.0214877,3.0594006,3.078938,3.0558147,3.0721729,3.0802042,3.091769,3.088649,3.1044083,3.1087985,3.1018088,3.120836,3.116277,3.1271448,3.1411912,3.1450937,3.1508117,3.1601582,3.1462426,3.1916645,3.1981719,3.2080913,3.1949353,3.1917217,3.202379,3.2176573,3.2426775,3.2375786,3.2309043,3.24105,3.2459095,3.238942,3.240677,3.2360656,3.258682,3.2432783,3.2319543,3.2589247,3.2450063,3.2571814,3.2500184,3.2562013,3.2632177,3.2668524,3.2618558,3.2536883,3.282701,3.2585573,3.2583325,3.2572472,3.2587361,3.2277188,3.236343,3.23108,3.23391,3.2239733,3.2321563,3.2294924,3.2273142,3.2307243,3.2465765,3.2467105,3.2451284,3.2302225,3.2199438,3.239565,3.2124002,3.2538006,3.2220607,3.2367435,3.2348,3.2357519,3.2360482,3.2143137,3.2337933,3.2452023,3.2183228,3.2280078,3.2257206,3.2671971,3.2491834,3.2549834,3.240087,3.249582,3.2581422,3.2512286,3.2548418,3.2495263,3.249817,3.2601044,3.2680418,3.2553885,3.2735882,3.2585566,3.2597456,3.2675529,3.2747126,3.2735221,3.2535324,3.2804074,3.2732184,3.267312,3.2796724,3.2769148,3.268768,3.271055,3.2773542,3.2810533,3.278831,3.2943802,3.279988,3.2866464,3.284099,3.292202,3.286594,3.275309,3.2902627,3.28901,3.2946124,3.310716,3.3174777,3.302739,3.3120275,3.3011193,3.3080702,3.3122172,3.309947,3.3086233,3.3062816,3.3071344,3.2919834,3.3135097,3.3116689,3.3020859,3.2997346,3.3113642,3.3064322,3.2969887,3.2945175,3.2815158,3.2990623,3.2934637,3.2891934,3.2899275,3.2745447,3.2925518,3.2671323,3.3033178,3.2839112,3.2874844,3.3031592,3.2714193,3.2754128,3.2831085,3.2756636,3.2722034,3.271777,3.2802405,3.2751987,3.2912464,3.2875094,3.2950385,3.2860742,3.2923174,3.288711,3.2774127,3.2943149,3.2914178,3.2963412,3.285138,3.2831411,3.2840238,3.2931583,3.288966,3.283686,3.2917364,3.2827072,3.2986746,3.2854412,3.291148,3.2925825,3.3091729,3.29566,3.3147945,3.3355277,,,,,,,,,,,,,,,,,,,,,,,,,,,,,,,,,,,,,,,,,,,,,,,,,,,,,,,,,,,,,,,,,,,,,,,,,,,,,,,,,,,,,,,,,,,,,,,,,,,,,,,,,,,,,,,,,,,,,,,,,,,,,,,,,,,,,,,,,,,,,,,,,,,,,,,,,,,,,,,,,,,,,,,,,,,,,,,,,,,,,,,,,,,,,,,,,,,,,,,,,,,,,,,,,,,,,,,,,,,,,,,,,,,,,,,,,,,,,,,,,,,,,,,,
3.0300195,3.0060127,3.0105672,3.0051312,2.9994094,3.0038393,3.0023155,2.9996161,2.9892378,2.9760447,2.9719305,2.988948,2.9610426,2.9962733,2.9823003,2.9675584,2.962203,2.9698143,2.9693072,2.9553604,2.96271,2.9650385,2.9764774,2.9661105,2.948559,2.9689076,2.9723458,2.9717433,2.964562,2.9621887,2.950535,2.955608,2.9645503,2.9630609,2.9758592,2.9650116,2.9595494,2.9696434,2.983431,2.969822,2.97231,2.9863517,2.981187,2.977301,2.9946768,2.9861975,3.0040836,3.001172,3.028922,3.004127,3.03294,3.0240593,3.0130396,3.008661,3.0081053,3.004518,3.0146701,2.9659572,2.976914,2.9634855,2.9507718,2.92638,2.9278476,2.904821,2.9088478,2.8840218,2.8825095,2.8335745,2.8205118,2.8354688,2.8304045,2.787355,2.7792346,2.7732217,2.755928,2.753166,2.7452118,2.7334023,2.7348518,2.748395,2.6930256,2.6822686,2.7112439,2.6939893,2.6788993,2.6743455,2.6803432,2.6836991,2.662871,2.6836503,2.667092,2.669472,2.6660075,2.6721582,2.6616588,2.6657784,2.6781657,2.6693459,2.6982994,2.6979804,2.7182002,2.707653,2.7082894,2.700034,2.7309344,2.7222962,2.724844,2.740434,2.7433038,2.7555368,2.7531075,2.7539592,2.7655592,2.7715292,2.7568645,2.7997742,2.7905433,2.8398204,2.824688,2.846346,2.8442576,2.8720062,2.8606822,2.8587606,2.8634167,2.8744922,2.8691926,2.8546095,2.8531249,2.8511503,2.8576252,2.872193,2.8543365,2.848418,2.825846,2.8317273,2.8391874,2.8317451,2.8234582,2.801746,2.812862,2.8037195,2.8132105,2.7895622,2.7922356,2.799228,2.7836118,2.7867067,2.7994175,2.7754002,2.7606688,2.8003976,2.7755005,2.8089104,2.8014581,2.8130896,2.7831345,2.8035426,2.7996318,2.8219118,2.8100314,2.8244693,2.8326998,2.8232853,2.853724,2.8118818,2.8546636,2.8546307,2.8525202,2.8421886,2.8673117,2.868878,2.8579326,2.8937101,2.872169,2.9234066,2.9088569,2.8846552,2.9420226,2.9410307,2.9460266,2.964379,2.949486,2.948454,2.9559553,2.9551797,2.9507518,2.9687524,2.9916165,2.9618964,2.97192,2.9586453,2.954531,2.9573982,2.9880893,2.9573064,2.9593349,2.9844806,2.977485,2.9802318,2.9869523,2.9845262,2.9842439,2.9826846,2.9839585,2.981933,2.9898586,3.0029225,3.0092936,3.0047886,3.0014112,3.0204406,3.0205104,3.018742,3.015934,3.0082693,3.029903,3.015033,3.0306706,3.0179942,3.0335057,3.055476,3.0222988,3.0387764,3.0333629,3.053234,3.044521,3.074586,3.0525923,3.0551748,3.0792542,3.083911,3.0733733,3.1033933,3.0972419,3.103878,3.1078422,3.1144419,3.1181295,3.111933,3.1334686,3.1193442,3.0961452,3.1329908,3.1189768,3.1194582,3.1189303,3.1449273,3.1263905,3.126508,3.1313627,3.1492178,3.145677,3.1368575,3.1528027,3.142254,3.1567318,3.1334944,3.1572084,3.1398215,3.143329,3.15855,3.1507552,3.143391,3.157886,3.1427355,3.1750822,3.1367586,3.1568775,3.1714413,3.1650536,3.1526427,3.1746595,3.165114,3.1728003,3.1711354,3.199405,3.1515806,3.1819925,3.1986773,3.1972327,3.203433,3.179907,3.195426,3.2332954,3.1993082,3.217469,3.2362976,3.2409027,3.2247784,3.2459807,3.2445195,3.248282,3.226316,3.24269,3.2288125,3.248565,3.2484179,3.2557569,3.2503324,3.2410257,3.280221,3.2454567,3.2532485,3.2734714,3.2609358,3.2448518,3.2517157,3.243935,3.2758653,3.248433,3.2671545,3.2697113,3.289422,3.2776325,3.2792504,3.2844605,3.3014538,3.287921,3.2727795,3.2927797,3.3101842,3.278138,3.2872782,3.3061001,3.297688,3.28919,3.2846904,3.2919884,3.3189785,3.318993,3.3173132,3.3172624,3.3088255,3.3102677,3.2994292,3.3202531,3.3078556,3.2967064,3.309323,3.2980971,3.3140001,3.2960029,3.3037837,3.3166873,3.320592,3.3396816,3.309441,3.3224418,3.3073719,3.3251727,3.3456852,3.3150082,3.3458607,3.3449838,3.3313296,3.334232,3.3386486,3.3429623,3.3334417,3.3291268,3.3515244,3.338606,3.3466113,3.326926,3.3512547,3.3528297,3.3329654,3.3506482,3.3510287,3.3509402,3.34495,3.350376,3.3504894,3.3500416,3.3591256,3.3476474,3.349634,3.3567529,3.354929,3.3595107,3.3478615,3.347879,3.3567476,,,,,,,,,,,,,,,,,,,,,,,,,,,,,,,,,,,,,,,,,,,,,,,,,,,,,,,,,,,,,,,,,,,,,,,,,,,,,,,,,,,,,,,,,,,,,,,,,,,,,,,,,,,,,,,,,,,,,,,,,,,,,,,,,,,,,,,,,,,,,,,,,,,,,,,,,,,,,,,,,,,,,,,,,,,,,,,,,,,,,,,,,,,,,,,,,,,,,,,,,,,,,,,,,,,,,,,,,,,,,,,,,,
2.9420316,2.9313712,2.9305284,2.9282043,2.9223788,2.9027338,2.906171,2.914349,2.9228902,2.9091547,2.9009497,2.9016063,2.8978462,2.9097035,2.9073386,2.8993304,2.917647,2.9079716,2.922942,2.9121037,2.9190023,2.9183035,2.8997738,2.9059284,2.9051383,2.8995292,2.9106865,2.9162793,2.9003572,2.9131095,2.9161155,2.9141905,2.9108906,2.9177375,2.9223635,2.953206,2.952478,2.9701626,2.9598804,2.9791756,2.975288,2.991165,2.9642568,2.9796152,2.986204,2.9990904,2.9852602,3.0122316,3.001503,3.0053537,3.0379107,3.0372078,3.0453117,3.03196,3.037243,3.0427532,3.0326233,2.9897497,2.9847324,2.987135,2.9718945,2.9540632,2.9033778,2.9056644,2.9000545,2.8962448,2.8855116,2.8824272,2.8577,2.8735895,2.8471184,2.8498912,2.8314404,2.8240166,2.7978768,2.8034754,2.75823,2.751659,2.7443342,2.7267625,2.7196028,2.7110088,2.7054923,2.7172651,2.7067213,2.683404,2.6918824,2.6906695,2.6853006,2.7026262,2.6881754,2.6876707,2.6914024,2.6994808,2.6940515,2.7064428,2.7064238,2.7111688,2.7115588,2.7175267,2.7126591,2.7332838,2.7306452,2.745915,2.7639177,2.781949,2.7899303,2.7998028,2.8231754,2.8302898,2.83728,2.8375845,2.8367987,2.8588116,2.8399115,2.866943,2.87572,2.8795588,2.8846207,2.902799,2.8931372,2.9036036,2.9027169,2.914715,2.9102237,2.9132755,2.9068098,2.9114728,2.9166603,2.9133103,2.915023,2.8982995,2.89468,2.8665922,2.8538272,2.8785279,2.8432646,2.8377752,2.8472981,2.8534245,2.8334274,2.848081,2.8384442,2.8553464,2.8481827,2.8368042,2.8105953,2.8275223,2.8222919,2.828522,2.8493624,2.8462107,2.8340318,2.8532534,2.8369255,2.8511767,2.8646371,2.860801,2.9035122,2.885176,2.8904035,2.9024992,2.9077404,2.9179356,2.9279501,2.9172888,2.9363658,2.9467306,2.9617321,2.9722216,2.974989,2.9573507,2.977507,2.9788263,2.9812596,2.9942453,3.0121627,3.0112085,3.0081708,3.0394804,3.0360994,3.0545099,3.0670743,3.087878,3.0831308,3.1350935,3.1049106,3.1258986,3.1231484,3.1221433,3.1197248,3.1455915,3.156132,3.143428,3.1489675,3.153069,3.1554108,3.156952,3.1581006,3.1711261,3.156554,3.1894958,3.1869223,3.1855364,3.1910093,3.2086284,3.206675,3.187304,3.2044632,3.2140312,3.2334611,3.2166214,3.239459,3.232643,3.2498894,3.2348933,3.2615051,3.2482088,3.2465305,3.260385,3.2620769,3.2531114,3.2885761,3.2642403,3.2914057,3.2586663,3.258896,3.2910676,3.2865603,3.2960842,3.303105,3.3007421,3.2938547,3.2877645,3.2995021,3.3060684,3.3325677,3.3355517,3.3278332,3.3330216,3.3308892,3.3394191,3.3376935,3.336749,3.34158,3.3386743,3.3368652,3.3390303,3.3449557,3.3414745,3.3398175,3.371237,3.3570967,3.3476114,3.358329,3.3446984,3.3423572,3.3651016,3.3693955,3.3527832,3.3607502,3.3656633,3.3759415,3.3698962,3.363863,3.3744533,3.3733466,3.3820415,3.3845222,3.400142,3.415057,3.382918,3.4255738,3.4021063,3.3751347,3.4105103,3.4255881,3.410387,3.3971734,3.420979,3.4181528,3.4332418,3.412826,3.4317756,3.4238179,3.3952117,3.410418,3.394647,3.3927171,3.4016223,3.3976321,3.4199295,3.39409,3.3994856,3.3975523,3.3998353,3.3972628,3.4026465,3.3958774,3.4060972,3.3975713,3.394091,3.4074569,3.3975294,3.3966687,3.3950143,3.3939369,3.3947718,3.3947752,3.410388,3.3929377,3.3925447,3.3900225,3.3944352,3.3947942,3.3948014,3.3902924,3.400368,3.3911667,3.3949893,3.3996856,3.402132,3.4088974,3.4229167,3.4123254,3.4153686,3.4209492,3.4141257,3.4308472,3.4163659,3.4080203,3.4138663,3.4252307,3.412991,3.4130385,3.4162912,3.4211583,3.43985,3.4516215,3.4386544,3.421864,3.4315746,3.4309065,3.46016,3.4419441,3.4503636,3.4401486,3.430701,3.4527526,3.4507887,3.4581258,3.4435747,3.4573681,3.4321356,3.458403,3.4511185,3.4703913,3.4727182,3.462237,3.4581485,3.4637191,3.457636,3.4407372,3.4644535,3.4727948,3.4638453,3.4693432,3.4597945,3.4254034,3.4487104,3.4484491,3.418098,3.4515524,,,,,,,,,,,,,,,,,,,,,,,,,,,,,,,,,,,,,,,,,,,,,,,,,,,,,,,,,,,,,,,,,,,,,,,,,,,,,,,,,,,,,,,,,,,,,,,,,,,,,,,,,,,,,,,,,,,,,,,,,,,,,,,,,,,,,,,,,,,,,,,,,,,,,,,,,,,,,,,,,,,,,,,,,,,,,,,,,,,,,,,,,,,,,,,,,,,,,,,,,,,,,,,,,,,,,,,,,,,,,,,,,,,,,,,,,,,,,
1.3857714,1.3776722,1.3971015,1.3961784,1.3893052,1.3891203,1.3893344,1.3894302,1.3956507,1.3960593,1.4011164,1.3915232,1.3892064,1.3890163,1.3955976,1.3928692,1.395547,1.3959638,1.4029784,1.4238864,1.3959497,1.4045333,1.4047254,1.4131857,1.4047475,1.4048213,1.4077327,1.4131004,1.4077682,1.4343244,1.4235727,1.4271235,1.4107007,1.4234095,1.4355197,1.4327327,1.4238378,1.4369361,1.455458,1.43181,1.4455388,1.4564551,1.4430145,1.4467602,1.4401917,1.4546686,1.4529113,1.469179,1.4603677,1.4634314,1.454761,1.4523325,1.454566,1.4789166,1.4605054,1.4609516,1.4389775,1.4275701,1.4289439,1.4471685,1.4063293,1.4105842,1.4224069,1.4261982,1.394516,1.3977903,1.3917029,1.3785822,1.3940625,1.3770502,1.3781285,1.3603704,1.3690516,1.3606921,1.3879912,1.3598886,1.369919,1.3472347,1.3437526,1.362055,1.3363905,1.3561714,1.355683,1.3750068,1.3747895,1.3859293,1.3810617,1.3809079,1.3908855,1.3769536,1.3876781,1.3979075,1.4062045,1.4063413,1.4151566,1.4117485,1.4057187,1.4016503,1.4045243,1.4344295,1.4357501,1.4215902,1.424119,1.4455596,1.4271523,1.4392594,1.4527118,1.4654175,1.4476687,1.4603407,1.4826237,1.486162,1.4839509,1.4831651,1.4842192,1.4842192,1.4853797,1.4837499,1.4915478,1.4827319,1.4839364,1.483314,1.475935,1.4848711,1.4824126,1.4840791,1.4710487,1.4719766,1.4664947,1.4632299,1.4587731,1.4383854,1.4447155,1.4464028,1.4506028,1.4505258,1.4236662,1.4429535,1.4334242,1.4352938,1.4404721,1.4231534,1.4323235,1.4332322,1.4399548,1.4425213,1.4135963,1.4301385,1.436731,1.4502996,1.4276338,1.43825,1.4447925,1.4321357,1.4290942,1.4461677,1.4387265,1.4382021,1.43008,1.4404263,1.4451394,1.4520717,1.4378659,1.423272,1.4307436,1.447199,1.428318,1.4370079,1.4296985,1.4507184,1.4488162,1.4397569,1.4408977,1.4384505,1.450045,1.4524685,1.4524503,1.4281495,1.4501611,1.440323,1.4554799,1.4307883,1.4255415,1.4268267,1.4004104,1.4222826,1.4270979,1.4234031,1.404427,1.4147371,1.409385,1.4957758,1.534147,1.3679835,1.4188516,1.3877032,1.4266671,1.3793285,1.3527784,1.4117601,1.4013228,1.3922678,1.4032918,1.3932923,1.3994703,1.3979772,1.4024788,1.398056,1.3935715,1.4018242,1.4092693,1.392838,1.3977848,1.3982685,1.3941262,1.4003346,1.4059068,1.4004722,1.3996996,1.3924035,1.401887,1.4033713,1.3946617,1.3971621,1.403373,1.4168934,1.4110543,1.4067708,1.3999826,1.407807,1.3924097,1.4047548,1.4047548,1.4000078,1.4112164,1.3940915,1.4081185,1.4046311,1.4125282,1.4046184,1.4047333,1.4068075,1.3956095,1.3951877,1.4073402,1.3902477,1.4115121,1.3840966,1.3943268,1.3943415,1.3847607,1.3959008,1.3899134,1.3968831,1.3953859,1.4167048,1.3810116,1.3956623,1.3819656,1.3803827,1.3647099,1.3786172,1.3816617,1.3641347,1.3815808,1.3620338,1.3551954,1.3542697,1.3748808,1.3623499,1.3577132,1.3601933,1.3525053,1.3813987,1.3469679,1.3563069,1.3406943,1.3450806,1.3624692,1.3604578,1.3604578,1.3472471,1.3475168,1.3456095,1.3603085,1.3593031,1.3590045,1.3580296,1.3528925,1.3367546,1.3545763,1.3584223,1.35811,1.3368238,1.349609,1.3459511,1.3704748,1.377991,1.3687631,1.3497012,1.3503443,1.3444837,1.3607051,1.3442917,1.3706346,1.3576584,1.3818165,1.3491578,1.3774555,1.3673075,1.3668166,1.3829406,1.3678994,1.3872136,1.3742062,1.3670993,1.38293,1.3885096,1.3852344,1.3714899,1.3719428,1.3860934,1.3828123,1.3844813,1.3634592,1.3769169,1.3821903,1.3821903,1.3828996,1.3895197,1.3860863,1.3556216,1.3810121,1.3819588,1.3757662,1.3890052,1.3848382,1.3835151,1.3767565,1.3788911,1.3907809,,,,,,,,,,,,,,,,,,,,,,,,,,,,,,,,,,,,,,,,,,,,,,,,,,,,,,,,,,,,,,,,,,,,,,,,,,,,,,,,,,,,,,,,,,,,,,,,,,,,,,,,,,,,,,,,,,,,,,,,,,,,,,,,,,,,,,,,,,,,,,,,,,,,,,,,,,,,,,,,,,,,,,,,,,,,,,,,,,,,,,,,,,,,,,,,,,,,,,,,,,,,,,,,,,,,,,,,,,,,,,,,,,,,,,,,,,,,,,,,,,,,,,,,,,,,,,,,,,,,,,,,,,,,,
2.6243858,2.6287985,2.6303568,2.6380892,2.604122,2.628303,2.6338298,2.6298327,2.6255636,2.6299477,2.636059,2.6275387,2.6497288,2.6461508,2.6422153,2.668094,2.6537879,2.6646554,2.6683857,2.671764,2.6816714,2.686513,2.6825826,2.6886034,2.716784,2.7118957,2.7023938,2.735972,2.734288,2.7377865,2.7457323,2.7233505,2.7508097,2.7474644,2.7525163,2.7556639,2.7487159,2.7556908,2.772244,2.7963564,2.7582846,2.7610092,2.773696,2.7697952,2.7994852,2.7972038,2.807988,2.805236,2.7962215,2.7897193,2.7952936,2.7595725,2.7352715,2.7245674,2.7262025,2.6967876,2.6751328,2.6657813,2.6524475,2.64742,2.6127722,2.5904207,2.565867,2.5461676,2.5335267,2.5219846,2.5098593,2.5047693,2.4915,2.4696047,2.4474056,2.4362686,2.396825,2.3924584,2.3715858,2.3726861,2.3554013,2.356882,2.3528352,2.3402414,2.3381202,2.3434844,2.3444216,2.3379095,2.3230476,2.322408,2.3401098,2.3340275,2.3100815,2.2910786,2.3281915,2.3225987,2.3174856,2.3171587,2.2977705,2.3060615,2.31412,2.3157356,2.3292658,2.3096259,2.3167894,2.3169785,2.3439052,2.3484871,2.3411672,2.3472478,2.3560832,2.353682,2.3421886,2.367422,2.3677428,2.3561342,2.3908727,2.3888152,2.3858228,2.3876953,2.3939896,2.4075427,2.4289079,2.437823,2.4538825,2.4506283,2.454613,2.461573,2.4483416,2.4538455,2.466003,2.4613576,2.4678986,2.4489918,2.4328458,2.4279163,2.415541,2.4136214,2.3997178,2.40249,2.418493,2.3892343,2.3846805,2.3869083,2.391079,2.3852942,2.3955674,2.3886352,2.3795433,2.3924649,2.3834286,2.3913305,2.3808274,2.3997214,2.3911827,2.3865626,2.394389,2.3890104,2.395449,2.3980947,2.4387076,2.426716,2.434042,2.4588304,2.4637866,2.4688027,2.4866202,2.492247,2.4459329,2.455748,2.4594717,2.4796824,2.4924057,2.492636,2.4954429,2.5061185,2.5136998,2.53628,2.5334368,2.5365498,2.5224593,2.5512261,2.557624,2.554393,2.555443,2.5858424,2.5712805,2.5934148,2.5869093,2.5836468,2.592061,2.6100166,2.613631,2.6028967,2.6124296,2.6043463,2.61473,2.5981064,2.610348,2.6544526,2.4306169,2.3931384,2.533835,2.4742162,2.5765855,2.6768715,2.685871,2.6792245,2.6979299,2.6811457,2.7204285,2.744582,2.7415106,2.736316,2.7293174,2.7413993,2.7514377,2.7406685,2.7508042,2.7476513,2.748603,2.7535295,2.756012,2.7491755,2.7575417,2.7672584,2.76609,2.7578006,2.771328,2.7632267,2.7674944,2.7878404,2.7702093,2.7814693,2.7886906,2.7781415,2.7872527,2.7888734,2.808408,2.79264,2.7987108,2.8289168,2.8164206,2.8101375,2.8157408,2.8264875,2.7953184,2.8263092,2.8270516,2.8310256,2.8368263,2.83191,2.8357835,2.8321197,2.82953,2.824519,2.8365288,2.8352048,2.8282113,2.833444,2.8334663,2.8364565,2.8292322,2.8266628,2.82489,2.819897,2.8275158,2.7992628,2.7923858,2.7916372,2.7996683,2.7807307,2.7724326,2.76962,2.7679117,2.7521453,2.7434847,2.7470765,2.738623,2.7502208,2.7344108,2.7222466,2.7248695,2.7249653,2.7079048,2.7106128,2.7055945,2.7092285,2.7090747,2.6954908,2.7073457,2.6934662,2.6846676,2.6874409,2.6868112,2.6626601,2.6589694,2.6630838,2.6800046,2.6569345,2.6684892,2.6547654,2.65078,2.6597013,2.6577275,2.6548195,2.679596,2.661238,2.6659207,2.6668644,2.6665626,2.6627038,2.664156,2.6660814,2.6538732,2.6584668,2.668008,2.6666725,2.6673498,2.6643662,2.672942,2.6983533,2.6763492,2.6807625,2.674565,2.671925,2.6710823,2.66963,2.6808658,2.6723452,2.7106948,2.6617947,2.6870093,2.7000737,2.6761363,2.6933732,2.7003374,2.7073226,2.7011871,2.7196352,2.7309766,2.7376313,2.7133467,2.7501774,,,,,,,,,,,,,,,,,,,,,,,,,,,,,,,,,,,,,,,,,,,,,,,,,,,,,,,,,,,,,,,,,,,,,,,,,,,,,,,,,,,,,,,,,,,,,,,,,,,,,,,,,,,,,,,,,,,,,,,,,,,,,,,,,,,,,,,,,,,,,,,,,,,,,,,,,,,,,,,,,,,,,,,,,,,,,,,,,,,,,,,,,,,,,,,,,,,,,,,,,,,,,,,,,,,,,,,,,,,,,,,,,,,,,,,,,,,,,,,,,,,,,,,,,,,,,,,,,,,,,,,,,,,,,,
2.6850374,2.6863468,2.6699128,2.6801946,2.6648858,2.6651254,2.6674333,2.6653883,2.6449513,2.648345,2.6387928,2.642584,2.642526,2.638897,2.6192842,2.6139724,2.6131148,2.634531,2.6311293,2.6016653,2.592886,2.602172,2.5806317,2.563791,2.601886,2.574831,2.5696023,2.5505145,2.5649772,2.5661743,2.5563886,2.5544472,2.5537407,2.5515587,2.5441823,2.5460467,2.5626857,2.5410328,2.5542464,2.5465856,2.5647597,2.5616398,2.5418248,2.5532403,2.5552487,2.5729537,2.571054,2.5633101,2.5590003,2.5750048,2.5723274,2.5635774,2.592328,2.5757582,2.5605395,2.5571868,2.5584126,2.5140786,2.5026577,2.4893074,2.4793491,2.4656157,2.472597,2.4583614,2.4574594,2.4380815,2.4368079,2.4291275,2.393988,2.3866987,2.3428607,2.3152428,2.2984452,2.2873313,2.281444,2.2559664,2.2573864,2.2606227,2.2459786,2.2509403,2.241056,2.2338233,2.2368886,2.23083,2.2163758,2.229749,2.2180307,2.205717,2.211956,2.224837,2.202895,2.2144258,2.2117894,2.1976547,2.211694,2.2224362,2.2045574,2.208553,2.2150517,2.2271614,2.2174015,2.2325282,2.2353342,2.2170231,2.2337081,2.2409716,2.241866,2.249896,2.2460096,2.247733,2.2499957,2.2616796,2.2770774,2.293031,2.2961996,2.3130195,2.3231144,2.3070872,2.3341563,2.379244,2.3710957,2.391802,2.4011843,2.4176393,2.4129283,2.4147716,2.4023314,2.410976,2.4213927,2.4261725,2.4412754,2.428692,2.4449778,2.438891,2.435954,2.4429505,2.4457905,2.430082,2.443271,2.4467878,2.4391606,2.4502976,2.4384575,2.437002,2.4480276,2.4386284,2.4129512,2.4140754,2.3948014,2.3900375,2.3857338,2.386355,2.388651,2.3905528,2.3852205,2.378476,2.4058213,2.380762,2.3913925,2.3903854,2.3922386,2.3871324,2.3840222,2.415989,2.3901122,2.3987632,2.4234385,2.416457,2.416111,2.4268303,2.4268591,2.425364,2.4345624,2.4426892,2.4373212,2.4382384,2.4540505,2.4502122,2.4672623,2.4692962,2.4818687,2.4798203,2.4793637,2.4901824,2.4984846,2.474925,2.497662,2.5133026,2.5104938,2.511719,2.5181463,2.5211618,2.524255,2.5214176,2.5309296,2.5367665,2.5408487,2.5616605,2.5510008,2.5414038,2.5495515,2.5960197,2.5923953,2.5832267,2.581939,2.5899105,2.5852773,2.6027222,2.6121693,2.5863569,2.597854,2.6229315,2.610903,2.6088061,2.6088147,2.6289876,2.6113436,2.6171155,2.6313546,2.6211112,2.6455057,2.6389356,2.6463041,2.6460993,2.6459718,2.6499276,2.6564262,2.6588874,2.6658013,2.6723545,2.6662266,2.6641772,2.66663,2.6993904,2.7086072,2.6852942,2.6910727,2.7315469,2.7346718,2.7309852,2.7211928,2.7388406,2.7346694,2.7149024,2.74033,2.753585,2.737812,2.743008,2.7478514,2.7646089,2.7884035,2.766633,2.7743564,2.7687104,2.7859294,2.7821732,2.765263,2.7854667,2.7894952,2.7971013,2.795821,2.802823,2.7940104,2.8034286,2.8017895,2.798942,2.7961304,2.7958124,2.8030922,2.7913077,2.786654,2.8182275,2.79799,2.8059964,2.8031428,2.8041592,2.8073351,2.8400679,2.8316283,2.8150785,2.8113263,2.8043113,2.8194475,2.8049731,2.8150659,2.8036437,2.8126886,2.8239481,2.813495,2.8083105,2.8066392,2.8249593,2.825671,2.8195689,2.8147907,2.8174465,2.8232822,2.8219497,2.8200886,2.8339455,2.821828,2.8271725,2.825968,2.814467,2.8162093,2.8166833,2.8093426,2.812886,2.7845354,2.8022628,2.639343,2.7437685,2.8009691,2.8018749,2.7959137,2.7824476,2.8059392,2.8208704,2.7884808,2.7982044,2.8002143,2.8013172,2.8100095,2.812262,2.808697,2.797771,2.807354,2.8010101,2.8090618,2.7907264,2.8048437,2.7947135,2.7995343,2.8049953,2.7985518,2.7985988,2.7998908,2.7943609,2.7984283,2.7958996,2.807216,2.7946663,2.8145165,2.7985806,2.8042262,2.8018696,2.8121395,2.811017,2.8096645,2.801992,2.8105283,2.8108275,,,,,,,,,,,,,,,,,,,,,,,,,,,,,,,,,,,,,,,,,,,,,,,,,,,,,,,,,,,,,,,,,,,,,,,,,,,,,,,,,,,,,,,,,,,,,,,,,,,,,,,,,,,,,,,,,,,,,,,,,,,,,,,,,,,,,,,,,,,,,,,,,,,,,,,,,,,,,,,,,,,,,,,,,,,,,,,,,,,,,,,,,,,,,,,,,,,,,,,,,,,,,,,,,,,,,,,,,,,,,,,,,,,,,,,,,,,,,,,,,,,,,,,,,,,,,,,,,,
1.8815608,1.873934,1.8911194,1.8777605,1.8969634,1.9010148,1.8865883,1.9085189,1.8964539,1.9027123,1.9139717,1.9258385,1.919242,1.9158791,1.9129525,1.9469,1.9585601,1.9309736,1.9412156,1.9590617,1.9607098,1.9605772,1.9527788,1.9919235,1.9909536,1.9859003,1.9894301,2.0111067,2.0012987,2.0200765,2.0170763,2.0025077,2.0088797,2.020913,2.0428436,2.0062273,2.003709,2.0352874,2.035526,2.0360959,2.0408628,2.027681,2.044293,2.0500195,2.0593936,2.0540364,2.0466154,2.0419989,2.0404358,2.0316684,2.0341833,2.020396,2.0114381,2.0020678,1.9895049,1.9916387,1.9796561,1.9675976,1.9406859,1.9374504,1.9276173,1.8988405,1.8801094,1.8666537,1.8749037,1.8704051,1.8540514,1.8430092,1.8363814,1.8366544,1.834472,1.827381,1.8160894,1.806267,1.7725623,1.7624632,1.7625928,1.762469,1.7606635,1.7674665,1.7631271,1.7660104,1.7586399,1.7589735,1.7570071,1.7706733,1.7593907,1.7670497,1.7615986,1.768071,1.7531742,1.7686051,1.754545,1.7657627,1.7602506,1.7497028,1.764327,1.7791964,1.76286,1.7899984,1.781176,1.8038166,1.7794738,1.8214257,1.8391902,1.8346721,1.8288138,1.8130138,1.8329575,1.8596057,1.844651,1.8676208,1.860349,1.8583564,1.8517627,1.8634833,1.8591702,1.846805,1.8637931,1.8659391,1.8751247,1.869173,1.8637354,1.8676236,1.8559998,1.8532975,1.8711721,1.8716959,1.8695112,1.872816,1.863136,1.8690218,1.8676006,1.8752869,1.8714452,1.8639698,1.8790735,1.86455,1.8664384,1.8791199,1.882383,1.8691372,1.8871835,1.8922884,1.8885492,1.9103701,1.8919452,1.9140437,1.9274105,1.929227,1.9281627,1.9394511,1.928827,1.9308327,1.9475946,1.9589581,1.9762359,1.9913287,1.9752725,1.9797283,1.9741838,1.987658,2.0085838,2.0030868,1.9973593,2.021633,2.0131457,1.9997523,2.023428,2.0223234,2.0227292,2.0503104,2.0398924,2.0496743,2.0443573,2.0455134,2.0566523,2.0595536,2.0564077,2.0669785,2.0765436,2.076734,2.0751524,2.0802617,2.0960612,2.1068757,2.1130528,2.0856884,2.0896506,2.1142955,2.1336982,2.1261382,2.1270683,2.108058,2.1191232,2.1036994,2.1343563,2.1400714,2.120607,2.1208146,2.1213505,2.1232133,2.1199377,2.1209776,2.1356778,2.1174588,2.1356301,2.1320288,2.1365943,2.1426363,2.125297,2.1559522,2.1331189,2.1658268,2.1460407,2.1544619,2.1460595,2.15717,2.1680124,2.1625817,2.1621294,2.1492577,2.1661067,2.1639247,2.1414316,2.169024,2.1575587,2.1720943,2.1600018,2.1669006,2.1609685,2.170244,2.1613681,2.178873,2.1611037,2.1622446,2.1558335,2.1562295,2.1561437,2.1449533,2.1566103,2.169829,2.1576555,2.174241,2.1681895,2.146823,2.1672595,2.1683235,2.2008169,2.1645126,2.1705074,2.1786075,2.1565814,2.1689954,2.1801631,2.210785,2.177402,2.2036138,2.2229528,2.2068548,2.2095904,2.2294464,2.2008443,2.2202032,2.22356,2.2021039,2.22321,2.2185752,2.2404757,2.229512,2.2375827,2.2235827,2.2293339,2.230087,2.2440372,2.2343657,2.2305214,2.2186897,2.2182746,2.211406,2.2114863,2.208135,2.221377,2.2093806,2.2292867,2.2190833,2.2160623,2.2155,2.2248185,2.2078762,2.2097416,2.212897,2.213127,2.2028074,2.2100422,2.2400696,2.2423847,2.2095556,2.2297478,2.211001,2.211213,2.2121716,2.2199094,2.2105982,2.2351515,2.2088344,2.2080345,2.220699,2.205992,2.2261627,2.184762,2.1855917,2.181756,2.1764312,2.1702151,2.1817162,2.1746995,2.1768389,2.1515083,2.1524,2.1757286,1.9896212,1.9705507,2.1597738,2.2080088,2.3819761,2.1330314,2.109275,2.06016,2.0503933,2.0682333,2.095856,2.0979745,2.080651,2.0601058,2.056846,2.0660596,,,,,,,,,,,,,,,,,,,,,,,,,,,,,,,,,,,,,,,,,,,,,,,,,,,,,,,,,,,,,,,,,,,,,,,,,,,,,,,,,,,,,,,,,,,,,,,,,,,,,,,,,,,,,,,,,,,,,,,,,,,,,,,,,,,,,,,,,,,,,,,,,,,,,,,,,,,,,,,,,,,,,,,,,,,,,,,,,,,,,,,,,,,,,,,,,,,,,,,,,,,,,,,,,,,,,,,,,,,,,,,,,,,,,,,,,,,,,,,,,,,,,,,,,,,,,,,,,,,,,,,,,,,,,,,,,
2.4308662,2.411029,2.3767622,2.3893988,2.3801968,2.391627,2.3765733,2.3889377,2.391856,2.3721273,2.3754427,2.3749416,2.3674467,2.3502104,2.3720722,2.3476899,2.3506327,2.3481143,2.3355646,2.3484387,2.3470242,2.3540375,2.3286028,2.3429737,2.3330035,2.329838,2.3150072,2.3228815,2.322042,2.322815,2.313292,2.3195226,2.3278623,2.3184054,2.3468106,2.319227,2.3376904,2.3150587,2.3408365,2.3233523,2.3304458,2.3276594,2.31551,2.333166,2.3102765,2.3087718,2.313745,2.310757,2.3016138,2.2994518,2.3161922,2.305701,2.2790558,2.295082,2.2867432,2.291814,2.272168,2.2541337,2.2419145,2.2207005,2.2177842,2.1945903,2.190054,2.1805475,2.1744523,2.1730247,2.148017,2.1726532,2.1283054,2.1328819,2.1200206,2.1162472,2.0868824,2.1123383,2.0685515,2.0679636,2.047656,2.0413055,2.0232081,2.027185,2.0199993,1.9969189,2.0131838,2.015328,2.0121496,2.0067422,2.0073435,2.0015583,2.000505,1.9870776,1.9992343,2.0157585,2.0056748,2.0072384,2.0151157,1.9813623,2.015728,2.008684,1.9970263,2.015451,2.018963,2.0150545,2.0109704,2.0116022,2.0197895,2.0337021,2.0393202,2.037452,2.088236,2.0554428,2.0927646,2.1050467,2.1206913,2.1176536,2.1057723,2.1026897,2.1075344,2.1118455,2.1270742,2.1126392,2.1273656,2.148984,2.1640139,2.1441307,2.1707675,2.1765463,2.1666758,2.1936662,2.1676292,2.1924477,2.1576264,2.1666167,2.148999,2.147507,2.160854,2.1469393,2.1615434,2.14295,2.1236024,2.1388314,2.12934,2.1220357,2.1221972,2.12696,2.125906,2.1333854,2.123664,2.1086826,2.1159885,2.1196897,2.1249318,2.1111457,2.1173322,2.1220164,2.12198,2.1218832,2.1318977,2.1270254,2.1207426,2.1244116,2.1187968,2.1308765,2.1486468,2.1485968,2.157771,2.1555958,2.1820273,2.1615925,2.151042,2.188453,2.1877465,2.1971104,2.1972175,2.194261,2.2028031,2.2024574,2.2411282,2.2741413,2.2791753,2.2881598,2.2960513,2.298749,2.2938938,2.2924387,2.308827,2.3123221,2.3374648,2.3350706,2.3262486,2.336653,2.3169956,2.3446481,2.3469005,2.34833,2.3535464,2.355288,2.3686264,2.3459446,2.366846,2.3818405,2.3802593,2.3785942,2.3622332,2.3900166,2.3789253,2.380005,2.3801064,2.3960216,2.3911107,2.4073322,2.377837,2.4185784,2.4250894,2.4195688,2.4222233,2.4346943,2.4254797,2.4413483,2.424719,2.4446445,2.4412146,2.4599583,2.441068,2.4513838,2.4476442,2.4428134,2.446603,2.4332783,2.4538527,2.4470391,2.4510324,2.3823652,2.4196818,2.4132533,2.5876412,2.6628122,2.462137,2.483408,2.4493175,2.4790702,2.4857023,2.480201,2.4653075,2.4754639,2.4893441,2.483772,2.4964807,2.4810653,2.529042,2.516578,2.4851606,2.4769428,2.5403292,2.5126996,2.5191505,2.51255,2.5316043,2.5335433,2.5394418,2.5385504,2.53796,2.5503516,2.5591357,2.554027,2.5465267,2.561513,2.5483963,2.5522695,2.5681388,2.557533,2.5638063,2.5788004,2.5560002,2.5780785,2.5880475,2.5688193,2.5720966,2.586851,2.5870535,2.590876,2.5931752,2.5927184,2.6012297,2.5969903,2.5927742,2.6041398,2.6025088,2.6067672,2.603061,2.5921535,2.6012769,2.5958037,2.599913,2.583849,2.5742397,2.5831013,2.5889447,2.576914,2.5685794,2.5678709,2.547984,2.5483334,2.550303,2.545817,2.5408552,2.5363212,2.5354135,2.5249474,2.531317,2.5143068,2.4716687,2.4715934,2.4618459,2.462844,2.4601684,2.4730816,2.4601886,2.4903128,2.4945683,2.5060036,2.4902675,2.4538245,2.502314,2.4957976,2.4874578,2.478023,2.485022,2.4754121,2.4757571,2.469094,2.46752,2.4810784,2.4715085,2.4507382,2.4906597,2.4743817,2.4868681,2.48524,2.4736907,2.494005,,,,,,,,,,,,,,,,,,,,,,,,,,,,,,,,,,,,,,,,,,,,,,,,,,,,,,,,,,,,,,,,,,,,,,,,,,,,,,,,,,,,,,,,,,,,,,,,,,,,,,,,,,,,,,,,,,,,,,,,,,,,,,,,,,,,,,,,,,,,,,,,,,,,,,,,,,,,,,,,,,,,,,,,,,,,,,,,,,,,,,,,,,,,,,,,,,,,,,,,,,,,,,,,,,,,,,,,,,,,,,,,,,,,,,,,,,,,,,,,,,,,,,,,,,,,,,,,,,,,,,,,,,,,,,
2.330715,2.3447003,2.3431516,2.3404982,2.340631,2.3400385,2.3308887,2.3362193,2.336974,2.3358397,2.3448558,2.3448045,2.3384926,2.3281782,2.3297644,2.3216012,2.3148074,2.3222237,2.3120537,2.336008,2.3106015,2.326019,2.3089263,2.3306623,2.2931867,2.2975864,2.3120856,2.2946765,2.299153,2.2901006,2.3179739,2.2957647,2.2906227,2.2849696,2.284616,2.295052,2.2733057,2.2918336,2.2897239,2.2949688,2.3001673,2.3063977,2.3137941,2.3298018,2.3202515,2.3307405,2.3402598,2.3370135,2.3466082,2.3458729,2.3448162,2.3429198,2.3441586,2.339563,2.34645,2.338355,2.3325856,2.3182707,2.3367877,2.310941,2.28905,2.2861617,2.2615483,2.2625053,2.2227418,2.2147412,2.208193,2.2096953,2.2061536,2.1938806,2.1688185,2.1625133,2.162326,2.154393,2.1399863,2.1545825,2.1227915,2.1344204,2.135845,2.1097975,2.1129632,2.109877,2.1068325,2.1262581,2.1006958,2.0848262,2.1126244,2.1054893,2.1196816,2.1158805,2.1115425,2.1262271,2.1260061,2.1319206,2.1424794,2.1509085,2.167176,2.1479456,2.168263,2.1943042,2.2110183,2.204239,2.2110724,2.2126799,2.2248073,2.227793,2.226482,2.2263963,2.2793908,2.2760208,2.2801561,2.2857356,2.291831,2.290093,2.2991707,2.3044426,2.3064587,2.334607,2.3376412,2.361335,2.3876746,2.393704,2.4036293,2.4250975,2.421237,2.415575,2.4132843,2.4338794,2.4480484,2.443527,2.45374,2.4459875,2.4583907,2.4744272,2.4941826,2.4755244,2.4670553,2.4888296,2.5117471,2.4981253,2.51643,2.539095,2.5337546,2.5197062,2.525288,2.5346527,2.5199049,2.5361,2.5354316,2.5457134,2.5371823,2.5366068,2.5363843,2.535087,2.5316207,2.5156145,2.5175405,2.51448,2.500397,2.4852269,2.4824028,2.4550924,2.444305,2.4421558,2.4219456,2.4282193,2.41664,2.3927076,2.398017,2.3792772,2.3937752,2.3866239,2.3739028,2.3909717,2.377564,2.3564348,2.3666844,2.3488898,2.3579469,2.3556156,2.3476582,2.3392127,2.3431914,2.337206,2.3374357,2.349301,2.3369248,2.332575,2.3401756,2.363128,2.3321946,2.3406253,2.334792,2.3614485,2.3592215,2.3524148,2.3544686,2.3672197,2.36284,2.375086,2.3817518,2.386902,2.404963,2.4219952,2.408021,2.4203124,2.4219072,2.4250386,2.4340372,2.4376237,2.4412818,2.4537146,2.4572005,2.4380913,2.4460838,2.4347198,2.4215198,2.2319543,2.2871993,2.495972,2.581598,2.6098316,2.58706,2.5817964,2.6066172,2.6038187,2.6167796,2.6232264,2.624312,2.6338403,2.605402,2.6424735,2.635035,2.637945,2.6465535,2.649384,2.6352942,2.6385136,2.6366172,2.6527667,2.6502101,2.662538,2.6778753,2.6683464,2.6757758,2.6547678,2.6923602,2.6821527,2.6813648,2.7001688,2.6825,2.6986556,2.6854372,2.6899064,2.698295,2.7082622,2.7017672,2.4565983,2.4719908,2.4593241,2.4755883,2.4620776,2.4728513,2.4843056,2.4895616,2.5076184,2.4846416,2.4983766,2.493292,2.488994,2.5044348,2.4991062,2.5122411,2.5036323,2.5037634,2.5045538,2.5059714,2.5020652,2.491895,2.4810886,2.501524,2.5016885,2.4946,2.4860241,2.4856956,2.4776635,2.4629323,2.4712825,2.4619365,2.4573936,2.444635,2.4434795,2.440734,2.442185,2.4279864,2.4145179,2.4062214,2.4242156,2.4121764,2.3929136,2.4056416,2.4148653,2.4176486,2.4035213,2.3990827,2.4081247,2.4102051,2.3749316,2.3846233,2.400399,2.391514,2.3999233,2.3738601,2.3724546,2.3743718,2.3989966,2.3824422,2.3723211,2.3769915,2.387531,2.3751779,2.3930292,2.379749,2.374682,2.3704324,2.3784347,2.3842175,2.3741817,2.3740492,2.3968637,2.3688889,2.373256,2.3777378,2.3737917,2.3869662,2.3807364,2.3848884,2.394315,2.3883755,2.381916,2.4120681,2.390981,2.3894324,2.3902166,2.4110708,2.3859756,2.4072847,2.3901906,2.408158,,,,,,,,,,,,,,,,,,,,,,,,,,,,,,,,,,,,,,,,,,,,,,,,,,,,,,,,,,,,,,,,,,,,,,,,,,,,,,,,,,,,,,,,,,,,,,,,,,,,,,,,,,,,,,,,,,,,,,,,,,,,,,,,,,,,,,,,,,,,,,,,,,,,,,,,,,,,,,,,,,,,,,,,,,,,,,,,,,,,,,,,,,,,,,,,,,,,,,,,,,,,,,,,,,,,,,,,,,,,,,,,,,,,,,,,,,,,,,,,,,,,,,,,,,,,,,,,,,,,,
1.5012943,1.4927877,1.4898146,1.4824214,1.4847517,1.4967146,1.4964505,1.4860909,1.4964335,1.4892241,1.516108,1.5005238,1.4927601,1.5219325,1.5003713,1.5088466,1.5129442,1.51274,1.5140893,1.5229367,1.5145652,1.5013314,1.5177319,1.5048171,1.5196497,1.5095065,1.5210084,1.5214721,1.5132654,1.5260314,1.5312465,1.5214481,1.5249513,1.5222518,1.5251956,1.5413677,1.5449387,1.5435197,1.523062,1.5597103,1.5407625,1.548415,1.5550733,1.5535442,1.5887499,1.5863568,1.5786172,1.5693427,1.5658395,1.5773109,1.5593922,1.558131,1.5584414,1.5546885,1.5549513,1.5474122,1.5103786,1.544593,1.5208563,1.5101196,1.4998572,1.4982638,1.4751332,1.4730139,1.4687935,1.4698262,1.4523112,1.4644434,1.4597445,1.4483202,1.4613172,1.4646271,1.4500304,1.4455647,1.4589006,1.4479629,1.4478983,1.4399804,1.4430789,1.4451665,1.4408935,1.451634,1.4502379,1.4578017,1.4610624,1.4608003,1.4560004,1.4577084,1.4725326,1.476215,1.4722935,1.4838619,1.4880986,1.4703604,1.488245,1.5078578,1.48877,1.5122671,1.4974446,1.5089222,1.5180577,1.5118299,1.5231714,1.5460044,1.534058,1.5653405,1.5499127,1.5524013,1.5556631,1.5725944,1.5827228,1.5667756,1.5837836,1.592095,1.5902379,1.5885653,1.591525,1.5937914,1.5957597,1.6107676,1.6086798,1.6045934,1.6216484,1.6068525,1.6283231,1.6246601,1.6267003,1.6414535,1.6111505,1.6328994,1.625077,1.6376321,1.6345384,1.6247755,1.6028539,1.61973,1.6246423,1.6005806,1.6007934,1.6106664,1.6045043,1.6103022,1.6063397,1.593033,1.6019827,1.5969481,1.6064442,1.6013212,1.6030798,1.5789757,1.5913898,1.5833771,1.5836531,1.5855502,1.5666213,1.5382582,1.5473311,1.568687,1.5536183,1.5371199,1.5219808,1.5123857,1.522914,1.5216305,1.5087097,1.5019652,1.490343,1.4920442,1.4856727,1.4997889,1.4854016,1.4884961,1.4927653,1.4563171,1.4721209,1.4797481,1.4873738,1.4735357,1.4694484,1.464517,1.4665133,1.4847553,1.473395,1.4799522,1.4864504,1.4734025,1.4781227,1.4822397,1.4677069,1.4698232,1.4708283,1.482411,1.4868426,1.4919119,1.4795511,1.4604006,1.4790747,1.4765779,1.4700899,1.4680371,1.4707469,1.4663779,1.4713267,1.451211,1.4623479,1.4724662,1.476656,1.4580221,1.4559058,1.4604315,1.4745804,1.4648875,1.465432,1.469292,1.45327,1.4605888,1.4535404,1.4374976,1.4554749,1.4486669,1.4227579,1.4226779,1.4432644,1.4176072,1.4132384,1.4145566,1.4202459,1.4397494,1.4005055,1.4089752,1.4222089,1.3959432,1.4230869,1.3946352,1.3947731,1.4084039,1.3883177,1.3973792,1.3966849,1.4183234,1.4168016,1.4463336,1.4063791,1.4055864,1.420763,1.4148562,1.3929446,1.397558,1.4071769,1.4034035,1.4070472,1.4145942,1.4173739,1.4055169,1.3890579,1.4109076,1.4047649,1.4080745,1.4196186,1.4394292,1.4308085,1.4172361,1.4161162,1.4271635,1.4224405,1.4242643,1.4188882,1.4217362,1.4236891,1.424089,1.4209723,1.4161583,1.4161557,1.4235742,1.4206764,1.4045631,1.4136517,1.4140346,1.405748,1.4234492,1.437045,1.4051923,1.4026129,1.4016224,1.3875633,1.4099537,1.3795732,1.6565644,1.3950063,1.482186,1.4806938,1.4697547,1.452034,1.4194424,1.4884944,1.4191189,1.413367,1.4215002,1.396233,1.4144608,1.3998437,1.4280814,1.4054397,1.3995448,1.3947363,1.3944579,1.3965902,1.387157,1.3880764,1.4083797,1.3998646,1.3957467,1.4116769,1.4037932,1.3979942,1.3905445,1.3996425,1.39812,1.4095237,1.4100223,1.3926319,1.3919048,1.4034926,1.4023743,1.4041547,1.4065094,1.4071646,1.3907945,1.4117423,1.3972422,1.391811,1.4069724,1.4039538,1.3912417,1.4046556,1.3986012,1.4054183,1.3950353,1.4021652,1.4076773,1.4059213,1.3999671,1.4144186,1.42486,1.4152756,1.4051337,1.4034636,1.4096446,1.3959347,1.4074646,1.4230042,1.406563,1.4094292,1.3920907,1.4223825,1.3812975,1.4241213,1.3989846,1.414431,1.4083475,1.4208131,1.4025295,1.4139692,1.4115703,1.3970981,1.4133935,1.4225103,1.4130265,1.414562,1.3992388,1.399344,1.4212018,1.4080589,1.3882862,1.4146869,1.4085733,1.4009546,1.4066815,1.4234854,1.3938199,1.4119602,1.4011838,1.3991863,1.3975238,1.4115213,1.4350022,1.4094831,1.409615,1.4175783,1.4419681,1.4197859,1.4153064,1.4197276,1.4045978,1.4011674,1.4236549,1.4169652,1.4101673,1.4304471,1.4331602,1.4339117,1.4268622,1.41774,1.4319458,1.433773,1.4206493,1.4357404,1.4392475,1.4305067,1.4365243,1.4331119,1.4354508,1.4342059,1.4358534,1.4345641,1.4362813,1.4416193,1.435037,1.4398968,1.4335612,1.4333233,1.4403815,1.4376086,1.4298337,1.4346515,1.4343033,1.431868,1.4352099,1.4340204,1.4314175,1.4320621,1.4317548,1.4380678,1.4315944,1.4401641,1.4352119,1.4307847,1.4385582,1.4386704,1.4316975,1.4315826,1.455067,1.4511328,1.4036722,1.4385735,1.452368,1.4518056,1.4666604,1.4436985,1.4562564,1.4438818,1.4454714,1.4422226,1.4545171,,,,,,,,,,,,,,,,,,,,,,,,,,,,,,,,,,,,,,,,,,,,,,,,,,,,,,,,,,,,,,,,,,,,,,,,,,,,,,,,,,,,,,,,,,,,,,,,,,,,,,,,,,,,,,,,,,,,,,,,,,,,,,,,,,,,,,,,,,,,,,,,,,,,,,,,,,,,
2.0724723,2.0943425,2.1011565,2.057841,2.0735614,2.0521522,2.0568552,2.0607228,2.060288,2.054127,2.0515835,2.0524497,2.0431993,2.0449996,2.043915,2.0453115,2.0517318,2.0372355,2.0473816,2.0560122,2.0525608,2.043199,2.0459433,2.0369205,2.038754,2.0453353,2.0490823,2.0516143,2.0416217,2.0365717,2.0335119,2.0270169,2.027493,2.035467,2.030403,2.0412004,2.0435598,2.0443592,2.044133,2.029057,2.034512,2.0134606,2.033896,2.0443113,2.0414052,2.0199537,2.037154,2.037395,2.035177,2.0194223,2.0413914,2.031626,2.0192091,2.0181189,2.0046284,2.024469,2.0074792,1.9953668,2.0123987,1.9922762,1.972828,1.9480999,1.9384443,1.9397848,1.9067937,1.8859591,1.8931187,1.886489,1.8751103,1.8763018,1.8774693,1.8602934,1.8649513,1.8489112,1.8557037,1.8451871,1.8555707,1.8458447,1.835422,1.821173,1.8284854,1.8225107,1.8261491,1.8222139,1.8222847,1.8047693,1.8084673,1.8193386,1.8067275,1.8092549,1.8101789,1.8149472,1.8226035,1.7944319,1.8198253,1.8345187,1.8172641,1.8194882,1.8392009,1.845008,1.8294882,1.8503249,1.8597484,1.8603098,1.8569795,1.8597435,1.8660444,1.8660997,1.863135,1.8594877,1.8907884,1.8637505,1.8884193,1.8733642,1.8916194,1.8870863,1.8890647,1.866568,1.8678987,1.8962392,1.8967512,1.8682541,1.8944901,1.902471,1.89901,1.8632066,1.8804272,1.894005,1.8616184,1.8777757,1.8956995,1.9087332,1.886633,1.8897297,1.9200208,1.9007666,1.9279397,1.9178979,1.9425435,1.9311655,1.9455055,1.9474902,1.9610885,1.9370804,1.9576347,1.9530325,1.9549335,1.9571884,1.9574931,1.953625,1.970811,1.9730726,1.9869235,1.9822439,1.9926051,1.9901528,2.0264442,2.0028913,2.0274665,2.011516,2.031228,2.0317438,2.0370228,2.0383322,2.0510387,2.0481956,2.048986,2.0668929,2.0964198,2.0916364,2.0911915,2.110041,2.1213918,2.120369,2.116407,2.1260803,2.1176267,2.1283166,2.1211205,2.1224186,2.135641,2.1224883,2.1254911,2.1521795,2.1365635,2.13866,2.1328404,2.1349838,2.1495576,2.1495917,2.1467602,2.1424706,2.1409292,2.160044,2.1423838,2.1366372,2.1377747,2.1407387,2.1500003,2.140785,2.1418157,2.149902,2.1471899,2.138161,2.1407816,2.1509578,2.16171,2.1404004,2.157454,2.1298602,2.136847,2.1471522,2.133048,2.133157,2.1439126,2.1452155,2.1369252,2.1399703,2.1228173,2.1256695,2.1188433,2.120602,2.127597,2.1116984,2.1103094,2.1102583,2.1245382,2.1183164,2.0997221,2.124648,2.1076934,2.090593,2.102046,2.0971572,2.0975518,2.082088,2.1118283,2.1018987,2.107787,2.0947094,2.0743322,2.1025841,2.0849454,2.0889454,2.0959666,2.1275742,2.1045885,2.0953627,2.0819352,2.0949259,2.0853484,2.0932186,2.0908556,2.0851247,2.0772424,2.0741208,2.1079967,2.0938783,2.0957146,2.0980814,2.0839882,2.088873,2.1205468,2.0943065,2.1258996,2.1062994,2.1024194,2.1147523,2.1090465,2.113783,2.1010456,2.119095,2.139931,2.119226,2.1371272,2.1107826,2.1385465,2.1072898,2.120653,2.1486757,2.1544805,2.1497188,2.1499119,2.117495,2.1613774,2.1455746,2.1313982,2.153654,2.1442192,2.1317828,2.1556923,2.148619,2.1546953,2.162336,2.1533506,2.1666687,2.1360009,2.1452067,2.1473742,2.1101909,2.1286802,2.1267138,2.1224172,2.1337833,2.119235,2.1276884,2.127811,2.1592495,2.1267633,2.1379128,2.1471496,2.141933,2.127468,2.1411483,2.1422412,2.1419785,2.1247852,2.167526,2.156969,2.129503,2.1443496,2.1431258,2.1440268,2.1457102,2.1356769,2.144101,2.1496558,2.1451573,2.1433127,2.1436265,2.1511166,2.1343415,2.1394765,2.147411,2.1447723,2.1485076,2.1481414,2.1491315,2.1491668,2.1450052,2.1430125,2.1314125,2.1496894,2.1551585,2.149501,2.144833,2.14066,2.1495605,2.1461987,2.1496098,2.1408715,2.139662,2.144921,2.1475687,,,,,,,,,,,,,,,,,,,,,,,,,,,,,,,,,,,,,,,,,,,,,,,,,,,,,,,,,,,,,,,,,,,,,,,,,,,,,,,,,,,,,,,,,,,,,,,,,,,,,,,,,,,,,,,,,,,,,,,,,,,,,,,,,,,,,,,,,,,,,,,,,,,,,,,,,,,,,,,,,,,,,,,,,,,,,,,,,,,,,,,,,,,,,,,,,,,,,,,,,,,,,,,,,,,,,,,,,,,,,,,,,,,,,,,,,,,,,,,,,,,,,,,,,,,,,,,,
1.957639,1.9797565,1.9660878,1.9508343,1.9619141,1.9556112,1.9813228,1.9699224,1.975275,1.9656134,1.9591438,1.9617496,1.9611452,1.9798615,1.9578274,1.9712951,1.977202,1.9786739,1.978874,1.9801981,1.9800794,1.9893383,1.9697273,1.9699949,1.9652323,1.9644042,1.9822289,1.9576824,1.9537922,1.9560016,1.9678525,1.9673358,1.9473978,1.9501145,1.9487683,1.9362845,1.9479532,1.9436225,1.912502,1.9152731,1.9216567,1.9203461,1.9114699,1.9142828,1.9093691,1.905794,1.9088178,1.8738595,1.9008518,1.8762856,1.8909638,1.8911707,1.8746704,1.8665881,1.8697206,1.8581883,1.8550353,1.8399788,1.8430455,1.838697,1.8298624,1.8182789,1.784505,1.7930518,1.7846683,1.7810043,1.7770203,1.7697425,1.7782139,1.7546489,1.7390847,1.7520999,1.7286067,1.732295,1.7154759,1.7184523,1.6961728,1.7030903,1.6957152,1.6851013,1.6944318,1.6728535,1.6729432,1.6667423,1.6762532,1.6704311,1.60813,1.6557903,1.6671162,1.6808218,1.6735554,1.6670284,1.6935108,1.6829181,1.6658996,1.6813232,1.6917748,1.6819378,1.6905761,1.6986345,1.6949435,1.7204236,1.7366885,1.7495216,1.7396243,1.7403164,1.7422322,1.7417343,1.776646,1.7892985,1.780235,1.7689856,1.7925719,1.7943969,1.827284,1.8199669,1.8537958,1.8595201,1.8712621,1.8736601,1.8808409,1.8847827,1.8783958,1.9060841,1.9291407,1.9104422,1.9159698,1.9308443,1.9481674,1.9392414,1.9555073,1.9533706,1.9315265,1.9558021,1.9263756,1.9197553,1.9254097,1.924351,1.8974577,1.9062746,1.8880265,1.8912122,1.8746681,1.8713266,1.8692691,1.8704982,1.8514032,1.8306277,1.8619838,1.8393071,1.8340931,1.8157834,1.7977265,1.8210477,1.8166158,1.8029814,1.8043731,1.801951,1.8229702,1.8266387,1.8302629,1.8127905,1.8082132,1.8021699,1.8017317,1.8125597,1.7937055,1.8052579,1.8013057,1.8094434,1.8010004,1.7982701,1.8002971,1.8060318,1.8016157,1.797374,1.8003138,1.7999833,1.8032528,1.8001751,1.810158,1.7856482,1.78944,1.8049835,1.7979854,1.7962937,1.7991477,1.8018752,1.8016493,1.7953267,1.789075,1.7990639,1.7989893,1.7871653,1.7992003,1.8075249,1.795207,1.7964115,1.7921711,1.7984259,1.8022724,1.7982738,1.7998269,1.8064516,1.8223802,1.8025659,1.806165,1.8007025,1.8251358,1.8024678,1.8351942,1.8119284,1.8314787,1.8286991,1.8225601,1.8391073,1.8339511,1.8316782,1.8561617,1.8407012,1.839669,1.8487465,1.8460138,1.8569996,1.8471109,1.8573103,1.8538462,1.8640463,1.8678279,1.8705639,1.8720781,1.8702343,1.8646756,1.8712728,1.8701026,1.8858892,1.8772326,1.8707643,1.9073822,1.9098537,1.9117131,1.9081814,1.9187372,1.9270258,1.9210422,1.9223459,1.939015,1.9131026,1.9286815,1.9285055,1.922277,1.9184014,1.9181292,1.9328966,1.9346569,1.9245907,1.9266486,1.9292626,1.9453058,1.9389769,1.9406048,1.9544346,1.9496081,1.9426315,1.9603508,1.9544489,1.9230301,1.9498376,1.9888953,1.9009647,1.8067254,1.8194735,1.920146,1.9326553,1.9316616,1.9351245,1.9222887,1.9223129,1.9255193,1.9426928,1.9240997,1.9340372,1.9329528,1.9343222,1.9470348,1.9297642,1.946906,1.9419948,1.9528755,1.963189,1.9489354,1.9498183,1.9623324,1.9552891,1.9622945,1.966016,1.971156,1.9730973,1.9665711,1.9774555,1.9863304,1.9898202,2.0029228,1.9897636,2.0108273,2.026181,2.040433,2.049674,2.0438464,2.046632,2.028154,2.0573215,2.0504215,2.061017,2.0609713,2.0687842,2.062061,2.0615895,2.062128,2.0601878,2.0704353,2.0723615,2.0698538,2.0632794,2.0688577,2.0654724,2.0537477,2.0515609,2.0744646,2.0574782,2.0694504,2.0672042,2.0740004,2.0556135,2.0356495,2.0267806,2.0121262,2.0310805,2.0374703,2.021917,2.0113642,2.0212264,2.0200615,2.025637,2.0209632,2.0110695,2.0169687,2.0118356,2.0167396,2.000911,2.0192263,2.0092847,2.008493,2.011084,2.0229137,2.004664,1.9994614,2.0045161,1.9967774,1.9726285,1.9669324,1.9811532,1.9629016,,,,,,,,,,,,,,,,,,,,,,,,,,,,,,,,,,,,,,,,,,,,,,,,,,,,,,,,,,,,,,,,,,,,,,,,,,,,,,,,,,,,,,,,,,,,,,,,,,,,,,,,,,,,,,,,,,,,,,,,,,,,,,,,,,,,,,,,,,,,,,,,,,,,,,,,,,,,,,,,,,,,,,,,,,,,,,,,,,,,,,,,,,,,,,,,,,,,,,,,,,,,,,,,,,,,,,,,,,,,,,,,,,,,,,,,,,,,,,,,,,,,,,,
1.8431779,1.829925,1.8231156,1.8256042,1.8327754,1.8329641,1.794275,1.8334959,1.8055243,1.8220047,1.8055238,1.8256054,1.8249311,1.8440872,1.8171984,1.8303126,1.844815,1.8441192,1.8228827,1.8467437,1.8375715,1.838767,1.8326532,1.8408785,1.84214,1.8547527,1.8634645,1.8546753,1.8563328,1.8470072,1.8734499,1.890736,1.8792353,1.8678874,1.8678874,1.884274,1.877105,1.8756233,1.889795,1.88378,1.8737197,1.8799359,1.8811241,1.9099733,1.8739045,1.8810395,1.8935028,1.8955216,1.8826536,1.8962733,1.8859478,1.8960533,1.8955375,1.8875331,1.8845356,1.8885475,1.8915899,1.8280174,1.8319211,1.8129165,1.8072368,1.809563,1.8037283,1.7909207,1.7983755,1.7770945,1.7803452,1.7758774,1.7776031,1.7691239,1.7593846,1.743131,1.7403233,1.7276665,1.6848431,1.7044252,1.6829691,1.6945113,1.6704818,1.6552978,1.666556,1.6347754,1.6351907,1.6355646,1.6384125,1.6402318,1.6281016,1.6281016,1.6238604,1.639983,1.644015,1.6247518,1.6284888,1.6437323,1.636104,1.6401061,1.6406056,1.6426464,1.667713,1.672133,1.694077,1.6922619,1.690209,1.7277298,1.7405336,1.7241867,1.7384101,1.7584611,1.7622954,1.7665756,1.7820462,1.7767711,1.7743427,1.7819301,1.7882769,1.7999144,1.791566,1.7949162,1.8097157,1.8061707,1.8272762,1.8478515,1.8394685,1.8514277,1.8962612,1.9003159,1.9144884,1.9061362,1.918088,1.9385391,1.9405992,1.9400822,1.9425528,1.9539834,1.9514698,1.9488597,1.960115,1.9556905,1.9608046,1.9616094,1.9623991,1.9568797,1.9654243,1.9624404,1.9479126,1.9630666,1.9569236,1.9553914,1.9462855,1.9482437,1.9350466,1.9258537,1.9224272,1.9116566,1.901101,1.8685158,1.8546395,1.8560477,1.8330472,1.8451877,1.8369524,1.8307441,1.807652,1.7935954,1.7974399,1.7905234,1.7960984,1.7974126,1.8027952,1.7834629,1.7903217,1.7677553,1.783227,1.7647665,1.7664074,1.7696303,1.7718253,1.7583776,1.763805,1.7640103,1.7588769,1.767978,1.7638423,1.768889,1.784114,1.7931207,1.7864536,1.784464,1.8000462,1.7798821,1.7807736,1.7886027,1.7720852,1.7768637,1.7822266,1.7825509,1.7867677,1.8007814,1.8064775,1.789131,1.7781613,1.7729108,1.7835333,1.7885776,1.7965237,1.7764668,1.7768427,1.8087653,1.8016975,1.8033143,1.8057106,1.7921891,1.8010595,1.790504,1.8028215,1.7998809,1.7946775,1.7948797,1.8066901,1.8199167,1.8088647,1.8439817,1.8883204,1.8738962,1.866011,1.8730162,1.8593361,1.8787392,1.8773443,1.8801051,1.8904682,1.9166533,1.8976744,1.9024848,1.9190891,1.9179169,1.9204834,1.9022479,1.9060271,1.9261346,1.9261614,1.9230868,1.9282509,1.9179777,1.9229879,1.9307371,1.9537603,1.9222988,1.9408128,1.954009,1.9553405,1.967573,1.954038,1.9498776,1.9539106,1.987108,1.9991409,1.9986275,1.9916432,1.9940115,2.009521,2.001043,1.9995983,2.0187252,2.0208755,2.0215201,2.0151699,2.0044367,2.016171,2.0145767,1.9995294,2.0149958,1.9987509,2.0015304,2.0083447,1.9891257,1.979472,1.981308,1.962966,1.9578539,1.9652809,1.9595563,1.9633838,1.9401798,1.949056,1.9368038,1.9499046,1.9245191,1.9307781,1.9408561,1.9225708,1.8955909,1.9236,1.905085,1.910284,1.8934681,1.8957647,1.8727291,1.8913239,1.891259,1.8952925,1.8788896,1.892322,1.8839085,1.8898062,1.8871939,1.8806087,1.8865476,1.883768,1.865,1.8787806,1.8726517,1.8695294,1.8651359,1.8531206,1.851443,1.8625667,1.8543835,1.8675575,1.8735476,1.8578101,1.8438767,1.8625423,1.8553805,1.8540728,1.8442802,1.8681655,1.866748,1.8539016,1.864822,1.868335,1.8362067,1.8539653,1.847019,1.8574644,1.8597486,1.8570162,1.8463949,1.858131,1.84736,1.8443394,1.8526698,1.8554912,1.839353,1.8413149,1.8459362,1.8545674,1.85842,1.854384,1.8474654,1.8577044,1.8466372,1.8514506,1.8379269,1.8612506,1.8597071,1.8535584,1.8573581,1.8771175,1.8449498,1.8683239,1.8746945,1.877398,1.878397,1.8578103,1.8761773,1.8661638,1.8717966,1.8857857,1.8737432,1.8732485,1.8948865,1.8857503,1.9142001,1.9068415,1.910859,1.9070832,1.9125667,1.9027894,1.9246367,1.9141526,1.9230578,,,,,,,,,,,,,,,,,,,,,,,,,,,,,,,,,,,,,,,,,,,,,,,,,,,,,,,,,,,,,,,,,,,,,,,,,,,,,,,,,,,,,,,,,,,,,,,,,,,,,,,,,,,,,,,,,,,,,,,,,,,,,,,,,,,,,,,,,,,,,,,,,,,,,,,,,,,,,,,,,,,,,,,,,,,,,,,,,,,,,,,,,,,,,,,,,,,,,,,,,,,,,,,,,,,,,,,,,,,,,,,,,,,,
1.6785604,1.6646464,1.6829977,1.6776729,1.6810157,1.668136,1.6717278,1.6823746,1.6731125,1.6717472,1.663096,1.6739523,1.6627544,1.6620679,1.6888777,1.6740792,1.6625971,1.665597,1.6738495,1.6735744,1.6742305,1.6665409,1.6444929,1.6515307,1.6589038,1.6744995,1.6625373,1.6678789,1.6493465,1.6580924,1.6583201,1.6448601,1.6543959,1.6547304,1.6678157,1.6530453,1.6398948,1.6639551,1.6630148,1.6681287,1.6753552,1.6705058,1.6680723,1.6675198,1.6588452,1.6848836,1.7054703,1.6840036,1.6871905,1.6867795,1.705578,1.7070241,1.6863003,1.7121595,1.6842867,1.6881998,1.6955795,1.6863841,1.6450638,1.6520495,1.6431357,1.6458403,1.6350646,1.6267035,1.6227514,1.6188877,1.6151876,1.6085569,1.6047773,1.6141057,1.6060156,1.5922909,1.588797,1.5903798,1.5915728,1.5831314,1.5747519,1.59888,1.5838494,1.5788277,1.5764662,1.5835284,1.581142,1.5822831,1.5629357,1.5711342,1.5768819,1.5690879,1.5936265,1.5885894,1.590567,1.6037557,1.5902292,1.5956696,1.5976231,1.6030263,1.6110095,1.6142746,1.6143289,1.6103902,1.6265225,1.6103902,1.6147487,1.6270176,1.6261806,1.6151811,1.6233796,1.6274694,1.6343597,1.618379,1.6152538,1.6211768,1.6142625,1.6145387,1.6131918,1.62627,1.6192368,1.6091235,1.6125175,1.6180451,1.6058513,1.6152371,1.6265008,1.6174746,1.6123201,1.6105016,1.6271199,1.6059388,1.6156561,1.636447,1.6191456,1.6379211,1.6246785,1.6243433,1.6509418,1.6602671,1.6437087,1.6470792,1.6431506,1.6704643,1.6808729,1.6795158,1.6476524,1.6779691,1.674006,1.6921784,1.6911203,1.6950247,1.661789,1.6797994,1.6924238,1.6823101,1.6817554,1.7008702,1.6783856,1.6942992,1.6811758,1.6737413,1.7000965,1.6881237,1.6912036,1.6896678,1.6810812,1.6933203,1.6789674,1.6828548,1.6848283,1.6685522,1.6903733,1.6782758,1.6879598,1.6900303,1.6563518,1.6594344,1.6400099,1.6391908,1.6549027,1.6379889,1.6474576,1.6351957,1.6740917,1.6528889,1.6510365,1.6462994,1.6652542,1.66533,1.653952,1.6667165,1.6681743,1.6897718,1.6564673,1.6660504,1.7079875,1.6902624,1.710921,1.7001057,1.7193937,1.6848304,1.7156469,1.6994925,1.688865,1.8086637,1.8150839,1.7210457,1.7261037,1.7309833,1.7258594,1.7313504,1.7378069,1.735737,1.7478644,1.7517582,1.7761432,1.7588856,1.759353,1.786865,1.7695732,1.7640659,1.7869308,1.778903,1.8087415,1.7961863,1.8000625,1.8161846,1.831312,1.8196189,1.84071,1.8428407,1.8331677,1.8524667,1.8508542,1.859002,1.859206,1.8837242,1.8734196,1.8951609,1.8784206,1.8928013,1.8877084,1.8955795,1.9066262,1.8917422,1.8974684,1.8978256,1.9006718,1.899356,1.9305334,1.9054048,1.9138229,1.9064106,1.9052453,1.9112794,1.9052789,1.9168146,1.9080683,1.9039516,1.905718,1.901582,1.8958267,1.8839008,1.8704911,1.8800206,1.8653677,1.8689936,1.8536589,1.8380606,1.8482026,1.8208537,1.8211501,1.817747,1.799332,1.770684,1.7778922,1.7647913,1.7774255,1.7939346,1.7663893,1.7887844,1.7821627,1.7917289,1.7699788,1.7685695,1.7748677,1.7383503,1.7578827,1.7669318,1.7448937,1.75883,1.747929,1.7353631,1.7238001,1.7292918,1.7199141,1.7233416,1.7316841,1.7294241,1.715868,1.717802,1.7246494,1.6987597,1.717833,1.7108253,1.6980401,1.7383995,1.698551,1.6898682,1.6829747,1.6870886,1.6965727,1.68049,1.6914176,1.6923231,1.6849178,1.6924546,1.6912699,1.6970785,1.6951077,1.7010128,1.6848272,1.7022604,1.7047551,1.6921338,1.6854639,1.6820372,,,,,,,,,,,,,,,,,,,,,,,,,,,,,,,,,,,,,,,,,,,,,,,,,,,,,,,,,,,,,,,,,,,,,,,,,,,,,,,,,,,,,,,,,,,,,,,,,,,,,,,,,,,,,,,,,,,,,,,,,,,,,,,,,,,,,,,,,,,,,,,,,,,,,,,,,,,,,,,,,,,,,,,,,,,,,,,,,,,,,,,,,,,,,,,,,,,,,,,,,,,,,,,,,,,,,,,,,,,,,,,,,,,,,,,,,,,,,,,,,,,,,,,,,,,,,,,,,,,,,,,,,,,,,,,,,,,,,,,,,,,,,,
1.6791763,1.6692579,1.680151,1.6579427,1.6745427,1.6838754,1.6782796,1.684973,1.6862046,1.6869113,1.6956618,1.6710327,1.673384,1.6827387,1.6893711,1.6832016,1.6872402,1.6811069,1.683972,1.6844152,1.7000687,1.6930146,1.7003647,1.6953989,1.6981398,1.7012122,1.695601,1.7028836,1.6950483,1.6999863,1.7000027,1.701528,1.7038596,1.6994117,1.7029506,1.7035606,1.7042564,1.6985108,1.7100928,1.7067986,1.702189,1.7098716,1.7102147,1.7095193,1.7079595,1.70687,1.7078809,1.6998445,1.7046413,1.7054328,1.7052084,1.7052888,1.7052659,1.708133,1.6844877,1.6885189,1.6825073,1.6796341,1.6715491,1.6434052,1.6306576,1.6430558,1.614778,1.5860015,1.568282,1.571862,1.5623132,1.5585123,1.5618186,1.5641292,1.5624806,1.5408496,1.5603921,1.549837,1.5623409,1.5606712,1.5624254,1.5585657,1.5628636,1.5487355,1.5615627,1.5586832,1.5589031,1.5716588,1.5605073,1.573876,1.563256,1.5780045,1.5743649,1.589446,1.6102284,1.6158823,1.6184264,1.650772,1.6576954,1.6721874,1.6739117,1.6624547,1.683436,1.6907173,1.6837144,1.7026659,1.7020031,1.7035482,1.7010843,1.7017365,1.7009959,1.7096938,1.717911,1.7160275,1.7384236,1.7458166,1.7460941,1.7584573,1.7693632,1.7441465,1.773484,1.7838991,1.7918259,1.7852446,1.7764384,1.798629,1.7958083,1.8317305,1.8343303,1.787481,1.8147795,1.7934673,1.7962956,1.7850835,1.7748301,1.7813517,1.7618682,1.7598593,1.7503527,1.7503802,1.7414943,1.7349968,1.7341838,1.7272706,1.7211846,1.7264578,1.7020122,1.722007,1.7220875,1.7084019,1.7024767,1.708027,1.7013611,1.7196069,1.7090093,1.7135781,1.7036335,1.7192663,1.696824,1.7122812,1.7047942,1.7064431,1.70723,1.7076639,1.7039914,1.7219424,1.7098429,1.7283369,1.7179649,1.7183914,1.7206529,1.7061553,1.7152997,1.7274272,1.7266057,1.721922,1.715451,1.7268697,1.7265273,1.7263882,1.7262883,1.6984724,1.7108655,1.6461693,1.7271231,1.7232208,1.6988258,1.7131543,1.6981341,1.6944509,1.6961313,1.7092248,1.6944925,1.6910685,1.7543014,1.6197351,1.7239941,0.99810654,1.7154231,1.7807163,1.6215483,1.6717503,1.6632135,1.6679137,1.6488937,1.6524243,1.6827922,1.6454604,1.6438975,1.6633167,1.6453203,1.6568747,1.6480267,1.6561968,1.6521478,1.6446556,1.6511724,1.6545268,1.634525,1.6488634,1.6626148,1.6709745,1.6680813,1.6689345,1.6718318,1.6683022,1.6626492,1.6579392,1.6717046,1.6739669,1.6571529,1.6870662,1.6748673,1.7027532,1.6576272,1.6793317,1.6583909,1.6836861,1.6875285,1.6914853,1.6891112,1.6682652,1.6919142,1.7028272,1.6754953,1.6958808,1.6951381,1.6807382,1.658589,1.6636142,1.6620046,1.6621225,1.6677221,1.669644,1.6603173,1.6542298,1.664649,1.6692001,1.6650349,1.6485258,1.6437012,1.652646,1.6408036,1.6427298,1.6135545,1.6131306,1.6319523,1.6254216,1.6058681,1.6094141,1.6246786,1.5864832,1.6006129,1.603682,1.6253492,1.6211269,1.6125782,1.5944076,1.6020545,1.6010581,1.6010519,1.6014075,1.6014799,1.6057737,1.604101,1.6023835,1.6008984,1.6015218,1.6008283,1.6010042,1.6025934,1.6081644,1.5988915,1.6018852,1.599168,1.6007789,1.5999373,1.6006638,1.6034315,1.6018403,1.6114627,1.6035179,1.6008061,1.603504,1.603588,1.6088634,1.6008734,1.6203669,1.6044965,1.6326674,1.6034566,1.6087989,1.6033063,1.6117849,1.608985,1.6064464,1.6437955,1.6191424,1.6187778,1.6211988,1.6139714,1.6353408,1.6301095,1.6268402,1.6385369,1.6138098,1.6494291,1.6396353,1.6319938,1.6556473,1.6359587,1.6481433,1.6329949,1.6472418,1.632065,1.6403425,1.6354955,,,,,,,,,,,,,,,,,,,,,,,,,,,,,,,,,,,,,,,,,,,,,,,,,,,,,,,,,,,,,,,,,,,,,,,,,,,,,,,,,,,,,,,,,,,,,,,,,,,,,,,,,,,,,,,,,,,,,,,,,,,,,,,,,,,,,,,,,,,,,,,,,,,,,,,,,,,,,,,,,,,,,,,,,,,,,,,,,,,,,,,,,,,,,,,,,,,,,,,,,,,,,,,,,,,,,,,,,,,,,,,,,,,,,,,,,,,,,,,,,,,,,,,,,,,,,,,,,,,,,,,,,,,,,,,,,,,,,
1.7037672,1.7032374,1.7023014,1.7070427,1.7011291,1.7163054,1.7026554,1.6979849,1.7030758,1.6338124,1.704977,1.7052119,1.7133942,1.6996244,1.7015145,1.6969104,1.7088617,1.7031425,1.7015717,1.7018894,1.7043121,1.7005825,1.7021003,1.7066432,1.7188772,1.7043614,1.7006317,1.6405526,1.7116876,1.7044598,1.7041546,1.7046293,1.7107525,1.7100737,1.7120728,1.7082847,1.7009623,1.7105995,1.712244,1.7159417,1.7257683,1.7236303,1.7154664,1.7136331,1.7234529,1.7146934,1.710079,1.7262958,1.7073413,1.7221546,1.7177092,1.7050813,1.7255373,1.7093991,1.7066834,1.7047471,1.7013324,1.7006252,1.7044617,1.6994396,1.6941633,1.6712651,1.6882362,1.624848,1.638334,1.6235259,1.6023322,1.5884484,1.5983244,1.5796101,1.5906184,1.5883049,1.5604786,1.5618298,1.5559139,1.5574797,1.5587728,1.5470191,1.5608577,1.5401886,1.539425,1.5502865,1.5482517,1.5472323,1.5617051,1.5513484,1.5360581,1.5602554,1.5469302,1.561478,1.5644652,1.5471679,1.5582966,1.5630693,1.520462,1.5296278,1.6030252,1.6007311,1.5913138,1.5813414,1.6300353,1.6380916,1.6191859,1.6454146,1.6497186,1.6385511,1.658472,1.6711308,1.6831933,1.6611656,1.6885455,1.6912884,1.6872661,1.6911595,1.6992664,1.6953582,1.6991627,1.6993616,1.7056357,1.7120972,1.7152222,1.7214055,1.7337707,1.7414008,1.7268704,1.7382288,1.7592802,1.7403547,1.7646527,1.7666838,1.7523893,1.740525,1.7477665,1.7336855,1.719812,1.7530925,1.7219925,1.7116518,1.7049872,1.7025743,1.7095556,1.7038946,1.7038257,1.7014446,1.7082825,1.6996487,1.6998872,1.7005306,1.6980914,1.6930599,1.7070482,1.6919893,1.70192,1.6929948,1.7004256,1.7000921,1.6889815,1.6916333,1.6936604,1.6983471,1.7020204,1.6882879,1.6906066,1.6885017,1.6974428,1.6845342,1.70184,1.6914784,1.7004436,1.7031643,1.6912268,1.6999812,1.6948899,1.685959,1.7039051,1.6914179,1.7098029,1.684514,1.6870102,1.6815248,1.6797099,1.6810741,1.6763636,1.6835741,1.6892625,1.6921598,1.6856977,1.6789865,1.682429,1.6936532,1.6822329,1.666098,1.6899965,1.7007878,1.6980287,1.6862022,1.6890196,1.7014935,1.6869167,1.6855148,1.6876152,1.6874685,1.6876956,1.6926705,1.6807904,1.6903453,1.7005906,1.6857444,1.6807152,1.6915365,1.6902518,1.6817226,1.688498,1.6803558,1.7022909,1.6867843,1.6853026,1.6875874,1.6765339,1.6968924,1.693116,1.6857468,1.6934328,1.684737,1.6955932,1.6945939,1.698249,1.696866,1.6866008,1.7028959,1.6887561,1.6989523,1.6973081,1.7058835,1.6961595,1.6897147,1.7032676,1.699162,1.6934829,1.6986035,1.6794676,1.6905934,1.6925858,1.7009411,1.69081,1.6759574,1.6873455,1.6910757,1.6920049,1.6838963,1.6723101,1.6808838,1.6813012,1.6819432,1.6815773,1.7007774,1.6882472,1.6861506,1.6845005,1.6932423,1.6847389,1.6818266,1.6818266,1.6812775,1.6922495,1.6744207,1.6864847,1.684903,1.6612307,1.6780398,1.6871625,1.684217,1.6791366,1.6835788,1.6777376,1.6868908,1.6818255,1.676492,1.6853566,1.674141,1.6817049,1.6719761,1.6787374,1.6702722,1.6919163,1.6819196,1.6893303,1.6573961,1.6780983,1.6885123,1.6745082,1.6855036,1.6864595,1.6755985,1.69506,1.6896601,1.6926392,1.6800731,1.6978389,1.6798712,1.6754258,1.697464,1.6656383,1.6490895,1.6481386,1.6583432,1.6546767,1.6499099,1.6591237,1.6606618,1.6606618,1.6767778,1.651578,1.6616234,1.6557063,1.684814,1.6775451,1.6630119,1.6660956,1.6712843,1.6581019,1.6695354,1.6805198,1.6674045,1.6507741,1.6646911,1.6543888,1.6582989,1.6738447,1.6758851,1.6807605,1.6487831,1.6548481,1.6587604,1.6628774,1.6537489,1.6582149,1.6552074,1.6550603,1.6587735,1.6521736,1.6581076,1.6653986,1.6618872,1.648155,1.6644206,1.6665537,1.6742512,1.6478635,1.654573,1.6528915,1.6414217,1.6422238,1.6325604,1.6447676,1.6655706,1.6415863,1.646918,1.6526556,1.6467552,1.6502972,1.6679088,1.6449422,1.6286219,1.6409177,1.6612947,1.630283,1.6541328,1.6373003,,,,,,,,,,,,,,,,,,,,,,,,,,,,,,,,,,,,,,,,,,,,,,,,,,,,,,,,,,,,,,,,,,,,,,,,,,,,,,,,,,,,,,,,,,,,,,,,,,,,,,,,,,,,,,,,,,,,,,,,,,,,,,,,,,,,,,,,,,,,,,,,,,,,,,,,,,,,,,,,,,,,,,,,,,,,,,,,,,,,,,,,,,,,,,,,,,,,,,,,,,,,,,,,,,,,,,,,,,,,,,,,,,,,,,,,,,,,,,,,,
1.5091968,1.5099632,1.5099087,1.5084335,1.5208087,1.5104538,1.5131905,1.5300514,1.5203696,1.524414,1.5334897,1.5165399,1.529017,1.5347492,1.5357951,1.527748,1.5562192,1.5452497,1.5584371,1.5438179,1.5431435,1.5489291,1.5487264,1.551848,1.5452015,1.5304265,1.5396065,1.548462,1.5481603,1.5572788,1.557276,1.5474974,1.5482482,1.5432281,1.5533584,1.5510584,1.5661404,1.5668379,1.5667708,1.5688976,1.5537336,1.5589262,1.5685297,1.567425,1.5519415,1.5519799,1.5572255,1.5553005,1.5550342,1.5566884,1.5278536,1.5519756,1.5319135,1.5264608,1.5151746,1.5135976,1.5095909,1.5180869,1.4712534,1.47963,1.4790097,1.497876,1.4432402,1.4237932,1.4351895,1.4351841,1.426604,1.4257127,1.4080629,1.4051489,1.4174132,1.4131303,1.4201074,1.4226782,1.4118232,1.4050447,1.3960454,1.4023838,1.3961949,1.3766397,1.3894501,1.3951731,1.389832,1.3824527,1.4112761,1.3905978,1.4114224,1.4225545,1.404696,1.4095107,1.4108042,1.4386122,1.4239137,1.4326417,1.4344215,1.4216769,1.428984,1.4428282,1.4331301,1.4651897,1.4896188,1.4745808,1.5033917,1.497258,1.5043234,1.5191236,1.5104319,1.5040982,1.5216008,1.5336878,1.5284592,1.5399661,1.5525004,1.5478079,1.5434928,1.5378735,1.5451698,1.556919,1.5580268,1.5570145,1.555833,1.5303857,1.5309794,1.5165882,1.5025169,1.5393062,1.534218,1.5202249,1.5363994,1.5555807,1.5571483,1.552074,1.556331,1.5564913,1.5708914,1.5771549,1.540632,1.5613147,1.5530226,1.5204594,1.5203313,1.5241557,1.4992607,1.486983,1.4801165,1.4681218,1.4735767,1.4491532,1.4289063,1.4333926,1.4342089,1.4218016,1.4268099,1.4305129,1.43032,1.4300275,1.4017547,1.3970007,1.3855873,1.3774209,1.3788149,1.3466444,1.3457401,1.350597,1.3310074,1.3306006,1.3447765,1.3321862,1.3246034,1.3301536,1.3238125,1.3357385,1.3441933,1.3190025,1.3230851,1.3333575,1.3339782,1.3399091,1.327515,1.3100463,1.3212314,1.3222996,1.3249553,1.3025959,1.3262758,1.3285146,1.3214728,1.3264558,1.3111832,1.3244058,1.3323338,1.3321657,1.3172868,1.3248037,1.3161925,1.325276,1.3274556,1.3305749,1.332656,1.3399793,1.320843,1.3178942,1.3108393,1.3211205,1.3159004,1.3264165,1.3329659,1.3244874,1.3199259,1.3245597,1.3158,1.3263408,1.3295708,1.322462,1.329465,1.3201466,1.3341377,1.3322642,1.3193876,1.3423806,1.3291079,1.3247977,1.3259523,1.3325366,1.3206887,1.318165,1.3236864,1.3191063,1.3217428,1.333164,1.3331637,1.3309813,1.3452404,1.3587059,1.3399324,1.3462296,1.3549206,1.3545494,1.350104,1.3451914,1.3511685,1.3560135,1.3539115,1.3433788,1.3465916,1.3424019,1.3543262,1.3500168,1.3518636,1.3575069,1.3644922,1.3562205,1.3666964,1.364642,1.3864286,1.3719683,1.365593,1.378396,1.3902814,1.3985554,1.3982071,1.3916018,1.4212002,1.4242774,1.4187965,1.4251283,1.4258199,1.4326727,1.4434937,1.4223999,1.4336268,1.4388261,1.4607465,1.465946,1.4524448,1.447474,1.4760544,1.4726926,1.4640214,1.4646153,1.4800878,1.4655992,1.4715226,1.4831265,1.4836088,1.4860578,1.4812223,1.482716,1.5042298,1.4837517,1.4948637,1.4932265,1.5305494,1.5144781,1.5326624,1.5388472,1.5436667,1.5522499,1.5621561,1.5535998,1.5406094,1.5651058,1.575747,1.5774537,1.5654913,1.5691786,1.5598092,1.559726,1.5779997,1.5725878,1.574396,1.5812143,1.5887599,1.5832738,1.574342,1.5746328,1.5909027,1.5950104,1.5791503,1.5872107,1.5975064,1.591063,1.5867512,1.5842165,1.5805488,1.5915942,1.5885619,1.6119446,1.5812765,1.5956945,1.5894548,1.5886086,1.5852401,1.5759362,1.5946037,1.5812299,1.597015,1.6058037,1.584288,1.5796847,1.593622,1.5909313,1.5814966,1.6155875,1.5844904,1.601386,1.6004932,1.6110411,1.6107237,1.6224928,1.6189685,1.6210659,1.6216019,1.621976,1.6213539,1.6265178,1.6174165,,,,,,,,,,,,,,,,,,,,,,,,,,,,,,,,,,,,,,,,,,,,,,,,,,,,,,,,,,,,,,,,,,,,,,,,,,,,,,,,,,,,,,,,,,,,,,,,,,,,,,,,,,,,,,,,,,,,,,,,,,,,,,,,,,,,,,,,,,,,,,,,,,,,,,,,,,,,,,,,,,,,,,,,,,,,,,,,,,,,,,,,,,,,,,,,,,,,,,,,,,,,,,,,,,,,,,,,,,,,,,,,,,,,,,,,,,,,,,,,,,,,,,,,,,,,,
1.4985214,1.4714895,1.4752868,1.4694865,1.4571588,1.4459025,1.4459025,1.4673735,1.4400594,1.4492186,1.4373924,1.4581715,1.44787,1.4520887,1.4526544,1.4473431,1.432545,1.4466769,1.4320375,1.4435347,1.4435251,1.4381074,1.4393893,1.4369259,1.4428202,1.427466,1.4317373,1.4368615,1.4449844,1.4434057,1.4373953,1.4348688,1.4353212,1.4298273,1.4392102,1.4273219,1.4394192,1.4356495,1.4293314,1.4404273,1.4345746,1.4325792,1.451958,1.434835,1.4431618,1.4397002,1.4335835,1.4319575,1.432017,1.4290541,1.419664,1.4432596,1.4264381,1.4328426,1.4202275,1.4174863,1.4041634,1.4145504,1.4068942,1.4010861,1.3996066,1.3800099,1.3938344,1.3846072,1.3463584,1.3740748,1.3614252,1.3176066,1.3287491,1.3063935,1.318383,1.3165762,1.3246322,1.3274902,1.3182666,1.320239,1.2985353,1.3119534,1.3128589,1.3157523,1.3033441,1.3130721,1.3011897,1.2992204,1.3012128,1.3100036,1.3217407,1.307822,1.3220029,1.3103095,1.3321717,1.3309431,1.3196169,1.3267388,1.3409239,1.3546313,1.3554078,1.3752953,1.3799012,1.3992503,1.3875651,1.3854765,1.4024268,1.4061579,1.4013656,1.4061891,1.4122632,1.4144496,1.3996264,1.4155003,1.4280131,1.416486,1.4102405,1.4096696,1.4006219,1.4057407,1.4220632,1.4145025,1.4060447,1.4135062,1.3947766,1.416875,1.4247916,1.4091815,1.4046092,1.4047813,1.4070308,1.4040362,1.4035342,1.4029864,1.4002193,1.4061042,1.3991973,1.3967943,1.4093543,1.4013654,1.4065388,1.4102607,1.4058672,1.3903841,1.4132735,1.4020188,1.4068141,1.4020721,1.397518,1.3948256,1.4053283,1.4009299,1.4077781,1.4051733,1.3916081,1.4069529,1.3929728,1.4121504,1.3905838,1.3992686,1.4030982,1.3941964,1.4097439,1.4221182,1.4022636,1.410728,1.3985405,1.4071009,1.4090779,1.4120172,1.3985298,1.3957688,1.4047735,1.4048941,1.404105,1.4045461,1.406062,1.4018886,1.390733,1.4028491,1.4002082,1.4019387,1.4054189,1.4159875,1.4035562,1.4018409,1.4095706,1.4196947,1.4275882,1.4393495,1.4143164,1.409066,1.4134101,1.4143684,1.4149343,1.4306986,1.4340312,1.424867,1.4262239,1.4347246,1.4273115,1.4317822,1.4481186,1.4274664,1.4378048,1.4478424,1.4274492,1.4323484,1.4338001,1.433995,1.460844,1.4673499,1.4334662,1.445148,1.4571563,1.4337602,1.4402504,1.433793,1.4424375,1.4495813,1.4396675,1.4693748,1.4535894,1.4368023,1.4466791,1.4359657,1.4387999,1.4537066,1.4538242,1.4466667,1.4390448,1.4486535,1.4517789,1.451947,1.458175,1.457613,1.4486414,1.449444,1.4357849,1.4583321,1.452641,1.4514431,1.4475489,1.4577456,1.4496547,1.4774312,1.464301,1.484699,1.4784845,1.4792185,1.4863352,1.4718645,1.4961032,1.4888308,1.4800133,1.4703332,1.4697863,1.4572594,1.4663353,1.4745786,1.4752289,1.4750276,1.4654037,1.4620821,1.4705495,1.4702466,1.4743103,1.4705012,1.4609036,1.4792812,1.4728438,1.4782752,1.4685179,1.4692166,1.4774256,1.4803318,1.4549438,1.4899348,1.4571117,1.4588535,1.4671239,1.4766139,1.4684453,1.4542797,1.4642138,1.4679612,1.4586297,1.4758673,1.4683598,1.4682865,1.4738365,1.4593858,1.4688392,1.4689323,1.4779304,1.4686176,1.4671555,1.4771916,1.5008231,1.4667349,1.4777657,1.4761846,1.4596653,1.4901884,1.4732703,1.477226,1.4683747,1.4833388,1.4782107,1.4730461,1.479165,1.4918246,1.4782596,1.4814068,1.4754119,1.474128,1.4650971,1.4989638,1.4730608,1.4892117,1.4756806,1.4762405,1.480141,1.4790466,1.4892901,1.4758388,1.4877087,1.4901468,1.4805573,1.4777745,1.4911379,1.4983102,1.4856254,1.4986897,1.4792476,1.4903868,1.4809611,1.4794779,1.4777778,1.4799241,1.4873052,1.4817895,1.4780465,1.4818968,1.4882737,1.4953282,1.4875761,1.5117131,1.5023756,1.4864303,1.4779079,1.4909748,1.5108358,1.5010375,1.501762,1.5010699,1.4902109,1.4818639,1.4975771,1.474889,1.5069274,1.5045521,1.4959726,1.4970318,1.693242,1.4855684,1.4867934,1.4969715,1.4783151,1.4837627,,,,,,,,,,,,,,,,,,,,,,,,,,,,,,,,,,,,,,,,,,,,,,,,,,,,,,,,,,,,,,,,,,,,,,,,,,,,,,,,,,,,,,,,,,,,,,,,,,,,,,,,,,,,,,,,,,,,,,,,,,,,,,,,,,,,,,,,,,,,,,,,,,,,,,,,,,,,,,,,,,,,,,,,,,,,,,,,,,,,,,,,,,,,,,,,,,,,,,,,,,,,,,,,,,,,,,,,,,,,,,,,,,,,,,,,,,,,,,,,,,,,
1.355377,1.3421851,1.3472104,1.345017,1.3577145,1.3531137,1.3577448,1.3449318,1.3545504,1.3535786,1.351093,1.3516229,1.3618455,1.3803946,1.3682147,1.3488666,1.3719131,1.3537269,1.3701613,1.3885204,1.3687567,1.3666114,1.3690867,1.3782182,1.4144065,1.4059209,1.4301717,1.4107115,1.429832,1.4106584,1.4301682,1.4291474,1.4115998,1.4381877,1.4046031,1.4297713,1.4237056,1.4440606,1.4443169,1.4455574,1.4291734,1.4332453,1.4350317,1.4671974,1.4263887,1.4440287,1.4669093,1.4410112,1.4503323,1.4608283,1.4430836,1.4520928,1.4320904,1.4257498,1.4399942,1.4259768,1.4298828,1.3982437,1.4114903,1.4049813,1.3911629,1.3636721,1.3650118,1.3666488,1.3684577,1.3434873,1.3609426,1.3594416,1.3454417,1.3585981,1.3393695,1.3270546,1.331145,1.3268101,1.3215182,1.3296032,1.332439,1.3359549,1.3243643,1.3304808,1.3142625,1.3374819,1.3153828,1.3112829,1.328955,1.3359383,1.3256602,1.3456527,1.3323116,1.3303014,1.3555826,1.3497591,1.3508137,1.3434299,1.3425534,1.3586943,1.3579373,1.358055,1.3567137,1.3918406,1.4055165,1.3751447,1.3835429,1.3981421,1.4337267,1.4333942,1.4347475,1.417898,1.4372873,1.439002,1.4421699,1.4365835,1.4497167,1.4284687,1.4406909,1.445267,1.4368057,1.429374,1.4263614,1.4317751,1.4278855,1.4271147,1.4404676,1.4280509,1.4365501,1.4355626,1.4365189,1.4182832,1.4279366,1.4351807,1.4413631,1.441187,1.4427725,1.4438667,1.4470005,1.4540905,1.4546009,1.4651452,1.459932,1.4592519,1.46491,1.4746181,1.4693373,1.4750952,1.4794171,1.4580793,1.4759508,1.4652214,1.4874647,1.4798177,1.489982,1.4825997,1.4830661,1.4869381,1.4972966,1.4848546,1.4868512,1.5023334,1.4981414,1.501192,1.4953128,1.4812566,1.49577,1.5004406,1.506044,1.5090132,1.4810396,1.5095638,1.4950677,1.4904646,1.4880384,1.5036502,1.4903787,1.4990476,1.4891737,1.4903795,1.4976637,1.4955479,1.4971688,1.4902056,1.4954413,1.4981555,1.4969325,1.4889287,1.5028701,1.5006508,1.4877257,1.5056041,1.4902164,1.5011168,1.4903064,1.4903064,1.487519,1.4948521,1.4902099,1.4876798,1.4902569,1.4890747,1.4912169,1.4882543,1.490059,1.490501,1.5029567,1.4912385,1.4888182,1.4967706,1.484909,1.4949389,1.4867783,1.4536685,1.9352624,0.8121625,1.4902588,1.345621,1.4213214,1.4003389,1.41694,1.4045731,1.4096301,1.4045404,1.4085349,1.4046328,1.4253949,1.4202867,1.4253997,1.4290056,1.4191927,1.3834465,1.4057935,1.3782481,1.418862,1.4055314,1.3996059,1.393504,1.4032054,1.409231,1.4129064,1.4066539,1.408522,1.398523,1.425595,1.4174287,1.432864,1.408483,1.4124941,1.4089916,1.4409546,1.4284185,1.4181061,1.4112042,1.4112898,1.4039536,1.4250424,1.3658357,1.3181051,1.2760025,1.4341516,1.4526845,1.465612,1.455447,1.4559709,1.4651616,1.4481506,1.4691861,1.4649383,1.4543945,1.4634094,1.4596186,1.4594452,1.4742935,1.4760433,1.4714674,1.464099,1.4761156,1.469738,1.4693832,1.4738913,1.4648969,1.4705536,1.471301,1.4607283,,,,,,,,,,,,,,,,,,,,,,,,,,,,,,,,,,,,,,,,,,,,,,,,,,,,,,,,,,,,,,,,,,,,,,,,,,,,,,,,,,,,,,,,,,,,,,,,,,,,,,,,,,,,,,,,,,,,,,,,,,,,,,,,,,,,,,,,,,,,,,,,,,,,,,,,,,,,,,,,,,,,,,,,,,,,,,,,,,,,,,,,,,,,,,,,,,,,,,,,,,,,,,,,,,,,,,,,,,,,,,,,,,,,,,,,,,,,,,,,,,,,,,,,,,,,,,,,,,,,,,,,,,,,,,,,,,,,,,,,,,,,,,,,,,,,,,,,,,,,,,,,,,,,,,,,,,,,,,,,,,,,,,,,,
1.3934274,1.4017553,1.3949028,1.3899034,1.3934942,1.393414,1.389196,1.3980914,1.3897234,1.3953878,1.377041,1.376967,1.3970178,1.3660053,1.389932,1.3838621,1.3723285,1.4002445,1.3533019,1.3571892,1.392907,1.3875884,1.3833756,1.355408,1.3567274,1.3758767,1.396714,1.398098,1.3626701,1.367798,1.3909613,1.3843428,1.3639187,1.396789,1.3948362,1.3914305,1.371269,1.3967959,1.3891833,1.388019,1.3762536,1.363546,1.360196,1.3940436,1.3822836,1.3850614,1.4019142,1.3972638,1.399053,1.3772576,1.3596364,1.3579394,1.3443929,1.3372997,1.3374124,1.3213967,1.3297029,1.3143653,1.316848,1.3181218,1.3107551,1.3109972,1.2988601,1.3136086,1.32175,1.3036016,1.3040386,1.3081995,1.2971643,1.298276,1.311264,1.29484,1.3066983,1.3039566,1.2859253,1.3021533,1.3212743,1.3129519,1.3046618,1.2828006,1.3064547,1.326227,1.3225433,1.3156596,1.3253647,1.3313575,1.3253285,1.3211325,1.3358738,1.3672782,1.3480222,1.3852478,1.3683386,1.3871448,1.3980486,1.3989257,1.4037079,1.4151876,1.4224688,1.4357264,1.4465983,1.4302423,1.4431386,1.441694,1.4454005,1.4362007,1.4646856,1.4500287,1.4877797,1.4969022,1.5033189,1.4971057,1.5106976,1.5024923,1.523219,1.5312873,1.5355371,1.5470974,1.5457048,1.5517398,1.5612067,1.5615233,1.525029,1.536331,1.562423,1.5265324,1.52995,1.517376,1.5268154,1.5182065,1.515519,1.5208347,1.5151057,1.5190977,1.5118998,1.4995943,1.5016124,1.5068247,1.5000418,1.5098803,1.485224,1.5093561,1.5007702,1.4925417,1.4821649,1.4894131,1.4967326,1.4921992,1.483966,1.4981295,1.4777015,1.4634278,1.4832623,1.4872426,1.477354,1.4615932,1.481722,1.5044396,1.4664521,1.4526932,1.480018,1.475304,1.4682479,1.4645615,1.4779367,1.4586147,1.4752907,1.4908634,1.4828867,1.4773065,1.480905,1.4632246,1.4697156,1.4723134,1.4721506,1.4670511,1.4930279,1.4780773,1.4672956,1.4439229,1.4766791,1.4958163,1.4613669,1.4524593,1.4652544,1.4715579,1.4788289,1.479947,1.4733713,1.4784434,1.479806,1.4640465,1.4707315,1.476343,1.4583565,1.4845715,1.4772673,1.4846249,1.4707828,1.4812102,1.4616866,1.465103,1.487822,1.4713223,1.4751978,1.4787097,1.4740062,1.4827982,1.4833475,1.479123,1.4640912,1.4853103,1.4801394,1.4701566,1.4652092,1.4718208,1.4531311,1.4767978,1.4800929,1.4575211,1.4706527,1.4829589,1.4664962,1.4739082,1.4439627,1.460615,1.475847,1.4598933,1.477532,1.4580305,1.462428,1.456735,1.4143487,1.4268193,1.4607513,1.4378752,1.4310637,1.4468067,1.4393369,1.4423114,1.4259417,1.4232455,1.4447421,1.4388961,1.4349681,1.4357588,1.4511216,1.4293011,1.4480597,1.4438943,1.424238,1.4337983,1.4364747,1.4205927,1.4273053,1.446485,1.4522034,1.4262744,1.4500072,1.4383851,1.4413044,1.4081274,1.4537437,1.4290247,1.4172064,1.4329144,1.4380612,1.4273736,1.4331416,1.4224098,1.4266727,1.428256,1.4279827,1.4265804,1.4444509,1.4190215,1.4242944,1.4349049,1.4180896,1.4140413,1.4175451,1.4091041,1.4056292,1.4196792,1.4178002,1.4032005,1.4111273,1.4214187,1.3924755,1.394422,1.4052361,1.3915213,1.379326,1.3965951,1.3961755,1.395583,1.3742131,1.3767141,1.3665829,1.3608348,1.3578275,1.3736143,1.3816652,1.3647343,1.3769126,1.3677329,1.3677329,1.3699396,1.3852272,1.3697891,1.3661555,1.3726184,1.3618351,1.3649366,1.3687963,1.3706391,1.3785067,1.369933,1.3784854,1.3583891,1.3606398,1.3681151,1.3974124,1.3851446,1.381323,1.397168,1.3648139,1.4018741,1.371826,1.3915093,1.392607,1.3945514,1.3934579,1.3901186,1.3944294,1.3944166,1.404701,1.3957198,1.3799312,1.3833612,1.391697,1.3798343,1.3967302,1.3941374,1.3990316,1.3993324,1.3967996,1.393777,1.4045421,1.3955739,1.3964286,1.394796,1.4070293,1.3867819,1.4016552,1.4024111,1.4226147,1.3952346,1.3992616,1.4065785,1.4218394,1.4019006,1.4031491,1.4080286,1.4042745,1.4026048,1.4183582,1.4105949,1.409902,1.4214036,1.4216384,1.4374555,,,,,,,,,,,,,,,,,,,,,,,,,,,,,,,,,,,,,,,,,,,,,,,,,,,,,,,,,,,,,,,,,,,,,,,,,,,,,,,,,,,,,,,,,,,,,,,,,,,,,,,,,,,,,,,,,,,,,,,,,,,,,,,,,,,,,,,,,,,,,,,,,,,,,,,,,,,,,,,,,,,,,,,,,,,,,,,,,,,,,,,,,,,,,,,,,,,,,,,,,,,,,,,,,,,,,,,,,,,,,,,,,,,,,,,,,,,,,,
1.410274,1.4096735,1.416703,1.4142632,1.4242837,1.4154767,1.4154687,1.413877,1.4151901,1.4209414,1.4192775,1.4163752,1.4210705,1.4174522,1.4145714,1.4287125,1.4124861,1.4214437,1.4183457,1.4158448,1.4104319,1.4249033,1.421656,1.4274759,1.4231576,1.4284881,1.4319942,1.4233245,1.4319842,1.4357562,1.4416095,1.4387848,1.4347762,1.428691,1.4301188,1.4351221,1.434738,1.4292955,1.4282717,1.4227713,1.4316411,1.4292353,1.4333451,1.4473501,1.4617738,1.4595162,1.4461012,1.4492862,1.4608569,1.4694816,1.452689,1.4731529,1.4466826,1.4451818,1.4646043,1.4646043,1.4538406,1.436582,1.4412303,1.4409381,1.4244252,1.438208,1.432983,1.4228685,1.4254915,1.4309098,1.4116716,1.4071319,1.4026177,1.3751398,1.3720908,1.3886081,1.3710055,1.3782902,1.3713598,1.3756963,1.3653096,1.3661524,1.3712635,1.3545972,1.3629496,1.3734466,1.3737308,1.3624094,1.3650112,1.3605525,1.3808475,1.3623463,1.381215,1.3761753,1.3703581,1.3766056,1.3715528,1.3987217,1.406155,1.3985459,1.4206547,1.4155058,1.415008,1.434298,1.4365119,1.4359435,1.4380126,1.4329382,1.4526546,1.4425371,1.4460444,1.4505143,1.4612417,1.4508102,1.4629358,1.4799695,1.4674962,1.4876238,1.4844633,1.4775989,1.4817728,1.5022231,1.4714757,1.4824386,1.4835202,1.5048856,1.4826965,1.469572,1.4866043,1.4941914,1.4666784,1.4809151,1.4612062,1.4675845,1.4677196,1.4644178,1.4579202,1.4608523,1.457284,1.4557791,1.4438354,1.4655615,1.4552828,1.4584345,1.4631745,1.4624004,1.4419369,1.4582397,1.4551634,1.46338,1.4563433,1.4612944,1.4584024,1.460438,1.462631,1.4772855,1.4625584,1.44821,1.4671317,1.4605938,1.4695797,1.4725862,1.4635947,1.4084722,1.4705204,1.4587107,1.4712524,1.4706606,1.4585246,1.4572004,1.4671484,1.4603435,1.4531039,1.4573213,1.4482956,1.459861,1.4609998,1.4504753,1.4635139,1.44688,1.4404094,1.4586267,1.4588382,1.4635663,1.4584838,1.4671715,1.4689267,1.4451479,1.4609053,1.4663337,1.4566982,1.4635937,1.4529871,1.4636776,1.435269,1.4314704,1.4536622,1.4476557,1.4539949,1.4621981,1.4481555,1.463568,1.4545468,1.4645009,1.4483275,1.454698,1.4630388,1.4528311,1.4476396,1.4440153,1.4509534,1.45117,1.452629,1.4409922,1.4440871,1.4492717,1.4337441,1.446157,1.4515578,1.448817,1.4343082,1.4419205,1.4401662,1.4447391,1.432828,1.4400555,1.4478314,1.4361968,1.4514253,1.4361979,1.43466,1.4421782,1.4382669,1.4366632,1.4244003,1.4322532,1.419967,1.4295877,1.4258797,1.4248878,1.434299,1.4430375,1.4308859,1.4426777,1.4248501,1.4142971,1.4212543,1.4196949,1.4193097,1.420552,1.4210238,1.4223201,1.42469,1.4302851,1.436771,1.4264578,1.4453722,1.4361339,1.444602,1.4525464,1.4526246,1.4654559,1.4599566,1.4690711,1.4619427,1.4728113,1.4755749,1.477214,1.4779897,1.4854331,1.4793842,1.4828925,1.4937483,1.5063965,1.4981294,1.4823146,1.515489,1.5198498,1.5164179,1.5140334,1.5229676,1.5116365,1.5167434,1.5107285,1.5098579,1.5171684,1.5002537,1.5066565,1.494864,1.4958589,1.5042003,1.4959048,1.4902532,1.4855942,1.5001065,1.5010496,1.4744054,1.4884366,1.4865196,1.4512137,1.4429827,1.4421815,1.4345008,1.4506607,1.4366931,1.4279671,1.435666,1.4297013,1.4237126,1.4441056,1.4216422,1.427309,1.4165193,1.4034935,1.4165591,1.4302747,1.4085945,1.4333508,1.4207008,1.4151132,1.410215,1.4109699,1.4026054,1.4204613,1.4209229,1.4015319,1.4313601,1.3915414,1.3998469,1.3792553,1.4041508,1.4004612,1.4100114,1.3986994,1.3823441,1.384256,1.3759466,1.3808216,1.3910186,1.3894669,1.4035842,1.3840244,1.3638659,1.3871735,1.3872578,1.3832769,1.3897312,1.3829691,1.3879992,1.383353,1.3688831,1.3788521,1.3810568,1.3572878,1.3510809,1.3264217,1.3435727,,,,,,,,,,,,,,,,,,,,,,,,,,,,,,,,,,,,,,,,,,,,,,,,,,,,,,,,,,,,,,,,,,,,,,,,,,,,,,,,,,,,,,,,,,,,,,,,,,,,,,,,,,,,,,,,,,,,,,,,,,,,,,,,,,,,,,,,,,,,,,,,,,,,,,,,,,,,,,,,,,,,,,,,,,,,,,,,,,,,,,,,,,,,,,,,,,,,,,,,,,,,,,,,,,,,,,,,,,,,,,,,,,,,,,,,,,,,,,,,,,,,,,,,,,,,,,,,,
1.3644238,1.3798747,1.3668084,1.3608686,1.3666383,1.3773048,1.3672951,1.3693812,1.3650866,1.3644003,1.3609914,1.3610309,1.3669375,1.3795716,1.3805451,1.369283,1.386186,1.3811753,1.3750138,1.3843532,1.3896579,1.3880816,1.3908131,1.4030493,1.4057834,1.4075816,1.4082675,1.4016429,1.3993688,1.3841387,1.4139888,1.4060625,1.418309,1.4087989,1.4274635,1.4270612,1.4226136,1.4180857,1.4344711,1.4195452,1.4501227,1.4252172,1.4396856,1.4315242,1.4365782,1.4363043,1.4366332,1.4205093,1.4339619,1.4363146,1.4286455,1.4223334,1.4311184,1.4052968,1.4166032,1.4004277,1.3938504,1.390065,1.3802762,1.3756722,1.3750507,1.3623588,1.3618221,1.3688916,1.3571444,1.3687923,1.3552201,1.3604478,1.3598679,1.3704615,1.3324548,1.3775232,1.3514571,1.325966,1.3529757,1.349016,1.3553052,1.3579661,1.3442534,1.3402529,1.3543732,1.3551581,1.3478086,1.355504,1.3642055,1.3623966,1.3711207,1.3819501,1.384462,1.3934408,1.3798218,1.3967665,1.4071423,1.4049478,1.4072164,1.4196931,1.4148835,1.4403161,1.4208131,1.441343,1.441343,1.450153,1.4476055,1.4469682,1.4374651,1.4596883,1.4420629,1.4636009,1.451303,1.4494271,1.4504772,1.4514446,1.4493052,1.4421762,1.4617735,1.4591933,1.4539714,1.4389243,1.4497335,1.4479007,1.4500573,1.4314355,1.4394972,1.4394114,1.4621172,1.4509999,1.4391942,1.4365556,1.4609789,1.4463445,1.4434868,1.439386,1.4410076,1.4397174,1.4475218,1.4516973,1.4547628,1.431949,1.4487921,1.4522859,1.4401872,1.4673823,1.4363027,1.4718657,1.443094,1.4477128,1.4587247,1.4600126,1.4561092,1.4768579,1.4701092,1.4667597,1.4530301,1.4673698,1.6622684,1.4796106,1.4892668,1.4741809,1.4850199,1.4841093,1.480517,1.4716691,1.4844925,1.4784274,1.4908757,1.4781922,1.4833773,1.4809742,1.4862784,1.4874488,1.5090787,1.5088959,1.5179167,1.5192211,1.5058634,1.506418,1.5169263,1.52008,1.5234694,1.5309796,1.5551344,1.5323576,1.5319512,1.5632299,1.5714674,1.5680697,1.5629894,1.577015,1.5592214,1.5685656,1.5759968,1.5582165,1.5789247,1.5668229,1.5615664,1.5658847,1.5639452,1.5679103,1.5687975,1.5627328,1.5678575,1.5518848,1.5323163,1.5357305,1.5297585,1.5369923,1.5353097,1.5522046,1.5444378,1.5174255,1.5297806,1.4764366,1.5210669,1.5175055,1.5175055,1.5084665,1.5033584,1.5036697,1.5023603,1.4970335,1.5084164,1.5064121,1.4986656,1.4982495,1.5069348,1.4999273,1.4935325,1.494521,1.4975768,1.4803449,1.5033982,1.4934926,1.498917,1.4953766,1.4455839,1.4821959,1.495399,1.5046935,1.5007426,1.4806507,1.4858614,1.479264,1.4986999,1.4826434,1.4918219,1.4665599,1.4610884,1.4736177,1.4594698,1.4675782,1.4653827,1.4464554,1.4480137,1.4381659,1.4495511,1.4485954,1.4568119,1.4499063,1.4397281,1.4606025,1.439018,1.4457784,1.4394052,1.4396169,1.4359872,1.451577,1.4396983,1.4525108,1.439094,1.4503695,1.4410098,1.4383847,1.4354599,1.4355614,1.4368392,1.4354017,1.4373978,1.4187427,1.418106,1.4280784,1.4376496,1.43518,1.4299304,1.433555,1.4218025,1.4331243,1.4398804,1.4237088,1.4218974,1.434313,1.429062,1.4369768,1.433766,1.4182018,1.413869,,,,,,,,,,,,,,,,,,,,,,,,,,,,,,,,,,,,,,,,,,,,,,,,,,,,,,,,,,,,,,,,,,,,,,,,,,,,,,,,,,,,,,,,,,,,,,,,,,,,,,,,,,,,,,,,,,,,,,,,,,,,,,,,,,,,,,,,,,,,,,,,,,,,,,,,,,,,,,,,,,,,,,,,,,,,,,,,,,,,,,,,,,,,,,,,,,,,,,,,,,,,,,,,,,,,,,,,,,,,,,,,,,,,,,,,,,,,,,,,,,,,,,,,,,,,,,,,,,,,,,,,,,,,,,,,,,,,,,,,,,,,,,,,,,,,,,,,,,,,,,,,,,,,,,,,,,,
1.3535722,1.3536887,1.3676115,1.3542986,1.3646476,1.3730211,1.3709899,1.3538866,1.3537546,1.368128,1.3535566,1.3571216,1.3512063,1.3561625,1.3551471,1.3680289,1.3664956,1.3763589,1.3760934,1.3591319,1.3670344,1.3593936,1.368914,1.3583142,1.3470422,1.3599073,1.3571587,1.3571587,1.3695718,1.3570745,1.3670243,1.3589495,1.3596318,1.3689711,1.3589913,1.3573619,1.3740455,1.3661398,1.3674533,1.3780464,1.3699373,1.3640889,1.3718807,1.3873348,1.3717,1.381821,1.3800133,1.379799,1.378452,1.3879374,1.3829907,1.3816,1.3879229,1.3677598,1.3830305,1.3563021,1.3554387,1.3450639,1.3461396,1.3666927,1.3573638,1.3497267,1.3475796,1.3407146,1.3522105,1.3519807,1.3464663,1.32642,1.3312634,1.3356484,1.3193775,1.3299234,1.3242084,1.330327,1.3267235,1.3223565,1.3138524,1.3129566,1.3157747,1.3029308,1.3109074,1.3232377,1.3035476,1.3030608,1.309446,1.3055925,1.2903458,1.3163891,1.3314478,1.3084176,1.3201166,1.3323401,1.3519404,1.3302025,1.3422422,1.3299443,1.3608036,1.3529127,1.3493574,1.3514241,1.3691316,1.3574346,1.3555231,1.3559624,1.371216,1.3776219,1.3666203,1.3743899,1.3848698,1.3724564,1.3709371,1.3757288,1.3834047,1.3922932,1.3763989,1.3804661,1.3759037,1.3794743,1.3718221,1.386883,1.3802587,1.371952,1.3883698,1.3886898,1.3838961,1.4083796,1.3834957,1.3926368,1.3957783,1.3834566,1.3901908,1.3748695,1.4035599,1.3926833,1.3898484,1.3827821,1.3789204,1.3791239,1.3827821,1.3904903,1.3847717,1.3903828,1.3918912,1.404659,1.399834,1.4096873,1.3965948,1.3984743,1.401175,1.4097005,1.4048581,1.4109268,1.401649,1.4115568,1.4077866,1.4016612,1.4127895,1.4086187,1.4095677,1.4053385,1.4027207,1.4169483,1.3978162,1.4169835,1.4019363,1.4019963,1.4134153,1.4020638,1.4170637,1.396051,1.4091749,1.4056578,1.395999,1.3939921,1.4048004,1.389759,1.3988656,1.29216,1.3327736,1.3783867,1.4466563,1.3681309,1.3657091,1.3665237,1.3573261,1.3698452,1.3750619,1.3554845,1.3548326,1.3441015,1.3482395,1.4057482,1.3764428,1.3831737,1.3706182,1.3581644,1.3529565,1.3540032,1.3765509,1.3498957,1.3494742,1.3805673,1.3528931,1.3698455,1.3702117,1.3790011,1.3580685,1.3811527,1.3818029,1.3849305,1.3773036,1.3868592,1.3797895,1.3782483,1.3785033,1.4055045,1.3928623,1.3962786,1.396383,1.4051317,1.4027928,1.3937788,1.4084395,1.4047443,1.397621,1.4198613,1.3894405,1.4037877,1.4032055,1.4164844,1.3931028,1.4053446,1.3925345,1.3948609,1.3911054,1.3820094,1.3874342,1.3896534,1.3827606,1.3666899,1.372526,1.3978093,1.3832144,1.3642787,1.3654516,1.3602705,1.3437891,1.3693981,1.3519292,1.3623201,1.3608084,1.3533436,1.3547925,1.3591008,1.3628339,1.3528409,1.367442,1.3669527,1.360346,1.354446,1.3518233,1.3575727,1.3483088,1.357325,1.3562568,1.3502517,1.3559126,1.3460861,1.3489295,1.3600088,1.3541183,1.3541183,1.3599403,1.3561968,1.3570005,1.3335717,1.3565753,1.3456092,1.3329971,1.336832,1.3576566,1.3577474,1.3462383,1.3521681,1.3287657,1.3535031,1.341817,1.3667679,1.352358,1.3646592,1.3609664,1.3440908,1.3576937,1.3556858,1.3672746,1.358772,1.3482878,1.3724768,1.3674909,1.3677821,1.3642422,1.3645097,1.3755916,1.3627712,1.3706913,1.3576146,1.3620865,1.3591831,1.3727287,1.3686228,1.3688458,1.3682617,1.3655494,,,,,,,,,,,,,,,,,,,,,,,,,,,,,,,,,,,,,,,,,,,,,,,,,,,,,,,,,,,,,,,,,,,,,,,,,,,,,,,,,,,,,,,,,,,,,,,,,,,,,,,,,,,,,,,,,,,,,,,,,,,,,,,,,,,,,,,,,,,,,,,,,,,,,,,,,,,,,,,,,,,,,,,,,,,,,,,,,,,,,,,,,,,,,,,,,,,,,,,,,,,,,,,,,,,,,,,,,,,,,,,,,,,,,,,,,,,,,,,,,,,,,,,,,,,,,,,,,,,,,,,,,,,,,,,,,,,,,,,,,,,,,,,,,,,,,,,,,
1.3345423,1.3510183,1.3364927,1.3588041,1.3640809,1.3557674,1.3465778,1.3525834,1.3603126,1.523106,1.3488482,1.3484287,1.3738915,1.3507943,1.3528659,1.3493608,1.3603851,1.3672593,1.381214,1.3650764,1.3740942,1.3536046,1.358225,1.3807029,1.3524804,1.377175,1.3842182,1.3801768,1.3886211,1.3525764,1.3708625,1.380473,1.3755538,1.3881165,1.4009664,1.3818511,1.3854603,1.389346,1.4031116,1.3892648,1.3935556,1.4050897,1.3909249,1.4005235,1.4005235,1.4057106,1.4008498,1.4214841,1.4108297,1.4024618,1.4216833,1.409982,1.4246573,1.4043069,1.3941941,1.3963125,1.3997927,1.3854786,1.3776635,1.3755035,1.3565246,1.37535,1.3661783,1.3521776,1.3414527,1.3448045,1.3284782,1.3224779,1.336945,1.3278463,1.3223325,1.312819,1.3224331,1.3230249,1.318434,1.3077935,1.3179421,1.313199,1.3132904,1.3194783,1.3102885,1.3165152,1.309698,1.3211908,1.3192371,1.3102775,1.3132887,1.3149772,1.3179176,1.3155177,1.3221699,1.3244499,1.3223951,1.3196708,1.3224585,1.3249178,1.3342308,1.3374035,1.3363972,1.3417647,1.3339188,1.3482572,1.3566304,1.3534428,1.3450986,1.3456792,1.3477298,1.346583,1.3486015,1.3582217,1.3582952,1.3686298,1.3718504,1.36882,1.3615301,1.3492067,1.3509734,1.3719118,1.3717703,1.3506432,1.3716253,1.3751023,1.3716514,1.3507594,1.3659921,1.3509136,1.3475639,1.3557647,1.371921,1.3659334,1.3751024,1.3683733,1.3749981,1.3682805,1.3744969,1.3649999,1.370971,1.3706273,1.3662816,1.3664483,1.3708423,1.3709621,1.3889874,1.3801872,1.388353,1.3706917,1.3788915,1.3968741,1.3791894,1.3675836,1.3746756,1.3788652,1.3750502,1.3794178,1.364176,1.3753041,1.376437,1.3647617,1.3729851,1.370712,1.3527168,1.3552945,1.3568501,1.3495241,1.3770949,1.3813668,1.3770468,1.3676364,1.3815371,1.3993894,1.3656341,1.3963498,1.3863912,1.3824036,1.3689961,1.3937051,1.3819873,1.378743,1.3788471,1.3801603,1.3872921,1.3936011,1.3755537,1.3829792,1.3754249,1.3756394,1.3664026,1.3853331,1.397474,1.3756834,1.3759254,1.3710151,1.3762188,1.3761878,1.3875312,1.3667908,1.3803948,1.3709903,1.3728169,1.3714288,1.3771982,1.3652077,1.3750701,1.359763,1.3715726,1.3685124,1.3891689,1.3789037,1.370386,1.3758899,1.3688459,1.3706368,1.3704058,1.3739748,1.3461483,1.3604027,1.3675982,1.357712,1.3499767,1.3748839,1.3500959,1.3706175,1.3694324,1.3543347,1.3743526,1.380382,1.3512684,1.3857641,1.3575795,1.3681505,1.3575419,1.355421,1.3603209,1.3622572,1.3623365,1.3531566,1.3581073,1.3053737,1.3686148,1.2991849,1.3631309,1.3603379,1.2932559,1.3416066,1.3545692,1.3266048,1.3308197,1.3089944,1.3259416,1.3192626,1.3300205,1.3312426,1.342153,1.3136933,1.3198212,1.3114672,1.3128383,1.3012534,1.3237317,1.3211538,1.3024646,1.315305,1.3229681,1.3241594,1.3242687,1.3047181,1.3171805,1.3079829,1.3141382,1.3112301,1.3198637,1.3102157,1.2969179,1.2994301,1.2965484,1.2992818,1.3126976,1.2753369,1.3076193,1.3001064,1.3057909,1.2821211,1.2729162,1.2626148,1.2750744,1.2627642,1.2924179,1.2666636,1.2565688,1.2843403,1.2928668,1.2754014,1.2802953,1.2789147,1.2803603,1.2916925,1.298564,1.27981,1.2901907,1.2753773,1.2885163,1.3050067,1.280878,1.23418,1.2876271,1.2874498,1.2835113,1.2991406,1.2845501,1.2944337,1.2972678,1.2935994,1.2802027,1.2840439,1.2535299,1.2724218,1.2930685,1.2646133,1.2551231,1.2798105,1.2662205,1.2661095,1.2539132,1.2353351,1.2436966,1.216948,1.2348841,1.227395,1.2177492,1.3778409,1.146045,,,,,,,,,,,,,,,,,,,,,,,,,,,,,,,,,,,,,,,,,,,,,,,,,,,,,,,,,,,,,,,,,,,,,,,,,,,,,,,,,,,,,,,,,,,,,,,,,,,,,,,,,,,,,,,,,,,,,,,,,,,,,,,,,,,,,,,,,,,,,,,,,,,,,,,,,,,,,,,,,,,,,,,,,,,,,,,,,,,,,,,,,,,,,,,,,,,,,,,,,,,,,,,,,,,,,,,,,,,,,,,,,,,,,,,,,,,,,,,,,,,,,,,,,,,,,,,,,,,,,,,,,,,,,,,,,,,,,,,
